section,analysis_type,policy,policy_label,assumed_toxicity_noise_sd_factor,budget,metric,estimate,mcse,pointwise_t_critical_95,ci95_low,ci95_high,monte_carlo_replicates,row_guard_class,replicate_numerical_bound_points,mcse_numerical_guard_points,pointwise_numerical_halfwidth_guard_points,guarded_ci95_low,guarded_ci95_high,guarded_ci95_strictly_positive,guarded_ci95_strictly_negative,guarded_ci95_excludes_zero,guarded_pointwise_scientific_sign,comparator,gamma,eligible_cell_denominator
absolute,absolute_equal_gate_stratum_profile,cKG-exact-formal,cKG,0.5,20,terminal_true_boundary_exceedance_pct,16.55,0.9857171382060405,1.9647293909876649,14.613332567366342,18.48666743263366,500,secondary_non_brier_zero_guard,0.0,0.0,0.0,14.613332567366342,18.48666743263366,True,False,True,positive,,,
absolute,absolute_equal_gate_stratum_profile,cKG-exact-formal,cKG,0.5,20,above_boundary_assignment_count,4.632,0.10861282378698182,1.9647293909876649,4.4186051928675525,4.845394807132447,500,secondary_non_brier_zero_guard,0.0,0.0,0.0,4.4186051928675525,4.845394807132447,True,False,True,positive,,,
absolute,absolute_equal_gate_stratum_profile,cKG-exact-formal,cKG,0.5,20,above_boundary_assignment_pct,23.16,0.5430641189349091,1.9647293909876649,22.093025964337762,24.226974035662238,500,secondary_non_brier_zero_guard,0.0,0.0,0.0,22.093025964337762,24.226974035662238,True,False,True,positive,,,
absolute,absolute_equal_gate_stratum_profile,cKG-exact-formal,cKG,0.5,20,post_initialization_above_boundary_assignment_pct,19.30625,0.6465824557774811,1.9647293909876649,18.035890445436998,20.576609554563,500,secondary_non_brier_zero_guard,0.0,0.0,0.0,18.035890445436998,20.576609554563,True,False,True,positive,,,
absolute,absolute_equal_gate_stratum_profile,cKG-exact-formal,cKG,0.5,20,terminal_target_exclusion_pct,82.95,1.0598781455274624,1.9647293909876649,80.8676262566167,85.0323737433833,500,secondary_non_brier_zero_guard,0.0,0.0,0.0,80.8676262566167,85.0323737433833,True,False,True,positive,,,
absolute,absolute_equal_gate_stratum_profile,cKG-exact-formal,cKG,0.5,20,target_ever_admitted_pct,52.0,1.6963948570489253,1.9647293909876649,48.66704316563566,55.33295683436434,500,secondary_non_brier_zero_guard,0.0,0.0,0.0,48.66704316563566,55.33295683436434,True,False,True,positive,,,
absolute,absolute_equal_gate_stratum_profile,cKG-exact-formal,cKG,0.5,20,target_finally_admitted_pct,17.05,1.0598781455274626,1.9647293909876649,14.967626256616693,19.132373743383308,500,secondary_non_brier_zero_guard,0.0,0.0,0.0,14.967626256616693,19.132373743383308,True,False,True,positive,,,
absolute,absolute_equal_gate_stratum_profile,cKG-exact-formal,cKG,0.5,20,target_never_admitted_pct,48.0,1.6963948570489253,1.9647293909876649,44.66704316563566,51.33295683436434,500,secondary_non_brier_zero_guard,0.0,0.0,0.0,44.66704316563566,51.33295683436434,True,False,True,positive,,,
absolute,absolute_equal_gate_stratum_profile,cKG-exact-formal,cKG,0.5,20,target_admitted_then_excluded_pct,34.95,1.4979929792665463,1.9647293909876649,32.00684916614184,37.893150833858165,500,secondary_non_brier_zero_guard,0.0,0.0,0.0,32.00684916614184,37.893150833858165,True,False,True,positive,,,
absolute,absolute_equal_gate_stratum_profile,cKG-exact-formal,cKG,0.5,20,target_exclusion_occupancy_pct,76.83333333333333,1.0476210357203517,1.9647293909876649,74.77504149383661,78.89162517283005,500,secondary_non_brier_zero_guard,0.0,0.0,0.0,74.77504149383661,78.89162517283005,True,False,True,positive,,,
absolute,absolute_equal_gate_stratum_profile,cKG-exact-formal,cKG,0.5,20,target_terminal_exclusion_run_fraction_pct,68.49444444444444,1.207346032817433,1.9647293909876649,66.12233620867568,70.8665526802132,500,secondary_non_brier_zero_guard,0.0,0.0,0.0,66.12233620867568,70.8665526802132,True,False,True,positive,,,
absolute,absolute_equal_gate_stratum_profile,cKG-exact-formal,cKG,0.5,20,target_recovered_after_preterminal_exclusion_pct,10.8,0.7924493371211863,1.9647293909876649,9.243051496489313,12.356948503510688,500,secondary_non_brier_zero_guard,0.0,0.0,0.0,9.243051496489313,12.356948503510688,True,False,True,positive,,,
absolute,absolute_equal_gate_stratum_profile,cKG-exact-formal,cKG,0.5,20,target_admitted_but_not_selected_pct,10.2,0.776612034741292,1.9647293909876649,8.674167509949049,11.72583249005095,500,secondary_non_brier_zero_guard,0.0,0.0,0.0,8.674167509949049,11.72583249005095,True,False,True,positive,,,
absolute,absolute_equal_gate_stratum_profile,cKG-exact-formal,cKG,0.5,20,panel_brier_score_pct,21.46053262376575,0.24825990182784907,1.9647293909876649,20.972769098040864,21.948296149490638,500,secondary_absolute_panel_brier_snapshot,2.9802322387695312e-06,1.334135177838341e-07,3.2423536983144856e-06,20.972765855687165,21.948299391844337,True,False,True,positive,,,
absolute,absolute_equal_gate_stratum_profile,cKG-exact-formal,cKG,0.5,20,latent_95_interval_coverage_pct,81.742,0.46379854482346183,1.9647293909876649,80.83076136748804,82.65323863251197,500,secondary_non_brier_zero_guard,0.0,0.0,0.0,80.83076136748804,82.65323863251197,True,False,True,positive,,,
absolute,absolute_equal_gate_stratum_profile,cKG-exact-formal,cKG,0.5,20,target_latent_95_interval_coverage_pct,85.7,0.9710333730738848,1.9647293909876649,83.79218219229185,87.60781780770816,500,secondary_non_brier_zero_guard,0.0,0.0,0.0,83.79218219229185,87.60781780770816,True,False,True,positive,,,
absolute,absolute_equal_gate_stratum_profile,cKG-exact-formal,cKG,0.5,20,mean_latent_95_interval_width,3.569185744440255,0.047545961294932264,1.9647293909876649,3.4757707968613394,3.6626006920191703,500,secondary_non_brier_zero_guard,0.0,0.0,0.0,3.4757707968613394,3.6626006920191703,True,False,True,positive,,,
absolute,absolute_equal_gate_stratum_profile,cKG-exact-formal,cKG,0.5,20,panel_correct_selection_pct,7.3,0.6959804433711555,1.9647293909876649,5.932586767356065,8.667413232643934,500,secondary_non_brier_zero_guard,0.0,0.0,0.0,5.932586767356065,8.667413232643934,True,False,True,positive,,,
absolute,absolute_equal_gate_stratum_profile,cKG-exact-formal,cKG,0.5,20,recommendation_grid_distance,1.7852216871089162,0.028933298710105835,1.9647293909876649,1.7283755847549458,1.8420677894628865,500,secondary_non_brier_zero_guard,0.0,0.0,0.0,1.7283755847549458,1.8420677894628865,True,False,True,positive,,,
absolute,absolute_equal_gate_stratum_profile,cKG-exact-formal,cKG,0.5,20,true_recommended_efficacy,6.433183515625,0.11708640209498755,1.9647293909876649,6.203140420143979,6.663226611106022,500,secondary_non_brier_zero_guard,0.0,0.0,0.0,6.203140420143979,6.663226611106022,True,False,True,positive,,,
absolute,absolute_equal_gate_stratum_profile,cKG-exact-formal,cKG,0.5,20,final_gate_size,5.038,0.13453554037222465,1.9647293909876649,4.7736740696982825,5.302325930301718,500,secondary_non_brier_zero_guard,0.0,0.0,0.0,4.7736740696982825,5.302325930301718,True,False,True,positive,,,
absolute,absolute_equal_gate_stratum_profile,cKG-exact-formal,cKG,0.5,20,final_empty_gate_pct,3.8,0.6056844949433903,1.9647293909876649,2.609993871119201,4.990006128880799,500,secondary_non_brier_zero_guard,0.0,0.0,0.0,2.609993871119201,4.990006128880799,True,False,True,positive,,,
absolute,absolute_equal_gate_stratum_profile,cKG-exact-formal,cKG,0.5,20,false_admissions,0.577,0.03671290883804634,1.9647293909876649,0.5048690689772395,0.6491309310227604,500,secondary_non_brier_zero_guard,0.0,0.0,0.0,0.5048690689772395,0.6491309310227604,True,False,True,positive,,,
absolute,absolute_equal_gate_stratum_profile,cKG-exact-formal,cKG,0.5,20,feasible_dose_recall_pct,32.2875,0.8094279733453345,1.9647293909876649,30.697193070880843,33.87780692911916,500,secondary_non_brier_zero_guard,0.0,0.0,0.0,30.697193070880843,33.87780692911916,True,False,True,positive,,,
absolute,absolute_equal_gate_stratum_profile,cKG-exact-formal,cKG,0.5,40,terminal_true_boundary_exceedance_pct,12.35,0.8389652707060654,1.9647293909876649,10.70166027462587,13.998339725374128,500,secondary_non_brier_zero_guard,0.0,0.0,0.0,10.70166027462587,13.998339725374128,True,False,True,positive,,,
absolute,absolute_equal_gate_stratum_profile,cKG-exact-formal,cKG,0.5,40,above_boundary_assignment_count,5.908,0.15736135864432785,1.9647293909876649,5.598827513665738,6.217172486334262,500,secondary_non_brier_zero_guard,0.0,0.0,0.0,5.598827513665738,6.217172486334262,True,False,True,positive,,,
absolute,absolute_equal_gate_stratum_profile,cKG-exact-formal,cKG,0.5,40,above_boundary_assignment_pct,14.77,0.39340339661081963,1.9647293909876649,13.997068784164345,15.542931215835655,500,secondary_non_brier_zero_guard,0.0,0.0,0.0,13.997068784164345,15.542931215835655,True,False,True,positive,,,
absolute,absolute_equal_gate_stratum_profile,cKG-exact-formal,cKG,0.5,40,post_initialization_above_boundary_assignment_pct,12.125,0.4245118885573869,1.9647293909876649,11.290949015727621,12.959050984272379,500,secondary_non_brier_zero_guard,0.0,0.0,0.0,11.290949015727621,12.959050984272379,True,False,True,positive,,,
absolute,absolute_equal_gate_stratum_profile,cKG-exact-formal,cKG,0.5,40,terminal_target_exclusion_pct,84.45,1.0276220190459409,1.9647293909876649,82.43100081635436,86.46899918364565,500,secondary_non_brier_zero_guard,0.0,0.0,0.0,82.43100081635436,86.46899918364565,True,False,True,positive,,,
absolute,absolute_equal_gate_stratum_profile,cKG-exact-formal,cKG,0.5,40,target_ever_admitted_pct,54.35,1.6688994729766689,1.9647293909876649,51.071064154838915,57.62893584516109,500,secondary_non_brier_zero_guard,0.0,0.0,0.0,51.071064154838915,57.62893584516109,True,False,True,positive,,,
absolute,absolute_equal_gate_stratum_profile,cKG-exact-formal,cKG,0.5,40,target_finally_admitted_pct,15.55,1.0276220190459409,1.9647293909876649,13.531000816354355,17.568999183645648,500,secondary_non_brier_zero_guard,0.0,0.0,0.0,13.531000816354355,17.568999183645648,True,False,True,positive,,,
absolute,absolute_equal_gate_stratum_profile,cKG-exact-formal,cKG,0.5,40,target_never_admitted_pct,45.65,1.6688994729766689,1.9647293909876649,42.37106415483891,48.928935845161085,500,secondary_non_brier_zero_guard,0.0,0.0,0.0,42.37106415483891,48.928935845161085,True,False,True,positive,,,
absolute,absolute_equal_gate_stratum_profile,cKG-exact-formal,cKG,0.5,40,target_admitted_then_excluded_pct,38.8,1.5062062656320543,1.9647293909876649,35.840712281022924,41.75928771897707,500,secondary_non_brier_zero_guard,0.0,0.0,0.0,35.840712281022924,41.75928771897707,True,False,True,positive,,,
absolute,absolute_equal_gate_stratum_profile,cKG-exact-formal,cKG,0.5,40,target_exclusion_occupancy_pct,80.46315789473685,0.9427487006365872,1.9647293909876649,78.61091181428071,82.315403975193,500,secondary_non_brier_zero_guard,0.0,0.0,0.0,78.61091181428071,82.315403975193,True,False,True,positive,,,
absolute,absolute_equal_gate_stratum_profile,cKG-exact-formal,cKG,0.5,40,target_terminal_exclusion_run_fraction_pct,72.30263157894736,1.1377298591608076,1.9647293909876649,70.06730028564986,74.53796287224485,500,secondary_non_brier_zero_guard,0.0,0.0,0.0,70.06730028564986,74.53796287224485,True,False,True,positive,,,
absolute,absolute_equal_gate_stratum_profile,cKG-exact-formal,cKG,0.5,40,target_recovered_after_preterminal_exclusion_pct,11.85,0.8234142469280502,1.9647293909876649,10.232213828102484,13.467786171897515,500,secondary_non_brier_zero_guard,0.0,0.0,0.0,10.232213828102484,13.467786171897515,True,False,True,positive,,,
absolute,absolute_equal_gate_stratum_profile,cKG-exact-formal,cKG,0.5,40,target_admitted_but_not_selected_pct,6.8,0.6429204409464466,1.9647293909876649,5.536835313605767,8.063164686394233,500,secondary_non_brier_zero_guard,0.0,0.0,0.0,5.536835313605767,8.063164686394233,True,False,True,positive,,,
absolute,absolute_equal_gate_stratum_profile,cKG-exact-formal,cKG,0.5,40,panel_brier_score_pct,20.34491520020971,0.23009838276654984,1.9647293909876649,19.892834144769537,20.79699625564988,500,secondary_absolute_panel_brier_snapshot,2.9802322387695312e-06,1.334135177838341e-07,3.2423536983144856e-06,19.892830902415838,20.79699949800358,True,False,True,positive,,,
absolute,absolute_equal_gate_stratum_profile,cKG-exact-formal,cKG,0.5,40,latent_95_interval_coverage_pct,82.162,0.3718872305208245,1.9647293909876649,81.43134222806273,82.89265777193728,500,secondary_non_brier_zero_guard,0.0,0.0,0.0,81.43134222806273,82.89265777193728,True,False,True,positive,,,
absolute,absolute_equal_gate_stratum_profile,cKG-exact-formal,cKG,0.5,40,target_latent_95_interval_coverage_pct,85.25,0.9105125293658864,1.9647293909876649,83.46108927269232,87.03891072730768,500,secondary_non_brier_zero_guard,0.0,0.0,0.0,83.46108927269232,87.03891072730768,True,False,True,positive,,,
absolute,absolute_equal_gate_stratum_profile,cKG-exact-formal,cKG,0.5,40,mean_latent_95_interval_width,3.4181269684144993,0.04610249290630586,1.9647293909876649,3.3275480456036797,3.508705891225319,500,secondary_non_brier_zero_guard,0.0,0.0,0.0,3.3275480456036797,3.508705891225319,True,False,True,positive,,,
absolute,absolute_equal_gate_stratum_profile,cKG-exact-formal,cKG,0.5,40,panel_correct_selection_pct,9.05,0.7581851286979701,1.9647293909876649,7.560371393837334,10.539628606162667,500,secondary_non_brier_zero_guard,0.0,0.0,0.0,7.560371393837334,10.539628606162667,True,False,True,positive,,,
absolute,absolute_equal_gate_stratum_profile,cKG-exact-formal,cKG,0.5,40,recommendation_grid_distance,1.681443074435142,0.028756751849699717,1.9647293909876649,1.6249438388866981,1.737942309983586,500,secondary_non_brier_zero_guard,0.0,0.0,0.0,1.6249438388866981,1.737942309983586,True,False,True,positive,,,
absolute,absolute_equal_gate_stratum_profile,cKG-exact-formal,cKG,0.5,40,true_recommended_efficacy,6.524786875,0.10802381263110228,1.9647293909876649,6.312549315397129,6.737024434602872,500,secondary_non_brier_zero_guard,0.0,0.0,0.0,6.312549315397129,6.737024434602872,True,False,True,positive,,,
absolute,absolute_equal_gate_stratum_profile,cKG-exact-formal,cKG,0.5,40,final_gate_size,4.9345,0.12140076520180244,1.9647293909876649,4.695980348519626,5.173019651480374,500,secondary_non_brier_zero_guard,0.0,0.0,0.0,4.695980348519626,5.173019651480374,True,False,True,positive,,,
absolute,absolute_equal_gate_stratum_profile,cKG-exact-formal,cKG,0.5,40,final_empty_gate_pct,0.7,0.21001956202426889,1.9647293909876649,0.28736839380856205,1.1126316061914379,500,secondary_non_brier_zero_guard,0.0,0.0,0.0,0.28736839380856205,1.1126316061914379,True,False,True,positive,,,
absolute,absolute_equal_gate_stratum_profile,cKG-exact-formal,cKG,0.5,40,false_admissions,0.303,0.02114891375712267,1.9647293909876649,0.26144810755391773,0.34455189244608225,500,secondary_non_brier_zero_guard,0.0,0.0,0.0,0.26144810755391773,0.34455189244608225,True,False,True,positive,,,
absolute,absolute_equal_gate_stratum_profile,cKG-exact-formal,cKG,0.5,40,feasible_dose_recall_pct,33.694034090909085,0.8032429355290441,1.9647293909876649,32.115879087371965,35.272189094446205,500,secondary_non_brier_zero_guard,0.0,0.0,0.0,32.115879087371965,35.272189094446205,True,False,True,positive,,,
absolute,absolute_equal_gate_stratum_profile,cKG-exact-formal,cKG,0.5,80,terminal_true_boundary_exceedance_pct,9.35,0.7236728575880258,1.9647293909876649,7.928178667236775,10.771821332763224,500,secondary_non_brier_zero_guard,0.0,0.0,0.0,7.928178667236775,10.771821332763224,True,False,True,positive,,,
absolute,absolute_equal_gate_stratum_profile,cKG-exact-formal,cKG,0.5,80,above_boundary_assignment_count,6.915,0.20199543140530987,1.9647293909876649,6.518133639072755,7.311866360927245,500,secondary_non_brier_zero_guard,0.0,0.0,0.0,6.518133639072755,7.311866360927245,True,False,True,positive,,,
absolute,absolute_equal_gate_stratum_profile,cKG-exact-formal,cKG,0.5,80,above_boundary_assignment_pct,8.64375,0.2524942892566373,1.9647293909876649,8.147667048840944,9.139832951159057,500,secondary_non_brier_zero_guard,0.0,0.0,0.0,8.147667048840944,9.139832951159057,True,False,True,positive,,,
absolute,absolute_equal_gate_stratum_profile,cKG-exact-formal,cKG,0.5,80,post_initialization_above_boundary_assignment_pct,7.068421052631578,0.26032527808912775,1.9647293909876649,6.556952327552832,7.579889777710324,500,secondary_non_brier_zero_guard,0.0,0.0,0.0,6.556952327552832,7.579889777710324,True,False,True,positive,,,
absolute,absolute_equal_gate_stratum_profile,cKG-exact-formal,cKG,0.5,80,terminal_target_exclusion_pct,83.25,1.0141162969440214,1.9647293909876649,81.2575359055145,85.2424640944855,500,secondary_non_brier_zero_guard,0.0,0.0,0.0,81.2575359055145,85.2424640944855,True,False,True,positive,,,
absolute,absolute_equal_gate_stratum_profile,cKG-exact-formal,cKG,0.5,80,target_ever_admitted_pct,56.4,1.6518284033604385,1.9647293909876649,53.154604187049515,59.64539581295048,500,secondary_non_brier_zero_guard,0.0,0.0,0.0,53.154604187049515,59.64539581295048,True,False,True,positive,,,
absolute,absolute_equal_gate_stratum_profile,cKG-exact-formal,cKG,0.5,80,target_finally_admitted_pct,16.75,1.0141162969440214,1.9647293909876649,14.757535905514507,18.74246409448549,500,secondary_non_brier_zero_guard,0.0,0.0,0.0,14.757535905514507,18.74246409448549,True,False,True,positive,,,
absolute,absolute_equal_gate_stratum_profile,cKG-exact-formal,cKG,0.5,80,target_never_admitted_pct,43.6,1.6518284033604385,1.9647293909876649,40.35460418704952,46.845395812950485,500,secondary_non_brier_zero_guard,0.0,0.0,0.0,40.35460418704952,46.845395812950485,True,False,True,positive,,,
absolute,absolute_equal_gate_stratum_profile,cKG-exact-formal,cKG,0.5,80,target_admitted_then_excluded_pct,39.65,1.495904562771918,1.9647293909876649,36.71095233940946,42.58904766059054,500,secondary_non_brier_zero_guard,0.0,0.0,0.0,36.71095233940946,42.58904766059054,True,False,True,positive,,,
absolute,absolute_equal_gate_stratum_profile,cKG-exact-formal,cKG,0.5,80,target_exclusion_occupancy_pct,82.17307692307693,0.9249250603220462,1.9647293909876649,80.35584947260116,83.9903043735527,500,secondary_non_brier_zero_guard,0.0,0.0,0.0,80.35584947260116,83.9903043735527,True,False,True,positive,,,
absolute,absolute_equal_gate_stratum_profile,cKG-exact-formal,cKG,0.5,80,target_terminal_exclusion_run_fraction_pct,74.18461538461538,1.111105270354448,1.9647293909876649,72.0015942034687,76.36763656576207,500,secondary_non_brier_zero_guard,0.0,0.0,0.0,72.0015942034687,76.36763656576207,True,False,True,positive,,,
absolute,absolute_equal_gate_stratum_profile,cKG-exact-formal,cKG,0.5,80,target_recovered_after_preterminal_exclusion_pct,13.6,0.8841059249734423,1.9647293909876649,11.862971104458342,15.337028895541657,500,secondary_non_brier_zero_guard,0.0,0.0,0.0,11.862971104458342,15.337028895541657,True,False,True,positive,,,
absolute,absolute_equal_gate_stratum_profile,cKG-exact-formal,cKG,0.5,80,target_admitted_but_not_selected_pct,5.05,0.5586763271134314,1.9647293909876649,3.9523522000712026,6.147647799928797,500,secondary_non_brier_zero_guard,0.0,0.0,0.0,3.9523522000712026,6.147647799928797,True,False,True,positive,,,
absolute,absolute_equal_gate_stratum_profile,cKG-exact-formal,cKG,0.5,80,panel_brier_score_pct,19.846837136577054,0.2314787185749394,1.9647293909876649,19.39204409480471,20.3016301783494,500,secondary_absolute_panel_brier_snapshot,2.9802322387695312e-06,1.334135177838341e-07,3.2423536983144856e-06,19.39204085245101,20.301633420703098,True,False,True,positive,,,
absolute,absolute_equal_gate_stratum_profile,cKG-exact-formal,cKG,0.5,80,latent_95_interval_coverage_pct,81.104,0.35974045420104966,1.9647293909876649,80.39720735650394,81.81079264349606,500,secondary_non_brier_zero_guard,0.0,0.0,0.0,80.39720735650394,81.81079264349606,True,False,True,positive,,,
absolute,absolute_equal_gate_stratum_profile,cKG-exact-formal,cKG,0.5,80,target_latent_95_interval_coverage_pct,83.35,0.9486067200999778,1.9647293909876649,81.48624449653116,85.21375550346883,500,secondary_non_brier_zero_guard,0.0,0.0,0.0,81.48624449653116,85.21375550346883,True,False,True,positive,,,
absolute,absolute_equal_gate_stratum_profile,cKG-exact-formal,cKG,0.5,80,mean_latent_95_interval_width,3.2290489718188646,0.046949175081905686,1.9647293909876649,3.1368065476528186,3.3212913959849106,500,secondary_non_brier_zero_guard,0.0,0.0,0.0,3.1368065476528186,3.3212913959849106,True,False,True,positive,,,
absolute,absolute_equal_gate_stratum_profile,cKG-exact-formal,cKG,0.5,80,panel_correct_selection_pct,11.8,0.8079762690219343,1.9647293909876649,10.21254527703205,13.387454722967952,500,secondary_non_brier_zero_guard,0.0,0.0,0.0,10.21254527703205,13.387454722967952,True,False,True,positive,,,
absolute,absolute_equal_gate_stratum_profile,cKG-exact-formal,cKG,0.5,80,recommendation_grid_distance,1.5841210825422822,0.028463900617278264,1.9647293909876649,1.5281972204173637,1.6400449446672007,500,secondary_non_brier_zero_guard,0.0,0.0,0.0,1.5281972204173637,1.6400449446672007,True,False,True,positive,,,
absolute,absolute_equal_gate_stratum_profile,cKG-exact-formal,cKG,0.5,80,true_recommended_efficacy,6.682863183593749,0.10211480054375273,1.9647293909876649,6.482235233710595,6.883491133476904,500,secondary_non_brier_zero_guard,0.0,0.0,0.0,6.482235233710595,6.883491133476904,True,False,True,positive,,,
absolute,absolute_equal_gate_stratum_profile,cKG-exact-formal,cKG,0.5,80,final_gate_size,5.0215,0.11581516223537924,1.9647293909876649,4.793954546834145,5.249045453165854,500,secondary_non_brier_zero_guard,0.0,0.0,0.0,4.793954546834145,5.249045453165854,True,False,True,positive,,,
absolute,absolute_equal_gate_stratum_profile,cKG-exact-formal,cKG,0.5,80,final_empty_gate_pct,0.45,0.16477044212234904,1.9647293909876649,0.12627066959618893,0.7737293304038111,500,secondary_non_brier_zero_guard,0.0,0.0,0.0,0.12627066959618893,0.7737293304038111,True,False,True,positive,,,
absolute,absolute_equal_gate_stratum_profile,cKG-exact-formal,cKG,0.5,80,false_admissions,0.189,0.014696597564059506,1.9647293909876649,0.16012516281837458,0.21787483718162542,500,secondary_non_brier_zero_guard,0.0,0.0,0.0,0.16012516281837458,0.21787483718162542,True,False,True,positive,,,
absolute,absolute_equal_gate_stratum_profile,cKG-exact-formal,cKG,0.5,80,feasible_dose_recall_pct,35.09232954545455,0.8044025185909818,1.9647293909876649,33.51189627499434,36.67276281591475,500,secondary_non_brier_zero_guard,0.0,0.0,0.0,33.51189627499434,36.67276281591475,True,False,True,positive,,,
absolute,absolute_equal_gate_stratum_profile,cKG-exact-formal,cKG,1.0,20,terminal_true_boundary_exceedance_pct,19.5,0.983073174149037,1.9647293909876649,17.56852724125785,21.43147275874215,500,secondary_non_brier_zero_guard,0.0,0.0,0.0,17.56852724125785,21.43147275874215,True,False,True,positive,,,
absolute,absolute_equal_gate_stratum_profile,cKG-exact-formal,cKG,1.0,20,above_boundary_assignment_count,5.469,0.10824283358284781,1.9647293909876649,5.2563321234959925,5.681667876504008,500,secondary_non_brier_zero_guard,0.0,0.0,0.0,5.2563321234959925,5.681667876504008,True,False,True,positive,,,
absolute,absolute_equal_gate_stratum_profile,cKG-exact-formal,cKG,1.0,20,above_boundary_assignment_pct,27.345,0.5412141679142392,1.9647293909876649,26.28166061747996,28.408339382520037,500,secondary_non_brier_zero_guard,0.0,0.0,0.0,26.28166061747996,28.408339382520037,True,False,True,positive,,,
absolute,absolute_equal_gate_stratum_profile,cKG-exact-formal,cKG,1.0,20,post_initialization_above_boundary_assignment_pct,24.5375,0.6634894490479829,1.9647293909876649,23.233922778845216,25.841077221154787,500,secondary_non_brier_zero_guard,0.0,0.0,0.0,23.233922778845216,25.841077221154787,True,False,True,positive,,,
absolute,absolute_equal_gate_stratum_profile,cKG-exact-formal,cKG,1.0,20,terminal_target_exclusion_pct,78.65,1.1394963377771845,1.9647293909876649,76.41119805424637,80.88880194575364,500,secondary_non_brier_zero_guard,0.0,0.0,0.0,76.41119805424637,80.88880194575364,True,False,True,positive,,,
absolute,absolute_equal_gate_stratum_profile,cKG-exact-formal,cKG,1.0,20,target_ever_admitted_pct,63.0,1.6469440942847446,1.9647293909876649,59.764200532645205,66.2357994673548,500,secondary_non_brier_zero_guard,0.0,0.0,0.0,59.764200532645205,66.2357994673548,True,False,True,positive,,,
absolute,absolute_equal_gate_stratum_profile,cKG-exact-formal,cKG,1.0,20,target_finally_admitted_pct,21.35,1.1394963377771845,1.9647293909876649,19.11119805424636,23.588801945753644,500,secondary_non_brier_zero_guard,0.0,0.0,0.0,19.11119805424636,23.588801945753644,True,False,True,positive,,,
absolute,absolute_equal_gate_stratum_profile,cKG-exact-formal,cKG,1.0,20,target_never_admitted_pct,37.0,1.6469440942847446,1.9647293909876649,33.764200532645205,40.235799467354795,500,secondary_non_brier_zero_guard,0.0,0.0,0.0,33.764200532645205,40.235799467354795,True,False,True,positive,,,
absolute,absolute_equal_gate_stratum_profile,cKG-exact-formal,cKG,1.0,20,target_admitted_then_excluded_pct,41.65,1.473906306248534,1.9647293909876649,38.754172960551436,44.54582703944856,500,secondary_non_brier_zero_guard,0.0,0.0,0.0,38.754172960551436,44.54582703944856,True,False,True,positive,,,
absolute,absolute_equal_gate_stratum_profile,cKG-exact-formal,cKG,1.0,20,target_exclusion_occupancy_pct,72.02777777777779,1.0737793030402458,1.9647293909876649,69.91809202166037,74.1374635338952,500,secondary_non_brier_zero_guard,0.0,0.0,0.0,69.91809202166037,74.1374635338952,True,False,True,positive,,,
absolute,absolute_equal_gate_stratum_profile,cKG-exact-formal,cKG,1.0,20,target_terminal_exclusion_run_fraction_pct,61.57777777777778,1.2455155710904395,1.9647293909876649,59.13067672832361,64.02487882723196,500,secondary_non_brier_zero_guard,0.0,0.0,0.0,59.13067672832361,64.02487882723196,True,False,True,positive,,,
absolute,absolute_equal_gate_stratum_profile,cKG-exact-formal,cKG,1.0,20,target_recovered_after_preterminal_exclusion_pct,14.15,0.862288863530277,1.9647293909876649,12.455835726300714,15.844164273699286,500,secondary_non_brier_zero_guard,0.0,0.0,0.0,12.455835726300714,15.844164273699286,True,False,True,positive,,,
absolute,absolute_equal_gate_stratum_profile,cKG-exact-formal,cKG,1.0,20,target_admitted_but_not_selected_pct,14.55,0.9223863578709156,1.9647293909876649,12.737760412844946,16.362239587155056,500,secondary_non_brier_zero_guard,0.0,0.0,0.0,12.737760412844946,16.362239587155056,True,False,True,positive,,,
absolute,absolute_equal_gate_stratum_profile,cKG-exact-formal,cKG,1.0,20,panel_brier_score_pct,19.91138301409757,0.2531785592802658,1.9647293909876649,19.413955657511718,20.408810370683423,500,secondary_absolute_panel_brier_snapshot,2.9802322387695312e-06,1.334135177838341e-07,3.2423536983144856e-06,19.41395241515802,20.408813613037122,True,False,True,positive,,,
absolute,absolute_equal_gate_stratum_profile,cKG-exact-formal,cKG,1.0,20,latent_95_interval_coverage_pct,83.572,0.6131635761705718,1.9647293909876649,82.36729950041457,84.77670049958543,500,secondary_non_brier_zero_guard,0.0,0.0,0.0,82.36729950041457,84.77670049958543,True,False,True,positive,,,
absolute,absolute_equal_gate_stratum_profile,cKG-exact-formal,cKG,1.0,20,target_latent_95_interval_coverage_pct,93.65,0.6691416150576827,1.9647293909876649,92.33531780216322,94.9646821978368,500,secondary_non_brier_zero_guard,0.0,0.0,0.0,92.33531780216322,94.9646821978368,True,False,True,positive,,,
absolute,absolute_equal_gate_stratum_profile,cKG-exact-formal,cKG,1.0,20,mean_latent_95_interval_width,3.1717577506053485,0.04000753024840689,1.9647293909876649,3.0931537800654754,3.2503617211452216,500,secondary_non_brier_zero_guard,0.0,0.0,0.0,3.0931537800654754,3.2503617211452216,True,False,True,positive,,,
absolute,absolute_equal_gate_stratum_profile,cKG-exact-formal,cKG,1.0,20,panel_correct_selection_pct,7.2,0.6724763556421859,1.9647293909876649,5.878765939325524,8.521234060674477,500,secondary_non_brier_zero_guard,0.0,0.0,0.0,5.878765939325524,8.521234060674477,True,False,True,positive,,,
absolute,absolute_equal_gate_stratum_profile,cKG-exact-formal,cKG,1.0,20,recommendation_grid_distance,1.7829863915621305,0.02800991443402305,1.9647293909876649,1.7279544894345558,1.8380182936897052,500,secondary_non_brier_zero_guard,0.0,0.0,0.0,1.7279544894345558,1.8380182936897052,True,False,True,positive,,,
absolute,absolute_equal_gate_stratum_profile,cKG-exact-formal,cKG,1.0,20,true_recommended_efficacy,6.56319900390625,0.11966095708915121,1.9647293909876649,6.328097604559481,6.79830040325302,500,secondary_non_brier_zero_guard,0.0,0.0,0.0,6.328097604559481,6.79830040325302,True,False,True,positive,,,
absolute,absolute_equal_gate_stratum_profile,cKG-exact-formal,cKG,1.0,20,final_gate_size,6.5005,0.16639899865536154,1.9647293909876649,6.173570996710894,6.827429003289105,500,secondary_non_brier_zero_guard,0.0,0.0,0.0,6.173570996710894,6.827429003289105,True,False,True,positive,,,
absolute,absolute_equal_gate_stratum_profile,cKG-exact-formal,cKG,1.0,20,final_empty_gate_pct,6.75,0.7399121163217692,1.9647293909876649,5.296272918314736,8.203727081685264,500,secondary_non_brier_zero_guard,0.0,0.0,0.0,5.296272918314736,8.203727081685264,True,False,True,positive,,,
absolute,absolute_equal_gate_stratum_profile,cKG-exact-formal,cKG,1.0,20,false_admissions,0.9905,0.062219869207902526,1.9647293909876649,0.8682547942638256,1.1127452057361746,500,secondary_non_brier_zero_guard,0.0,0.0,0.0,0.8682547942638256,1.1127452057361746,True,False,True,positive,,,
absolute,absolute_equal_gate_stratum_profile,cKG-exact-formal,cKG,1.0,20,feasible_dose_recall_pct,39.71448863636363,0.8808826620980325,1.9647293909876649,37.983792580128174,41.44518469259909,500,secondary_non_brier_zero_guard,0.0,0.0,0.0,37.983792580128174,41.44518469259909,True,False,True,positive,,,
absolute,absolute_equal_gate_stratum_profile,cKG-exact-formal,cKG,1.0,40,terminal_true_boundary_exceedance_pct,13.7,0.8160587624721732,1.9647293909876649,12.096665364597898,15.3033346354021,500,secondary_non_brier_zero_guard,0.0,0.0,0.0,12.096665364597898,15.3033346354021,True,False,True,positive,,,
absolute,absolute_equal_gate_stratum_profile,cKG-exact-formal,cKG,1.0,40,above_boundary_assignment_count,6.88,0.14336074989068115,1.9647293909876649,6.598334921175747,7.161665078824253,500,secondary_non_brier_zero_guard,0.0,0.0,0.0,6.598334921175747,7.161665078824253,True,False,True,positive,,,
absolute,absolute_equal_gate_stratum_profile,cKG-exact-formal,cKG,1.0,40,above_boundary_assignment_pct,17.2,0.3584018747267029,1.9647293909876649,16.495837302939368,17.90416269706063,500,secondary_non_brier_zero_guard,0.0,0.0,0.0,16.495837302939368,17.90416269706063,True,False,True,positive,,,
absolute,absolute_equal_gate_stratum_profile,cKG-exact-formal,cKG,1.0,40,post_initialization_above_boundary_assignment_pct,14.825,0.3942894679571385,1.9647293909876649,14.05032789374772,15.599672106252278,500,secondary_non_brier_zero_guard,0.0,0.0,0.0,14.05032789374772,15.599672106252278,True,False,True,positive,,,
absolute,absolute_equal_gate_stratum_profile,cKG-exact-formal,cKG,1.0,40,terminal_target_exclusion_pct,77.9,1.1070823196696125,1.9647293909876649,75.72488282830231,80.0751171716977,500,secondary_non_brier_zero_guard,0.0,0.0,0.0,75.72488282830231,80.0751171716977,True,False,True,positive,,,
absolute,absolute_equal_gate_stratum_profile,cKG-exact-formal,cKG,1.0,40,target_ever_admitted_pct,65.95,1.5870515004025105,1.9647293909876649,62.831873272148115,69.06812672785189,500,secondary_non_brier_zero_guard,0.0,0.0,0.0,62.831873272148115,69.06812672785189,True,False,True,positive,,,
absolute,absolute_equal_gate_stratum_profile,cKG-exact-formal,cKG,1.0,40,target_finally_admitted_pct,22.1,1.1070823196696125,1.9647293909876649,19.924882828302312,24.27511717169769,500,secondary_non_brier_zero_guard,0.0,0.0,0.0,19.924882828302312,24.27511717169769,True,False,True,positive,,,
absolute,absolute_equal_gate_stratum_profile,cKG-exact-formal,cKG,1.0,40,target_never_admitted_pct,34.05,1.5870515004025105,1.9647293909876649,30.931873272148113,37.168126727851885,500,secondary_non_brier_zero_guard,0.0,0.0,0.0,30.931873272148113,37.168126727851885,True,False,True,positive,,,
absolute,absolute_equal_gate_stratum_profile,cKG-exact-formal,cKG,1.0,40,target_admitted_then_excluded_pct,43.85,1.432116236144139,1.9647293909876649,41.03627913953698,46.66372086046302,500,secondary_non_brier_zero_guard,0.0,0.0,0.0,41.03627913953698,46.66372086046302,True,False,True,positive,,,
absolute,absolute_equal_gate_stratum_profile,cKG-exact-formal,cKG,1.0,40,target_exclusion_occupancy_pct,75.48157894736842,0.9763737274387275,1.9647293909876649,73.56326878848137,77.39988910625547,500,secondary_non_brier_zero_guard,0.0,0.0,0.0,73.56326878848137,77.39988910625547,True,False,True,positive,,,
absolute,absolute_equal_gate_stratum_profile,cKG-exact-formal,cKG,1.0,40,target_terminal_exclusion_run_fraction_pct,64.28421052631579,1.1800035198754901,1.9647293909876649,61.96582292934752,66.60259812328407,500,secondary_non_brier_zero_guard,0.0,0.0,0.0,61.96582292934752,66.60259812328407,True,False,True,positive,,,
absolute,absolute_equal_gate_stratum_profile,cKG-exact-formal,cKG,1.0,40,target_recovered_after_preterminal_exclusion_pct,17.5,0.9430156717224949,1.9647293909876649,15.647229393604839,19.35277060639516,500,secondary_non_brier_zero_guard,0.0,0.0,0.0,15.647229393604839,19.35277060639516,True,False,True,positive,,,
absolute,absolute_equal_gate_stratum_profile,cKG-exact-formal,cKG,1.0,40,target_admitted_but_not_selected_pct,11.35,0.778503136967692,1.9647293909876649,9.82045200582348,12.87954799417652,500,secondary_non_brier_zero_guard,0.0,0.0,0.0,9.82045200582348,12.87954799417652,True,False,True,positive,,,
absolute,absolute_equal_gate_stratum_profile,cKG-exact-formal,cKG,1.0,40,panel_brier_score_pct,16.825080736523894,0.22464811275978808,1.9647293909876649,16.38370798675483,17.26645348629296,500,secondary_absolute_panel_brier_snapshot,2.9802322387695312e-06,1.334135177838341e-07,3.2423536983144856e-06,16.38370474440113,17.26645672864666,True,False,True,positive,,,
absolute,absolute_equal_gate_stratum_profile,cKG-exact-formal,cKG,1.0,40,latent_95_interval_coverage_pct,88.656,0.4120180162218428,1.9647293909876649,87.84649609391252,89.46550390608749,500,secondary_non_brier_zero_guard,0.0,0.0,0.0,87.84649609391252,89.46550390608749,True,False,True,positive,,,
absolute,absolute_equal_gate_stratum_profile,cKG-exact-formal,cKG,1.0,40,target_latent_95_interval_coverage_pct,95.75,0.5309791688527066,1.9647293909876649,94.70676962095288,96.79323037904712,500,secondary_non_brier_zero_guard,0.0,0.0,0.0,94.70676962095288,96.79323037904712,True,False,True,positive,,,
absolute,absolute_equal_gate_stratum_profile,cKG-exact-formal,cKG,1.0,40,mean_latent_95_interval_width,3.0333077631912486,0.03637179007273721,1.9647293909876649,2.9618470382325084,3.104768488149989,500,secondary_non_brier_zero_guard,0.0,0.0,0.0,2.9618470382325084,3.104768488149989,True,False,True,positive,,,
absolute,absolute_equal_gate_stratum_profile,cKG-exact-formal,cKG,1.0,40,panel_correct_selection_pct,11.1,0.7840979653324428,1.9647293909876649,9.559459682097723,12.640540317902277,500,secondary_non_brier_zero_guard,0.0,0.0,0.0,9.559459682097723,12.640540317902277,True,False,True,positive,,,
absolute,absolute_equal_gate_stratum_profile,cKG-exact-formal,cKG,1.0,40,recommendation_grid_distance,1.6261521001533092,0.02814651601287713,1.9647293909876649,1.5708518128889046,1.6814523874177139,500,secondary_non_brier_zero_guard,0.0,0.0,0.0,1.5708518128889046,1.6814523874177139,True,False,True,positive,,,
absolute,absolute_equal_gate_stratum_profile,cKG-exact-formal,cKG,1.0,40,true_recommended_efficacy,6.7337002734375,0.10418668764444669,1.9647293909876649,6.529001626072804,6.938398920802196,500,secondary_non_brier_zero_guard,0.0,0.0,0.0,6.529001626072804,6.938398920802196,True,False,True,positive,,,
absolute,absolute_equal_gate_stratum_profile,cKG-exact-formal,cKG,1.0,40,final_gate_size,6.67,0.13599333945731867,1.9647293909876649,6.402809888989643,6.937190111010357,500,secondary_non_brier_zero_guard,0.0,0.0,0.0,6.402809888989643,6.937190111010357,True,False,True,positive,,,
absolute,absolute_equal_gate_stratum_profile,cKG-exact-formal,cKG,1.0,40,final_empty_gate_pct,1.7,0.38014341772030213,1.9647293909876649,0.9531210544144213,2.4468789455855786,500,secondary_non_brier_zero_guard,0.0,0.0,0.0,0.9531210544144213,2.4468789455855786,True,False,True,positive,,,
absolute,absolute_equal_gate_stratum_profile,cKG-exact-formal,cKG,1.0,40,false_admissions,0.504,0.03711769721970623,1.9647293909876649,0.43107376934666203,0.5769262306533379,500,secondary_non_brier_zero_guard,0.0,0.0,0.0,0.43107376934666203,0.5769262306533379,True,False,True,positive,,,
absolute,absolute_equal_gate_stratum_profile,cKG-exact-formal,cKG,1.0,40,feasible_dose_recall_pct,44.76193181818182,0.8482524924518071,1.9647293909876649,43.09534521528322,46.428518421080426,500,secondary_non_brier_zero_guard,0.0,0.0,0.0,43.09534521528322,46.428518421080426,True,False,True,positive,,,
absolute,absolute_equal_gate_stratum_profile,cKG-exact-formal,cKG,1.0,80,terminal_true_boundary_exceedance_pct,9.4,0.6849952093801441,1.9647293909876649,8.054169779445083,10.745830220554918,500,secondary_non_brier_zero_guard,0.0,0.0,0.0,8.054169779445083,10.745830220554918,True,False,True,positive,,,
absolute,absolute_equal_gate_stratum_profile,cKG-exact-formal,cKG,1.0,80,above_boundary_assignment_count,8.135,0.18204623496059086,1.9647293909876649,7.777328411654281,8.492671588345718,500,secondary_non_brier_zero_guard,0.0,0.0,0.0,7.777328411654281,8.492671588345718,True,False,True,positive,,,
absolute,absolute_equal_gate_stratum_profile,cKG-exact-formal,cKG,1.0,80,above_boundary_assignment_pct,10.16875,0.22755779370073856,1.9647293909876649,9.721660514567851,10.615839485432147,500,secondary_non_brier_zero_guard,0.0,0.0,0.0,9.721660514567851,10.615839485432147,True,False,True,positive,,,
absolute,absolute_equal_gate_stratum_profile,cKG-exact-formal,cKG,1.0,80,post_initialization_above_boundary_assignment_pct,8.673684210526314,0.23939152201393976,1.9647293909876649,8.203344651272257,9.144023769780372,500,secondary_non_brier_zero_guard,0.0,0.0,0.0,8.203344651272257,9.144023769780372,True,False,True,positive,,,
absolute,absolute_equal_gate_stratum_profile,cKG-exact-formal,cKG,1.0,80,terminal_target_exclusion_pct,75.75,1.1197690679470755,1.9647293909876649,73.54995680108551,77.95004319891449,500,secondary_non_brier_zero_guard,0.0,0.0,0.0,73.54995680108551,77.95004319891449,True,False,True,positive,,,
absolute,absolute_equal_gate_stratum_profile,cKG-exact-formal,cKG,1.0,80,target_ever_admitted_pct,67.9,1.5520947123136473,1.9647293909876649,64.85055390112083,70.94944609887918,500,secondary_non_brier_zero_guard,0.0,0.0,0.0,64.85055390112083,70.94944609887918,True,False,True,positive,,,
absolute,absolute_equal_gate_stratum_profile,cKG-exact-formal,cKG,1.0,80,target_finally_admitted_pct,24.25,1.1197690679470755,1.9647293909876649,22.049956801085518,26.450043198914482,500,secondary_non_brier_zero_guard,0.0,0.0,0.0,22.049956801085518,26.450043198914482,True,False,True,positive,,,
absolute,absolute_equal_gate_stratum_profile,cKG-exact-formal,cKG,1.0,80,target_never_admitted_pct,32.1,1.5520947123136473,1.9647293909876649,29.050553901120836,35.14944609887917,500,secondary_non_brier_zero_guard,0.0,0.0,0.0,29.050553901120836,35.14944609887917,True,False,True,positive,,,
absolute,absolute_equal_gate_stratum_profile,cKG-exact-formal,cKG,1.0,80,target_admitted_then_excluded_pct,43.65,1.3858919123746885,1.9647293909876649,40.927097427025345,46.37290257297465,500,secondary_non_brier_zero_guard,0.0,0.0,0.0,40.927097427025345,46.37290257297465,True,False,True,positive,,,
absolute,absolute_equal_gate_stratum_profile,cKG-exact-formal,cKG,1.0,80,target_exclusion_occupancy_pct,76.15128205128207,0.9750470108258075,1.9647293909876649,74.23557853151793,78.0669855710462,500,secondary_non_brier_zero_guard,0.0,0.0,0.0,74.23557853151793,78.0669855710462,True,False,True,positive,,,
absolute,absolute_equal_gate_stratum_profile,cKG-exact-formal,cKG,1.0,80,target_terminal_exclusion_run_fraction_pct,65.05,1.1727260273937816,1.9647293909876649,62.74591070640323,67.35408929359677,500,secondary_non_brier_zero_guard,0.0,0.0,0.0,62.74591070640323,67.35408929359677,True,False,True,positive,,,
absolute,absolute_equal_gate_stratum_profile,cKG-exact-formal,cKG,1.0,80,target_recovered_after_preterminal_exclusion_pct,20.45,1.00154940088086,1.9647293909876649,18.482226455563286,22.417773544436713,500,secondary_non_brier_zero_guard,0.0,0.0,0.0,18.482226455563286,22.417773544436713,True,False,True,positive,,,
absolute,absolute_equal_gate_stratum_profile,cKG-exact-formal,cKG,1.0,80,target_admitted_but_not_selected_pct,8.25,0.6536279208524033,1.9647293909876649,6.965798013131124,9.534201986868876,500,secondary_non_brier_zero_guard,0.0,0.0,0.0,6.965798013131124,9.534201986868876,True,False,True,positive,,,
absolute,absolute_equal_gate_stratum_profile,cKG-exact-formal,cKG,1.0,80,panel_brier_score_pct,14.92046422803645,0.21348189851087035,1.9647293909876649,14.501030067588296,15.339898388484603,500,secondary_absolute_panel_brier_snapshot,2.9802322387695312e-06,1.334135177838341e-07,3.2423536983144856e-06,14.501026825234598,15.3399016308383,True,False,True,positive,,,
absolute,absolute_equal_gate_stratum_profile,cKG-exact-formal,cKG,1.0,80,latent_95_interval_coverage_pct,90.658,0.3061069665164447,1.9647293909876649,90.05658264609906,91.25941735390094,500,secondary_non_brier_zero_guard,0.0,0.0,0.0,90.05658264609906,91.25941735390094,True,False,True,positive,,,
absolute,absolute_equal_gate_stratum_profile,cKG-exact-formal,cKG,1.0,80,target_latent_95_interval_coverage_pct,96.8,0.46362689719169575,1.9647293909876649,95.88909860863505,97.71090139136494,500,secondary_non_brier_zero_guard,0.0,0.0,0.0,95.88909860863505,97.71090139136494,True,False,True,positive,,,
absolute,absolute_equal_gate_stratum_profile,cKG-exact-formal,cKG,1.0,80,mean_latent_95_interval_width,2.827556931430501,0.03708144626088473,1.9647293909876649,2.7547019241014112,2.900411938759591,500,secondary_non_brier_zero_guard,0.0,0.0,0.0,2.7547019241014112,2.900411938759591,True,False,True,positive,,,
absolute,absolute_equal_gate_stratum_profile,cKG-exact-formal,cKG,1.0,80,panel_correct_selection_pct,16.15,0.917899820329169,1.9647293909876649,14.346575245016984,17.953424754983015,500,secondary_non_brier_zero_guard,0.0,0.0,0.0,14.346575245016984,17.953424754983015,True,False,True,positive,,,
absolute,absolute_equal_gate_stratum_profile,cKG-exact-formal,cKG,1.0,80,recommendation_grid_distance,1.4545321098010435,0.028537009940053207,1.9647293909876649,1.3984646076409137,1.5105996119611733,500,secondary_non_brier_zero_guard,0.0,0.0,0.0,1.3984646076409137,1.5105996119611733,True,False,True,positive,,,
absolute,absolute_equal_gate_stratum_profile,cKG-exact-formal,cKG,1.0,80,true_recommended_efficacy,7.07783923828125,0.09927106320898693,1.9647293909876649,6.8827984627199585,7.272880013842541,500,secondary_non_brier_zero_guard,0.0,0.0,0.0,6.8827984627199585,7.272880013842541,True,False,True,positive,,,
absolute,absolute_equal_gate_stratum_profile,cKG-exact-formal,cKG,1.0,80,final_gate_size,6.889,0.12010498914214042,1.9647293909876649,6.653026197828183,7.124973802171818,500,secondary_non_brier_zero_guard,0.0,0.0,0.0,6.653026197828183,7.124973802171818,True,False,True,positive,,,
absolute,absolute_equal_gate_stratum_profile,cKG-exact-formal,cKG,1.0,80,final_empty_gate_pct,0.8,0.232007877690869,1.9647293909876649,0.34416730376007837,1.2558326962399218,500,secondary_non_brier_zero_guard,0.0,0.0,0.0,0.34416730376007837,1.2558326962399218,True,False,True,positive,,,
absolute,absolute_equal_gate_stratum_profile,cKG-exact-formal,cKG,1.0,80,false_admissions,0.286,0.018764653592563275,1.9647293909876649,0.24913253357498863,0.3228674664250113,500,secondary_non_brier_zero_guard,0.0,0.0,0.0,0.24913253357498863,0.3228674664250113,True,False,True,positive,,,
absolute,absolute_equal_gate_stratum_profile,cKG-exact-formal,cKG,1.0,80,feasible_dose_recall_pct,47.91079545454546,0.8286256562358261,1.9647293909876649,46.28277027361249,49.53882063547842,500,secondary_non_brier_zero_guard,0.0,0.0,0.0,46.28277027361249,49.53882063547842,True,False,True,positive,,,
absolute,absolute_equal_gate_stratum_profile,cKG-exact-formal,cKG,2.0,20,terminal_true_boundary_exceedance_pct,34.55,1.3242364609120296,1.9647293909876649,31.948233704628645,37.15176629537135,500,secondary_non_brier_zero_guard,0.0,0.0,0.0,31.948233704628645,37.15176629537135,True,False,True,positive,,,
absolute,absolute_equal_gate_stratum_profile,cKG-exact-formal,cKG,2.0,20,above_boundary_assignment_count,7.345,0.10980466350868942,1.9647293909876649,7.129263550336967,7.5607364496630325,500,secondary_non_brier_zero_guard,0.0,0.0,0.0,7.129263550336967,7.5607364496630325,True,False,True,positive,,,
absolute,absolute_equal_gate_stratum_profile,cKG-exact-formal,cKG,2.0,20,above_boundary_assignment_pct,36.725,0.5490233175434471,1.9647293909876649,35.64631775168484,37.80368224831516,500,secondary_non_brier_zero_guard,0.0,0.0,0.0,35.64631775168484,37.80368224831516,True,False,True,positive,,,
absolute,absolute_equal_gate_stratum_profile,cKG-exact-formal,cKG,2.0,20,post_initialization_above_boundary_assignment_pct,36.2625,0.6706637699209412,1.9647293909876649,34.94482717976574,37.58017282023427,500,secondary_non_brier_zero_guard,0.0,0.0,0.0,34.94482717976574,37.58017282023427,True,False,True,positive,,,
absolute,absolute_equal_gate_stratum_profile,cKG-exact-formal,cKG,2.0,20,terminal_target_exclusion_pct,69.75,1.3002909339936397,1.9647293909876649,67.1952801851479,72.3047198148521,500,secondary_non_brier_zero_guard,0.0,0.0,0.0,67.1952801851479,72.3047198148521,True,False,True,positive,,,
absolute,absolute_equal_gate_stratum_profile,cKG-exact-formal,cKG,2.0,20,target_ever_admitted_pct,87.55,1.1727086129904412,1.9647293909876649,85.2459449209933,89.8540550790067,500,secondary_non_brier_zero_guard,0.0,0.0,0.0,85.2459449209933,89.8540550790067,True,False,True,positive,,,
absolute,absolute_equal_gate_stratum_profile,cKG-exact-formal,cKG,2.0,20,target_finally_admitted_pct,30.25,1.3002909339936397,1.9647293909876649,27.695280185147894,32.804719814852106,500,secondary_non_brier_zero_guard,0.0,0.0,0.0,27.695280185147894,32.804719814852106,True,False,True,positive,,,
absolute,absolute_equal_gate_stratum_profile,cKG-exact-formal,cKG,2.0,20,target_never_admitted_pct,12.45,1.172708612990441,1.9647293909876649,10.145944920993301,14.754055079006697,500,secondary_non_brier_zero_guard,0.0,0.0,0.0,10.145944920993301,14.754055079006697,True,False,True,positive,,,
absolute,absolute_equal_gate_stratum_profile,cKG-exact-formal,cKG,2.0,20,target_admitted_then_excluded_pct,57.3,1.4413795996546506,1.9647293909876649,54.46807913698847,60.13192086301152,500,secondary_non_brier_zero_guard,0.0,0.0,0.0,54.46807913698847,60.13192086301152,True,False,True,positive,,,
absolute,absolute_equal_gate_stratum_profile,cKG-exact-formal,cKG,2.0,20,target_exclusion_occupancy_pct,57.12222222222222,1.0860134761105287,1.9647293909876649,54.98849962669918,59.25594481774526,500,secondary_non_brier_zero_guard,0.0,0.0,0.0,54.98849962669918,59.25594481774526,True,False,True,positive,,,
absolute,absolute_equal_gate_stratum_profile,cKG-exact-formal,cKG,2.0,20,target_terminal_exclusion_run_fraction_pct,39.98333333333333,1.1424193775456717,1.9647293909876649,37.738788405435514,42.22787826123114,500,secondary_non_brier_zero_guard,0.0,0.0,0.0,37.738788405435514,42.22787826123114,True,False,True,positive,,,
absolute,absolute_equal_gate_stratum_profile,cKG-exact-formal,cKG,2.0,20,target_recovered_after_preterminal_exclusion_pct,21.65,1.0781371710125935,1.9647293909876649,19.53175221259526,23.768247787404736,500,secondary_non_brier_zero_guard,0.0,0.0,0.0,19.53175221259526,23.768247787404736,True,False,True,positive,,,
absolute,absolute_equal_gate_stratum_profile,cKG-exact-formal,cKG,2.0,20,target_admitted_but_not_selected_pct,27.1,1.270593883833568,1.9647293909876649,24.603626852423023,29.59637314757698,500,secondary_non_brier_zero_guard,0.0,0.0,0.0,24.603626852423023,29.59637314757698,True,False,True,positive,,,
absolute,absolute_equal_gate_stratum_profile,cKG-exact-formal,cKG,2.0,20,panel_brier_score_pct,24.32305046632157,0.3345031732008333,1.9647293909876649,23.665842250555254,24.980258682087882,500,secondary_absolute_panel_brier_snapshot,2.9802322387695312e-06,1.334135177838341e-07,3.2423536983144856e-06,23.665839008201555,24.98026192444158,True,False,True,positive,,,
absolute,absolute_equal_gate_stratum_profile,cKG-exact-formal,cKG,2.0,20,latent_95_interval_coverage_pct,64.41,1.0574309056578974,1.9647293909876649,62.332434420715224,66.48756557928478,500,secondary_non_brier_zero_guard,0.0,0.0,0.0,62.332434420715224,66.48756557928478,True,False,True,positive,,,
absolute,absolute_equal_gate_stratum_profile,cKG-exact-formal,cKG,2.0,20,target_latent_95_interval_coverage_pct,87.8,1.0121110302110878,1.9647293909876649,85.81147571200147,89.78852428799853,500,secondary_non_brier_zero_guard,0.0,0.0,0.0,85.81147571200147,89.78852428799853,True,False,True,positive,,,
absolute,absolute_equal_gate_stratum_profile,cKG-exact-formal,cKG,2.0,20,mean_latent_95_interval_width,2.4554219011621727,0.04950131947816623,1.9647293909876649,2.3581652038907492,2.5526785984335962,500,secondary_non_brier_zero_guard,0.0,0.0,0.0,2.3581652038907492,2.5526785984335962,True,False,True,positive,,,
absolute,absolute_equal_gate_stratum_profile,cKG-exact-formal,cKG,2.0,20,panel_correct_selection_pct,3.85,0.5180654240220384,1.9647293909876649,2.832141634969414,4.867858365030586,500,secondary_non_brier_zero_guard,0.0,0.0,0.0,2.832141634969414,4.867858365030586,True,False,True,positive,,,
absolute,absolute_equal_gate_stratum_profile,cKG-exact-formal,cKG,2.0,20,recommendation_grid_distance,2.041130217944286,0.028133097434628676,1.9647293909876649,1.9858562945549514,2.0964041413336205,500,secondary_non_brier_zero_guard,0.0,0.0,0.0,1.9858562945549514,2.0964041413336205,True,False,True,positive,,,
absolute,absolute_equal_gate_stratum_profile,cKG-exact-formal,cKG,2.0,20,true_recommended_efficacy,6.98288193359375,0.1540332040529104,1.9647293909876649,6.680248370402996,7.2855154967845035,500,secondary_non_brier_zero_guard,0.0,0.0,0.0,6.680248370402996,7.2855154967845035,True,False,True,positive,,,
absolute,absolute_equal_gate_stratum_profile,cKG-exact-formal,cKG,2.0,20,final_gate_size,8.793,0.25902894430541146,1.9647293909876649,8.28407822000665,9.301921779993348,500,secondary_non_brier_zero_guard,0.0,0.0,0.0,8.28407822000665,9.301921779993348,True,False,True,positive,,,
absolute,absolute_equal_gate_stratum_profile,cKG-exact-formal,cKG,2.0,20,final_empty_gate_pct,18.05,1.1439021042240005,1.9647293909876649,15.802541915418471,20.29745808458153,500,secondary_non_brier_zero_guard,0.0,0.0,0.0,15.802541915418471,20.29745808458153,True,False,True,positive,,,
absolute,absolute_equal_gate_stratum_profile,cKG-exact-formal,cKG,2.0,20,false_admissions,2.5995,0.12316162987776791,1.9647293909876649,2.3575207259372046,2.841479274062795,500,secondary_non_brier_zero_guard,0.0,0.0,0.0,2.3575207259372046,2.841479274062795,True,False,True,positive,,,
absolute,absolute_equal_gate_stratum_profile,cKG-exact-formal,cKG,2.0,20,feasible_dose_recall_pct,44.16107954545454,1.0516891277836418,1.9647293909876649,42.09479500591584,46.22736408499324,500,secondary_non_brier_zero_guard,0.0,0.0,0.0,42.09479500591584,46.22736408499324,True,False,True,positive,,,
absolute,absolute_equal_gate_stratum_profile,cKG-exact-formal,cKG,2.0,40,terminal_true_boundary_exceedance_pct,21.55,1.0103150364841118,1.9647293909876649,19.565004353662893,23.53499564633711,500,secondary_non_brier_zero_guard,0.0,0.0,0.0,19.565004353662893,23.53499564633711,True,False,True,positive,,,
absolute,absolute_equal_gate_stratum_profile,cKG-exact-formal,cKG,2.0,40,above_boundary_assignment_count,10.499,0.16764608082753876,1.9647293909876649,10.169620817714241,10.82837918228576,500,secondary_non_brier_zero_guard,0.0,0.0,0.0,10.169620817714241,10.82837918228576,True,False,True,positive,,,
absolute,absolute_equal_gate_stratum_profile,cKG-exact-formal,cKG,2.0,40,above_boundary_assignment_pct,26.2475,0.4191152020688469,1.9647293909876649,25.424052044285602,27.070947955714395,500,secondary_non_brier_zero_guard,0.0,0.0,0.0,25.424052044285602,27.070947955714395,True,False,True,positive,,,
absolute,absolute_equal_gate_stratum_profile,cKG-exact-formal,cKG,2.0,40,post_initialization_above_boundary_assignment_pct,24.877777777777776,0.46344622591494095,1.9647293909876649,23.96723135658038,25.78832419897517,500,secondary_non_brier_zero_guard,0.0,0.0,0.0,23.96723135658038,25.78832419897517,True,False,True,positive,,,
absolute,absolute_equal_gate_stratum_profile,cKG-exact-formal,cKG,2.0,40,terminal_target_exclusion_pct,75.4,1.1054972856126757,1.9647293909876649,73.22799699129969,77.57200300870032,500,secondary_non_brier_zero_guard,0.0,0.0,0.0,73.22799699129969,77.57200300870032,True,False,True,positive,,,
absolute,absolute_equal_gate_stratum_profile,cKG-exact-formal,cKG,2.0,40,target_ever_admitted_pct,89.25,1.0856944620517595,1.9647293909876649,87.11690418077437,91.38309581922563,500,secondary_non_brier_zero_guard,0.0,0.0,0.0,87.11690418077437,91.38309581922563,True,False,True,positive,,,
absolute,absolute_equal_gate_stratum_profile,cKG-exact-formal,cKG,2.0,40,target_finally_admitted_pct,24.6,1.1054972856126757,1.9647293909876649,22.427996991299693,26.77200300870031,500,secondary_non_brier_zero_guard,0.0,0.0,0.0,22.427996991299693,26.77200300870031,True,False,True,positive,,,
absolute,absolute_equal_gate_stratum_profile,cKG-exact-formal,cKG,2.0,40,target_never_admitted_pct,10.75,1.0856944620517595,1.9647293909876649,8.616904180774366,12.883095819225634,500,secondary_non_brier_zero_guard,0.0,0.0,0.0,8.616904180774366,12.883095819225634,True,False,True,positive,,,
absolute,absolute_equal_gate_stratum_profile,cKG-exact-formal,cKG,2.0,40,target_admitted_then_excluded_pct,64.65,1.2674651616008004,1.9647293909876649,62.15977394494998,67.14022605505002,500,secondary_non_brier_zero_guard,0.0,0.0,0.0,62.15977394494998,67.14022605505002,True,False,True,positive,,,
absolute,absolute_equal_gate_stratum_profile,cKG-exact-formal,cKG,2.0,40,target_exclusion_occupancy_pct,65.45,0.9576944527399341,1.9647293909876649,63.56838956111601,67.331610438884,500,secondary_non_brier_zero_guard,0.0,0.0,0.0,63.56838956111601,67.331610438884,True,False,True,positive,,,
absolute,absolute_equal_gate_stratum_profile,cKG-exact-formal,cKG,2.0,40,target_terminal_exclusion_run_fraction_pct,46.881578947368425,1.104727338842403,1.9647293909876649,44.711088675717164,49.052069219019685,500,secondary_non_brier_zero_guard,0.0,0.0,0.0,44.711088675717164,49.052069219019685,True,False,True,positive,,,
absolute,absolute_equal_gate_stratum_profile,cKG-exact-formal,cKG,2.0,40,target_recovered_after_preterminal_exclusion_pct,20.65,0.9780430135083757,1.9647293909876649,18.728410145709947,22.57158985429005,500,secondary_non_brier_zero_guard,0.0,0.0,0.0,18.728410145709947,22.57158985429005,True,False,True,positive,,,
absolute,absolute_equal_gate_stratum_profile,cKG-exact-formal,cKG,2.0,40,target_admitted_but_not_selected_pct,17.6,0.9551463810424227,1.9647293909876649,15.72339583247045,19.47660416752955,500,secondary_non_brier_zero_guard,0.0,0.0,0.0,15.72339583247045,19.47660416752955,True,False,True,positive,,,
absolute,absolute_equal_gate_stratum_profile,cKG-exact-formal,cKG,2.0,40,panel_brier_score_pct,17.79524660181564,0.21104387839995942,1.9647293909876649,17.380602491135214,18.20989071249607,500,secondary_absolute_panel_brier_snapshot,2.9802322387695312e-06,1.334135177838341e-07,3.2423536983144856e-06,17.380599248781515,18.20989395484977,True,False,True,positive,,,
absolute,absolute_equal_gate_stratum_profile,cKG-exact-formal,cKG,2.0,40,latent_95_interval_coverage_pct,82.194,0.7051547450232876,1.9647293909876649,80.80856174725834,83.57943825274167,500,secondary_non_brier_zero_guard,0.0,0.0,0.0,80.80856174725834,83.57943825274167,True,False,True,positive,,,
absolute,absolute_equal_gate_stratum_profile,cKG-exact-formal,cKG,2.0,40,target_latent_95_interval_coverage_pct,97.2,0.4524703956258749,1.9647293909876649,96.31101811516203,98.08898188483798,500,secondary_non_brier_zero_guard,0.0,0.0,0.0,96.31101811516203,98.08898188483798,True,False,True,positive,,,
absolute,absolute_equal_gate_stratum_profile,cKG-exact-formal,cKG,2.0,40,mean_latent_95_interval_width,2.9353799565923833,0.03603534939663089,1.9647293909876649,2.864580246518313,3.0061796666664535,500,secondary_non_brier_zero_guard,0.0,0.0,0.0,2.864580246518313,3.0061796666664535,True,False,True,positive,,,
absolute,absolute_equal_gate_stratum_profile,cKG-exact-formal,cKG,2.0,40,panel_correct_selection_pct,7.5,0.6271256438276883,1.9647293909876649,6.267867815729678,8.732132184270322,500,secondary_non_brier_zero_guard,0.0,0.0,0.0,6.267867815729678,8.732132184270322,True,False,True,positive,,,
absolute,absolute_equal_gate_stratum_profile,cKG-exact-formal,cKG,2.0,40,recommendation_grid_distance,1.743262030852678,0.02659219830688975,1.9647293909876649,1.6910155572681593,1.7955085044371968,500,secondary_non_brier_zero_guard,0.0,0.0,0.0,1.6910155572681593,1.7955085044371968,True,False,True,positive,,,
absolute,absolute_equal_gate_stratum_profile,cKG-exact-formal,cKG,2.0,40,true_recommended_efficacy,6.8055551171875,0.12164261142756225,1.9647293909876649,6.566560303319276,7.044549931055723,500,secondary_non_brier_zero_guard,0.0,0.0,0.0,6.566560303319276,7.044549931055723,True,False,True,positive,,,
absolute,absolute_equal_gate_stratum_profile,cKG-exact-formal,cKG,2.0,40,final_gate_size,7.922,0.15867636363602963,1.9647293909876649,7.610243884709246,8.233756115290753,500,secondary_non_brier_zero_guard,0.0,0.0,0.0,7.610243884709246,8.233756115290753,True,False,True,positive,,,
absolute,absolute_equal_gate_stratum_profile,cKG-exact-formal,cKG,2.0,40,final_empty_gate_pct,3.85,0.4932967498035371,1.9647293909876649,2.880805377182302,4.819194622817698,500,secondary_non_brier_zero_guard,0.0,0.0,0.0,2.880805377182302,4.819194622817698,True,False,True,positive,,,
absolute,absolute_equal_gate_stratum_profile,cKG-exact-formal,cKG,2.0,40,false_admissions,1.1635,0.06837862804668644,1.9647293909876649,1.0291544997612616,1.2978455002387383,500,secondary_non_brier_zero_guard,0.0,0.0,0.0,1.0291544997612616,1.2978455002387383,True,False,True,positive,,,
absolute,absolute_equal_gate_stratum_profile,cKG-exact-formal,cKG,2.0,40,feasible_dose_recall_pct,49.107102272727275,0.7835399238440384,1.9647293909876649,47.56765835533866,50.64654619011589,500,secondary_non_brier_zero_guard,0.0,0.0,0.0,47.56765835533866,50.64654619011589,True,False,True,positive,,,
absolute,absolute_equal_gate_stratum_profile,cKG-exact-formal,cKG,2.0,80,terminal_true_boundary_exceedance_pct,12.9,0.7735481584924199,1.9647293909876649,11.380187197665558,14.419812802334443,500,secondary_non_brier_zero_guard,0.0,0.0,0.0,11.380187197665558,14.419812802334443,True,False,True,positive,,,
absolute,absolute_equal_gate_stratum_profile,cKG-exact-formal,cKG,2.0,80,above_boundary_assignment_count,12.987,0.24461056939822248,1.9647293909876649,12.506406424957085,13.467593575042915,500,secondary_non_brier_zero_guard,0.0,0.0,0.0,12.506406424957085,13.467593575042915,True,False,True,positive,,,
absolute,absolute_equal_gate_stratum_profile,cKG-exact-formal,cKG,2.0,80,above_boundary_assignment_pct,16.23375,0.30576321174777815,1.9647293909876649,15.633008031196356,16.834491968803647,500,secondary_non_brier_zero_guard,0.0,0.0,0.0,15.633008031196356,16.834491968803647,True,False,True,positive,,,
absolute,absolute_equal_gate_stratum_profile,cKG-exact-formal,cKG,2.0,80,post_initialization_above_boundary_assignment_pct,15.057894736842105,0.3217187185190355,1.9647293909876649,14.425804514936868,15.689984958747342,500,secondary_non_brier_zero_guard,0.0,0.0,0.0,14.425804514936868,15.689984958747342,True,False,True,positive,,,
absolute,absolute_equal_gate_stratum_profile,cKG-exact-formal,cKG,2.0,80,terminal_target_exclusion_pct,77.8,1.0031613356438043,1.9647293909876649,75.82905943995817,79.77094056004182,500,secondary_non_brier_zero_guard,0.0,0.0,0.0,75.82905943995817,79.77094056004182,True,False,True,positive,,,
absolute,absolute_equal_gate_stratum_profile,cKG-exact-formal,cKG,2.0,80,target_ever_admitted_pct,89.95,1.0477072018276494,1.9647293909876649,87.89153886741977,92.00846113258024,500,secondary_non_brier_zero_guard,0.0,0.0,0.0,87.89153886741977,92.00846113258024,True,False,True,positive,,,
absolute,absolute_equal_gate_stratum_profile,cKG-exact-formal,cKG,2.0,80,target_finally_admitted_pct,22.2,1.0031613356438043,1.9647293909876649,20.229059439958174,24.170940560041824,500,secondary_non_brier_zero_guard,0.0,0.0,0.0,20.229059439958174,24.170940560041824,True,False,True,positive,,,
absolute,absolute_equal_gate_stratum_profile,cKG-exact-formal,cKG,2.0,80,target_never_admitted_pct,10.05,1.0477072018276496,1.9647293909876649,7.991538867419772,12.10846113258023,500,secondary_non_brier_zero_guard,0.0,0.0,0.0,7.991538867419772,12.10846113258023,True,False,True,positive,,,
absolute,absolute_equal_gate_stratum_profile,cKG-exact-formal,cKG,2.0,80,target_admitted_then_excluded_pct,67.75,1.216690458310036,1.9647293909876649,65.35953249682402,70.14046750317598,500,secondary_non_brier_zero_guard,0.0,0.0,0.0,65.35953249682402,70.14046750317598,True,False,True,positive,,,
absolute,absolute_equal_gate_stratum_profile,cKG-exact-formal,cKG,2.0,80,target_exclusion_occupancy_pct,71.54102564102564,0.864830473435238,1.9647293909876649,69.84186779164565,73.24018349040563,500,secondary_non_brier_zero_guard,0.0,0.0,0.0,69.84186779164565,73.24018349040563,True,False,True,positive,,,
absolute,absolute_equal_gate_stratum_profile,cKG-exact-formal,cKG,2.0,80,target_terminal_exclusion_run_fraction_pct,54.78589743589744,1.0379020401743522,1.9647293909876649,52.746700792600826,56.82509407919405,500,secondary_non_brier_zero_guard,0.0,0.0,0.0,52.746700792600826,56.82509407919405,True,False,True,positive,,,
absolute,absolute_equal_gate_stratum_profile,cKG-exact-formal,cKG,2.0,80,target_recovered_after_preterminal_exclusion_pct,20.45,0.9396066844392317,1.9647293909876649,18.603927131113768,22.29607286888623,500,secondary_non_brier_zero_guard,0.0,0.0,0.0,18.603927131113768,22.29607286888623,True,False,True,positive,,,
absolute,absolute_equal_gate_stratum_profile,cKG-exact-formal,cKG,2.0,80,target_admitted_but_not_selected_pct,10.15,0.7193677640539086,1.9647293909876649,8.736637011034206,11.563362988965794,500,secondary_non_brier_zero_guard,0.0,0.0,0.0,8.736637011034206,11.563362988965794,True,False,True,positive,,,
absolute,absolute_equal_gate_stratum_profile,cKG-exact-formal,cKG,2.0,80,panel_brier_score_pct,14.138253712206682,0.14803705929191213,1.9647293909876649,13.847400950860479,14.429106473552885,500,secondary_absolute_panel_brier_snapshot,2.9802322387695312e-06,1.334135177838341e-07,3.2423536983144856e-06,13.847397708506781,14.429109715906582,True,False,True,positive,,,
absolute,absolute_equal_gate_stratum_profile,cKG-exact-formal,cKG,2.0,80,latent_95_interval_coverage_pct,90.974,0.3831975060687564,1.9647293909876649,90.22112059727354,91.72687940272647,500,secondary_non_brier_zero_guard,0.0,0.0,0.0,90.22112059727354,91.72687940272647,True,False,True,positive,,,
absolute,absolute_equal_gate_stratum_profile,cKG-exact-formal,cKG,2.0,80,target_latent_95_interval_coverage_pct,99.1,0.26175758645765407,1.9647293909876649,98.58571717657264,99.61428282342735,500,secondary_non_brier_zero_guard,0.0,0.0,0.0,98.58571717657264,99.61428282342735,True,False,True,positive,,,
absolute,absolute_equal_gate_stratum_profile,cKG-exact-formal,cKG,2.0,80,mean_latent_95_interval_width,2.95831898797976,0.03032627420451761,1.9647293909876649,2.898736065730993,3.017901910228527,500,secondary_non_brier_zero_guard,0.0,0.0,0.0,2.898736065730993,3.017901910228527,True,False,True,positive,,,
absolute,absolute_equal_gate_stratum_profile,cKG-exact-formal,cKG,2.0,80,panel_correct_selection_pct,12.2,0.7164821654352419,1.9647293909876649,10.792306431450893,13.607693568549106,500,secondary_non_brier_zero_guard,0.0,0.0,0.0,10.792306431450893,13.607693568549106,True,False,True,positive,,,
absolute,absolute_equal_gate_stratum_profile,cKG-exact-formal,cKG,2.0,80,recommendation_grid_distance,1.5199503860153023,0.02664842247378365,1.9647293909876649,1.4675934471576033,1.5723073248730013,500,secondary_non_brier_zero_guard,0.0,0.0,0.0,1.4675934471576033,1.5723073248730013,True,False,True,positive,,,
absolute,absolute_equal_gate_stratum_profile,cKG-exact-formal,cKG,2.0,80,true_recommended_efficacy,6.9190249609375,0.10027608174755492,1.9647293909876649,6.722009595914996,7.116040325960003,500,secondary_non_brier_zero_guard,0.0,0.0,0.0,6.722009595914996,7.116040325960003,True,False,True,positive,,,
absolute,absolute_equal_gate_stratum_profile,cKG-exact-formal,cKG,2.0,80,final_gate_size,7.971,0.10846819209978004,1.9647293909876649,7.7578893549942665,8.184110645005735,500,secondary_non_brier_zero_guard,0.0,0.0,0.0,7.7578893549942665,8.184110645005735,True,False,True,positive,,,
absolute,absolute_equal_gate_stratum_profile,cKG-exact-formal,cKG,2.0,80,final_empty_gate_pct,0.8,0.232007877690869,1.9647293909876649,0.34416730376007837,1.2558326962399218,500,secondary_non_brier_zero_guard,0.0,0.0,0.0,0.34416730376007837,1.2558326962399218,True,False,True,positive,,,
absolute,absolute_equal_gate_stratum_profile,cKG-exact-formal,cKG,2.0,80,false_admissions,0.4565,0.02637910564118613,1.9647293909876649,0.4046721958387931,0.5083278041612069,500,secondary_non_brier_zero_guard,0.0,0.0,0.0,0.4046721958387931,0.5083278041612069,True,False,True,positive,,,
absolute,absolute_equal_gate_stratum_profile,cKG-exact-formal,cKG,2.0,80,feasible_dose_recall_pct,54.91590909090909,0.702206553088218,1.9647293909876649,53.53626323751253,56.29555494430565,500,secondary_non_brier_zero_guard,0.0,0.0,0.0,53.53626323751253,56.29555494430565,True,False,True,positive,,,
absolute,absolute_equal_gate_stratum_profile,tmse,tMSE-only,0.5,20,terminal_true_boundary_exceedance_pct,14.65,0.9137422227846314,1.9647293909876649,12.854743799108636,16.445256200891365,500,secondary_non_brier_zero_guard,0.0,0.0,0.0,12.854743799108636,16.445256200891365,True,False,True,positive,,,
absolute,absolute_equal_gate_stratum_profile,tmse,tMSE-only,0.5,20,above_boundary_assignment_count,5.814,0.11489652049057744,1.9647293909876649,5.588259429269946,6.039740570730054,500,secondary_non_brier_zero_guard,0.0,0.0,0.0,5.588259429269946,6.039740570730054,True,False,True,positive,,,
absolute,absolute_equal_gate_stratum_profile,tmse,tMSE-only,0.5,20,above_boundary_assignment_pct,29.07,0.5744826024528872,1.9647293909876649,27.94129714634973,30.19870285365027,500,secondary_non_brier_zero_guard,0.0,0.0,0.0,27.94129714634973,30.19870285365027,True,False,True,positive,,,
absolute,absolute_equal_gate_stratum_profile,tmse,tMSE-only,0.5,20,post_initialization_above_boundary_assignment_pct,26.69375,0.6953774759388501,1.9647293909876649,25.327521435192125,28.059978564807878,500,secondary_non_brier_zero_guard,0.0,0.0,0.0,25.327521435192125,28.059978564807878,True,False,True,positive,,,
absolute,absolute_equal_gate_stratum_profile,tmse,tMSE-only,0.5,20,terminal_target_exclusion_pct,78.7,1.138073117528783,1.9647293909876649,76.46399429689825,80.93600570310176,500,secondary_non_brier_zero_guard,0.0,0.0,0.0,76.46399429689825,80.93600570310176,True,False,True,positive,,,
absolute,absolute_equal_gate_stratum_profile,tmse,tMSE-only,0.5,20,target_ever_admitted_pct,53.55,1.665184879033774,1.9647293909876649,50.278362326734104,56.82163767326589,500,secondary_non_brier_zero_guard,0.0,0.0,0.0,50.278362326734104,56.82163767326589,True,False,True,positive,,,
absolute,absolute_equal_gate_stratum_profile,tmse,tMSE-only,0.5,20,target_finally_admitted_pct,21.3,1.138073117528783,1.9647293909876649,19.06399429689824,23.53600570310176,500,secondary_non_brier_zero_guard,0.0,0.0,0.0,19.06399429689824,23.53600570310176,True,False,True,positive,,,
absolute,absolute_equal_gate_stratum_profile,tmse,tMSE-only,0.5,20,target_never_admitted_pct,46.45,1.665184879033774,1.9647293909876649,43.17836232673411,49.721637673265896,500,secondary_non_brier_zero_guard,0.0,0.0,0.0,43.17836232673411,49.721637673265896,True,False,True,positive,,,
absolute,absolute_equal_gate_stratum_profile,tmse,tMSE-only,0.5,20,target_admitted_then_excluded_pct,32.25,1.4129287793342387,1.9647293909876649,29.473977299869695,35.026022700130305,500,secondary_non_brier_zero_guard,0.0,0.0,0.0,29.473977299869695,35.026022700130305,True,False,True,positive,,,
absolute,absolute_equal_gate_stratum_profile,tmse,tMSE-only,0.5,20,target_exclusion_occupancy_pct,75.38888888888889,1.0594217188572275,1.9647293909876649,73.30741190039942,77.47036587737836,500,secondary_non_brier_zero_guard,0.0,0.0,0.0,73.30741190039942,77.47036587737836,True,False,True,positive,,,
absolute,absolute_equal_gate_stratum_profile,tmse,tMSE-only,0.5,20,target_terminal_exclusion_run_fraction_pct,66.04444444444444,1.251201357429795,1.9647293909876649,63.58617236345846,68.50271652543042,500,secondary_non_brier_zero_guard,0.0,0.0,0.0,63.58617236345846,68.50271652543042,True,False,True,positive,,,
absolute,absolute_equal_gate_stratum_profile,tmse,tMSE-only,0.5,20,target_recovered_after_preterminal_exclusion_pct,13.95,0.897164873152777,1.9647293909876649,12.187313805155018,15.71268619484498,500,secondary_non_brier_zero_guard,0.0,0.0,0.0,12.187313805155018,15.71268619484498,True,False,True,positive,,,
absolute,absolute_equal_gate_stratum_profile,tmse,tMSE-only,0.5,20,target_admitted_but_not_selected_pct,11.95,0.8235602607010684,1.9647293909876649,10.331926950551146,13.568073049448852,500,secondary_non_brier_zero_guard,0.0,0.0,0.0,10.331926950551146,13.568073049448852,True,False,True,positive,,,
absolute,absolute_equal_gate_stratum_profile,tmse,tMSE-only,0.5,20,panel_brier_score_pct,19.94297458381304,0.25658245663892404,1.9647293909876649,19.438859490042727,20.447089677583353,500,secondary_absolute_panel_brier_snapshot,2.9802322387695312e-06,1.334135177838341e-07,3.2423536983144856e-06,19.438856247689028,20.447092919937052,True,False,True,positive,,,
absolute,absolute_equal_gate_stratum_profile,tmse,tMSE-only,0.5,20,latent_95_interval_coverage_pct,82.232,0.4046180712315433,1.9647293909876649,81.43703498332664,83.02696501667336,500,secondary_non_brier_zero_guard,0.0,0.0,0.0,81.43703498332664,83.02696501667336,True,False,True,positive,,,
absolute,absolute_equal_gate_stratum_profile,tmse,tMSE-only,0.5,20,target_latent_95_interval_coverage_pct,85.55,0.9756016590773042,1.9647293909876649,83.63320674651449,87.4667932534855,500,secondary_non_brier_zero_guard,0.0,0.0,0.0,83.63320674651449,87.4667932534855,True,False,True,positive,,,
absolute,absolute_equal_gate_stratum_profile,tmse,tMSE-only,0.5,20,mean_latent_95_interval_width,3.4466792944564864,0.04364626807836427,1.9647293909876649,3.3609261887559976,3.532432400156975,500,secondary_non_brier_zero_guard,0.0,0.0,0.0,3.3609261887559976,3.532432400156975,True,False,True,positive,,,
absolute,absolute_equal_gate_stratum_profile,tmse,tMSE-only,0.5,20,panel_correct_selection_pct,9.7,0.7700688358997838,1.9647293909876649,8.187023125024037,11.212976874975961,500,secondary_non_brier_zero_guard,0.0,0.0,0.0,8.187023125024037,11.212976874975961,True,False,True,positive,,,
absolute,absolute_equal_gate_stratum_profile,tmse,tMSE-only,0.5,20,recommendation_grid_distance,1.6914873468905498,0.028537003353546208,1.9647293909876649,1.635419857671124,1.7475548361099755,500,secondary_non_brier_zero_guard,0.0,0.0,0.0,1.635419857671124,1.7475548361099755,True,False,True,positive,,,
absolute,absolute_equal_gate_stratum_profile,tmse,tMSE-only,0.5,20,true_recommended_efficacy,6.59989388671875,0.11539990490002823,1.9647293909876649,6.373164301844483,6.826623471593017,500,secondary_non_brier_zero_guard,0.0,0.0,0.0,6.373164301844483,6.826623471593017,True,False,True,positive,,,
absolute,absolute_equal_gate_stratum_profile,tmse,tMSE-only,0.5,20,final_gate_size,5.386,0.12975044646055528,1.9647293909876649,5.131075484345176,5.640924515654825,500,secondary_non_brier_zero_guard,0.0,0.0,0.0,5.131075484345176,5.640924515654825,True,False,True,positive,,,
absolute,absolute_equal_gate_stratum_profile,tmse,tMSE-only,0.5,20,final_empty_gate_pct,3.5,0.5532740952266768,1.9647293909876649,2.41296612383604,4.58703387616396,500,secondary_non_brier_zero_guard,0.0,0.0,0.0,2.41296612383604,4.58703387616396,True,False,True,positive,,,
absolute,absolute_equal_gate_stratum_profile,tmse,tMSE-only,0.5,20,false_admissions,0.4195,0.02677168179049989,1.9647293909876649,0.36690088994003556,0.4720991100599644,500,secondary_non_brier_zero_guard,0.0,0.0,0.0,0.36690088994003556,0.4720991100599644,True,False,True,positive,,,
absolute,absolute_equal_gate_stratum_profile,tmse,tMSE-only,0.5,20,feasible_dose_recall_pct,35.97244318181818,0.8470635969115917,1.9647293909876649,34.30819243693025,37.63669392670611,500,secondary_non_brier_zero_guard,0.0,0.0,0.0,34.30819243693025,37.63669392670611,True,False,True,positive,,,
absolute,absolute_equal_gate_stratum_profile,tmse,tMSE-only,0.5,40,terminal_true_boundary_exceedance_pct,7.3,0.5950867638529914,1.9647293909876649,6.130815544870291,8.469184455129708,500,secondary_non_brier_zero_guard,0.0,0.0,0.0,6.130815544870291,8.469184455129708,True,False,True,positive,,,
absolute,absolute_equal_gate_stratum_profile,tmse,tMSE-only,0.5,40,above_boundary_assignment_count,7.606,0.1726764671999323,1.9647293909876649,7.2667374697603755,7.945262530239624,500,secondary_non_brier_zero_guard,0.0,0.0,0.0,7.2667374697603755,7.945262530239624,True,False,True,positive,,,
absolute,absolute_equal_gate_stratum_profile,tmse,tMSE-only,0.5,40,above_boundary_assignment_pct,19.015,0.4316911679998307,1.9647293909876649,18.16684367440094,19.86315632559906,500,secondary_non_brier_zero_guard,0.0,0.0,0.0,18.16684367440094,19.86315632559906,True,False,True,positive,,,
absolute,absolute_equal_gate_stratum_profile,tmse,tMSE-only,0.5,40,post_initialization_above_boundary_assignment_pct,16.841666666666665,0.47427140945462004,1.9647293909876649,15.909851689206029,17.7734816441273,500,secondary_non_brier_zero_guard,0.0,0.0,0.0,15.909851689206029,17.7734816441273,True,False,True,positive,,,
absolute,absolute_equal_gate_stratum_profile,tmse,tMSE-only,0.5,40,terminal_target_exclusion_pct,82.15,1.0234010452402311,1.9647293909876649,80.13929388764903,84.16070611235098,500,secondary_non_brier_zero_guard,0.0,0.0,0.0,80.13929388764903,84.16070611235098,True,False,True,positive,,,
absolute,absolute_equal_gate_stratum_profile,tmse,tMSE-only,0.5,40,target_ever_admitted_pct,56.1,1.6250728363513107,1.9647293909876649,52.9071716359249,59.292828364075106,500,secondary_non_brier_zero_guard,0.0,0.0,0.0,52.9071716359249,59.292828364075106,True,False,True,positive,,,
absolute,absolute_equal_gate_stratum_profile,tmse,tMSE-only,0.5,40,target_finally_admitted_pct,17.85,1.0234010452402311,1.9647293909876649,15.839293887649022,19.860706112350982,500,secondary_non_brier_zero_guard,0.0,0.0,0.0,15.839293887649022,19.860706112350982,True,False,True,positive,,,
absolute,absolute_equal_gate_stratum_profile,tmse,tMSE-only,0.5,40,target_never_admitted_pct,43.9,1.6250728363513107,1.9647293909876649,40.707171635924894,47.0928283640751,500,secondary_non_brier_zero_guard,0.0,0.0,0.0,40.707171635924894,47.0928283640751,True,False,True,positive,,,
absolute,absolute_equal_gate_stratum_profile,tmse,tMSE-only,0.5,40,target_admitted_then_excluded_pct,38.25,1.4143464043518497,1.9647293909876649,35.4711920503322,41.0288079496678,500,secondary_non_brier_zero_guard,0.0,0.0,0.0,35.4711920503322,41.0288079496678,True,False,True,positive,,,
absolute,absolute_equal_gate_stratum_profile,tmse,tMSE-only,0.5,40,target_exclusion_occupancy_pct,78.50263157894736,0.962450836221755,1.9647293909876649,76.61167613364182,80.3935870242529,500,secondary_non_brier_zero_guard,0.0,0.0,0.0,76.61167613364182,80.3935870242529,True,False,True,positive,,,
absolute,absolute_equal_gate_stratum_profile,tmse,tMSE-only,0.5,40,target_terminal_exclusion_run_fraction_pct,69.31842105263158,1.1578936521363012,1.9647293909876649,67.04347336264134,71.59336874262182,500,secondary_non_brier_zero_guard,0.0,0.0,0.0,67.04347336264134,71.59336874262182,True,False,True,positive,,,
absolute,absolute_equal_gate_stratum_profile,tmse,tMSE-only,0.5,40,target_recovered_after_preterminal_exclusion_pct,12.95,0.8476627065810177,1.9647293909876649,11.28457216673612,14.615427833263878,500,secondary_non_brier_zero_guard,0.0,0.0,0.0,11.28457216673612,14.615427833263878,True,False,True,positive,,,
absolute,absolute_equal_gate_stratum_profile,tmse,tMSE-only,0.5,40,target_admitted_but_not_selected_pct,6.65,0.6162910264303034,1.9647293909876649,5.439154906970428,7.860845093029573,500,secondary_non_brier_zero_guard,0.0,0.0,0.0,5.439154906970428,7.860845093029573,True,False,True,positive,,,
absolute,absolute_equal_gate_stratum_profile,tmse,tMSE-only,0.5,40,panel_brier_score_pct,19.101687162904906,0.23499321285105323,1.9647293909876649,18.63998909093382,19.56338523487599,500,secondary_absolute_panel_brier_snapshot,2.9802322387695312e-06,1.334135177838341e-07,3.2423536983144856e-06,18.63998584858012,19.56338847722969,True,False,True,positive,,,
absolute,absolute_equal_gate_stratum_profile,tmse,tMSE-only,0.5,40,latent_95_interval_coverage_pct,81.166,0.3498137036402505,1.9647293909876649,80.47871073508774,81.85328926491225,500,secondary_non_brier_zero_guard,0.0,0.0,0.0,80.47871073508774,81.85328926491225,True,False,True,positive,,,
absolute,absolute_equal_gate_stratum_profile,tmse,tMSE-only,0.5,40,target_latent_95_interval_coverage_pct,79.55,1.0262560123115534,1.9647293909876649,77.53368464993369,81.5663153500663,500,secondary_non_brier_zero_guard,0.0,0.0,0.0,77.53368464993369,81.5663153500663,True,False,True,positive,,,
absolute,absolute_equal_gate_stratum_profile,tmse,tMSE-only,0.5,40,mean_latent_95_interval_width,3.268859634357522,0.04205986766469064,1.9647293909876649,3.1862233761756524,3.3514958925393916,500,secondary_non_brier_zero_guard,0.0,0.0,0.0,3.1862233761756524,3.3514958925393916,True,False,True,positive,,,
absolute,absolute_equal_gate_stratum_profile,tmse,tMSE-only,0.5,40,panel_correct_selection_pct,11.5,0.8584718678534501,1.9647293909876649,9.813335089892249,13.186664910107751,500,secondary_non_brier_zero_guard,0.0,0.0,0.0,9.813335089892249,13.186664910107751,True,False,True,positive,,,
absolute,absolute_equal_gate_stratum_profile,tmse,tMSE-only,0.5,40,recommendation_grid_distance,1.612293743278979,0.027450977288838323,1.9647293909876649,1.5583600013882635,1.6662274851696945,500,secondary_non_brier_zero_guard,0.0,0.0,0.0,1.5583600013882635,1.6662274851696945,True,False,True,positive,,,
absolute,absolute_equal_gate_stratum_profile,tmse,tMSE-only,0.5,40,true_recommended_efficacy,6.4471363281250005,0.09852911193980322,1.9647293909876649,6.253553286028955,6.640719370221046,500,secondary_non_brier_zero_guard,0.0,0.0,0.0,6.253553286028955,6.640719370221046,True,False,True,positive,,,
absolute,absolute_equal_gate_stratum_profile,tmse,tMSE-only,0.5,40,final_gate_size,5.3395,0.11820395022035174,1.9647293909876649,5.107261224871232,5.571738775128768,500,secondary_non_brier_zero_guard,0.0,0.0,0.0,5.107261224871232,5.571738775128768,True,False,True,positive,,,
absolute,absolute_equal_gate_stratum_profile,tmse,tMSE-only,0.5,40,final_empty_gate_pct,0.6,0.19839031587975695,1.9647293909876649,0.21021671550371468,0.9897832844962853,500,secondary_non_brier_zero_guard,0.0,0.0,0.0,0.21021671550371468,0.9897832844962853,True,False,True,positive,,,
absolute,absolute_equal_gate_stratum_profile,tmse,tMSE-only,0.5,40,false_admissions,0.1715,0.013464326056372248,1.9647293909876649,0.1450462428672044,0.19795375713279562,500,secondary_non_brier_zero_guard,0.0,0.0,0.0,0.1450462428672044,0.19795375713279562,True,False,True,positive,,,
absolute,absolute_equal_gate_stratum_profile,tmse,tMSE-only,0.5,40,feasible_dose_recall_pct,37.45340909090909,0.8168457403920367,1.9647293909876649,35.848528256857776,39.058289924960405,500,secondary_non_brier_zero_guard,0.0,0.0,0.0,35.848528256857776,39.058289924960405,True,False,True,positive,,,
absolute,absolute_equal_gate_stratum_profile,tmse,tMSE-only,0.5,80,terminal_true_boundary_exceedance_pct,3.0,0.4151441790255013,1.9647293909876649,2.1843540299711526,3.8156459700288474,500,secondary_non_brier_zero_guard,0.0,0.0,0.0,2.1843540299711526,3.8156459700288474,True,False,True,positive,,,
absolute,absolute_equal_gate_stratum_profile,tmse,tMSE-only,0.5,80,above_boundary_assignment_count,9.256,0.24743357643921124,1.9647293909876649,8.769859980052688,9.742140019947312,500,secondary_non_brier_zero_guard,0.0,0.0,0.0,8.769859980052688,9.742140019947312,True,False,True,positive,,,
absolute,absolute_equal_gate_stratum_profile,tmse,tMSE-only,0.5,80,above_boundary_assignment_pct,11.57,0.30929197054901403,1.9647293909876649,10.962324975065862,12.177675024934139,500,secondary_non_brier_zero_guard,0.0,0.0,0.0,10.962324975065862,12.177675024934139,True,False,True,positive,,,
absolute,absolute_equal_gate_stratum_profile,tmse,tMSE-only,0.5,80,post_initialization_above_boundary_assignment_pct,10.148684210526318,0.3233283989379081,1.9647293909876649,9.513431402192024,10.78393701886061,500,secondary_non_brier_zero_guard,0.0,0.0,0.0,9.513431402192024,10.78393701886061,True,False,True,positive,,,
absolute,absolute_equal_gate_stratum_profile,tmse,tMSE-only,0.5,80,terminal_target_exclusion_pct,82.7,1.0288523092010322,1.9647293909876649,80.6785836291272,84.7214163708728,500,secondary_non_brier_zero_guard,0.0,0.0,0.0,80.6785836291272,84.7214163708728,True,False,True,positive,,,
absolute,absolute_equal_gate_stratum_profile,tmse,tMSE-only,0.5,80,target_ever_admitted_pct,58.4,1.5949821114582268,1.9647293909876649,55.26629176751846,61.53370823248154,500,secondary_non_brier_zero_guard,0.0,0.0,0.0,55.26629176751846,61.53370823248154,True,False,True,positive,,,
absolute,absolute_equal_gate_stratum_profile,tmse,tMSE-only,0.5,80,target_finally_admitted_pct,17.3,1.0288523092010324,1.9647293909876649,15.278583629127203,19.321416370872797,500,secondary_non_brier_zero_guard,0.0,0.0,0.0,15.278583629127203,19.321416370872797,True,False,True,positive,,,
absolute,absolute_equal_gate_stratum_profile,tmse,tMSE-only,0.5,80,target_never_admitted_pct,41.6,1.5949821114582268,1.9647293909876649,38.46629176751846,44.73370823248154,500,secondary_non_brier_zero_guard,0.0,0.0,0.0,38.46629176751846,44.73370823248154,True,False,True,positive,,,
absolute,absolute_equal_gate_stratum_profile,tmse,tMSE-only,0.5,80,target_admitted_then_excluded_pct,41.1,1.4682955368614092,1.9647293909876649,38.215196604072375,43.98480339592763,500,secondary_non_brier_zero_guard,0.0,0.0,0.0,38.215196604072375,43.98480339592763,True,False,True,positive,,,
absolute,absolute_equal_gate_stratum_profile,tmse,tMSE-only,0.5,80,target_exclusion_occupancy_pct,80.39358974358974,0.9314886357410319,1.9647293909876649,78.56346664357834,82.22371284360115,500,secondary_non_brier_zero_guard,0.0,0.0,0.0,78.56346664357834,82.22371284360115,True,False,True,positive,,,
absolute,absolute_equal_gate_stratum_profile,tmse,tMSE-only,0.5,80,target_terminal_exclusion_run_fraction_pct,72.32435897435899,1.0951804919957733,1.9647293909876649,70.17262567329855,74.47609227541942,500,secondary_non_brier_zero_guard,0.0,0.0,0.0,70.17262567329855,74.47609227541942,True,False,True,positive,,,
absolute,absolute_equal_gate_stratum_profile,tmse,tMSE-only,0.5,80,target_recovered_after_preterminal_exclusion_pct,13.5,0.8758048116654034,1.9647293909876649,11.779280545752565,15.220719454247435,500,secondary_non_brier_zero_guard,0.0,0.0,0.0,11.779280545752565,15.220719454247435,True,False,True,positive,,,
absolute,absolute_equal_gate_stratum_profile,tmse,tMSE-only,0.5,80,target_admitted_but_not_selected_pct,3.3,0.4456649352023758,1.9647293909876649,2.424389003275279,4.175610996724721,500,secondary_non_brier_zero_guard,0.0,0.0,0.0,2.424389003275279,4.175610996724721,True,False,True,positive,,,
absolute,absolute_equal_gate_stratum_profile,tmse,tMSE-only,0.5,80,panel_brier_score_pct,18.7708951934858,0.23719582188002744,1.9647293909876649,18.304869590818633,19.236920796152965,500,secondary_absolute_panel_brier_snapshot,2.9802322387695312e-06,1.334135177838341e-07,3.2423536983144856e-06,18.304866348464934,19.236924038506665,True,False,True,positive,,,
absolute,absolute_equal_gate_stratum_profile,tmse,tMSE-only,0.5,80,latent_95_interval_coverage_pct,79.466,0.3593381915017432,1.9647293909876649,78.75999769385217,80.17200230614782,500,secondary_non_brier_zero_guard,0.0,0.0,0.0,78.75999769385217,80.17200230614782,True,False,True,positive,,,
absolute,absolute_equal_gate_stratum_profile,tmse,tMSE-only,0.5,80,target_latent_95_interval_coverage_pct,77.05,1.1074963188166291,1.9647293909876649,74.87406943201032,79.22593056798968,500,secondary_non_brier_zero_guard,0.0,0.0,0.0,74.87406943201032,79.22593056798968,True,False,True,positive,,,
absolute,absolute_equal_gate_stratum_profile,tmse,tMSE-only,0.5,80,mean_latent_95_interval_width,3.0815190288032634,0.0434290957057704,1.9647293909876649,2.9961926080461203,3.1668454495604066,500,secondary_non_brier_zero_guard,0.0,0.0,0.0,2.9961926080461203,3.1668454495604066,True,False,True,positive,,,
absolute,absolute_equal_gate_stratum_profile,tmse,tMSE-only,0.5,80,panel_correct_selection_pct,14.1,0.916001155147997,1.9647293909876649,12.300305608302079,15.89969439169792,500,secondary_non_brier_zero_guard,0.0,0.0,0.0,12.300305608302079,15.89969439169792,True,False,True,positive,,,
absolute,absolute_equal_gate_stratum_profile,tmse,tMSE-only,0.5,80,recommendation_grid_distance,1.526776624224101,0.027736544562241547,1.9647293909876649,1.472281819918226,1.581271428529976,500,secondary_non_brier_zero_guard,0.0,0.0,0.0,1.472281819918226,1.581271428529976,True,False,True,positive,,,
absolute,absolute_equal_gate_stratum_profile,tmse,tMSE-only,0.5,80,true_recommended_efficacy,6.462303652343749,0.09202939280081467,1.9647293909876649,6.28149079947324,6.643116505214258,500,secondary_non_brier_zero_guard,0.0,0.0,0.0,6.28149079947324,6.643116505214258,True,False,True,positive,,,
absolute,absolute_equal_gate_stratum_profile,tmse,tMSE-only,0.5,80,final_gate_size,5.38,0.11345017357310448,1.9647293909876649,5.157101109568269,5.602898890431731,500,secondary_non_brier_zero_guard,0.0,0.0,0.0,5.157101109568269,5.602898890431731,True,False,True,positive,,,
absolute,absolute_equal_gate_stratum_profile,tmse,tMSE-only,0.5,80,final_empty_gate_pct,0.3,0.14092451681264606,1.9647293909876649,0.023121459907458952,0.576878540092541,500,secondary_non_brier_zero_guard,0.0,0.0,0.0,0.023121459907458952,0.576878540092541,True,False,True,positive,,,
absolute,absolute_equal_gate_stratum_profile,tmse,tMSE-only,0.5,80,false_admissions,0.067,0.007357326995658279,1.9647293909876649,0.052544843412523204,0.0814551565874768,500,secondary_non_brier_zero_guard,0.0,0.0,0.0,0.052544843412523204,0.0814551565874768,True,False,True,positive,,,
absolute,absolute_equal_gate_stratum_profile,tmse,tMSE-only,0.5,80,feasible_dose_recall_pct,38.477556818181824,0.8127771101864516,1.9647293909876649,36.88066974147648,40.07444389488717,500,secondary_non_brier_zero_guard,0.0,0.0,0.0,36.88066974147648,40.07444389488717,True,False,True,positive,,,
absolute,absolute_equal_gate_stratum_profile,tmse,tMSE-only,1.0,20,terminal_true_boundary_exceedance_pct,15.75,0.9529907569150559,1.9647293909876649,13.87763105054941,17.622368949450593,500,secondary_non_brier_zero_guard,0.0,0.0,0.0,13.87763105054941,17.622368949450593,True,False,True,positive,,,
absolute,absolute_equal_gate_stratum_profile,tmse,tMSE-only,1.0,20,above_boundary_assignment_count,6.853,0.117402507202337,1.9647293909876649,6.622335843523928,7.083664156476072,500,secondary_non_brier_zero_guard,0.0,0.0,0.0,6.622335843523928,7.083664156476072,True,False,True,positive,,,
absolute,absolute_equal_gate_stratum_profile,tmse,tMSE-only,1.0,20,above_boundary_assignment_pct,34.265,0.587012536011685,1.9647293909876649,33.11167921761964,35.41832078238036,500,secondary_non_brier_zero_guard,0.0,0.0,0.0,33.11167921761964,35.41832078238036,True,False,True,positive,,,
absolute,absolute_equal_gate_stratum_profile,tmse,tMSE-only,1.0,20,post_initialization_above_boundary_assignment_pct,33.1875,0.7287884313402008,1.9647293909876649,31.755627949134112,34.61937205086589,500,secondary_non_brier_zero_guard,0.0,0.0,0.0,31.755627949134112,34.61937205086589,True,False,True,positive,,,
absolute,absolute_equal_gate_stratum_profile,tmse,tMSE-only,1.0,20,terminal_target_exclusion_pct,82.0,1.0484266291894664,1.9647293909876649,79.94012538733733,84.05987461266267,500,secondary_non_brier_zero_guard,0.0,0.0,0.0,79.94012538733733,84.05987461266267,True,False,True,positive,,,
absolute,absolute_equal_gate_stratum_profile,tmse,tMSE-only,1.0,20,target_ever_admitted_pct,62.55,1.6394727022683133,1.9647293909876649,59.328879796131474,65.77112020386852,500,secondary_non_brier_zero_guard,0.0,0.0,0.0,59.328879796131474,65.77112020386852,True,False,True,positive,,,
absolute,absolute_equal_gate_stratum_profile,tmse,tMSE-only,1.0,20,target_finally_admitted_pct,18.0,1.0484266291894664,1.9647293909876649,15.940125387337329,20.05987461266267,500,secondary_non_brier_zero_guard,0.0,0.0,0.0,15.940125387337329,20.05987461266267,True,False,True,positive,,,
absolute,absolute_equal_gate_stratum_profile,tmse,tMSE-only,1.0,20,target_never_admitted_pct,37.45,1.6394727022683133,1.9647293909876649,34.22887979613148,40.671120203868526,500,secondary_non_brier_zero_guard,0.0,0.0,0.0,34.22887979613148,40.671120203868526,True,False,True,positive,,,
absolute,absolute_equal_gate_stratum_profile,tmse,tMSE-only,1.0,20,target_admitted_then_excluded_pct,44.55,1.4739199027625345,1.9647293909876649,41.65414624708077,47.44585375291923,500,secondary_non_brier_zero_guard,0.0,0.0,0.0,41.65414624708077,47.44585375291923,True,False,True,positive,,,
absolute,absolute_equal_gate_stratum_profile,tmse,tMSE-only,1.0,20,target_exclusion_occupancy_pct,75.11666666666666,0.9898811068783561,1.9647293909876649,73.17181816239935,77.06151517093397,500,secondary_non_brier_zero_guard,0.0,0.0,0.0,73.17181816239935,77.06151517093397,True,False,True,positive,,,
absolute,absolute_equal_gate_stratum_profile,tmse,tMSE-only,1.0,20,target_terminal_exclusion_run_fraction_pct,63.76111111111111,1.2007890506846086,1.9647293909876649,61.40188557085489,66.12033665136734,500,secondary_non_brier_zero_guard,0.0,0.0,0.0,61.40188557085489,66.12033665136734,True,False,True,positive,,,
absolute,absolute_equal_gate_stratum_profile,tmse,tMSE-only,1.0,20,target_recovered_after_preterminal_exclusion_pct,12.95,0.8476627065810177,1.9647293909876649,11.28457216673612,14.615427833263878,500,secondary_non_brier_zero_guard,0.0,0.0,0.0,11.28457216673612,14.615427833263878,True,False,True,positive,,,
absolute,absolute_equal_gate_stratum_profile,tmse,tMSE-only,1.0,20,target_admitted_but_not_selected_pct,12.4,0.8994988584721971,1.9647293909876649,10.632728155599821,14.16727184440018,500,secondary_non_brier_zero_guard,0.0,0.0,0.0,10.632728155599821,14.16727184440018,True,False,True,positive,,,
absolute,absolute_equal_gate_stratum_profile,tmse,tMSE-only,1.0,20,panel_brier_score_pct,17.834550974382097,0.25310956096458725,1.9647293909876649,17.33725918081499,18.331842767949205,500,secondary_absolute_panel_brier_snapshot,2.9802322387695312e-06,1.334135177838341e-07,3.2423536983144856e-06,17.33725593846129,18.331846010302904,True,False,True,positive,,,
absolute,absolute_equal_gate_stratum_profile,tmse,tMSE-only,1.0,20,latent_95_interval_coverage_pct,85.886,0.5468675673986756,1.9647293909876649,84.81155321735389,86.9604467826461,500,secondary_non_brier_zero_guard,0.0,0.0,0.0,84.81155321735389,86.9604467826461,True,False,True,positive,,,
absolute,absolute_equal_gate_stratum_profile,tmse,tMSE-only,1.0,20,target_latent_95_interval_coverage_pct,94.9,0.5904890809400448,1.9647293909876649,93.7398487476198,96.06015125238021,500,secondary_non_brier_zero_guard,0.0,0.0,0.0,93.7398487476198,96.06015125238021,True,False,True,positive,,,
absolute,absolute_equal_gate_stratum_profile,tmse,tMSE-only,1.0,20,mean_latent_95_interval_width,3.1202747525183203,0.03668438492002239,1.9647293909876649,3.0481998632756477,3.192349641760993,500,secondary_non_brier_zero_guard,0.0,0.0,0.0,3.0481998632756477,3.192349641760993,True,False,True,positive,,,
absolute,absolute_equal_gate_stratum_profile,tmse,tMSE-only,1.0,20,panel_correct_selection_pct,6.2,0.5906078523610577,1.9647293909876649,5.039615393918126,7.360384606081874,500,secondary_non_brier_zero_guard,0.0,0.0,0.0,5.039615393918126,7.360384606081874,True,False,True,positive,,,
absolute,absolute_equal_gate_stratum_profile,tmse,tMSE-only,1.0,20,recommendation_grid_distance,1.7672653147833601,0.027976771237125088,1.9647293909876649,1.7122985300688423,1.822232099497878,500,secondary_non_brier_zero_guard,0.0,0.0,0.0,1.7122985300688423,1.822232099497878,True,False,True,positive,,,
absolute,absolute_equal_gate_stratum_profile,tmse,tMSE-only,1.0,20,true_recommended_efficacy,6.3435487109375,0.11442238740595542,1.9647293909876649,6.118739683414042,6.568357738460958,500,secondary_non_brier_zero_guard,0.0,0.0,0.0,6.118739683414042,6.568357738460958,True,False,True,positive,,,
absolute,absolute_equal_gate_stratum_profile,tmse,tMSE-only,1.0,20,final_gate_size,5.8165,0.13918746999499348,1.9647293909876649,5.543034286843622,6.089965713156377,500,secondary_non_brier_zero_guard,0.0,0.0,0.0,5.543034286843622,6.089965713156377,True,False,True,positive,,,
absolute,absolute_equal_gate_stratum_profile,tmse,tMSE-only,1.0,20,final_empty_gate_pct,8.15,0.8037082143337688,1.9647293909876649,6.570930849520231,9.72906915047977,500,secondary_non_brier_zero_guard,0.0,0.0,0.0,6.570930849520231,9.72906915047977,True,False,True,positive,,,
absolute,absolute_equal_gate_stratum_profile,tmse,tMSE-only,1.0,20,false_admissions,0.518,0.038468319735159906,1.9647293909876649,0.44242016159442055,0.5935798384055795,500,secondary_non_brier_zero_guard,0.0,0.0,0.0,0.44242016159442055,0.5935798384055795,True,False,True,positive,,,
absolute,absolute_equal_gate_stratum_profile,tmse,tMSE-only,1.0,20,feasible_dose_recall_pct,38.368465909090915,0.8585061236590416,1.9647293909876649,36.681733695595106,40.055198122586724,500,secondary_non_brier_zero_guard,0.0,0.0,0.0,36.681733695595106,40.055198122586724,True,False,True,positive,,,
absolute,absolute_equal_gate_stratum_profile,tmse,tMSE-only,1.0,40,terminal_true_boundary_exceedance_pct,7.1,0.6783068630058239,1.9647293909876649,5.767310570143814,8.432689429856186,500,secondary_non_brier_zero_guard,0.0,0.0,0.0,5.767310570143814,8.432689429856186,True,False,True,positive,,,
absolute,absolute_equal_gate_stratum_profile,tmse,tMSE-only,1.0,40,above_boundary_assignment_count,9.409,0.1899278367336728,1.9647293909876649,9.035843197002647,9.782156802997354,500,secondary_non_brier_zero_guard,0.0,0.0,0.0,9.035843197002647,9.782156802997354,True,False,True,positive,,,
absolute,absolute_equal_gate_stratum_profile,tmse,tMSE-only,1.0,40,above_boundary_assignment_pct,23.5225,0.47481959183418193,1.9647293909876649,22.589607992506618,24.455392007493383,500,secondary_non_brier_zero_guard,0.0,0.0,0.0,22.589607992506618,24.455392007493383,True,False,True,positive,,,
absolute,absolute_equal_gate_stratum_profile,tmse,tMSE-only,1.0,40,post_initialization_above_boundary_assignment_pct,21.85,0.5235439410831576,1.9647293909876649,20.821377831480408,22.878622168519595,500,secondary_non_brier_zero_guard,0.0,0.0,0.0,20.821377831480408,22.878622168519595,True,False,True,positive,,,
absolute,absolute_equal_gate_stratum_profile,tmse,tMSE-only,1.0,40,terminal_target_exclusion_pct,81.55,1.0904463060107934,1.9647293909876649,79.40756809328666,83.69243190671334,500,secondary_non_brier_zero_guard,0.0,0.0,0.0,79.40756809328666,83.69243190671334,True,False,True,positive,,,
absolute,absolute_equal_gate_stratum_profile,tmse,tMSE-only,1.0,40,target_ever_admitted_pct,66.2,1.5620499351813306,1.9647293909876649,63.13099458215886,69.26900541784114,500,secondary_non_brier_zero_guard,0.0,0.0,0.0,63.13099458215886,69.26900541784114,True,False,True,positive,,,
absolute,absolute_equal_gate_stratum_profile,tmse,tMSE-only,1.0,40,target_finally_admitted_pct,18.45,1.0904463060107934,1.9647293909876649,16.307568093286665,20.592431906713333,500,secondary_non_brier_zero_guard,0.0,0.0,0.0,16.307568093286665,20.592431906713333,True,False,True,positive,,,
absolute,absolute_equal_gate_stratum_profile,tmse,tMSE-only,1.0,40,target_never_admitted_pct,33.8,1.5620499351813306,1.9647293909876649,30.73099458215886,36.86900541784114,500,secondary_non_brier_zero_guard,0.0,0.0,0.0,30.73099458215886,36.86900541784114,True,False,True,positive,,,
absolute,absolute_equal_gate_stratum_profile,tmse,tMSE-only,1.0,40,target_admitted_then_excluded_pct,47.75,1.502294504268424,1.9647293909876649,44.798397833544584,50.701602166455416,500,secondary_non_brier_zero_guard,0.0,0.0,0.0,44.798397833544584,50.701602166455416,True,False,True,positive,,,
absolute,absolute_equal_gate_stratum_profile,tmse,tMSE-only,1.0,40,target_exclusion_occupancy_pct,78.79736842105264,0.8940529456634815,1.9647293909876649,77.0407963216085,80.55394052049678,500,secondary_non_brier_zero_guard,0.0,0.0,0.0,77.0407963216085,80.55394052049678,True,False,True,positive,,,
absolute,absolute_equal_gate_stratum_profile,tmse,tMSE-only,1.0,40,target_terminal_exclusion_run_fraction_pct,65.39473684210526,1.1273237743877467,1.9647293909876649,63.17985068940651,67.60962299480401,500,secondary_non_brier_zero_guard,0.0,0.0,0.0,63.17985068940651,67.60962299480401,True,False,True,positive,,,
absolute,absolute_equal_gate_stratum_profile,tmse,tMSE-only,1.0,40,target_recovered_after_preterminal_exclusion_pct,15.4,0.9526253145806907,1.9647293909876649,13.528349045844447,17.271650954155554,500,secondary_non_brier_zero_guard,0.0,0.0,0.0,13.528349045844447,17.271650954155554,True,False,True,positive,,,
absolute,absolute_equal_gate_stratum_profile,tmse,tMSE-only,1.0,40,target_admitted_but_not_selected_pct,7.05,0.6511089661274395,1.9647293909876649,5.770747077513827,8.329252922486173,500,secondary_non_brier_zero_guard,0.0,0.0,0.0,5.770747077513827,8.329252922486173,True,False,True,positive,,,
absolute,absolute_equal_gate_stratum_profile,tmse,tMSE-only,1.0,40,panel_brier_score_pct,14.791824135483957,0.22505256174090965,1.9647293909876649,14.349656752914525,15.233991518053388,500,secondary_absolute_panel_brier_snapshot,2.9802322387695312e-06,1.334135177838341e-07,3.2423536983144856e-06,14.349653510560827,15.233994760407086,True,False,True,positive,,,
absolute,absolute_equal_gate_stratum_profile,tmse,tMSE-only,1.0,40,latent_95_interval_coverage_pct,90.636,0.34091561259323344,1.9647293909876649,89.9661930760915,91.30580692390849,500,secondary_non_brier_zero_guard,0.0,0.0,0.0,89.9661930760915,91.30580692390849,True,False,True,positive,,,
absolute,absolute_equal_gate_stratum_profile,tmse,tMSE-only,1.0,40,target_latent_95_interval_coverage_pct,96.5,0.4425966375461231,1.9647293909876649,95.63041737786082,97.36958262213918,500,secondary_non_brier_zero_guard,0.0,0.0,0.0,95.63041737786082,97.36958262213918,True,False,True,positive,,,
absolute,absolute_equal_gate_stratum_profile,tmse,tMSE-only,1.0,40,mean_latent_95_interval_width,2.932568692166104,0.03563358994663566,1.9647293909876649,2.862558330691546,3.0025790536406616,500,secondary_non_brier_zero_guard,0.0,0.0,0.0,2.862558330691546,3.0025790536406616,True,False,True,positive,,,
absolute,absolute_equal_gate_stratum_profile,tmse,tMSE-only,1.0,40,panel_correct_selection_pct,11.85,0.8324908901389423,1.9647293909876649,10.214380680414536,13.485619319585464,500,secondary_non_brier_zero_guard,0.0,0.0,0.0,10.214380680414536,13.485619319585464,True,False,True,positive,,,
absolute,absolute_equal_gate_stratum_profile,tmse,tMSE-only,1.0,40,recommendation_grid_distance,1.5725387625964367,0.02828790659078563,1.9647293909876649,1.5169606811080065,1.6281168440848668,500,secondary_non_brier_zero_guard,0.0,0.0,0.0,1.5169606811080065,1.6281168440848668,True,False,True,positive,,,
absolute,absolute_equal_gate_stratum_profile,tmse,tMSE-only,1.0,40,true_recommended_efficacy,6.4881111718749995,0.10049888999492534,1.9647293909876649,6.290658048940333,6.685564294809666,500,secondary_non_brier_zero_guard,0.0,0.0,0.0,6.290658048940333,6.685564294809666,True,False,True,positive,,,
absolute,absolute_equal_gate_stratum_profile,tmse,tMSE-only,1.0,40,final_gate_size,6.4335,0.1218178339543873,1.9647293909876649,6.194160921283361,6.67283907871664,500,secondary_non_brier_zero_guard,0.0,0.0,0.0,6.194160921283361,6.67283907871664,True,False,True,positive,,,
absolute,absolute_equal_gate_stratum_profile,tmse,tMSE-only,1.0,40,final_empty_gate_pct,1.85,0.382029964515318,1.9647293909876649,1.09941450047878,2.60058549952122,500,secondary_non_brier_zero_guard,0.0,0.0,0.0,1.09941450047878,2.60058549952122,True,False,True,positive,,,
absolute,absolute_equal_gate_stratum_profile,tmse,tMSE-only,1.0,40,false_admissions,0.2075,0.01670915592672374,1.9647293909876649,0.17467103025217012,0.24032896974782986,500,secondary_non_brier_zero_guard,0.0,0.0,0.0,0.17467103025217012,0.24032896974782986,True,False,True,positive,,,
absolute,absolute_equal_gate_stratum_profile,tmse,tMSE-only,1.0,40,feasible_dose_recall_pct,45.27045454545454,0.8406331075344633,1.9647293909876649,43.61883797204429,46.92207111886479,500,secondary_non_brier_zero_guard,0.0,0.0,0.0,43.61883797204429,46.92207111886479,True,False,True,positive,,,
absolute,absolute_equal_gate_stratum_profile,tmse,tMSE-only,1.0,80,terminal_true_boundary_exceedance_pct,2.2,0.3543601872171437,1.9647293909876649,1.5037781251785867,2.8962218748214137,500,secondary_non_brier_zero_guard,0.0,0.0,0.0,1.5037781251785867,2.8962218748214137,True,False,True,positive,,,
absolute,absolute_equal_gate_stratum_profile,tmse,tMSE-only,1.0,80,above_boundary_assignment_count,11.751,0.28558732156115224,1.9647293909876649,11.189898195635358,12.31210180436464,500,secondary_non_brier_zero_guard,0.0,0.0,0.0,11.189898195635358,12.31210180436464,True,False,True,positive,,,
absolute,absolute_equal_gate_stratum_profile,tmse,tMSE-only,1.0,80,above_boundary_assignment_pct,14.68875,0.35698415195144023,1.9647293909876649,13.9873727445442,15.390127255455802,500,secondary_non_brier_zero_guard,0.0,0.0,0.0,13.9873727445442,15.390127255455802,True,False,True,positive,,,
absolute,absolute_equal_gate_stratum_profile,tmse,tMSE-only,1.0,80,post_initialization_above_boundary_assignment_pct,13.43157894736842,0.37387167715150554,1.9647293909876649,12.697022274811006,14.166135619925834,500,secondary_non_brier_zero_guard,0.0,0.0,0.0,12.697022274811006,14.166135619925834,True,False,True,positive,,,
absolute,absolute_equal_gate_stratum_profile,tmse,tMSE-only,1.0,80,terminal_target_exclusion_pct,80.35,1.0594810050208543,1.9647293909876649,78.26840653024237,82.43159346975762,500,secondary_non_brier_zero_guard,0.0,0.0,0.0,78.26840653024237,82.43159346975762,True,False,True,positive,,,
absolute,absolute_equal_gate_stratum_profile,tmse,tMSE-only,1.0,80,target_ever_admitted_pct,67.9,1.5244105927572864,1.9647293909876649,64.90494570447683,70.89505429552318,500,secondary_non_brier_zero_guard,0.0,0.0,0.0,64.90494570447683,70.89505429552318,True,False,True,positive,,,
absolute,absolute_equal_gate_stratum_profile,tmse,tMSE-only,1.0,80,target_finally_admitted_pct,19.65,1.0594810050208543,1.9647293909876649,17.568406530242378,21.73159346975762,500,secondary_non_brier_zero_guard,0.0,0.0,0.0,17.568406530242378,21.73159346975762,True,False,True,positive,,,
absolute,absolute_equal_gate_stratum_profile,tmse,tMSE-only,1.0,80,target_never_admitted_pct,32.1,1.5244105927572864,1.9647293909876649,29.104945704476833,35.09505429552317,500,secondary_non_brier_zero_guard,0.0,0.0,0.0,29.104945704476833,35.09505429552317,True,False,True,positive,,,
absolute,absolute_equal_gate_stratum_profile,tmse,tMSE-only,1.0,80,target_admitted_then_excluded_pct,48.25,1.4699307442140161,1.9647293909876649,45.36198386412635,51.13801613587365,500,secondary_non_brier_zero_guard,0.0,0.0,0.0,45.36198386412635,51.13801613587365,True,False,True,positive,,,
absolute,absolute_equal_gate_stratum_profile,tmse,tMSE-only,1.0,80,target_exclusion_occupancy_pct,79.57948717948719,0.8994355049113278,1.9647293909876649,77.81233980769007,81.34663455128431,500,secondary_non_brier_zero_guard,0.0,0.0,0.0,77.81233980769007,81.34663455128431,True,False,True,positive,,,
absolute,absolute_equal_gate_stratum_profile,tmse,tMSE-only,1.0,80,target_terminal_exclusion_run_fraction_pct,66.67179487179487,1.1242646569918484,1.9647293909876649,64.46291905695432,68.88067068663543,500,secondary_non_brier_zero_guard,0.0,0.0,0.0,64.46291905695432,68.88067068663543,True,False,True,positive,,,
absolute,absolute_equal_gate_stratum_profile,tmse,tMSE-only,1.0,80,target_recovered_after_preterminal_exclusion_pct,17.15,0.9649441613217511,1.9647293909876649,15.254145845589212,19.045854154410787,500,secondary_non_brier_zero_guard,0.0,0.0,0.0,15.254145845589212,19.045854154410787,True,False,True,positive,,,
absolute,absolute_equal_gate_stratum_profile,tmse,tMSE-only,1.0,80,target_admitted_but_not_selected_pct,2.85,0.36949703126307304,1.9647293909876649,2.1240383227947524,3.575961677205248,500,secondary_non_brier_zero_guard,0.0,0.0,0.0,2.1240383227947524,3.575961677205248,True,False,True,positive,,,
absolute,absolute_equal_gate_stratum_profile,tmse,tMSE-only,1.0,80,panel_brier_score_pct,13.101893666521603,0.21849874039799283,1.9647293909876649,12.672602769367883,13.531184563675323,500,secondary_absolute_panel_brier_snapshot,2.9802322387695312e-06,1.334135177838341e-07,3.2423536983144856e-06,12.672599527014185,13.53118780602902,True,False,True,positive,,,
absolute,absolute_equal_gate_stratum_profile,tmse,tMSE-only,1.0,80,latent_95_interval_coverage_pct,91.944,0.25978588377897216,1.9647293909876649,91.43359103877575,92.45440896122426,500,secondary_non_brier_zero_guard,0.0,0.0,0.0,91.43359103877575,92.45440896122426,True,False,True,positive,,,
absolute,absolute_equal_gate_stratum_profile,tmse,tMSE-only,1.0,80,target_latent_95_interval_coverage_pct,96.1,0.48481965739891447,1.9647293909876649,95.14746056977978,97.05253943022021,500,secondary_non_brier_zero_guard,0.0,0.0,0.0,95.14746056977978,97.05253943022021,True,False,True,positive,,,
absolute,absolute_equal_gate_stratum_profile,tmse,tMSE-only,1.0,80,mean_latent_95_interval_width,2.6970590406888895,0.037521651053733146,1.9647293909876649,2.6233391500652368,2.770778931312542,500,secondary_non_brier_zero_guard,0.0,0.0,0.0,2.6233391500652368,2.770778931312542,True,False,True,positive,,,
absolute,absolute_equal_gate_stratum_profile,tmse,tMSE-only,1.0,80,panel_correct_selection_pct,16.85,0.9754784037755346,1.9647293909876649,14.933448909828476,18.76655109017153,500,secondary_non_brier_zero_guard,0.0,0.0,0.0,14.933448909828476,18.76655109017153,True,False,True,positive,,,
absolute,absolute_equal_gate_stratum_profile,tmse,tMSE-only,1.0,80,recommendation_grid_distance,1.411807143826721,0.02823049094572921,1.9647293909876649,1.3563418685436357,1.4672724191098063,500,secondary_non_brier_zero_guard,0.0,0.0,0.0,1.3563418685436357,1.4672724191098063,True,False,True,positive,,,
absolute,absolute_equal_gate_stratum_profile,tmse,tMSE-only,1.0,80,true_recommended_efficacy,6.787913437499999,0.0883836901610234,1.9647293909876649,6.61426340375669,6.961563471243309,500,secondary_non_brier_zero_guard,0.0,0.0,0.0,6.61426340375669,6.961563471243309,True,False,True,positive,,,
absolute,absolute_equal_gate_stratum_profile,tmse,tMSE-only,1.0,80,final_gate_size,6.7825,0.11413014009347185,1.9647293909876649,6.558265159360816,7.006734840639184,500,secondary_non_brier_zero_guard,0.0,0.0,0.0,6.558265159360816,7.006734840639184,True,False,True,positive,,,
absolute,absolute_equal_gate_stratum_profile,tmse,tMSE-only,1.0,80,final_empty_gate_pct,0.6,0.19839031587975692,1.9647293909876649,0.21021671550371474,0.9897832844962853,500,secondary_non_brier_zero_guard,0.0,0.0,0.0,0.21021671550371474,0.9897832844962853,True,False,True,positive,,,
absolute,absolute_equal_gate_stratum_profile,tmse,tMSE-only,1.0,80,false_admissions,0.073,0.006995704379082855,1.9647293909876649,0.0592553339957548,0.08674466600424519,500,secondary_non_brier_zero_guard,0.0,0.0,0.0,0.0592553339957548,0.08674466600424519,True,False,True,positive,,,
absolute,absolute_equal_gate_stratum_profile,tmse,tMSE-only,1.0,80,feasible_dose_recall_pct,48.86335227272727,0.8314064195046419,1.9647293909876649,47.229863644470676,50.49684090098386,500,secondary_non_brier_zero_guard,0.0,0.0,0.0,47.229863644470676,50.49684090098386,True,False,True,positive,,,
absolute,absolute_equal_gate_stratum_profile,tmse,tMSE-only,2.0,20,terminal_true_boundary_exceedance_pct,25.25,1.1532714642009836,1.9647293909876649,22.984133658496948,27.515866341503052,500,secondary_non_brier_zero_guard,0.0,0.0,0.0,22.984133658496948,27.515866341503052,True,False,True,positive,,,
absolute,absolute_equal_gate_stratum_profile,tmse,tMSE-only,2.0,20,above_boundary_assignment_count,8.626,0.13342358001270546,1.9647293909876649,8.363858770898243,8.888141229101755,500,secondary_non_brier_zero_guard,0.0,0.0,0.0,8.363858770898243,8.888141229101755,True,False,True,positive,,,
absolute,absolute_equal_gate_stratum_profile,tmse,tMSE-only,2.0,20,above_boundary_assignment_pct,43.13,0.6671179000635272,1.9647293909876649,41.81929385449122,44.440706145508784,500,secondary_non_brier_zero_guard,0.0,0.0,0.0,41.81929385449122,44.440706145508784,True,False,True,positive,,,
absolute,absolute_equal_gate_stratum_profile,tmse,tMSE-only,2.0,20,post_initialization_above_boundary_assignment_pct,44.26875,0.8121873434970984,1.9647293909876649,42.673021655243055,45.86447834475694,500,secondary_non_brier_zero_guard,0.0,0.0,0.0,42.673021655243055,45.86447834475694,True,False,True,positive,,,
absolute,absolute_equal_gate_stratum_profile,tmse,tMSE-only,2.0,20,terminal_target_exclusion_pct,79.05,1.100962868800285,1.9647293909876649,76.88690589328198,81.21309410671802,500,secondary_non_brier_zero_guard,0.0,0.0,0.0,76.88690589328198,81.21309410671802,True,False,True,positive,,,
absolute,absolute_equal_gate_stratum_profile,tmse,tMSE-only,2.0,20,target_ever_admitted_pct,87.7,1.1467563386353703,1.9647293909876649,85.44693411718168,89.95306588281832,500,secondary_non_brier_zero_guard,0.0,0.0,0.0,85.44693411718168,89.95306588281832,True,False,True,positive,,,
absolute,absolute_equal_gate_stratum_profile,tmse,tMSE-only,2.0,20,target_finally_admitted_pct,20.95,1.100962868800285,1.9647293909876649,18.786905893281983,23.113094106718016,500,secondary_non_brier_zero_guard,0.0,0.0,0.0,18.786905893281983,23.113094106718016,True,False,True,positive,,,
absolute,absolute_equal_gate_stratum_profile,tmse,tMSE-only,2.0,20,target_never_admitted_pct,12.3,1.1467563386353707,1.9647293909876649,10.046934117181685,14.553065882818316,500,secondary_non_brier_zero_guard,0.0,0.0,0.0,10.046934117181685,14.553065882818316,True,False,True,positive,,,
absolute,absolute_equal_gate_stratum_profile,tmse,tMSE-only,2.0,20,target_admitted_then_excluded_pct,66.75,1.3766500392842485,1.9647293909876649,64.04525520671392,69.45474479328608,500,secondary_non_brier_zero_guard,0.0,0.0,0.0,64.04525520671392,69.45474479328608,True,False,True,positive,,,
absolute,absolute_equal_gate_stratum_profile,tmse,tMSE-only,2.0,20,target_exclusion_occupancy_pct,67.43333333333334,0.9231108546735227,1.9647293909876649,65.61967030601653,69.24699636065014,500,secondary_non_brier_zero_guard,0.0,0.0,0.0,65.61967030601653,69.24699636065014,True,False,True,positive,,,
absolute,absolute_equal_gate_stratum_profile,tmse,tMSE-only,2.0,20,target_terminal_exclusion_run_fraction_pct,46.23888888888889,1.1067653547427938,1.9647293909876649,44.06439446749883,48.413383310278945,500,secondary_non_brier_zero_guard,0.0,0.0,0.0,44.06439446749883,48.413383310278945,True,False,True,positive,,,
absolute,absolute_equal_gate_stratum_profile,tmse,tMSE-only,2.0,20,target_recovered_after_preterminal_exclusion_pct,19.0,1.017383968952018,1.9647293909876649,17.00111581428029,20.99888418571971,500,secondary_non_brier_zero_guard,0.0,0.0,0.0,17.00111581428029,20.99888418571971,True,False,True,positive,,,
absolute,absolute_equal_gate_stratum_profile,tmse,tMSE-only,2.0,20,target_admitted_but_not_selected_pct,17.7,1.0200495095847102,1.9647293909876649,15.695878748256366,19.704121251743633,500,secondary_non_brier_zero_guard,0.0,0.0,0.0,15.695878748256366,19.704121251743633,True,False,True,positive,,,
absolute,absolute_equal_gate_stratum_profile,tmse,tMSE-only,2.0,20,panel_brier_score_pct,23.62267719928846,0.32316578595029033,1.9647293909876649,22.987743881470298,24.257610517106624,500,secondary_absolute_panel_brier_snapshot,2.9802322387695312e-06,1.334135177838341e-07,3.2423536983144856e-06,22.9877406391166,24.257613759460323,True,False,True,positive,,,
absolute,absolute_equal_gate_stratum_profile,tmse,tMSE-only,2.0,20,latent_95_interval_coverage_pct,64.748,0.9987050693929926,1.9647293909876649,62.78581479723522,66.71018520276479,500,secondary_non_brier_zero_guard,0.0,0.0,0.0,62.78581479723522,66.71018520276479,True,False,True,positive,,,
absolute,absolute_equal_gate_stratum_profile,tmse,tMSE-only,2.0,20,target_latent_95_interval_coverage_pct,89.5,0.9856180222436799,1.9647293909876649,87.56352730341071,91.43647269658929,500,secondary_non_brier_zero_guard,0.0,0.0,0.0,87.56352730341071,91.43647269658929,True,False,True,positive,,,
absolute,absolute_equal_gate_stratum_profile,tmse,tMSE-only,2.0,20,mean_latent_95_interval_width,2.4124510259977603,0.04590787597978502,1.9647293909876649,2.32225447278246,2.5026475792130607,500,secondary_non_brier_zero_guard,0.0,0.0,0.0,2.32225447278246,2.5026475792130607,True,False,True,positive,,,
absolute,absolute_equal_gate_stratum_profile,tmse,tMSE-only,2.0,20,panel_correct_selection_pct,4.05,0.5001953526189175,1.9647293909876649,3.067251489474174,5.032748510525826,500,secondary_non_brier_zero_guard,0.0,0.0,0.0,3.067251489474174,5.032748510525826,True,False,True,positive,,,
absolute,absolute_equal_gate_stratum_profile,tmse,tMSE-only,2.0,20,recommendation_grid_distance,2.047297481039772,0.02918278216370964,1.9647293909876649,1.989961211211941,2.104633750867603,500,secondary_non_brier_zero_guard,0.0,0.0,0.0,1.989961211211941,2.104633750867603,True,False,True,positive,,,
absolute,absolute_equal_gate_stratum_profile,tmse,tMSE-only,2.0,20,true_recommended_efficacy,6.01283453125,0.13804174959086227,1.9647293909876649,5.741619848645474,6.2840492138545265,500,secondary_non_brier_zero_guard,0.0,0.0,0.0,5.741619848645474,6.2840492138545265,True,False,True,positive,,,
absolute,absolute_equal_gate_stratum_profile,tmse,tMSE-only,2.0,20,final_gate_size,5.9685,0.2150109879748005,1.9647293909876649,5.546061592540614,6.390938407459386,500,secondary_non_brier_zero_guard,0.0,0.0,0.0,5.546061592540614,6.390938407459386,True,False,True,positive,,,
absolute,absolute_equal_gate_stratum_profile,tmse,tMSE-only,2.0,20,final_empty_gate_pct,27.1,1.356414287538611,1.9647293909876649,24.4350129829173,29.764987017082703,500,secondary_non_brier_zero_guard,0.0,0.0,0.0,24.4350129829173,29.764987017082703,True,False,True,positive,,,
absolute,absolute_equal_gate_stratum_profile,tmse,tMSE-only,2.0,20,false_admissions,1.512,0.0959824842070109,1.9647293909876649,1.3234203922584764,1.7005796077415236,500,secondary_non_brier_zero_guard,0.0,0.0,0.0,1.3234203922584764,1.7005796077415236,True,False,True,positive,,,
absolute,absolute_equal_gate_stratum_profile,tmse,tMSE-only,2.0,20,feasible_dose_recall_pct,32.148579545454545,0.941804869362465,1.9647293909876649,30.29818783804281,33.998971252866276,500,secondary_non_brier_zero_guard,0.0,0.0,0.0,30.29818783804281,33.998971252866276,True,False,True,positive,,,
absolute,absolute_equal_gate_stratum_profile,tmse,tMSE-only,2.0,40,terminal_true_boundary_exceedance_pct,16.9,0.9903239283012059,1.9647293909876649,14.954281471468258,18.845718528531737,500,secondary_non_brier_zero_guard,0.0,0.0,0.0,14.954281471468258,18.845718528531737,True,False,True,positive,,,
absolute,absolute_equal_gate_stratum_profile,tmse,tMSE-only,2.0,40,above_boundary_assignment_count,13.434,0.21224840817670948,1.9647293909876649,13.01698931426487,13.851010685735128,500,secondary_non_brier_zero_guard,0.0,0.0,0.0,13.01698931426487,13.851010685735128,True,False,True,positive,,,
absolute,absolute_equal_gate_stratum_profile,tmse,tMSE-only,2.0,40,above_boundary_assignment_pct,33.585,0.5306210204417738,1.9647293909876649,32.54247328566218,34.62752671433782,500,secondary_non_brier_zero_guard,0.0,0.0,0.0,32.54247328566218,34.62752671433782,True,False,True,positive,,,
absolute,absolute_equal_gate_stratum_profile,tmse,tMSE-only,2.0,40,post_initialization_above_boundary_assignment_pct,33.03055555555555,0.5818033901706594,1.9647293909876649,31.887469335110993,34.17364177600011,500,secondary_non_brier_zero_guard,0.0,0.0,0.0,31.887469335110993,34.17364177600011,True,False,True,positive,,,
absolute,absolute_equal_gate_stratum_profile,tmse,tMSE-only,2.0,40,terminal_target_exclusion_pct,79.85,1.0666444866598446,1.9647293909876649,77.75433222732445,81.94566777267553,500,secondary_non_brier_zero_guard,0.0,0.0,0.0,77.75433222732445,81.94566777267553,True,False,True,positive,,,
absolute,absolute_equal_gate_stratum_profile,tmse,tMSE-only,2.0,40,target_ever_admitted_pct,90.1,1.0252229827352963,1.9647293909876649,88.08571427350392,92.11428572649606,500,secondary_non_brier_zero_guard,0.0,0.0,0.0,88.08571427350392,92.11428572649606,True,False,True,positive,,,
absolute,absolute_equal_gate_stratum_profile,tmse,tMSE-only,2.0,40,target_finally_admitted_pct,20.15,1.0666444866598446,1.9647293909876649,18.05433222732445,22.245667772675546,500,secondary_non_brier_zero_guard,0.0,0.0,0.0,18.05433222732445,22.245667772675546,True,False,True,positive,,,
absolute,absolute_equal_gate_stratum_profile,tmse,tMSE-only,2.0,40,target_never_admitted_pct,9.9,1.0252229827352963,1.9647293909876649,7.8857142735039245,11.914285726496075,500,secondary_non_brier_zero_guard,0.0,0.0,0.0,7.8857142735039245,11.914285726496075,True,False,True,positive,,,
absolute,absolute_equal_gate_stratum_profile,tmse,tMSE-only,2.0,40,target_admitted_then_excluded_pct,69.95,1.3228737619213558,1.9647293909876649,67.3509110393867,72.5490889606133,500,secondary_non_brier_zero_guard,0.0,0.0,0.0,67.3509110393867,72.5490889606133,True,False,True,positive,,,
absolute,absolute_equal_gate_stratum_profile,tmse,tMSE-only,2.0,40,target_exclusion_occupancy_pct,74.4,0.7403315900100282,1.9647293909876649,72.94544876603068,75.85455123396933,500,secondary_non_brier_zero_guard,0.0,0.0,0.0,72.94544876603068,75.85455123396933,True,False,True,positive,,,
absolute,absolute_equal_gate_stratum_profile,tmse,tMSE-only,2.0,40,target_terminal_exclusion_run_fraction_pct,48.410526315789475,1.081807354245441,1.9647293909876649,46.28506761151685,50.5359850200621,500,secondary_non_brier_zero_guard,0.0,0.0,0.0,46.28506761151685,50.5359850200621,True,False,True,positive,,,
absolute,absolute_equal_gate_stratum_profile,tmse,tMSE-only,2.0,40,target_recovered_after_preterminal_exclusion_pct,19.8,1.0455171985313536,1.9647293909876649,17.745841631262365,21.854158368737636,500,secondary_non_brier_zero_guard,0.0,0.0,0.0,17.745841631262365,21.854158368737636,True,False,True,positive,,,
absolute,absolute_equal_gate_stratum_profile,tmse,tMSE-only,2.0,40,target_admitted_but_not_selected_pct,13.75,0.8636357643514619,1.9647293909876649,12.053189430670585,15.446810569329415,500,secondary_non_brier_zero_guard,0.0,0.0,0.0,12.053189430670585,15.446810569329415,True,False,True,positive,,,
absolute,absolute_equal_gate_stratum_profile,tmse,tMSE-only,2.0,40,panel_brier_score_pct,18.235493168709727,0.20712058284118623,1.9647293909876649,17.828557272123152,18.6424290652963,500,secondary_absolute_panel_brier_snapshot,2.9802322387695312e-06,1.334135177838341e-07,3.2423536983144856e-06,17.828554029769453,18.64243230765,True,False,True,positive,,,
absolute,absolute_equal_gate_stratum_profile,tmse,tMSE-only,2.0,40,latent_95_interval_coverage_pct,77.562,0.7033304055126846,1.9647293909876649,76.18014608071395,78.94385391928604,500,secondary_non_brier_zero_guard,0.0,0.0,0.0,76.18014608071395,78.94385391928604,True,False,True,positive,,,
absolute,absolute_equal_gate_stratum_profile,tmse,tMSE-only,2.0,40,target_latent_95_interval_coverage_pct,97.55,0.41934078431124905,1.9647293909876649,96.72610883622387,98.37389116377612,500,secondary_non_brier_zero_guard,0.0,0.0,0.0,96.72610883622387,98.37389116377612,True,False,True,positive,,,
absolute,absolute_equal_gate_stratum_profile,tmse,tMSE-only,2.0,40,mean_latent_95_interval_width,2.6692528209564577,0.034623139075230076,1.9647293909876649,2.6012277220070996,2.7372779199058157,500,secondary_non_brier_zero_guard,0.0,0.0,0.0,2.6012277220070996,2.7372779199058157,True,False,True,positive,,,
absolute,absolute_equal_gate_stratum_profile,tmse,tMSE-only,2.0,40,panel_correct_selection_pct,6.75,0.5891257406331463,1.9647293909876649,5.592527342390682,7.907472657609318,500,secondary_non_brier_zero_guard,0.0,0.0,0.0,5.592527342390682,7.907472657609318,True,False,True,positive,,,
absolute,absolute_equal_gate_stratum_profile,tmse,tMSE-only,2.0,40,recommendation_grid_distance,1.7549036776503864,0.025963638737724,1.9647293909876649,1.7038921535253941,1.8059152017753786,500,secondary_non_brier_zero_guard,0.0,0.0,0.0,1.7038921535253941,1.8059152017753786,True,False,True,positive,,,
absolute,absolute_equal_gate_stratum_profile,tmse,tMSE-only,2.0,40,true_recommended_efficacy,6.436656328125,0.1157215966691524,1.9647293909876649,6.209294705977096,6.664017950272904,500,secondary_non_brier_zero_guard,0.0,0.0,0.0,6.209294705977096,6.664017950272904,True,False,True,positive,,,
absolute,absolute_equal_gate_stratum_profile,tmse,tMSE-only,2.0,40,final_gate_size,6.5945,0.1429887445295057,1.9647293909876649,6.313565811042453,6.875434188957547,500,secondary_non_brier_zero_guard,0.0,0.0,0.0,6.313565811042453,6.875434188957547,True,False,True,positive,,,
absolute,absolute_equal_gate_stratum_profile,tmse,tMSE-only,2.0,40,final_empty_gate_pct,6.9,0.7005437338568464,1.9647293909876649,5.523621136419214,8.276378863580787,500,secondary_non_brier_zero_guard,0.0,0.0,0.0,5.523621136419214,8.276378863580787,True,False,True,positive,,,
absolute,absolute_equal_gate_stratum_profile,tmse,tMSE-only,2.0,40,false_admissions,0.7365,0.05433959037538219,1.9647293909876649,0.6297374096952562,0.8432625903047439,500,secondary_non_brier_zero_guard,0.0,0.0,0.0,0.6297374096952562,0.8432625903047439,True,False,True,positive,,,
absolute,absolute_equal_gate_stratum_profile,tmse,tMSE-only,2.0,40,feasible_dose_recall_pct,42.48039772727274,0.7688817965925051,1.9647293909876649,40.96975306331204,43.991042391233435,500,secondary_non_brier_zero_guard,0.0,0.0,0.0,40.96975306331204,43.991042391233435,True,False,True,positive,,,
absolute,absolute_equal_gate_stratum_profile,tmse,tMSE-only,2.0,80,terminal_true_boundary_exceedance_pct,7.05,0.639462919684404,1.9647293909876649,5.793628407249266,8.306371592750732,500,secondary_non_brier_zero_guard,0.0,0.0,0.0,5.793628407249266,8.306371592750732,True,False,True,positive,,,
absolute,absolute_equal_gate_stratum_profile,tmse,tMSE-only,2.0,80,above_boundary_assignment_count,19.333,0.34937565555916283,1.9647293909876649,18.64657138102733,20.01942861897267,500,secondary_non_brier_zero_guard,0.0,0.0,0.0,18.64657138102733,20.01942861897267,True,False,True,positive,,,
absolute,absolute_equal_gate_stratum_profile,tmse,tMSE-only,2.0,80,above_boundary_assignment_pct,24.16625,0.4367195694489535,1.9647293909876649,23.308214226284164,25.02428577371584,500,secondary_non_brier_zero_guard,0.0,0.0,0.0,23.308214226284164,25.02428577371584,True,False,True,positive,,,
absolute,absolute_equal_gate_stratum_profile,tmse,tMSE-only,2.0,80,post_initialization_above_boundary_assignment_pct,23.407894736842106,0.45686309570773226,1.9647293909876649,22.510282385047514,24.3055070886367,500,secondary_non_brier_zero_guard,0.0,0.0,0.0,22.510282385047514,24.3055070886367,True,False,True,positive,,,
absolute,absolute_equal_gate_stratum_profile,tmse,tMSE-only,2.0,80,terminal_target_exclusion_pct,79.5,1.035202051086234,1.9647293909876649,77.46610810462016,81.53389189537984,500,secondary_non_brier_zero_guard,0.0,0.0,0.0,77.46610810462016,81.53389189537984,True,False,True,positive,,,
absolute,absolute_equal_gate_stratum_profile,tmse,tMSE-only,2.0,80,target_ever_admitted_pct,91.15,0.9631772530753014,1.9647293909876649,89.2576173421522,93.04238265784781,500,secondary_non_brier_zero_guard,0.0,0.0,0.0,89.2576173421522,93.04238265784781,True,False,True,positive,,,
absolute,absolute_equal_gate_stratum_profile,tmse,tMSE-only,2.0,80,target_finally_admitted_pct,20.5,1.035202051086234,1.9647293909876649,18.46610810462016,22.53389189537984,500,secondary_non_brier_zero_guard,0.0,0.0,0.0,18.46610810462016,22.53389189537984,True,False,True,positive,,,
absolute,absolute_equal_gate_stratum_profile,tmse,tMSE-only,2.0,80,target_never_admitted_pct,8.85,0.9631772530753016,1.9647293909876649,6.95761734215219,10.74238265784781,500,secondary_non_brier_zero_guard,0.0,0.0,0.0,6.95761734215219,10.74238265784781,True,False,True,positive,,,
absolute,absolute_equal_gate_stratum_profile,tmse,tMSE-only,2.0,80,target_admitted_then_excluded_pct,70.65,1.277857911382704,1.9647293909876649,68.1393550040003,73.16064499599972,500,secondary_non_brier_zero_guard,0.0,0.0,0.0,68.1393550040003,73.16064499599972,True,False,True,positive,,,
absolute,absolute_equal_gate_stratum_profile,tmse,tMSE-only,2.0,80,target_exclusion_occupancy_pct,77.59102564102564,0.6834650316035337,1.9647293909876649,76.24820180572186,78.93384947632941,500,secondary_non_brier_zero_guard,0.0,0.0,0.0,76.24820180572186,78.93384947632941,True,False,True,positive,,,
absolute,absolute_equal_gate_stratum_profile,tmse,tMSE-only,2.0,80,target_terminal_exclusion_run_fraction_pct,49.243589743589745,1.03360032140248,1.9647293909876649,47.21284481359599,51.274334673583496,500,secondary_non_brier_zero_guard,0.0,0.0,0.0,47.21284481359599,51.274334673583496,True,False,True,positive,,,
absolute,absolute_equal_gate_stratum_profile,tmse,tMSE-only,2.0,80,target_recovered_after_preterminal_exclusion_pct,20.4,1.0294656862656457,1.9647293909876649,18.3773785091806,22.4226214908194,500,secondary_non_brier_zero_guard,0.0,0.0,0.0,18.3773785091806,22.4226214908194,True,False,True,positive,,,
absolute,absolute_equal_gate_stratum_profile,tmse,tMSE-only,2.0,80,target_admitted_but_not_selected_pct,7.2,0.6221689387752762,1.9647293909876649,5.97760639982861,8.42239360017139,500,secondary_non_brier_zero_guard,0.0,0.0,0.0,5.97760639982861,8.42239360017139,True,False,True,positive,,,
absolute,absolute_equal_gate_stratum_profile,tmse,tMSE-only,2.0,80,panel_brier_score_pct,15.05415538424865,0.16308471455665682,1.9647293909876649,14.733738052338353,15.374572716158948,500,secondary_absolute_panel_brier_snapshot,2.9802322387695312e-06,1.334135177838341e-07,3.2423536983144856e-06,14.733734809984655,15.374575958512645,True,False,True,positive,,,
absolute,absolute_equal_gate_stratum_profile,tmse,tMSE-only,2.0,80,latent_95_interval_coverage_pct,81.796,0.5639155695129175,1.9647293909876649,80.68805850654243,82.90394149345758,500,secondary_non_brier_zero_guard,0.0,0.0,0.0,80.68805850654243,82.90394149345758,True,False,True,positive,,,
absolute,absolute_equal_gate_stratum_profile,tmse,tMSE-only,2.0,80,target_latent_95_interval_coverage_pct,98.95,0.27467415565277914,1.9647293909876649,98.41033961344426,99.48966038655574,500,secondary_non_brier_zero_guard,0.0,0.0,0.0,98.41033961344426,99.48966038655574,True,False,True,positive,,,
absolute,absolute_equal_gate_stratum_profile,tmse,tMSE-only,2.0,80,mean_latent_95_interval_width,2.5271379532613416,0.031853236838105335,1.9647293909876649,2.464554962647425,2.589720943875258,500,secondary_non_brier_zero_guard,0.0,0.0,0.0,2.464554962647425,2.589720943875258,True,False,True,positive,,,
absolute,absolute_equal_gate_stratum_profile,tmse,tMSE-only,2.0,80,panel_correct_selection_pct,13.35,0.8138671633129315,1.9647293909876649,11.750971263879325,14.949028736120674,500,secondary_non_brier_zero_guard,0.0,0.0,0.0,11.750971263879325,14.949028736120674,True,False,True,positive,,,
absolute,absolute_equal_gate_stratum_profile,tmse,tMSE-only,2.0,80,recommendation_grid_distance,1.4497002904906122,0.0253038456766275,1.9647293909876649,1.399985081184726,1.4994154997964984,500,secondary_non_brier_zero_guard,0.0,0.0,0.0,1.399985081184726,1.4994154997964984,True,False,True,positive,,,
absolute,absolute_equal_gate_stratum_profile,tmse,tMSE-only,2.0,80,true_recommended_efficacy,6.9183951171875,0.09111350844583214,1.9647293909876649,6.73938172922797,7.09740850514703,500,secondary_non_brier_zero_guard,0.0,0.0,0.0,6.73938172922797,7.09740850514703,True,False,True,positive,,,
absolute,absolute_equal_gate_stratum_profile,tmse,tMSE-only,2.0,80,final_gate_size,7.4385,0.10726227618218609,1.9647293909876649,7.227758653440623,7.649241346559378,500,secondary_non_brier_zero_guard,0.0,0.0,0.0,7.227758653440623,7.649241346559378,True,False,True,positive,,,
absolute,absolute_equal_gate_stratum_profile,tmse,tMSE-only,2.0,80,final_empty_gate_pct,1.45,0.32941163314020366,1.9647293909876649,0.8027952826361955,2.0972047173638044,500,secondary_non_brier_zero_guard,0.0,0.0,0.0,0.8027952826361955,2.0972047173638044,True,False,True,positive,,,
absolute,absolute_equal_gate_stratum_profile,tmse,tMSE-only,2.0,80,false_admissions,0.3295,0.0299399783668796,1.9647293909876649,0.2706760445370568,0.38832395546294324,500,secondary_non_brier_zero_guard,0.0,0.0,0.0,0.2706760445370568,0.38832395546294324,True,False,True,positive,,,
absolute,absolute_equal_gate_stratum_profile,tmse,tMSE-only,2.0,80,feasible_dose_recall_pct,51.783522727272725,0.6854543566689123,1.9647293909876649,50.43679040654477,53.13025504800068,500,secondary_non_brier_zero_guard,0.0,0.0,0.0,50.43679040654477,53.13025504800068,True,False,True,positive,,,
absolute,absolute_equal_gate_stratum_profile,qBIG,Entropy reduction,0.5,20,terminal_true_boundary_exceedance_pct,14.8,0.9130099530392302,1.9647293909876649,13.006182510999558,16.593817489000443,500,secondary_non_brier_zero_guard,0.0,0.0,0.0,13.006182510999558,16.593817489000443,True,False,True,positive,,,
absolute,absolute_equal_gate_stratum_profile,qBIG,Entropy reduction,0.5,20,above_boundary_assignment_count,5.027,0.10388998150213052,1.9647293909876649,4.8228842999136,5.2311157000864,500,secondary_non_brier_zero_guard,0.0,0.0,0.0,4.8228842999136,5.2311157000864,True,False,True,positive,,,
absolute,absolute_equal_gate_stratum_profile,qBIG,Entropy reduction,0.5,20,above_boundary_assignment_pct,25.135,0.5194499075106527,1.9647293909876649,24.114421499568,26.155578500432004,500,secondary_non_brier_zero_guard,0.0,0.0,0.0,24.114421499568,26.155578500432004,True,False,True,positive,,,
absolute,absolute_equal_gate_stratum_profile,qBIG,Entropy reduction,0.5,20,post_initialization_above_boundary_assignment_pct,21.775,0.6200167065756097,1.9647293909876649,20.556834953687524,22.993165046312473,500,secondary_non_brier_zero_guard,0.0,0.0,0.0,20.556834953687524,22.993165046312473,True,False,True,positive,,,
absolute,absolute_equal_gate_stratum_profile,qBIG,Entropy reduction,0.5,20,terminal_target_exclusion_pct,78.1,1.1719757054257636,1.9647293909876649,75.79738488602649,80.4026151139735,500,secondary_non_brier_zero_guard,0.0,0.0,0.0,75.79738488602649,80.4026151139735,True,False,True,positive,,,
absolute,absolute_equal_gate_stratum_profile,qBIG,Entropy reduction,0.5,20,target_ever_admitted_pct,54.0,1.669903336815822,1.9647293909876649,50.71909183404958,57.28090816595042,500,secondary_non_brier_zero_guard,0.0,0.0,0.0,50.71909183404958,57.28090816595042,True,False,True,positive,,,
absolute,absolute_equal_gate_stratum_profile,qBIG,Entropy reduction,0.5,20,target_finally_admitted_pct,21.9,1.1719757054257636,1.9647293909876649,19.5973848860265,24.202615113973497,500,secondary_non_brier_zero_guard,0.0,0.0,0.0,19.5973848860265,24.202615113973497,True,False,True,positive,,,
absolute,absolute_equal_gate_stratum_profile,qBIG,Entropy reduction,0.5,20,target_never_admitted_pct,46.0,1.669903336815822,1.9647293909876649,42.71909183404958,49.28090816595042,500,secondary_non_brier_zero_guard,0.0,0.0,0.0,42.71909183404958,49.28090816595042,True,False,True,positive,,,
absolute,absolute_equal_gate_stratum_profile,qBIG,Entropy reduction,0.5,20,target_admitted_then_excluded_pct,32.1,1.4028956598638866,1.9647293909876649,29.343689664576388,34.856310335423615,500,secondary_non_brier_zero_guard,0.0,0.0,0.0,29.343689664576388,34.856310335423615,True,False,True,positive,,,
absolute,absolute_equal_gate_stratum_profile,qBIG,Entropy reduction,0.5,20,target_exclusion_occupancy_pct,72.21111111111111,1.171668509294684,1.9647293909876649,69.90909955440515,74.51312266781707,500,secondary_non_brier_zero_guard,0.0,0.0,0.0,69.90909955440515,74.51312266781707,True,False,True,positive,,,
absolute,absolute_equal_gate_stratum_profile,qBIG,Entropy reduction,0.5,20,target_terminal_exclusion_run_fraction_pct,63.35,1.3001390884149182,1.9647293909876649,60.7955785206193,65.9044214793807,500,secondary_non_brier_zero_guard,0.0,0.0,0.0,60.7955785206193,65.9044214793807,True,False,True,positive,,,
absolute,absolute_equal_gate_stratum_profile,qBIG,Entropy reduction,0.5,20,target_recovered_after_preterminal_exclusion_pct,11.8,0.8172243947795769,1.9647293909876649,10.19437521254446,13.405624787455542,500,secondary_non_brier_zero_guard,0.0,0.0,0.0,10.19437521254446,13.405624787455542,True,False,True,positive,,,
absolute,absolute_equal_gate_stratum_profile,qBIG,Entropy reduction,0.5,20,target_admitted_but_not_selected_pct,10.9,0.8478311360586736,1.9647293909876649,9.234241248391063,12.565758751608938,500,secondary_non_brier_zero_guard,0.0,0.0,0.0,9.234241248391063,12.565758751608938,True,False,True,positive,,,
absolute,absolute_equal_gate_stratum_profile,qBIG,Entropy reduction,0.5,20,panel_brier_score_pct,20.78088110450673,0.25071973520742286,1.9647293909876649,20.28828467184406,21.2734775371694,500,secondary_absolute_panel_brier_snapshot,2.9802322387695312e-06,1.334135177838341e-07,3.2423536983144856e-06,20.28828142949036,21.273480779523098,True,False,True,positive,,,
absolute,absolute_equal_gate_stratum_profile,qBIG,Entropy reduction,0.5,20,latent_95_interval_coverage_pct,80.496,0.48329609789079914,1.9647293909876649,79.54645395192429,81.4455460480757,500,secondary_non_brier_zero_guard,0.0,0.0,0.0,79.54645395192429,81.4455460480757,True,False,True,positive,,,
absolute,absolute_equal_gate_stratum_profile,qBIG,Entropy reduction,0.5,20,target_latent_95_interval_coverage_pct,82.2,1.0693957239623029,1.9647293909876649,80.09892679053473,84.30107320946527,500,secondary_non_brier_zero_guard,0.0,0.0,0.0,80.09892679053473,84.30107320946527,True,False,True,positive,,,
absolute,absolute_equal_gate_stratum_profile,qBIG,Entropy reduction,0.5,20,mean_latent_95_interval_width,3.37310730652809,0.045178359702429574,1.9647293909876649,3.284344055384114,3.461870557672066,500,secondary_non_brier_zero_guard,0.0,0.0,0.0,3.284344055384114,3.461870557672066,True,False,True,positive,,,
absolute,absolute_equal_gate_stratum_profile,qBIG,Entropy reduction,0.5,20,panel_correct_selection_pct,11.15,0.8398008877478782,1.9647293909876649,9.500018513264212,12.799981486735788,500,secondary_non_brier_zero_guard,0.0,0.0,0.0,9.500018513264212,12.799981486735788,True,False,True,positive,,,
absolute,absolute_equal_gate_stratum_profile,qBIG,Entropy reduction,0.5,20,recommendation_grid_distance,1.6268888463101,0.028494800406715114,1.9647293909876649,1.5709042744606994,1.6828734181595004,500,secondary_non_brier_zero_guard,0.0,0.0,0.0,1.5709042744606994,1.6828734181595004,True,False,True,positive,,,
absolute,absolute_equal_gate_stratum_profile,qBIG,Entropy reduction,0.5,20,true_recommended_efficacy,6.88845509765625,0.11331693284237276,1.9647293909876649,6.665817989204265,7.111092206108235,500,secondary_non_brier_zero_guard,0.0,0.0,0.0,6.665817989204265,7.111092206108235,True,False,True,positive,,,
absolute,absolute_equal_gate_stratum_profile,qBIG,Entropy reduction,0.5,20,final_gate_size,5.9035,0.15111352054725072,1.9647293909876649,5.606602824805198,6.200397175194802,500,secondary_non_brier_zero_guard,0.0,0.0,0.0,5.606602824805198,6.200397175194802,True,False,True,positive,,,
absolute,absolute_equal_gate_stratum_profile,qBIG,Entropy reduction,0.5,20,final_empty_gate_pct,2.75,0.5224182631602448,1.9647293909876649,1.7235894839803387,3.776410516019661,500,secondary_non_brier_zero_guard,0.0,0.0,0.0,1.7235894839803387,3.776410516019661,True,False,True,positive,,,
absolute,absolute_equal_gate_stratum_profile,qBIG,Entropy reduction,0.5,20,false_admissions,0.649,0.04530124065419863,1.9647293909876649,0.5599953210384907,0.7380046789615093,500,secondary_non_brier_zero_guard,0.0,0.0,0.0,0.5599953210384907,0.7380046789615093,True,False,True,positive,,,
absolute,absolute_equal_gate_stratum_profile,qBIG,Entropy reduction,0.5,20,feasible_dose_recall_pct,37.95426136363637,0.9006505767688007,1.9647293909876649,36.184726704448714,39.723796022824025,500,secondary_non_brier_zero_guard,0.0,0.0,0.0,36.184726704448714,39.723796022824025,True,False,True,positive,,,
absolute,absolute_equal_gate_stratum_profile,qBIG,Entropy reduction,0.5,40,terminal_true_boundary_exceedance_pct,7.95,0.6685723430982706,1.9647293909876649,6.636436267513339,9.263563732486661,500,secondary_non_brier_zero_guard,0.0,0.0,0.0,6.636436267513339,9.263563732486661,True,False,True,positive,,,
absolute,absolute_equal_gate_stratum_profile,qBIG,Entropy reduction,0.5,40,above_boundary_assignment_count,6.988,0.1629073036397028,1.9647293909876649,6.667931232532524,7.308068767467477,500,secondary_non_brier_zero_guard,0.0,0.0,0.0,6.667931232532524,7.308068767467477,True,False,True,positive,,,
absolute,absolute_equal_gate_stratum_profile,qBIG,Entropy reduction,0.5,40,above_boundary_assignment_pct,17.47,0.40726825909925696,1.9647293909876649,16.66982808133131,18.270171918668687,500,secondary_non_brier_zero_guard,0.0,0.0,0.0,16.66982808133131,18.270171918668687,True,False,True,positive,,,
absolute,absolute_equal_gate_stratum_profile,qBIG,Entropy reduction,0.5,40,post_initialization_above_boundary_assignment_pct,15.125,0.4420211120241864,1.9647293909876649,14.25654812976903,15.99345187023097,500,secondary_non_brier_zero_guard,0.0,0.0,0.0,14.25654812976903,15.99345187023097,True,False,True,positive,,,
absolute,absolute_equal_gate_stratum_profile,qBIG,Entropy reduction,0.5,40,terminal_target_exclusion_pct,81.3,1.040569830017325,1.9647293909876649,79.25556187158992,83.34443812841008,500,secondary_non_brier_zero_guard,0.0,0.0,0.0,79.25556187158992,83.34443812841008,True,False,True,positive,,,
absolute,absolute_equal_gate_stratum_profile,qBIG,Entropy reduction,0.5,40,target_ever_admitted_pct,56.7,1.6079150417740131,1.9647293909876649,53.54088205921544,59.859117940784564,500,secondary_non_brier_zero_guard,0.0,0.0,0.0,53.54088205921544,59.859117940784564,True,False,True,positive,,,
absolute,absolute_equal_gate_stratum_profile,qBIG,Entropy reduction,0.5,40,target_finally_admitted_pct,18.7,1.040569830017325,1.9647293909876649,16.655561871589924,20.744438128410074,500,secondary_non_brier_zero_guard,0.0,0.0,0.0,16.655561871589924,20.744438128410074,True,False,True,positive,,,
absolute,absolute_equal_gate_stratum_profile,qBIG,Entropy reduction,0.5,40,target_never_admitted_pct,43.3,1.6079150417740131,1.9647293909876649,40.140882059215436,46.45911794078456,500,secondary_non_brier_zero_guard,0.0,0.0,0.0,40.140882059215436,46.45911794078456,True,False,True,positive,,,
absolute,absolute_equal_gate_stratum_profile,qBIG,Entropy reduction,0.5,40,target_admitted_then_excluded_pct,38.0,1.4092451681264604,1.9647293909876649,35.23121459907459,40.76878540092541,500,secondary_non_brier_zero_guard,0.0,0.0,0.0,35.23121459907459,40.76878540092541,True,False,True,positive,,,
absolute,absolute_equal_gate_stratum_profile,qBIG,Entropy reduction,0.5,40,target_exclusion_occupancy_pct,76.36842105263158,1.01789537928501,1.9647293909876649,74.36853208399978,78.36831002126337,500,secondary_non_brier_zero_guard,0.0,0.0,0.0,74.36853208399978,78.36831002126337,True,False,True,positive,,,
absolute,absolute_equal_gate_stratum_profile,qBIG,Entropy reduction,0.5,40,target_terminal_exclusion_run_fraction_pct,67.55263157894737,1.1506428563618432,1.9647293909876649,65.29192974052326,69.81333341737148,500,secondary_non_brier_zero_guard,0.0,0.0,0.0,65.29192974052326,69.81333341737148,True,False,True,positive,,,
absolute,absolute_equal_gate_stratum_profile,qBIG,Entropy reduction,0.5,40,target_recovered_after_preterminal_exclusion_pct,12.1,0.8114782769661648,1.9647293909876649,10.505664779096547,13.694335220903453,500,secondary_non_brier_zero_guard,0.0,0.0,0.0,10.505664779096547,13.694335220903453,True,False,True,positive,,,
absolute,absolute_equal_gate_stratum_profile,qBIG,Entropy reduction,0.5,40,target_admitted_but_not_selected_pct,6.55,0.61436951405453,1.9647293909876649,5.342930158810256,7.757069841189744,500,secondary_non_brier_zero_guard,0.0,0.0,0.0,5.342930158810256,7.757069841189744,True,False,True,positive,,,
absolute,absolute_equal_gate_stratum_profile,qBIG,Entropy reduction,0.5,40,panel_brier_score_pct,19.677708922402545,0.23158341429153492,1.9647293909876649,19.222710181878693,20.132707662926396,500,secondary_absolute_panel_brier_snapshot,2.9802322387695312e-06,1.334135177838341e-07,3.2423536983144856e-06,19.222706939524993,20.132710905280096,True,False,True,positive,,,
absolute,absolute_equal_gate_stratum_profile,qBIG,Entropy reduction,0.5,40,latent_95_interval_coverage_pct,79.93,0.4024800372201352,1.9647293909876649,79.1392356415878,80.72076435841221,500,secondary_non_brier_zero_guard,0.0,0.0,0.0,79.1392356415878,80.72076435841221,True,False,True,positive,,,
absolute,absolute_equal_gate_stratum_profile,qBIG,Entropy reduction,0.5,40,target_latent_95_interval_coverage_pct,79.45,1.0440666407373627,1.9647293909876649,77.39869158479355,81.50130841520645,500,secondary_non_brier_zero_guard,0.0,0.0,0.0,77.39869158479355,81.50130841520645,True,False,True,positive,,,
absolute,absolute_equal_gate_stratum_profile,qBIG,Entropy reduction,0.5,40,mean_latent_95_interval_width,3.1795994598220227,0.04318589646802834,1.9647293909876649,3.094750859755137,3.2644480598889083,500,secondary_non_brier_zero_guard,0.0,0.0,0.0,3.094750859755137,3.2644480598889083,True,False,True,positive,,,
absolute,absolute_equal_gate_stratum_profile,qBIG,Entropy reduction,0.5,40,panel_correct_selection_pct,12.35,0.8389652707060655,1.9647293909876649,10.70166027462587,13.998339725374128,500,secondary_non_brier_zero_guard,0.0,0.0,0.0,10.70166027462587,13.998339725374128,True,False,True,positive,,,
absolute,absolute_equal_gate_stratum_profile,qBIG,Entropy reduction,0.5,40,recommendation_grid_distance,1.5741035713659588,0.027388813447123985,1.9647293909876649,1.520291964602116,1.6279151781298016,500,secondary_non_brier_zero_guard,0.0,0.0,0.0,1.520291964602116,1.6279151781298016,True,False,True,positive,,,
absolute,absolute_equal_gate_stratum_profile,qBIG,Entropy reduction,0.5,40,true_recommended_efficacy,6.676188046875,0.09883993047783293,1.9647293909876649,6.481994330462024,6.870381763287975,500,secondary_non_brier_zero_guard,0.0,0.0,0.0,6.481994330462024,6.870381763287975,True,False,True,positive,,,
absolute,absolute_equal_gate_stratum_profile,qBIG,Entropy reduction,0.5,40,final_gate_size,5.653,0.13260221980568343,1.9647293909876649,5.392472521437567,5.9135274785624325,500,secondary_non_brier_zero_guard,0.0,0.0,0.0,5.392472521437567,5.9135274785624325,True,False,True,positive,,,
absolute,absolute_equal_gate_stratum_profile,qBIG,Entropy reduction,0.5,40,final_empty_gate_pct,0.35,0.14933050324162436,1.9647293909876649,0.05660597131020184,0.6433940286897981,500,secondary_non_brier_zero_guard,0.0,0.0,0.0,0.05660597131020184,0.6433940286897981,True,False,True,positive,,,
absolute,absolute_equal_gate_stratum_profile,qBIG,Entropy reduction,0.5,40,false_admissions,0.27,0.0301499259712548,1.9647293909876649,0.2107635543081734,0.32923644569182664,500,secondary_non_brier_zero_guard,0.0,0.0,0.0,0.2107635543081734,0.32923644569182664,True,False,True,positive,,,
absolute,absolute_equal_gate_stratum_profile,qBIG,Entropy reduction,0.5,40,feasible_dose_recall_pct,38.93210227272726,0.8592646994570133,1.9647293909876649,37.24387966306589,40.62032488238864,500,secondary_non_brier_zero_guard,0.0,0.0,0.0,37.24387966306589,40.62032488238864,True,False,True,positive,,,
absolute,absolute_equal_gate_stratum_profile,qBIG,Entropy reduction,0.5,80,terminal_true_boundary_exceedance_pct,3.3,0.41661389111326697,1.9647293909876649,2.4814664434360294,4.11853355656397,500,secondary_non_brier_zero_guard,0.0,0.0,0.0,2.4814664434360294,4.11853355656397,True,False,True,positive,,,
absolute,absolute_equal_gate_stratum_profile,qBIG,Entropy reduction,0.5,80,above_boundary_assignment_count,8.585,0.22482357812864096,1.9647293909876649,8.143282508263649,9.026717491736353,500,secondary_non_brier_zero_guard,0.0,0.0,0.0,8.143282508263649,9.026717491736353,True,False,True,positive,,,
absolute,absolute_equal_gate_stratum_profile,qBIG,Entropy reduction,0.5,80,above_boundary_assignment_pct,10.73125,0.2810294726608012,1.9647293909876649,10.179103135329559,11.28339686467044,500,secondary_non_brier_zero_guard,0.0,0.0,0.0,10.179103135329559,11.28339686467044,True,False,True,positive,,,
absolute,absolute_equal_gate_stratum_profile,qBIG,Entropy reduction,0.5,80,post_initialization_above_boundary_assignment_pct,9.26578947368421,0.29124595309994916,1.9647293909876649,8.693569989622524,9.838008957745895,500,secondary_non_brier_zero_guard,0.0,0.0,0.0,8.693569989622524,9.838008957745895,True,False,True,positive,,,
absolute,absolute_equal_gate_stratum_profile,qBIG,Entropy reduction,0.5,80,terminal_target_exclusion_pct,82.15,0.9986238025392724,1.9647293909876649,80.18797446461123,84.11202553538878,500,secondary_non_brier_zero_guard,0.0,0.0,0.0,80.18797446461123,84.11202553538878,True,False,True,positive,,,
absolute,absolute_equal_gate_stratum_profile,qBIG,Entropy reduction,0.5,80,target_ever_admitted_pct,58.7,1.577528825216445,1.9647293909876649,55.60058275196701,61.799417248032995,500,secondary_non_brier_zero_guard,0.0,0.0,0.0,55.60058275196701,61.799417248032995,True,False,True,positive,,,
absolute,absolute_equal_gate_stratum_profile,qBIG,Entropy reduction,0.5,80,target_finally_admitted_pct,17.85,0.9986238025392724,1.9647293909876649,15.887974464611231,19.812025535388774,500,secondary_non_brier_zero_guard,0.0,0.0,0.0,15.887974464611231,19.812025535388774,True,False,True,positive,,,
absolute,absolute_equal_gate_stratum_profile,qBIG,Entropy reduction,0.5,80,target_never_admitted_pct,41.3,1.577528825216445,1.9647293909876649,38.200582751967005,44.39941724803299,500,secondary_non_brier_zero_guard,0.0,0.0,0.0,38.200582751967005,44.39941724803299,True,False,True,positive,,,
absolute,absolute_equal_gate_stratum_profile,qBIG,Entropy reduction,0.5,80,target_admitted_then_excluded_pct,40.85,1.4488800871756184,1.9647293909876649,38.0033427087093,43.696657291290705,500,secondary_non_brier_zero_guard,0.0,0.0,0.0,38.0033427087093,43.696657291290705,True,False,True,positive,,,
absolute,absolute_equal_gate_stratum_profile,qBIG,Entropy reduction,0.5,80,target_exclusion_occupancy_pct,79.01923076923077,0.9442753893351887,1.9647293909876649,77.1639851586176,80.87447637984394,500,secondary_non_brier_zero_guard,0.0,0.0,0.0,77.1639851586176,80.87447637984394,True,False,True,positive,,,
absolute,absolute_equal_gate_stratum_profile,qBIG,Entropy reduction,0.5,80,target_terminal_exclusion_run_fraction_pct,71.01153846153846,1.0655751117511725,1.9647293909876649,68.91797172117597,73.10510520190095,500,secondary_non_brier_zero_guard,0.0,0.0,0.0,68.91797172117597,73.10510520190095,True,False,True,positive,,,
absolute,absolute_equal_gate_stratum_profile,qBIG,Entropy reduction,0.5,80,target_recovered_after_preterminal_exclusion_pct,12.55,0.8023606203760628,1.9647293909876649,10.973578506976054,14.126421493023948,500,secondary_non_brier_zero_guard,0.0,0.0,0.0,10.973578506976054,14.126421493023948,True,False,True,positive,,,
absolute,absolute_equal_gate_stratum_profile,qBIG,Entropy reduction,0.5,80,target_admitted_but_not_selected_pct,2.9,0.45120635450833063,1.9647293909876649,2.013501613897083,3.7864983861029167,500,secondary_non_brier_zero_guard,0.0,0.0,0.0,2.013501613897083,3.7864983861029167,True,False,True,positive,,,
absolute,absolute_equal_gate_stratum_profile,qBIG,Entropy reduction,0.5,80,panel_brier_score_pct,19.10479824556892,0.23278203756345492,1.9647293909876649,18.647444534674005,19.562151956463833,500,secondary_absolute_panel_brier_snapshot,2.9802322387695312e-06,1.334135177838341e-07,3.2423536983144856e-06,18.647441292320305,19.562155198817532,True,False,True,positive,,,
absolute,absolute_equal_gate_stratum_profile,qBIG,Entropy reduction,0.5,80,latent_95_interval_coverage_pct,78.634,0.40106082777447893,1.9647293909876649,77.84602400409764,79.42197599590236,500,secondary_non_brier_zero_guard,0.0,0.0,0.0,77.84602400409764,79.42197599590236,True,False,True,positive,,,
absolute,absolute_equal_gate_stratum_profile,qBIG,Entropy reduction,0.5,80,target_latent_95_interval_coverage_pct,77.05,1.0589323280317309,1.9647293909876649,74.96948453204907,79.13051546795093,500,secondary_non_brier_zero_guard,0.0,0.0,0.0,74.96948453204907,79.13051546795093,True,False,True,positive,,,
absolute,absolute_equal_gate_stratum_profile,qBIG,Entropy reduction,0.5,80,mean_latent_95_interval_width,2.9564445048990073,0.04506431661397346,1.9647293909876649,2.86790531756276,3.0449836922352547,500,secondary_non_brier_zero_guard,0.0,0.0,0.0,2.86790531756276,3.0449836922352547,True,False,True,positive,,,
absolute,absolute_equal_gate_stratum_profile,qBIG,Entropy reduction,0.5,80,panel_correct_selection_pct,15.05,0.8922371738213429,1.9647293909876649,13.296995400861439,16.803004599138564,500,secondary_non_brier_zero_guard,0.0,0.0,0.0,13.296995400861439,16.803004599138564,True,False,True,positive,,,
absolute,absolute_equal_gate_stratum_profile,qBIG,Entropy reduction,0.5,80,recommendation_grid_distance,1.46732548175922,0.026330979527735568,1.9647293909876649,1.4155922323875836,1.5190587311308565,500,secondary_non_brier_zero_guard,0.0,0.0,0.0,1.4155922323875836,1.5190587311308565,True,False,True,positive,,,
absolute,absolute_equal_gate_stratum_profile,qBIG,Entropy reduction,0.5,80,true_recommended_efficacy,6.745203671874999,0.0895176198849873,1.9647293909876649,6.569325773075703,6.921081570674295,500,secondary_non_brier_zero_guard,0.0,0.0,0.0,6.569325773075703,6.921081570674295,True,False,True,positive,,,
absolute,absolute_equal_gate_stratum_profile,qBIG,Entropy reduction,0.5,80,final_gate_size,5.6395,0.12337858018349941,1.9647293909876649,5.39709447729515,5.88190552270485,500,secondary_non_brier_zero_guard,0.0,0.0,0.0,5.39709447729515,5.88190552270485,True,False,True,positive,,,
absolute,absolute_equal_gate_stratum_profile,qBIG,Entropy reduction,0.5,80,final_empty_gate_pct,0.25,0.1319462755794136,1.9647293909876649,-0.009238725662231884,0.5092387256622319,500,secondary_non_brier_zero_guard,0.0,0.0,0.0,-0.009238725662231884,0.5092387256622319,False,False,False,unresolved,,,
absolute,absolute_equal_gate_stratum_profile,qBIG,Entropy reduction,0.5,80,false_admissions,0.11,0.025751237882964195,1.9647293909876649,0.05940578607702528,0.16059421392297474,500,secondary_non_brier_zero_guard,0.0,0.0,0.0,0.05940578607702528,0.16059421392297474,True,False,True,positive,,,
absolute,absolute_equal_gate_stratum_profile,qBIG,Entropy reduction,0.5,80,feasible_dose_recall_pct,40.04090909090909,0.8336805871772839,1.9647293909876649,38.402952338586026,41.67886584323215,500,secondary_non_brier_zero_guard,0.0,0.0,0.0,38.402952338586026,41.67886584323215,True,False,True,positive,,,
absolute,absolute_equal_gate_stratum_profile,qBIG,Entropy reduction,1.0,20,terminal_true_boundary_exceedance_pct,21.25,1.109882280854465,1.9647293909876649,19.069381662268807,23.430618337731193,500,secondary_non_brier_zero_guard,0.0,0.0,0.0,19.069381662268807,23.430618337731193,True,False,True,positive,,,
absolute,absolute_equal_gate_stratum_profile,qBIG,Entropy reduction,1.0,20,above_boundary_assignment_count,5.047,0.10470199145206385,1.9647293909876649,4.84128892009919,5.252711079900809,500,secondary_non_brier_zero_guard,0.0,0.0,0.0,4.84128892009919,5.252711079900809,True,False,True,positive,,,
absolute,absolute_equal_gate_stratum_profile,qBIG,Entropy reduction,1.0,20,above_boundary_assignment_pct,25.235,0.5235099572603193,1.9647293909876649,24.206444600495953,26.263555399504046,500,secondary_non_brier_zero_guard,0.0,0.0,0.0,24.206444600495953,26.263555399504046,True,False,True,positive,,,
absolute,absolute_equal_gate_stratum_profile,qBIG,Entropy reduction,1.0,20,post_initialization_above_boundary_assignment_pct,21.9,0.6294918744829675,1.9647293909876649,20.663218812815394,23.136781187184603,500,secondary_non_brier_zero_guard,0.0,0.0,0.0,20.663218812815394,23.136781187184603,True,False,True,positive,,,
absolute,absolute_equal_gate_stratum_profile,qBIG,Entropy reduction,1.0,20,terminal_target_exclusion_pct,66.3,1.4133701675289887,1.9647293909876649,63.52311009151063,69.07688990848936,500,secondary_non_brier_zero_guard,0.0,0.0,0.0,63.52311009151063,69.07688990848936,True,False,True,positive,,,
absolute,absolute_equal_gate_stratum_profile,qBIG,Entropy reduction,1.0,20,target_ever_admitted_pct,65.95,1.6306480386803597,1.9647293909876649,62.74621787204831,69.1537821279517,500,secondary_non_brier_zero_guard,0.0,0.0,0.0,62.74621787204831,69.1537821279517,True,False,True,positive,,,
absolute,absolute_equal_gate_stratum_profile,qBIG,Entropy reduction,1.0,20,target_finally_admitted_pct,33.7,1.4133701675289887,1.9647293909876649,30.92311009151064,36.47688990848937,500,secondary_non_brier_zero_guard,0.0,0.0,0.0,30.92311009151064,36.47688990848937,True,False,True,positive,,,
absolute,absolute_equal_gate_stratum_profile,qBIG,Entropy reduction,1.0,20,target_never_admitted_pct,34.05,1.6306480386803597,1.9647293909876649,30.846217872048303,37.25378212795169,500,secondary_non_brier_zero_guard,0.0,0.0,0.0,30.846217872048303,37.25378212795169,True,False,True,positive,,,
absolute,absolute_equal_gate_stratum_profile,qBIG,Entropy reduction,1.0,20,target_admitted_then_excluded_pct,32.25,1.3605429630513757,1.9647293909876649,29.57690125279152,34.923098747208485,500,secondary_non_brier_zero_guard,0.0,0.0,0.0,29.57690125279152,34.923098747208485,True,False,True,positive,,,
absolute,absolute_equal_gate_stratum_profile,qBIG,Entropy reduction,1.0,20,target_exclusion_occupancy_pct,60.416666666666664,1.3669470315779289,1.9647293909876649,57.730985657802165,63.10234767553116,500,secondary_non_brier_zero_guard,0.0,0.0,0.0,57.730985657802165,63.10234767553116,True,False,True,positive,,,
absolute,absolute_equal_gate_stratum_profile,qBIG,Entropy reduction,1.0,20,target_terminal_exclusion_run_fraction_pct,49.42222222222222,1.4356562556669121,1.9647293909876649,46.60154618135813,52.2428982630863,500,secondary_non_brier_zero_guard,0.0,0.0,0.0,46.60154618135813,52.2428982630863,True,False,True,positive,,,
absolute,absolute_equal_gate_stratum_profile,qBIG,Entropy reduction,1.0,20,target_recovered_after_preterminal_exclusion_pct,16.05,0.9508434184516532,1.9647293909876649,14.181849989540854,17.918150010459147,500,secondary_non_brier_zero_guard,0.0,0.0,0.0,14.181849989540854,17.918150010459147,True,False,True,positive,,,
absolute,absolute_equal_gate_stratum_profile,qBIG,Entropy reduction,1.0,20,target_admitted_but_not_selected_pct,25.55,1.3001059768735024,1.9647293909876649,22.995643575837903,28.1043564241621,500,secondary_non_brier_zero_guard,0.0,0.0,0.0,22.995643575837903,28.1043564241621,True,False,True,positive,,,
absolute,absolute_equal_gate_stratum_profile,qBIG,Entropy reduction,1.0,20,panel_brier_score_pct,22.66587209837905,0.3517843230684873,1.9647293909876649,21.974711099557695,23.357033097200407,500,secondary_absolute_panel_brier_snapshot,2.9802322387695312e-06,1.334135177838341e-07,3.2423536983144856e-06,21.974707857203995,23.357036339554107,True,False,True,positive,,,
absolute,absolute_equal_gate_stratum_profile,qBIG,Entropy reduction,1.0,20,latent_95_interval_coverage_pct,72.906,0.944933927984657,1.9647293909876649,71.04946053914713,74.76253946085288,500,secondary_non_brier_zero_guard,0.0,0.0,0.0,71.04946053914713,74.76253946085288,True,False,True,positive,,,
absolute,absolute_equal_gate_stratum_profile,qBIG,Entropy reduction,1.0,20,target_latent_95_interval_coverage_pct,86.4,1.1056785473636541,1.9647293909876649,84.22764086101009,88.57235913898992,500,secondary_non_brier_zero_guard,0.0,0.0,0.0,84.22764086101009,88.57235913898992,True,False,True,positive,,,
absolute,absolute_equal_gate_stratum_profile,qBIG,Entropy reduction,1.0,20,mean_latent_95_interval_width,2.678764748657884,0.046387602148008425,1.9647293909876649,2.587625663340249,2.7699038339755186,500,secondary_non_brier_zero_guard,0.0,0.0,0.0,2.587625663340249,2.7699038339755186,True,False,True,positive,,,
absolute,absolute_equal_gate_stratum_profile,qBIG,Entropy reduction,1.0,20,panel_correct_selection_pct,8.6,0.7092856775268265,1.9647293909876649,7.206445582756444,9.993554417243555,500,secondary_non_brier_zero_guard,0.0,0.0,0.0,7.206445582756444,9.993554417243555,True,False,True,positive,,,
absolute,absolute_equal_gate_stratum_profile,qBIG,Entropy reduction,1.0,20,recommendation_grid_distance,1.7052581750522253,0.027983785907162346,1.9647293909876649,1.6502776084093171,1.7602387416951335,500,secondary_non_brier_zero_guard,0.0,0.0,0.0,1.6502776084093171,1.7602387416951335,True,False,True,positive,,,
absolute,absolute_equal_gate_stratum_profile,qBIG,Entropy reduction,1.0,20,true_recommended_efficacy,7.188344550781251,0.12178574276382573,1.9647293909876649,6.949068522569899,7.427620578992602,500,secondary_non_brier_zero_guard,0.0,0.0,0.0,6.949068522569899,7.427620578992602,True,False,True,positive,,,
absolute,absolute_equal_gate_stratum_profile,qBIG,Entropy reduction,1.0,20,final_gate_size,9.3195,0.2532812513483166,1.9647293909876649,8.821870881289827,9.817129118710172,500,secondary_non_brier_zero_guard,0.0,0.0,0.0,8.821870881289827,9.817129118710172,True,False,True,positive,,,
absolute,absolute_equal_gate_stratum_profile,qBIG,Entropy reduction,1.0,20,final_empty_gate_pct,5.95,0.6801619222515782,1.9647293909876649,4.6136658807216575,7.286334119278343,500,secondary_non_brier_zero_guard,0.0,0.0,0.0,4.6136658807216575,7.286334119278343,True,False,True,positive,,,
absolute,absolute_equal_gate_stratum_profile,qBIG,Entropy reduction,1.0,20,false_admissions,2.2715,0.12389319815509726,1.9647293909876649,2.028083392241222,2.5149166077587783,500,secondary_non_brier_zero_guard,0.0,0.0,0.0,2.028083392241222,2.5149166077587783,True,False,True,positive,,,
absolute,absolute_equal_gate_stratum_profile,qBIG,Entropy reduction,1.0,20,feasible_dose_recall_pct,50.67926136363637,1.0860506879847758,1.9647293909876649,48.54546565685031,52.81305707042243,500,secondary_non_brier_zero_guard,0.0,0.0,0.0,48.54546565685031,52.81305707042243,True,False,True,positive,,,
absolute,absolute_equal_gate_stratum_profile,qBIG,Entropy reduction,1.0,40,terminal_true_boundary_exceedance_pct,13.2,0.9344873102756035,1.9647293909876649,11.363985315996512,15.036014684003487,500,secondary_non_brier_zero_guard,0.0,0.0,0.0,11.363985315996512,15.036014684003487,True,False,True,positive,,,
absolute,absolute_equal_gate_stratum_profile,qBIG,Entropy reduction,1.0,40,above_boundary_assignment_count,8.091,0.171286649311804,1.9647293909876649,7.754468085813301,8.427531914186698,500,secondary_non_brier_zero_guard,0.0,0.0,0.0,7.754468085813301,8.427531914186698,True,False,True,positive,,,
absolute,absolute_equal_gate_stratum_profile,qBIG,Entropy reduction,1.0,40,above_boundary_assignment_pct,20.2275,0.42821662327951,1.9647293909876649,19.38617021453325,21.068829785466747,500,secondary_non_brier_zero_guard,0.0,0.0,0.0,19.38617021453325,21.068829785466747,True,False,True,positive,,,
absolute,absolute_equal_gate_stratum_profile,qBIG,Entropy reduction,1.0,40,post_initialization_above_boundary_assignment_pct,18.18888888888889,0.4700494238086887,1.9647293909876649,17.26536897071514,19.11240880706264,500,secondary_non_brier_zero_guard,0.0,0.0,0.0,17.26536897071514,19.11240880706264,True,False,True,positive,,,
absolute,absolute_equal_gate_stratum_profile,qBIG,Entropy reduction,1.0,40,terminal_target_exclusion_pct,71.7,1.360854087584481,1.9647293909876649,69.02628997727707,74.37371002272293,500,secondary_non_brier_zero_guard,0.0,0.0,0.0,69.02628997727707,74.37371002272293,True,False,True,positive,,,
absolute,absolute_equal_gate_stratum_profile,qBIG,Entropy reduction,1.0,40,target_ever_admitted_pct,69.1,1.555705769379854,1.9647293909876649,66.04345915117031,72.15654084882968,500,secondary_non_brier_zero_guard,0.0,0.0,0.0,66.04345915117031,72.15654084882968,True,False,True,positive,,,
absolute,absolute_equal_gate_stratum_profile,qBIG,Entropy reduction,1.0,40,target_finally_admitted_pct,28.3,1.360854087584481,1.9647293909876649,25.626289977277068,30.973710022722933,500,secondary_non_brier_zero_guard,0.0,0.0,0.0,25.626289977277068,30.973710022722933,True,False,True,positive,,,
absolute,absolute_equal_gate_stratum_profile,qBIG,Entropy reduction,1.0,40,target_never_admitted_pct,30.9,1.555705769379854,1.9647293909876649,27.84345915117032,33.956540848829675,500,secondary_non_brier_zero_guard,0.0,0.0,0.0,27.84345915117032,33.956540848829675,True,False,True,positive,,,
absolute,absolute_equal_gate_stratum_profile,qBIG,Entropy reduction,1.0,40,target_admitted_then_excluded_pct,40.8,1.4317191202462014,1.9647293909876649,37.987059364813284,43.61294063518671,500,secondary_non_brier_zero_guard,0.0,0.0,0.0,37.987059364813284,43.61294063518671,True,False,True,positive,,,
absolute,absolute_equal_gate_stratum_profile,qBIG,Entropy reduction,1.0,40,target_exclusion_occupancy_pct,65.57631578947368,1.2387920579225884,1.9647293909876649,63.14242462395108,68.01020695499629,500,secondary_non_brier_zero_guard,0.0,0.0,0.0,63.14242462395108,68.01020695499629,True,False,True,positive,,,
absolute,absolute_equal_gate_stratum_profile,qBIG,Entropy reduction,1.0,40,target_terminal_exclusion_run_fraction_pct,54.239473684210516,1.3218412616065283,1.9647293909876649,51.642413307311955,56.83653406110908,500,secondary_non_brier_zero_guard,0.0,0.0,0.0,51.642413307311955,56.83653406110908,True,False,True,positive,,,
absolute,absolute_equal_gate_stratum_profile,qBIG,Entropy reduction,1.0,40,target_recovered_after_preterminal_exclusion_pct,16.9,0.9489895480586966,1.9647293909876649,15.035492343188976,18.76450765681102,500,secondary_non_brier_zero_guard,0.0,0.0,0.0,15.035492343188976,18.76450765681102,True,False,True,positive,,,
absolute,absolute_equal_gate_stratum_profile,qBIG,Entropy reduction,1.0,40,target_admitted_but_not_selected_pct,16.85,1.1345613508831665,1.9647293909876649,14.620893968041175,19.079106031958826,500,secondary_non_brier_zero_guard,0.0,0.0,0.0,14.620893968041175,19.079106031958826,True,False,True,positive,,,
absolute,absolute_equal_gate_stratum_profile,qBIG,Entropy reduction,1.0,40,panel_brier_score_pct,17.510566034278337,0.32787582868850446,1.9647293909876649,16.866378757059596,18.15475331149708,500,secondary_absolute_panel_brier_snapshot,2.9802322387695312e-06,1.334135177838341e-07,3.2423536983144856e-06,16.866375514705897,18.154756553850778,True,False,True,positive,,,
absolute,absolute_equal_gate_stratum_profile,qBIG,Entropy reduction,1.0,40,latent_95_interval_coverage_pct,82.406,0.8343155835689346,1.9647293909876649,80.76679565160309,84.04520434839692,500,secondary_non_brier_zero_guard,0.0,0.0,0.0,80.76679565160309,84.04520434839692,True,False,True,positive,,,
absolute,absolute_equal_gate_stratum_profile,qBIG,Entropy reduction,1.0,40,target_latent_95_interval_coverage_pct,91.7,0.9186445534760778,1.9647293909876649,89.89511204591481,93.50488795408519,500,secondary_non_brier_zero_guard,0.0,0.0,0.0,89.89511204591481,93.50488795408519,True,False,True,positive,,,
absolute,absolute_equal_gate_stratum_profile,qBIG,Entropy reduction,1.0,40,mean_latent_95_interval_width,2.6232226003418897,0.04112129792831928,1.9647293909876649,2.5424303777065607,2.7040148229772187,500,secondary_non_brier_zero_guard,0.0,0.0,0.0,2.5424303777065607,2.7040148229772187,True,False,True,positive,,,
absolute,absolute_equal_gate_stratum_profile,qBIG,Entropy reduction,1.0,40,panel_correct_selection_pct,11.8,0.8017515894729769,1.9647293909876649,10.224775087891366,13.375224912108635,500,secondary_non_brier_zero_guard,0.0,0.0,0.0,10.224775087891366,13.375224912108635,True,False,True,positive,,,
absolute,absolute_equal_gate_stratum_profile,qBIG,Entropy reduction,1.0,40,recommendation_grid_distance,1.532805391858033,0.026875144853816264,1.9647293909876649,1.4800030048766895,1.5856077788393768,500,secondary_non_brier_zero_guard,0.0,0.0,0.0,1.4800030048766895,1.5856077788393768,True,False,True,positive,,,
absolute,absolute_equal_gate_stratum_profile,qBIG,Entropy reduction,1.0,40,true_recommended_efficacy,7.23590802734375,0.10817419455077375,1.9647293909876649,7.023375007963427,7.4484410467240725,500,secondary_non_brier_zero_guard,0.0,0.0,0.0,7.023375007963427,7.4484410467240725,True,False,True,positive,,,
absolute,absolute_equal_gate_stratum_profile,qBIG,Entropy reduction,1.0,40,final_gate_size,8.3565,0.20468477523848436,1.9647293909876649,7.954349806201246,8.758650193798754,500,secondary_non_brier_zero_guard,0.0,0.0,0.0,7.954349806201246,8.758650193798754,True,False,True,positive,,,
absolute,absolute_equal_gate_stratum_profile,qBIG,Entropy reduction,1.0,40,final_empty_gate_pct,1.5,0.34747875181934773,1.9647293909876649,0.817298283556819,2.182701716443181,500,secondary_non_brier_zero_guard,0.0,0.0,0.0,0.817298283556819,2.182701716443181,True,False,True,positive,,,
absolute,absolute_equal_gate_stratum_profile,qBIG,Entropy reduction,1.0,40,false_admissions,1.1105,0.09861683456753334,1.9647293909876649,0.9167446066789989,1.304255393321001,500,secondary_non_brier_zero_guard,0.0,0.0,0.0,0.9167446066789989,1.304255393321001,True,False,True,positive,,,
absolute,absolute_equal_gate_stratum_profile,qBIG,Entropy reduction,1.0,40,feasible_dose_recall_pct,52.48352272727272,0.9833584197012223,1.9647293909876649,50.55148953821055,54.415555916334895,500,secondary_non_brier_zero_guard,0.0,0.0,0.0,50.55148953821055,54.415555916334895,True,False,True,positive,,,
absolute,absolute_equal_gate_stratum_profile,qBIG,Entropy reduction,1.0,80,terminal_true_boundary_exceedance_pct,5.5,0.6483368579393936,1.9647293909876649,4.226193519945879,6.773806480054121,500,secondary_non_brier_zero_guard,0.0,0.0,0.0,4.226193519945879,6.773806480054121,True,False,True,positive,,,
absolute,absolute_equal_gate_stratum_profile,qBIG,Entropy reduction,1.0,80,above_boundary_assignment_count,11.087,0.26664594901150945,1.9647293909876649,10.56311286698929,11.61088713301071,500,secondary_non_brier_zero_guard,0.0,0.0,0.0,10.56311286698929,11.61088713301071,True,False,True,positive,,,
absolute,absolute_equal_gate_stratum_profile,qBIG,Entropy reduction,1.0,80,above_boundary_assignment_pct,13.85875,0.33330743626438675,1.9647293909876649,13.203891083736613,14.513608916263388,500,secondary_non_brier_zero_guard,0.0,0.0,0.0,13.203891083736613,14.513608916263388,True,False,True,positive,,,
absolute,absolute_equal_gate_stratum_profile,qBIG,Entropy reduction,1.0,80,post_initialization_above_boundary_assignment_pct,12.557894736842107,0.3497313542738313,1.9647293909876649,11.870767266150391,13.245022207533822,500,secondary_non_brier_zero_guard,0.0,0.0,0.0,11.870767266150391,13.245022207533822,True,False,True,positive,,,
absolute,absolute_equal_gate_stratum_profile,qBIG,Entropy reduction,1.0,80,terminal_target_exclusion_pct,71.5,1.3072558417048066,1.9647293909876649,68.93159602626224,74.06840397373776,500,secondary_non_brier_zero_guard,0.0,0.0,0.0,68.93159602626224,74.06840397373776,True,False,True,positive,,,
absolute,absolute_equal_gate_stratum_profile,qBIG,Entropy reduction,1.0,80,target_ever_admitted_pct,71.15,1.4924173743422033,1.9647293909876649,68.21780372100923,74.08219627899078,500,secondary_non_brier_zero_guard,0.0,0.0,0.0,68.21780372100923,74.08219627899078,True,False,True,positive,,,
absolute,absolute_equal_gate_stratum_profile,qBIG,Entropy reduction,1.0,80,target_finally_admitted_pct,28.5,1.3072558417048066,1.9647293909876649,25.93159602626225,31.06840397373775,500,secondary_non_brier_zero_guard,0.0,0.0,0.0,25.93159602626225,31.06840397373775,True,False,True,positive,,,
absolute,absolute_equal_gate_stratum_profile,qBIG,Entropy reduction,1.0,80,target_never_admitted_pct,28.85,1.4924173743422033,1.9647293909876649,25.917803721009236,31.782196278990767,500,secondary_non_brier_zero_guard,0.0,0.0,0.0,25.917803721009236,31.782196278990767,True,False,True,positive,,,
absolute,absolute_equal_gate_stratum_profile,qBIG,Entropy reduction,1.0,80,target_admitted_then_excluded_pct,42.65,1.4029938644082283,1.9647293909876649,39.89349671922179,45.40650328077821,500,secondary_non_brier_zero_guard,0.0,0.0,0.0,39.89349671922179,45.40650328077821,True,False,True,positive,,,
absolute,absolute_equal_gate_stratum_profile,qBIG,Entropy reduction,1.0,80,target_exclusion_occupancy_pct,68.76153846153846,1.2078046835766123,1.9647293909876649,66.38852910114294,71.13454782193399,500,secondary_non_brier_zero_guard,0.0,0.0,0.0,66.38852910114294,71.13454782193399,True,False,True,positive,,,
absolute,absolute_equal_gate_stratum_profile,qBIG,Entropy reduction,1.0,80,target_terminal_exclusion_run_fraction_pct,56.4,1.3224804857193475,1.9647293909876649,53.80168372069955,58.99831627930045,500,secondary_non_brier_zero_guard,0.0,0.0,0.0,53.80168372069955,58.99831627930045,True,False,True,positive,,,
absolute,absolute_equal_gate_stratum_profile,qBIG,Entropy reduction,1.0,80,target_recovered_after_preterminal_exclusion_pct,19.4,0.9920929880782284,1.9647293909876649,17.450805747729927,21.34919425227007,500,secondary_non_brier_zero_guard,0.0,0.0,0.0,17.450805747729927,21.34919425227007,True,False,True,positive,,,
absolute,absolute_equal_gate_stratum_profile,qBIG,Entropy reduction,1.0,80,target_admitted_but_not_selected_pct,9.35,0.9297224142372121,1.9647293909876649,7.523347047288141,11.176652952711859,500,secondary_non_brier_zero_guard,0.0,0.0,0.0,7.523347047288141,11.176652952711859,True,False,True,positive,,,
absolute,absolute_equal_gate_stratum_profile,qBIG,Entropy reduction,1.0,80,panel_brier_score_pct,14.408081483807404,0.3403498444337512,1.9647293909876649,13.739386141230334,15.076776826384474,500,secondary_absolute_panel_brier_snapshot,2.9802322387695312e-06,1.334135177838341e-07,3.2423536983144856e-06,13.739382898876636,15.076780068738172,True,False,True,positive,,,
absolute,absolute_equal_gate_stratum_profile,qBIG,Entropy reduction,1.0,80,latent_95_interval_coverage_pct,86.646,0.7753629753134811,1.9647293909876649,85.12262157371796,88.16937842628204,500,secondary_non_brier_zero_guard,0.0,0.0,0.0,85.12262157371796,88.16937842628204,True,False,True,positive,,,
absolute,absolute_equal_gate_stratum_profile,qBIG,Entropy reduction,1.0,80,target_latent_95_interval_coverage_pct,92.5,0.905062581567212,1.9647293909876649,90.72179694531172,94.27820305468828,500,secondary_non_brier_zero_guard,0.0,0.0,0.0,90.72179694531172,94.27820305468828,True,False,True,positive,,,
absolute,absolute_equal_gate_stratum_profile,qBIG,Entropy reduction,1.0,80,mean_latent_95_interval_width,2.428708221413332,0.04088938048379354,1.9647293909876649,2.348371653797545,2.5090447890291188,500,secondary_non_brier_zero_guard,0.0,0.0,0.0,2.348371653797545,2.5090447890291188,True,False,True,positive,,,
absolute,absolute_equal_gate_stratum_profile,qBIG,Entropy reduction,1.0,80,panel_correct_selection_pct,19.2,0.9897875321084999,1.9647293909876649,17.255335344833284,21.144664655166714,500,secondary_non_brier_zero_guard,0.0,0.0,0.0,17.255335344833284,21.144664655166714,True,False,True,positive,,,
absolute,absolute_equal_gate_stratum_profile,qBIG,Entropy reduction,1.0,80,recommendation_grid_distance,1.3457605443198084,0.02821780293723769,1.9647293909876649,1.2903201975399194,1.4012008910996974,500,secondary_non_brier_zero_guard,0.0,0.0,0.0,1.2903201975399194,1.4012008910996974,True,False,True,positive,,,
absolute,absolute_equal_gate_stratum_profile,qBIG,Entropy reduction,1.0,80,true_recommended_efficacy,7.33739560546875,0.0965304266955997,1.9647293909876649,7.147739439015325,7.527051771922174,500,secondary_non_brier_zero_guard,0.0,0.0,0.0,7.147739439015325,7.527051771922174,True,False,True,positive,,,
absolute,absolute_equal_gate_stratum_profile,qBIG,Entropy reduction,1.0,80,final_gate_size,8.1245,0.1849639771568815,1.9647293909876649,7.761095837805903,8.487904162194095,500,secondary_non_brier_zero_guard,0.0,0.0,0.0,7.761095837805903,8.487904162194095,True,False,True,positive,,,
absolute,absolute_equal_gate_stratum_profile,qBIG,Entropy reduction,1.0,80,final_empty_gate_pct,0.55,0.17877057318158193,1.9647293909876649,0.1987642006264348,0.9012357993735653,500,secondary_non_brier_zero_guard,0.0,0.0,0.0,0.1987642006264348,0.9012357993735653,True,False,True,positive,,,
absolute,absolute_equal_gate_stratum_profile,qBIG,Entropy reduction,1.0,80,false_admissions,0.5675,0.09198401828164758,1.9647293909876649,0.38677629578090034,0.7482237042190997,500,secondary_non_brier_zero_guard,0.0,0.0,0.0,0.38677629578090034,0.7482237042190997,True,False,True,positive,,,
absolute,absolute_equal_gate_stratum_profile,qBIG,Entropy reduction,1.0,80,feasible_dose_recall_pct,54.94289772727273,0.9349171875059897,1.9647293909876649,53.10603845084019,56.77975700370527,500,secondary_non_brier_zero_guard,0.0,0.0,0.0,53.10603845084019,56.77975700370527,True,False,True,positive,,,
absolute,absolute_equal_gate_stratum_profile,qBIG,Entropy reduction,2.0,20,terminal_true_boundary_exceedance_pct,37.5,1.4634833675632493,1.9647293909876649,34.62465121452688,40.37534878547312,500,secondary_non_brier_zero_guard,0.0,0.0,0.0,34.62465121452688,40.37534878547312,True,False,True,positive,,,
absolute,absolute_equal_gate_stratum_profile,qBIG,Entropy reduction,2.0,20,above_boundary_assignment_count,4.553,0.12709716510905156,1.9647293909876649,4.303288464199034,4.802711535800966,500,secondary_non_brier_zero_guard,0.0,0.0,0.0,4.303288464199034,4.802711535800966,True,False,True,positive,,,
absolute,absolute_equal_gate_stratum_profile,qBIG,Entropy reduction,2.0,20,above_boundary_assignment_pct,22.765,0.6354858255452578,1.9647293909876649,21.51644232099517,24.01355767900483,500,secondary_non_brier_zero_guard,0.0,0.0,0.0,21.51644232099517,24.01355767900483,True,False,True,positive,,,
absolute,absolute_equal_gate_stratum_profile,qBIG,Entropy reduction,2.0,20,post_initialization_above_boundary_assignment_pct,18.8125,0.752152264210588,1.9647293909876649,17.33472434000754,20.29027565999246,500,secondary_non_brier_zero_guard,0.0,0.0,0.0,17.33472434000754,20.29027565999246,True,False,True,positive,,,
absolute,absolute_equal_gate_stratum_profile,qBIG,Entropy reduction,2.0,20,terminal_target_exclusion_pct,29.8,1.4028028056084167,1.9647293909876649,27.04387209806119,32.556127901938815,500,secondary_non_brier_zero_guard,0.0,0.0,0.0,27.04387209806119,32.556127901938815,True,False,True,positive,,,
absolute,absolute_equal_gate_stratum_profile,qBIG,Entropy reduction,2.0,20,target_ever_admitted_pct,88.65,1.1123532079868503,1.9647293909876649,86.46452695910882,90.83547304089119,500,secondary_non_brier_zero_guard,0.0,0.0,0.0,86.46452695910882,90.83547304089119,True,False,True,positive,,,
absolute,absolute_equal_gate_stratum_profile,qBIG,Entropy reduction,2.0,20,target_finally_admitted_pct,70.2,1.4028028056084167,1.9647293909876649,67.44387209806119,72.95612790193881,500,secondary_non_brier_zero_guard,0.0,0.0,0.0,67.44387209806119,72.95612790193881,True,False,True,positive,,,
absolute,absolute_equal_gate_stratum_profile,qBIG,Entropy reduction,2.0,20,target_never_admitted_pct,11.35,1.1123532079868506,1.9647293909876649,9.16452695910882,13.53547304089118,500,secondary_non_brier_zero_guard,0.0,0.0,0.0,9.16452695910882,13.53547304089118,True,False,True,positive,,,
absolute,absolute_equal_gate_stratum_profile,qBIG,Entropy reduction,2.0,20,target_admitted_then_excluded_pct,18.45,1.1041436802033808,1.9647293909876649,16.280656459631132,20.619343540368867,500,secondary_non_brier_zero_guard,0.0,0.0,0.0,16.280656459631132,20.619343540368867,True,False,True,positive,,,
absolute,absolute_equal_gate_stratum_profile,qBIG,Entropy reduction,2.0,20,target_exclusion_occupancy_pct,31.23333333333333,1.2823443709770364,1.9647293909876649,28.713873658307158,33.752793008359504,500,secondary_non_brier_zero_guard,0.0,0.0,0.0,28.713873658307158,33.752793008359504,True,False,True,positive,,,
absolute,absolute_equal_gate_stratum_profile,qBIG,Entropy reduction,2.0,20,target_terminal_exclusion_run_fraction_pct,18.444444444444446,1.1561405521274368,1.9647293909876649,16.172941121566964,20.71594776732193,500,secondary_non_brier_zero_guard,0.0,0.0,0.0,16.172941121566964,20.71594776732193,True,False,True,positive,,,
absolute,absolute_equal_gate_stratum_profile,qBIG,Entropy reduction,2.0,20,target_recovered_after_preterminal_exclusion_pct,29.6,1.3716569854637648,1.9647293909876649,26.905065206305803,32.2949347936942,500,secondary_non_brier_zero_guard,0.0,0.0,0.0,26.905065206305803,32.2949347936942,True,False,True,positive,,,
absolute,absolute_equal_gate_stratum_profile,qBIG,Entropy reduction,2.0,20,target_admitted_but_not_selected_pct,61.2,1.5211007510976975,1.9647293909876649,58.211448647664945,64.18855135233507,500,secondary_non_brier_zero_guard,0.0,0.0,0.0,58.211448647664945,64.18855135233507,True,False,True,positive,,,
absolute,absolute_equal_gate_stratum_profile,qBIG,Entropy reduction,2.0,20,panel_brier_score_pct,36.42677424075899,0.39338724849255813,1.9647293909876649,35.65387475160589,37.199673729912085,500,secondary_absolute_panel_brier_snapshot,2.9802322387695312e-06,1.334135177838341e-07,3.2423536983144856e-06,35.65387150925219,37.199676972265785,True,False,True,positive,,,
absolute,absolute_equal_gate_stratum_profile,qBIG,Entropy reduction,2.0,20,latent_95_interval_coverage_pct,29.74,1.1498718234746172,1.9647293909876649,27.480813032550838,31.99918696744916,500,secondary_non_brier_zero_guard,0.0,0.0,0.0,27.480813032550838,31.99918696744916,True,False,True,positive,,,
absolute,absolute_equal_gate_stratum_profile,qBIG,Entropy reduction,2.0,20,target_latent_95_interval_coverage_pct,52.95,1.689913196950202,1.9647293909876649,49.629777873734014,56.27022212626599,500,secondary_non_brier_zero_guard,0.0,0.0,0.0,49.629777873734014,56.27022212626599,True,False,True,positive,,,
absolute,absolute_equal_gate_stratum_profile,qBIG,Entropy reduction,2.0,20,mean_latent_95_interval_width,1.2151992416151516,0.04729249852726306,1.9647293909876649,1.122282279785397,1.308116203444906,500,secondary_non_brier_zero_guard,0.0,0.0,0.0,1.122282279785397,1.308116203444906,True,False,True,positive,,,
absolute,absolute_equal_gate_stratum_profile,qBIG,Entropy reduction,2.0,20,panel_correct_selection_pct,9.25,0.8201953675081098,1.9647293909876649,7.638538055104887,10.861461944895112,500,secondary_non_brier_zero_guard,0.0,0.0,0.0,7.638538055104887,10.861461944895112,True,False,True,positive,,,
absolute,absolute_equal_gate_stratum_profile,qBIG,Entropy reduction,2.0,20,recommendation_grid_distance,1.746202436381312,0.03012999266105103,1.9647293909876649,1.6870051542499025,1.8053997185127215,500,secondary_non_brier_zero_guard,0.0,0.0,0.0,1.6870051542499025,1.8053997185127215,True,False,True,positive,,,
absolute,absolute_equal_gate_stratum_profile,qBIG,Entropy reduction,2.0,20,true_recommended_efficacy,8.679478144531249,0.14699411014006264,1.9647293909876649,8.39067449603699,8.968281793025508,500,secondary_non_brier_zero_guard,0.0,0.0,0.0,8.39067449603699,8.968281793025508,True,False,True,positive,,,
absolute,absolute_equal_gate_stratum_profile,qBIG,Entropy reduction,2.0,20,final_gate_size,17.817,0.31945833728127526,1.9647293909876649,17.189350815547428,18.444649184452572,500,secondary_non_brier_zero_guard,0.0,0.0,0.0,17.189350815547428,18.444649184452572,True,False,True,positive,,,
absolute,absolute_equal_gate_stratum_profile,qBIG,Entropy reduction,2.0,20,final_empty_gate_pct,9.65,0.8530594474253732,1.9647293909876649,7.973969031383673,11.326030968616328,500,secondary_non_brier_zero_guard,0.0,0.0,0.0,7.973969031383673,11.326030968616328,True,False,True,positive,,,
absolute,absolute_equal_gate_stratum_profile,qBIG,Entropy reduction,2.0,20,false_admissions,7.408,0.17172376102392004,1.9647293909876649,7.070609279585363,7.745390720414638,500,secondary_non_brier_zero_guard,0.0,0.0,0.0,7.070609279585363,7.745390720414638,True,False,True,positive,,,
absolute,absolute_equal_gate_stratum_profile,qBIG,Entropy reduction,2.0,20,feasible_dose_recall_pct,74.68409090909091,1.1867888758001985,1.9647293909876649,72.35237192390905,77.01580989427278,500,secondary_non_brier_zero_guard,0.0,0.0,0.0,72.35237192390905,77.01580989427278,True,False,True,positive,,,
absolute,absolute_equal_gate_stratum_profile,qBIG,Entropy reduction,2.0,40,terminal_true_boundary_exceedance_pct,36.0,1.3971055105521666,1.9647293909876649,33.25506574110733,38.74493425889267,500,secondary_non_brier_zero_guard,0.0,0.0,0.0,33.25506574110733,38.74493425889267,True,False,True,positive,,,
absolute,absolute_equal_gate_stratum_profile,qBIG,Entropy reduction,2.0,40,above_boundary_assignment_count,7.23,0.21143701478796206,1.9647293909876649,6.814583482703398,7.645416517296603,500,secondary_non_brier_zero_guard,0.0,0.0,0.0,6.814583482703398,7.645416517296603,True,False,True,positive,,,
absolute,absolute_equal_gate_stratum_profile,qBIG,Entropy reduction,2.0,40,above_boundary_assignment_pct,18.075,0.5285925369699052,1.9647293909876649,17.03645870675849,19.113541293241507,500,secondary_non_brier_zero_guard,0.0,0.0,0.0,17.03645870675849,19.113541293241507,True,False,True,positive,,,
absolute,absolute_equal_gate_stratum_profile,qBIG,Entropy reduction,2.0,40,post_initialization_above_boundary_assignment_pct,15.79722222222222,0.5691056717496804,1.9647293909876649,14.679083582357846,16.915360862086597,500,secondary_non_brier_zero_guard,0.0,0.0,0.0,14.679083582357846,16.915360862086597,True,False,True,positive,,,
absolute,absolute_equal_gate_stratum_profile,qBIG,Entropy reduction,2.0,40,terminal_target_exclusion_pct,31.25,1.4047496728195286,1.9647293909876649,28.490047030831168,34.009952969168836,500,secondary_non_brier_zero_guard,0.0,0.0,0.0,28.490047030831168,34.009952969168836,True,False,True,positive,,,
absolute,absolute_equal_gate_stratum_profile,qBIG,Entropy reduction,2.0,40,target_ever_admitted_pct,91.15,0.9657745290085897,1.9647293909876649,89.25251439778955,93.04748560221046,500,secondary_non_brier_zero_guard,0.0,0.0,0.0,89.25251439778955,93.04748560221046,True,False,True,positive,,,
absolute,absolute_equal_gate_stratum_profile,qBIG,Entropy reduction,2.0,40,target_finally_admitted_pct,68.75,1.4047496728195286,1.9647293909876649,65.99004703083116,71.50995296916884,500,secondary_non_brier_zero_guard,0.0,0.0,0.0,65.99004703083116,71.50995296916884,True,False,True,positive,,,
absolute,absolute_equal_gate_stratum_profile,qBIG,Entropy reduction,2.0,40,target_never_admitted_pct,8.85,0.96577452900859,1.9647293909876649,6.952514397789554,10.747485602210446,500,secondary_non_brier_zero_guard,0.0,0.0,0.0,6.952514397789554,10.747485602210446,True,False,True,positive,,,
absolute,absolute_equal_gate_stratum_profile,qBIG,Entropy reduction,2.0,40,target_admitted_then_excluded_pct,22.4,1.161541371072691,1.9647293909876649,20.117885529405374,24.682114470594623,500,secondary_non_brier_zero_guard,0.0,0.0,0.0,20.117885529405374,24.682114470594623,True,False,True,positive,,,
absolute,absolute_equal_gate_stratum_profile,qBIG,Entropy reduction,2.0,40,target_exclusion_occupancy_pct,30.6,1.222347140132441,1.9647293909876649,28.198418647792078,33.00158135220793,500,secondary_non_brier_zero_guard,0.0,0.0,0.0,28.198418647792078,33.00158135220793,True,False,True,positive,,,
absolute,absolute_equal_gate_stratum_profile,qBIG,Entropy reduction,2.0,40,target_terminal_exclusion_run_fraction_pct,17.59736842105263,1.047295110008012,1.9647293909876649,15.539716937382227,19.65501990472303,500,secondary_non_brier_zero_guard,0.0,0.0,0.0,15.539716937382227,19.65501990472303,True,False,True,positive,,,
absolute,absolute_equal_gate_stratum_profile,qBIG,Entropy reduction,2.0,40,target_recovered_after_preterminal_exclusion_pct,31.25,1.3520469896139884,1.9647293909876649,28.593593541509,33.906406458491,500,secondary_non_brier_zero_guard,0.0,0.0,0.0,28.593593541509,33.906406458491,True,False,True,positive,,,
absolute,absolute_equal_gate_stratum_profile,qBIG,Entropy reduction,2.0,40,target_admitted_but_not_selected_pct,58.45,1.4879930263589898,1.9647293909876649,55.52649636752781,61.37350363247219,500,secondary_non_brier_zero_guard,0.0,0.0,0.0,55.52649636752781,61.37350363247219,True,False,True,positive,,,
absolute,absolute_equal_gate_stratum_profile,qBIG,Entropy reduction,2.0,40,panel_brier_score_pct,33.67542324391959,0.42573885224354246,1.9647293909876649,32.83896160803135,34.51188487980783,500,secondary_absolute_panel_brier_snapshot,2.9802322387695312e-06,1.334135177838341e-07,3.2423536983144856e-06,32.83895836567765,34.51188812216153,True,False,True,positive,,,
absolute,absolute_equal_gate_stratum_profile,qBIG,Entropy reduction,2.0,40,latent_95_interval_coverage_pct,37.558,1.2974606275954275,1.9647293909876649,35.008840971313965,40.107159028686034,500,secondary_non_brier_zero_guard,0.0,0.0,0.0,35.008840971313965,40.107159028686034,True,False,True,positive,,,
absolute,absolute_equal_gate_stratum_profile,qBIG,Entropy reduction,2.0,40,target_latent_95_interval_coverage_pct,60.8,1.6859432996454058,1.9647293909876649,57.487577647647946,64.11242235235206,500,secondary_non_brier_zero_guard,0.0,0.0,0.0,57.487577647647946,64.11242235235206,True,False,True,positive,,,
absolute,absolute_equal_gate_stratum_profile,qBIG,Entropy reduction,2.0,40,mean_latent_95_interval_width,1.4105183154611458,0.048739900381848736,1.9647293909876649,1.3147576006671167,1.506279030255175,500,secondary_non_brier_zero_guard,0.0,0.0,0.0,1.3147576006671167,1.506279030255175,True,False,True,positive,,,
absolute,absolute_equal_gate_stratum_profile,qBIG,Entropy reduction,2.0,40,panel_correct_selection_pct,10.75,0.8262811149735444,1.9647293909876649,9.12658120819342,12.37341879180658,500,secondary_non_brier_zero_guard,0.0,0.0,0.0,9.12658120819342,12.37341879180658,True,False,True,positive,,,
absolute,absolute_equal_gate_stratum_profile,qBIG,Entropy reduction,2.0,40,recommendation_grid_distance,1.645929895768767,0.028439814103500792,1.9647293909876649,1.5900533571253934,1.7018064344121404,500,secondary_non_brier_zero_guard,0.0,0.0,0.0,1.5900533571253934,1.7018064344121404,True,False,True,positive,,,
absolute,absolute_equal_gate_stratum_profile,qBIG,Entropy reduction,2.0,40,true_recommended_efficacy,8.90172458984375,0.14725818599362103,1.9647293909876649,8.612402103758555,9.191047075928946,500,secondary_non_brier_zero_guard,0.0,0.0,0.0,8.612402103758555,9.191047075928946,True,False,True,positive,,,
absolute,absolute_equal_gate_stratum_profile,qBIG,Entropy reduction,2.0,40,final_gate_size,17.2855,0.2908236343087423,1.9647293909876649,16.714110258079764,17.856889741920234,500,secondary_non_brier_zero_guard,0.0,0.0,0.0,16.714110258079764,17.856889741920234,True,False,True,positive,,,
absolute,absolute_equal_gate_stratum_profile,qBIG,Entropy reduction,2.0,40,final_empty_gate_pct,2.25,0.36419813365958126,1.9647293909876649,1.5344492226561668,2.965550777343833,500,secondary_non_brier_zero_guard,0.0,0.0,0.0,1.5344492226561668,2.965550777343833,True,False,True,positive,,,
absolute,absolute_equal_gate_stratum_profile,qBIG,Entropy reduction,2.0,40,false_admissions,6.6925,0.16974912970047337,1.9647293909876649,6.358988895782903,7.026011104217097,500,secondary_non_brier_zero_guard,0.0,0.0,0.0,6.358988895782903,7.026011104217097,True,False,True,positive,,,
absolute,absolute_equal_gate_stratum_profile,qBIG,Entropy reduction,2.0,40,feasible_dose_recall_pct,76.59261363636364,0.9954157759910319,1.9647293909876649,74.63689100502127,78.548336267706,500,secondary_non_brier_zero_guard,0.0,0.0,0.0,74.63689100502127,78.548336267706,True,False,True,positive,,,
absolute,absolute_equal_gate_stratum_profile,qBIG,Entropy reduction,2.0,80,terminal_true_boundary_exceedance_pct,32.3,1.310287643006233,1.9647293909876649,29.7256393571377,34.8743606428623,500,secondary_non_brier_zero_guard,0.0,0.0,0.0,29.7256393571377,34.8743606428623,True,False,True,positive,,,
absolute,absolute_equal_gate_stratum_profile,qBIG,Entropy reduction,2.0,80,above_boundary_assignment_count,12.443,0.37125754717266735,1.9647293909876649,11.71357938544387,13.17242061455613,500,secondary_non_brier_zero_guard,0.0,0.0,0.0,11.71357938544387,13.17242061455613,True,False,True,positive,,,
absolute,absolute_equal_gate_stratum_profile,qBIG,Entropy reduction,2.0,80,above_boundary_assignment_pct,15.55375,0.4640719339658341,1.9647293909876649,14.64197423180484,16.46552576819516,500,secondary_non_brier_zero_guard,0.0,0.0,0.0,14.64197423180484,16.46552576819516,True,False,True,positive,,,
absolute,absolute_equal_gate_stratum_profile,qBIG,Entropy reduction,2.0,80,post_initialization_above_boundary_assignment_pct,14.342105263157894,0.48132656469501334,1.9647293909876649,13.396428814838476,15.287781711477312,500,secondary_non_brier_zero_guard,0.0,0.0,0.0,13.396428814838476,15.287781711477312,True,False,True,positive,,,
absolute,absolute_equal_gate_stratum_profile,qBIG,Entropy reduction,2.0,80,terminal_target_exclusion_pct,33.85,1.3891416158396939,1.9647293909876649,31.12071263911566,36.579287360884344,500,secondary_non_brier_zero_guard,0.0,0.0,0.0,31.12071263911566,36.579287360884344,True,False,True,positive,,,
absolute,absolute_equal_gate_stratum_profile,qBIG,Entropy reduction,2.0,80,target_ever_admitted_pct,92.35,0.8955775333473217,1.9647293909876649,90.59043249832428,94.10956750167571,500,secondary_non_brier_zero_guard,0.0,0.0,0.0,90.59043249832428,94.10956750167571,True,False,True,positive,,,
absolute,absolute_equal_gate_stratum_profile,qBIG,Entropy reduction,2.0,80,target_finally_admitted_pct,66.15,1.3891416158396939,1.9647293909876649,63.42071263911566,68.87928736088435,500,secondary_non_brier_zero_guard,0.0,0.0,0.0,63.42071263911566,68.87928736088435,True,False,True,positive,,,
absolute,absolute_equal_gate_stratum_profile,qBIG,Entropy reduction,2.0,80,target_never_admitted_pct,7.65,0.8955775333473214,1.9647293909876649,5.890432498324283,9.409567501675719,500,secondary_non_brier_zero_guard,0.0,0.0,0.0,5.890432498324283,9.409567501675719,True,False,True,positive,,,
absolute,absolute_equal_gate_stratum_profile,qBIG,Entropy reduction,2.0,80,target_admitted_then_excluded_pct,26.2,1.1916207114009385,1.9647293909876649,23.858787765400944,28.541212234599055,500,secondary_non_brier_zero_guard,0.0,0.0,0.0,23.858787765400944,28.541212234599055,True,False,True,positive,,,
absolute,absolute_equal_gate_stratum_profile,qBIG,Entropy reduction,2.0,80,target_exclusion_occupancy_pct,31.953846153846154,1.206092410889824,1.9647293909876649,29.584200945923747,34.32349136176856,500,secondary_non_brier_zero_guard,0.0,0.0,0.0,29.584200945923747,34.32349136176856,True,False,True,positive,,,
absolute,absolute_equal_gate_stratum_profile,qBIG,Entropy reduction,2.0,80,target_terminal_exclusion_run_fraction_pct,18.614102564102563,1.0353328805339286,1.9647293909876649,16.579953624261634,20.64825150394349,500,secondary_non_brier_zero_guard,0.0,0.0,0.0,16.579953624261634,20.64825150394349,True,False,True,positive,,,
absolute,absolute_equal_gate_stratum_profile,qBIG,Entropy reduction,2.0,80,target_recovered_after_preterminal_exclusion_pct,31.4,1.2831105741482227,1.9647293909876649,28.87903494308393,33.92096505691607,500,secondary_non_brier_zero_guard,0.0,0.0,0.0,28.87903494308393,33.92096505691607,True,False,True,positive,,,
absolute,absolute_equal_gate_stratum_profile,qBIG,Entropy reduction,2.0,80,target_admitted_but_not_selected_pct,51.3,1.5480351500050966,1.9647293909876649,48.25852984250299,54.34147015749701,500,secondary_non_brier_zero_guard,0.0,0.0,0.0,48.25852984250299,54.34147015749701,True,False,True,positive,,,
absolute,absolute_equal_gate_stratum_profile,qBIG,Entropy reduction,2.0,80,panel_brier_score_pct,29.74344386576095,0.4762845956142655,1.9647293909876649,28.807673522282926,30.67921420923897,500,secondary_absolute_panel_brier_snapshot,2.9802322387695312e-06,1.334135177838341e-07,3.2423536983144856e-06,28.807670279929226,30.67921745159267,True,False,True,positive,,,
absolute,absolute_equal_gate_stratum_profile,qBIG,Entropy reduction,2.0,80,latent_95_interval_coverage_pct,43.7,1.3672244165499754,1.9647293909876649,41.013774004728305,46.3862259952717,500,secondary_non_brier_zero_guard,0.0,0.0,0.0,41.013774004728305,46.3862259952717,True,False,True,positive,,,
absolute,absolute_equal_gate_stratum_profile,qBIG,Entropy reduction,2.0,80,target_latent_95_interval_coverage_pct,65.0,1.704644133901998,1.9647293909876649,61.65083556894803,68.34916443105197,500,secondary_non_brier_zero_guard,0.0,0.0,0.0,61.65083556894803,68.34916443105197,True,False,True,positive,,,
absolute,absolute_equal_gate_stratum_profile,qBIG,Entropy reduction,2.0,80,mean_latent_95_interval_width,1.4248393404583586,0.04676297806478924,1.9647293909876649,1.3329627430443556,1.5167159378723616,500,secondary_non_brier_zero_guard,0.0,0.0,0.0,1.3329627430443556,1.5167159378723616,True,False,True,positive,,,
absolute,absolute_equal_gate_stratum_profile,qBIG,Entropy reduction,2.0,80,panel_correct_selection_pct,14.95,0.925856046498415,1.9647293909876649,13.13094341362092,16.769056586379076,500,secondary_non_brier_zero_guard,0.0,0.0,0.0,13.13094341362092,16.769056586379076,True,False,True,positive,,,
absolute,absolute_equal_gate_stratum_profile,qBIG,Entropy reduction,2.0,80,recommendation_grid_distance,1.5206047499671294,0.029413900503429288,1.9647293909876649,1.462814395144455,1.5783951047898037,500,secondary_non_brier_zero_guard,0.0,0.0,0.0,1.462814395144455,1.5783951047898037,True,False,True,positive,,,
absolute,absolute_equal_gate_stratum_profile,qBIG,Entropy reduction,2.0,80,true_recommended_efficacy,9.088422910156249,0.13113885254763571,1.9647293909876649,8.830770552255512,9.346075268056985,500,secondary_non_brier_zero_guard,0.0,0.0,0.0,8.830770552255512,9.346075268056985,True,False,True,positive,,,
absolute,absolute_equal_gate_stratum_profile,qBIG,Entropy reduction,2.0,80,final_gate_size,16.232,0.27903417737669445,1.9647293909876649,15.683773350617942,16.780226649382055,500,secondary_non_brier_zero_guard,0.0,0.0,0.0,15.683773350617942,16.780226649382055,True,False,True,positive,,,
absolute,absolute_equal_gate_stratum_profile,qBIG,Entropy reduction,2.0,80,final_empty_gate_pct,0.7,0.21001956202426886,1.9647293909876649,0.2873683938085621,1.1126316061914379,500,secondary_non_brier_zero_guard,0.0,0.0,0.0,0.2873683938085621,1.1126316061914379,True,False,True,positive,,,
absolute,absolute_equal_gate_stratum_profile,qBIG,Entropy reduction,2.0,80,false_admissions,5.529,0.17621555505598072,1.9647293909876649,5.182784119832309,5.875215880167691,500,secondary_non_brier_zero_guard,0.0,0.0,0.0,5.182784119832309,5.875215880167691,True,False,True,positive,,,
absolute,absolute_equal_gate_stratum_profile,qBIG,Entropy reduction,2.0,80,feasible_dose_recall_pct,77.75170454545454,0.8933996454257759,1.9647293909876649,75.99641600418856,79.50699308672053,500,secondary_non_brier_zero_guard,0.0,0.0,0.0,75.99641600418856,79.50699308672053,True,False,True,positive,,,
absolute,absolute_equal_gate_stratum_profile,cEI,cEI,0.5,20,terminal_true_boundary_exceedance_pct,10.6,0.8785349436958038,1.9647293909876649,8.87391657511116,12.32608342488884,500,secondary_non_brier_zero_guard,0.0,0.0,0.0,8.87391657511116,12.32608342488884,True,False,True,positive,,,
absolute,absolute_equal_gate_stratum_profile,cEI,cEI,0.5,20,above_boundary_assignment_count,3.923,0.1318556552736943,1.9647293909876649,3.663939318715835,4.182060681284165,500,secondary_non_brier_zero_guard,0.0,0.0,0.0,3.663939318715835,4.182060681284165,True,False,True,positive,,,
absolute,absolute_equal_gate_stratum_profile,cEI,cEI,0.5,20,above_boundary_assignment_pct,19.615,0.6592782763684716,1.9647293909876649,18.319696593579174,20.910303406420823,500,secondary_non_brier_zero_guard,0.0,0.0,0.0,18.319696593579174,20.910303406420823,True,False,True,positive,,,
absolute,absolute_equal_gate_stratum_profile,cEI,cEI,0.5,20,post_initialization_above_boundary_assignment_pct,14.875,0.7757055260382335,1.9647293909876649,13.350948554241135,16.399051445758865,500,secondary_non_brier_zero_guard,0.0,0.0,0.0,13.350948554241135,16.399051445758865,True,False,True,positive,,,
absolute,absolute_equal_gate_stratum_profile,cEI,cEI,0.5,20,terminal_target_exclusion_pct,79.95,1.2171515582833814,1.9647293909876649,77.55862656015421,82.3413734398458,500,secondary_non_brier_zero_guard,0.0,0.0,0.0,77.55862656015421,82.3413734398458,True,False,True,positive,,,
absolute,absolute_equal_gate_stratum_profile,cEI,cEI,0.5,20,target_ever_admitted_pct,50.2,1.717795576687335,1.9647293909876649,46.82499654277379,53.57500345722622,500,secondary_non_brier_zero_guard,0.0,0.0,0.0,46.82499654277379,53.57500345722622,True,False,True,positive,,,
absolute,absolute_equal_gate_stratum_profile,cEI,cEI,0.5,20,target_finally_admitted_pct,20.05,1.2171515582833814,1.9647293909876649,17.658626560154204,22.441373439845798,500,secondary_non_brier_zero_guard,0.0,0.0,0.0,17.658626560154204,22.441373439845798,True,False,True,positive,,,
absolute,absolute_equal_gate_stratum_profile,cEI,cEI,0.5,20,target_never_admitted_pct,49.8,1.717795576687335,1.9647293909876649,46.42499654277378,53.17500345722621,500,secondary_non_brier_zero_guard,0.0,0.0,0.0,46.42499654277378,53.17500345722621,True,False,True,positive,,,
absolute,absolute_equal_gate_stratum_profile,cEI,cEI,0.5,20,target_admitted_then_excluded_pct,30.15,1.4400007654195246,1.9647293909876649,27.320788173135526,32.97921182686447,500,secondary_non_brier_zero_guard,0.0,0.0,0.0,27.320788173135526,32.97921182686447,True,False,True,positive,,,
absolute,absolute_equal_gate_stratum_profile,cEI,cEI,0.5,20,target_exclusion_occupancy_pct,75.55555555555556,1.1543040857002465,1.9647293909876649,73.28766039224314,77.82345071886797,500,secondary_non_brier_zero_guard,0.0,0.0,0.0,73.28766039224314,77.82345071886797,True,False,True,positive,,,
absolute,absolute_equal_gate_stratum_profile,cEI,cEI,0.5,20,target_terminal_exclusion_run_fraction_pct,68.49444444444444,1.3058630848212114,1.9647293909876649,65.92877686109038,71.0601120277985,500,secondary_non_brier_zero_guard,0.0,0.0,0.0,65.92877686109038,71.0601120277985,True,False,True,positive,,,
absolute,absolute_equal_gate_stratum_profile,cEI,cEI,0.5,20,target_recovered_after_preterminal_exclusion_pct,10.4,0.7936875202241239,1.9647293909876649,8.840618801755546,11.959381198244454,500,secondary_non_brier_zero_guard,0.0,0.0,0.0,8.840618801755546,11.959381198244454,True,False,True,positive,,,
absolute,absolute_equal_gate_stratum_profile,cEI,cEI,0.5,20,target_admitted_but_not_selected_pct,13.35,0.9813159337969843,1.9647293909876649,11.42197974302456,15.27802025697544,500,secondary_non_brier_zero_guard,0.0,0.0,0.0,11.42197974302456,15.27802025697544,True,False,True,positive,,,
absolute,absolute_equal_gate_stratum_profile,cEI,cEI,0.5,20,panel_brier_score_pct,23.551750511605174,0.2725590001418837,1.9647293909876649,23.016245833248206,24.087255189962143,500,secondary_absolute_panel_brier_snapshot,2.9802322387695312e-06,1.334135177838341e-07,3.2423536983144856e-06,23.016242590894507,24.087258432315842,True,False,True,positive,,,
absolute,absolute_equal_gate_stratum_profile,cEI,cEI,0.5,20,latent_95_interval_coverage_pct,79.346,0.6709462763974647,1.9647293909876649,78.02777213098817,80.66422786901184,500,secondary_non_brier_zero_guard,0.0,0.0,0.0,78.02777213098817,80.66422786901184,True,False,True,positive,,,
absolute,absolute_equal_gate_stratum_profile,cEI,cEI,0.5,20,target_latent_95_interval_coverage_pct,84.55,1.1102072420230742,1.9647293909876649,82.36874320150991,86.73125679849008,500,secondary_non_brier_zero_guard,0.0,0.0,0.0,82.36874320150991,86.73125679849008,True,False,True,positive,,,
absolute,absolute_equal_gate_stratum_profile,cEI,cEI,0.5,20,mean_latent_95_interval_width,3.5546821030382354,0.05475142804235099,1.9647293909876649,3.447110363164882,3.6622538429115887,500,secondary_non_brier_zero_guard,0.0,0.0,0.0,3.447110363164882,3.6622538429115887,True,False,True,positive,,,
absolute,absolute_equal_gate_stratum_profile,cEI,cEI,0.5,20,panel_correct_selection_pct,7.3,0.744667078711173,1.9647293909876649,5.836930703955233,8.763069296044765,500,secondary_non_brier_zero_guard,0.0,0.0,0.0,5.836930703955233,8.763069296044765,True,False,True,positive,,,
absolute,absolute_equal_gate_stratum_profile,cEI,cEI,0.5,20,recommendation_grid_distance,1.8071989023623194,0.02973086837007185,1.9647293909876649,1.7487857914560536,1.8656120132685852,500,secondary_non_brier_zero_guard,0.0,0.0,0.0,1.7487857914560536,1.8656120132685852,True,False,True,positive,,,
absolute,absolute_equal_gate_stratum_profile,cEI,cEI,0.5,20,true_recommended_efficacy,6.1178903515625,0.11288724420722374,1.9647293909876649,5.896097465000966,6.339683238124034,500,secondary_non_brier_zero_guard,0.0,0.0,0.0,5.896097465000966,6.339683238124034,True,False,True,positive,,,
absolute,absolute_equal_gate_stratum_profile,cEI,cEI,0.5,20,final_gate_size,5.671,0.19951222583218564,1.9647293909876649,5.279012466046137,6.062987533953864,500,secondary_non_brier_zero_guard,0.0,0.0,0.0,5.279012466046137,6.062987533953864,True,False,True,positive,,,
absolute,absolute_equal_gate_stratum_profile,cEI,cEI,0.5,20,final_empty_gate_pct,4.95,0.7138025133439306,1.9647293909876649,3.547571222672315,6.3524287773276855,500,secondary_non_brier_zero_guard,0.0,0.0,0.0,3.547571222672315,6.3524287773276855,True,False,True,positive,,,
absolute,absolute_equal_gate_stratum_profile,cEI,cEI,0.5,20,false_admissions,1.213,0.08415120230691536,1.9647293909876649,1.0476656595406544,1.3783343404593458,500,secondary_non_brier_zero_guard,0.0,0.0,0.0,1.0476656595406544,1.3783343404593458,True,False,True,positive,,,
absolute,absolute_equal_gate_stratum_profile,cEI,cEI,0.5,20,feasible_dose_recall_pct,32.04005681818182,0.9231190393528859,1.9647293909876649,30.226377710184902,33.85373592617873,500,secondary_non_brier_zero_guard,0.0,0.0,0.0,30.226377710184902,33.85373592617873,True,False,True,positive,,,
absolute,absolute_equal_gate_stratum_profile,cEI,cEI,0.5,40,terminal_true_boundary_exceedance_pct,5.2,0.575832585334197,1.9647293909876649,4.068644795305491,6.33135520469451,500,secondary_non_brier_zero_guard,0.0,0.0,0.0,4.068644795305491,6.33135520469451,True,False,True,positive,,,
absolute,absolute_equal_gate_stratum_profile,cEI,cEI,0.5,40,above_boundary_assignment_count,4.784,0.19332210134834424,1.9647293909876649,4.404174385553412,5.163825614446588,500,secondary_non_brier_zero_guard,0.0,0.0,0.0,4.404174385553412,5.163825614446588,True,False,True,positive,,,
absolute,absolute_equal_gate_stratum_profile,cEI,cEI,0.5,40,above_boundary_assignment_pct,11.96,0.48330525337086055,1.9647293909876649,11.01043596388353,12.909564036116471,500,secondary_non_brier_zero_guard,0.0,0.0,0.0,11.01043596388353,12.909564036116471,True,False,True,positive,,,
absolute,absolute_equal_gate_stratum_profile,cEI,cEI,0.5,40,post_initialization_above_boundary_assignment_pct,9.002777777777778,0.5202310441723144,1.9647293909876649,7.9806645551882305,10.024891000367326,500,secondary_non_brier_zero_guard,0.0,0.0,0.0,7.9806645551882305,10.024891000367326,True,False,True,positive,,,
absolute,absolute_equal_gate_stratum_profile,cEI,cEI,0.5,40,terminal_target_exclusion_pct,82.6,1.138891631498183,1.9647293909876649,80.36238613844561,84.83761386155437,500,secondary_non_brier_zero_guard,0.0,0.0,0.0,80.36238613844561,84.83761386155437,True,False,True,positive,,,
absolute,absolute_equal_gate_stratum_profile,cEI,cEI,0.5,40,target_ever_admitted_pct,52.2,1.691461523111991,1.9647293909876649,48.876735831817115,55.52326416818289,500,secondary_non_brier_zero_guard,0.0,0.0,0.0,48.876735831817115,55.52326416818289,True,False,True,positive,,,
absolute,absolute_equal_gate_stratum_profile,cEI,cEI,0.5,40,target_finally_admitted_pct,17.4,1.138891631498183,1.9647293909876649,15.162386138445626,19.63761386155437,500,secondary_non_brier_zero_guard,0.0,0.0,0.0,15.162386138445626,19.63761386155437,True,False,True,positive,,,
absolute,absolute_equal_gate_stratum_profile,cEI,cEI,0.5,40,target_never_admitted_pct,47.8,1.691461523111991,1.9647293909876649,44.47673583181711,51.123264168182885,500,secondary_non_brier_zero_guard,0.0,0.0,0.0,44.47673583181711,51.123264168182885,True,False,True,positive,,,
absolute,absolute_equal_gate_stratum_profile,cEI,cEI,0.5,40,target_admitted_then_excluded_pct,34.8,1.4550444352724194,1.9647293909876649,31.941231432827227,37.65876856717277,500,secondary_non_brier_zero_guard,0.0,0.0,0.0,31.941231432827227,37.65876856717277,True,False,True,positive,,,
absolute,absolute_equal_gate_stratum_profile,cEI,cEI,0.5,40,target_exclusion_occupancy_pct,78.73157894736843,1.080903143792084,1.9647293909876649,76.60789677194916,80.85526112278771,500,secondary_non_brier_zero_guard,0.0,0.0,0.0,76.60789677194916,80.85526112278771,True,False,True,positive,,,
absolute,absolute_equal_gate_stratum_profile,cEI,cEI,0.5,40,target_terminal_exclusion_run_fraction_pct,72.02631578947368,1.235809374349565,1.9647293909876649,69.59828479003102,74.45434678891635,500,secondary_non_brier_zero_guard,0.0,0.0,0.0,69.59828479003102,74.45434678891635,True,False,True,positive,,,
absolute,absolute_equal_gate_stratum_profile,cEI,cEI,0.5,40,target_recovered_after_preterminal_exclusion_pct,9.95,0.7750460584930232,1.9647293909876649,8.427244229509611,11.472755770490387,500,secondary_non_brier_zero_guard,0.0,0.0,0.0,8.427244229509611,11.472755770490387,True,False,True,positive,,,
absolute,absolute_equal_gate_stratum_profile,cEI,cEI,0.5,40,target_admitted_but_not_selected_pct,9.8,0.8714579036049367,1.9647293909876649,8.087821043778886,11.512178956221115,500,secondary_non_brier_zero_guard,0.0,0.0,0.0,8.087821043778886,11.512178956221115,True,False,True,positive,,,
absolute,absolute_equal_gate_stratum_profile,cEI,cEI,0.5,40,panel_brier_score_pct,22.381908137085514,0.24470566172854197,1.9647293909876649,21.901127731346364,22.862688542824664,500,secondary_absolute_panel_brier_snapshot,2.9802322387695312e-06,1.334135177838341e-07,3.2423536983144856e-06,21.901124488992664,22.862691785178363,True,False,True,positive,,,
absolute,absolute_equal_gate_stratum_profile,cEI,cEI,0.5,40,latent_95_interval_coverage_pct,81.176,0.5629172226883792,1.9647293909876649,80.070019987891,82.281980012109,500,secondary_non_brier_zero_guard,0.0,0.0,0.0,80.070019987891,82.281980012109,True,False,True,positive,,,
absolute,absolute_equal_gate_stratum_profile,cEI,cEI,0.5,40,target_latent_95_interval_coverage_pct,86.15,1.0469226782281378,1.9647293909876649,84.09308024399365,88.20691975600636,500,secondary_non_brier_zero_guard,0.0,0.0,0.0,84.09308024399365,88.20691975600636,True,False,True,positive,,,
absolute,absolute_equal_gate_stratum_profile,cEI,cEI,0.5,40,mean_latent_95_interval_width,3.548483380644455,0.051533011801379945,1.9647293909876649,3.44723495775217,3.6497318035367403,500,secondary_non_brier_zero_guard,0.0,0.0,0.0,3.44723495775217,3.6497318035367403,True,False,True,positive,,,
absolute,absolute_equal_gate_stratum_profile,cEI,cEI,0.5,40,panel_correct_selection_pct,7.9,0.7787122610895132,1.9647293909876649,6.370041133514974,9.429958866485027,500,secondary_non_brier_zero_guard,0.0,0.0,0.0,6.370041133514974,9.429958866485027,True,False,True,positive,,,
absolute,absolute_equal_gate_stratum_profile,cEI,cEI,0.5,40,recommendation_grid_distance,1.7360109811361921,0.029450843442015564,1.9647293909876649,1.6781480434362879,1.7938739188360964,500,secondary_non_brier_zero_guard,0.0,0.0,0.0,1.6781480434362879,1.7938739188360964,True,False,True,positive,,,
absolute,absolute_equal_gate_stratum_profile,cEI,cEI,0.5,40,true_recommended_efficacy,5.93831953125,0.0959859482247478,1.9647293909876649,5.749733117651018,6.126905944848983,500,secondary_non_brier_zero_guard,0.0,0.0,0.0,5.749733117651018,6.126905944848983,True,False,True,positive,,,
absolute,absolute_equal_gate_stratum_profile,cEI,cEI,0.5,40,final_gate_size,5.2035,0.17177729879341308,1.9647293909876649,4.866004092356111,5.540995907643889,500,secondary_non_brier_zero_guard,0.0,0.0,0.0,4.866004092356111,5.540995907643889,True,False,True,positive,,,
absolute,absolute_equal_gate_stratum_profile,cEI,cEI,0.5,40,final_empty_gate_pct,1.0,0.27956450530289156,1.9647293909876649,0.45073139975448206,1.5492686002455178,500,secondary_non_brier_zero_guard,0.0,0.0,0.0,0.45073139975448206,1.5492686002455178,True,False,True,positive,,,
absolute,absolute_equal_gate_stratum_profile,cEI,cEI,0.5,40,false_admissions,0.859,0.07013969742099417,1.9647293909876649,0.721194475001991,0.996805524998009,500,secondary_non_brier_zero_guard,0.0,0.0,0.0,0.721194475001991,0.996805524998009,True,False,True,positive,,,
absolute,absolute_equal_gate_stratum_profile,cEI,cEI,0.5,40,feasible_dose_recall_pct,31.310795454545456,0.8361033347992264,1.9647293909876649,29.668078658762617,32.953512250328295,500,secondary_non_brier_zero_guard,0.0,0.0,0.0,29.668078658762617,32.953512250328295,True,False,True,positive,,,
absolute,absolute_equal_gate_stratum_profile,cEI,cEI,0.5,80,terminal_true_boundary_exceedance_pct,3.3,0.4400081981382366,1.9647293909876649,2.4355029608422827,4.164497039157717,500,secondary_non_brier_zero_guard,0.0,0.0,0.0,2.4355029608422827,4.164497039157717,True,False,True,positive,,,
absolute,absolute_equal_gate_stratum_profile,cEI,cEI,0.5,80,above_boundary_assignment_count,5.407,0.2598475389280683,1.9647293909876649,4.896469903092213,5.917530096907787,500,secondary_non_brier_zero_guard,0.0,0.0,0.0,4.896469903092213,5.917530096907787,True,False,True,positive,,,
absolute,absolute_equal_gate_stratum_profile,cEI,cEI,0.5,80,above_boundary_assignment_pct,6.75875,0.3248094236600853,1.9647293909876649,6.120587378865266,7.396912621134734,500,secondary_non_brier_zero_guard,0.0,0.0,0.0,6.120587378865266,7.396912621134734,True,False,True,positive,,,
absolute,absolute_equal_gate_stratum_profile,cEI,cEI,0.5,80,post_initialization_above_boundary_assignment_pct,5.08421052631579,0.3357642151575263,1.9647293909876649,4.424524704353892,5.743896348277688,500,secondary_non_brier_zero_guard,0.0,0.0,0.0,4.424524704353892,5.743896348277688,True,False,True,positive,,,
absolute,absolute_equal_gate_stratum_profile,cEI,cEI,0.5,80,terminal_target_exclusion_pct,83.6,1.0603436505749582,1.9647293909876649,81.51671166516822,85.68328833483177,500,secondary_non_brier_zero_guard,0.0,0.0,0.0,81.51671166516822,85.68328833483177,True,False,True,positive,,,
absolute,absolute_equal_gate_stratum_profile,cEI,cEI,0.5,80,target_ever_admitted_pct,53.55,1.671191419773045,1.9647293909876649,50.26656109960549,56.833438900394505,500,secondary_non_brier_zero_guard,0.0,0.0,0.0,50.26656109960549,56.833438900394505,True,False,True,positive,,,
absolute,absolute_equal_gate_stratum_profile,cEI,cEI,0.5,80,target_finally_admitted_pct,16.4,1.0603436505749582,1.9647293909876649,14.316711665168224,18.483288334831773,500,secondary_non_brier_zero_guard,0.0,0.0,0.0,14.316711665168224,18.483288334831773,True,False,True,positive,,,
absolute,absolute_equal_gate_stratum_profile,cEI,cEI,0.5,80,target_never_admitted_pct,46.45,1.671191419773045,1.9647293909876649,43.166561099605495,49.73343890039451,500,secondary_non_brier_zero_guard,0.0,0.0,0.0,43.166561099605495,49.73343890039451,True,False,True,positive,,,
absolute,absolute_equal_gate_stratum_profile,cEI,cEI,0.5,80,target_admitted_then_excluded_pct,37.15,1.4938937167261088,1.9647293909876649,34.21490310773641,40.085096892263586,500,secondary_non_brier_zero_guard,0.0,0.0,0.0,34.21490310773641,40.085096892263586,True,False,True,positive,,,
absolute,absolute_equal_gate_stratum_profile,cEI,cEI,0.5,80,target_exclusion_occupancy_pct,80.98205128205129,1.0351504140918044,1.9647293909876649,78.94826083939206,83.01584172471051,500,secondary_non_brier_zero_guard,0.0,0.0,0.0,78.94826083939206,83.01584172471051,True,False,True,positive,,,
absolute,absolute_equal_gate_stratum_profile,cEI,cEI,0.5,80,target_terminal_exclusion_run_fraction_pct,75.5102564102564,1.1394753875116568,1.9647293909876649,73.27149562610519,77.74901719440761,500,secondary_non_brier_zero_guard,0.0,0.0,0.0,73.27149562610519,77.74901719440761,True,False,True,positive,,,
absolute,absolute_equal_gate_stratum_profile,cEI,cEI,0.5,80,target_recovered_after_preterminal_exclusion_pct,10.15,0.7730784569506529,1.9647293909876649,8.63111003408966,11.66888996591034,500,secondary_non_brier_zero_guard,0.0,0.0,0.0,8.63111003408966,11.66888996591034,True,False,True,positive,,,
absolute,absolute_equal_gate_stratum_profile,cEI,cEI,0.5,80,target_admitted_but_not_selected_pct,7.45,0.7088723439378911,1.9647293909876649,6.057257671406909,8.842742328593092,500,secondary_non_brier_zero_guard,0.0,0.0,0.0,6.057257671406909,8.842742328593092,True,False,True,positive,,,
absolute,absolute_equal_gate_stratum_profile,cEI,cEI,0.5,80,panel_brier_score_pct,21.9625123804994,0.24082638355554992,1.9647293909876649,21.489353706602543,22.43567105439626,500,secondary_absolute_panel_brier_snapshot,2.9802322387695312e-06,1.334135177838341e-07,3.2423536983144856e-06,21.489350464248844,22.43567429674996,True,False,True,positive,,,
absolute,absolute_equal_gate_stratum_profile,cEI,cEI,0.5,80,latent_95_interval_coverage_pct,81.556,0.5162584367805471,1.9647293909876649,80.54169187591191,82.57030812408809,500,secondary_non_brier_zero_guard,0.0,0.0,0.0,80.54169187591191,82.57030812408809,True,False,True,positive,,,
absolute,absolute_equal_gate_stratum_profile,cEI,cEI,0.5,80,target_latent_95_interval_coverage_pct,85.35,1.037017748943212,1.9647293909876649,83.31254074967539,87.3874592503246,500,secondary_non_brier_zero_guard,0.0,0.0,0.0,83.31254074967539,87.3874592503246,True,False,True,positive,,,
absolute,absolute_equal_gate_stratum_profile,cEI,cEI,0.5,80,mean_latent_95_interval_width,3.5194287307202887,0.05074822738531228,1.9647293909876649,3.4197221968358407,3.619135264604737,500,secondary_non_brier_zero_guard,0.0,0.0,0.0,3.4197221968358407,3.619135264604737,True,False,True,positive,,,
absolute,absolute_equal_gate_stratum_profile,cEI,cEI,0.5,80,panel_correct_selection_pct,9.1,0.8281011429807424,1.9647293909876649,7.473005345675256,10.726994654324743,500,secondary_non_brier_zero_guard,0.0,0.0,0.0,7.473005345675256,10.726994654324743,True,False,True,positive,,,
absolute,absolute_equal_gate_stratum_profile,cEI,cEI,0.5,80,recommendation_grid_distance,1.6856645962737,0.029812003683125497,1.9647293909876649,1.6270920764332308,1.7442371161141692,500,secondary_non_brier_zero_guard,0.0,0.0,0.0,1.6270920764332308,1.7442371161141692,True,False,True,positive,,,
absolute,absolute_equal_gate_stratum_profile,cEI,cEI,0.5,80,true_recommended_efficacy,5.9774146875000005,0.093798969483705,1.9647293909876649,5.7931250953110105,6.1617042796889905,500,secondary_non_brier_zero_guard,0.0,0.0,0.0,5.7931250953110105,6.1617042796889905,True,False,True,positive,,,
absolute,absolute_equal_gate_stratum_profile,cEI,cEI,0.5,80,final_gate_size,4.9685,0.15357224478641143,1.9647293909876649,4.6667720970281845,5.270227902971815,500,secondary_non_brier_zero_guard,0.0,0.0,0.0,4.6667720970281845,5.270227902971815,True,False,True,positive,,,
absolute,absolute_equal_gate_stratum_profile,cEI,cEI,0.5,80,final_empty_gate_pct,0.5,0.1989451138295014,1.9647293909876649,0.10912668766579209,0.8908733123342079,500,secondary_non_brier_zero_guard,0.0,0.0,0.0,0.10912668766579209,0.8908733123342079,True,False,True,positive,,,
absolute,absolute_equal_gate_stratum_profile,cEI,cEI,0.5,80,false_admissions,0.7085,0.05784026705493303,1.9647293909876649,0.5948595273345976,0.8221404726654025,500,secondary_non_brier_zero_guard,0.0,0.0,0.0,0.5948595273345976,0.8221404726654025,True,False,True,positive,,,
absolute,absolute_equal_gate_stratum_profile,cEI,cEI,0.5,80,feasible_dose_recall_pct,30.778409090909093,0.8037527621452623,1.9647293909876649,29.199252416034778,32.357565765783406,500,secondary_non_brier_zero_guard,0.0,0.0,0.0,29.199252416034778,32.357565765783406,True,False,True,positive,,,
absolute,absolute_equal_gate_stratum_profile,cEI,cEI,1.0,20,terminal_true_boundary_exceedance_pct,13.15,0.8591456585032891,1.9647293909876649,11.462011273599137,14.837988726400864,500,secondary_non_brier_zero_guard,0.0,0.0,0.0,11.462011273599137,14.837988726400864,True,False,True,positive,,,
absolute,absolute_equal_gate_stratum_profile,cEI,cEI,1.0,20,above_boundary_assignment_count,5.046,0.13521958687019678,1.9647293909876649,4.7803301034389145,5.311669896561086,500,secondary_non_brier_zero_guard,0.0,0.0,0.0,4.7803301034389145,5.311669896561086,True,False,True,positive,,,
absolute,absolute_equal_gate_stratum_profile,cEI,cEI,1.0,20,above_boundary_assignment_pct,25.23,0.6760979343509839,1.9647293909876649,23.901650517194575,26.558349482805426,500,secondary_non_brier_zero_guard,0.0,0.0,0.0,23.901650517194575,26.558349482805426,True,False,True,positive,,,
absolute,absolute_equal_gate_stratum_profile,cEI,cEI,1.0,20,post_initialization_above_boundary_assignment_pct,21.89375,0.8208103121379653,1.9647293909876649,20.281079855316783,23.50642014468322,500,secondary_non_brier_zero_guard,0.0,0.0,0.0,20.281079855316783,23.50642014468322,True,False,True,positive,,,
absolute,absolute_equal_gate_stratum_profile,cEI,cEI,1.0,20,terminal_target_exclusion_pct,74.95,1.3213580037022123,1.9647293909876649,72.35388909410948,77.54611090589053,500,secondary_non_brier_zero_guard,0.0,0.0,0.0,72.35388909410948,77.54611090589053,True,False,True,positive,,,
absolute,absolute_equal_gate_stratum_profile,cEI,cEI,1.0,20,target_ever_admitted_pct,63.95,1.6819491388896464,1.9647293909876649,60.64542509267712,67.25457490732289,500,secondary_non_brier_zero_guard,0.0,0.0,0.0,60.64542509267712,67.25457490732289,True,False,True,positive,,,
absolute,absolute_equal_gate_stratum_profile,cEI,cEI,1.0,20,target_finally_admitted_pct,25.05,1.3213580037022123,1.9647293909876649,22.453889094109478,27.646110905890524,500,secondary_non_brier_zero_guard,0.0,0.0,0.0,22.453889094109478,27.646110905890524,True,False,True,positive,,,
absolute,absolute_equal_gate_stratum_profile,cEI,cEI,1.0,20,target_never_admitted_pct,36.05,1.6819491388896464,1.9647293909876649,32.74542509267712,39.35457490732288,500,secondary_non_brier_zero_guard,0.0,0.0,0.0,32.74542509267712,39.35457490732288,True,False,True,positive,,,
absolute,absolute_equal_gate_stratum_profile,cEI,cEI,1.0,20,target_admitted_then_excluded_pct,38.9,1.4926607357816737,1.9647293909876649,35.96732558163647,41.832674418363524,500,secondary_non_brier_zero_guard,0.0,0.0,0.0,35.96732558163647,41.832674418363524,True,False,True,positive,,,
absolute,absolute_equal_gate_stratum_profile,cEI,cEI,1.0,20,target_exclusion_occupancy_pct,67.53333333333335,1.2755143419955084,1.9647293909876649,65.02729281698848,70.03937384967821,500,secondary_non_brier_zero_guard,0.0,0.0,0.0,65.02729281698848,70.03937384967821,True,False,True,positive,,,
absolute,absolute_equal_gate_stratum_profile,cEI,cEI,1.0,20,target_terminal_exclusion_run_fraction_pct,57.177777777777784,1.3977724358702088,1.9647293909876649,54.431533191111164,59.924022364444404,500,secondary_non_brier_zero_guard,0.0,0.0,0.0,54.431533191111164,59.924022364444404,True,False,True,positive,,,
absolute,absolute_equal_gate_stratum_profile,cEI,cEI,1.0,20,target_recovered_after_preterminal_exclusion_pct,13.25,0.8820038898573219,1.9647293909876649,11.517101034631873,14.982898965368127,500,secondary_non_brier_zero_guard,0.0,0.0,0.0,11.517101034631873,14.982898965368127,True,False,True,positive,,,
absolute,absolute_equal_gate_stratum_profile,cEI,cEI,1.0,20,target_admitted_but_not_selected_pct,17.9,1.1431507281082176,1.9647293909876649,15.654018166156835,20.145981833843162,500,secondary_non_brier_zero_guard,0.0,0.0,0.0,15.654018166156835,20.145981833843162,True,False,True,positive,,,
absolute,absolute_equal_gate_stratum_profile,cEI,cEI,1.0,20,panel_brier_score_pct,22.98736561928242,0.3435583264878716,1.9647293909876649,22.312366477713162,23.66236476085168,500,secondary_absolute_panel_brier_snapshot,2.9802322387695312e-06,1.334135177838341e-07,3.2423536983144856e-06,22.312363235359463,23.66236800320538,True,False,True,positive,,,
absolute,absolute_equal_gate_stratum_profile,cEI,cEI,1.0,20,latent_95_interval_coverage_pct,74.83,0.9860074143952898,1.9647293909876649,72.89276225320582,76.76723774679418,500,secondary_non_brier_zero_guard,0.0,0.0,0.0,72.89276225320582,76.76723774679418,True,False,True,positive,,,
absolute,absolute_equal_gate_stratum_profile,cEI,cEI,1.0,20,target_latent_95_interval_coverage_pct,88.8,1.0105257664450218,1.9647293909876649,86.81459032631513,90.78540967368487,500,secondary_non_brier_zero_guard,0.0,0.0,0.0,86.81459032631513,90.78540967368487,True,False,True,positive,,,
absolute,absolute_equal_gate_stratum_profile,cEI,cEI,1.0,20,mean_latent_95_interval_width,2.9097499606043473,0.05070124488812664,1.9647293909876649,2.810135734612982,3.009364186595713,500,secondary_non_brier_zero_guard,0.0,0.0,0.0,2.810135734612982,3.009364186595713,True,False,True,positive,,,
absolute,absolute_equal_gate_stratum_profile,cEI,cEI,1.0,20,panel_correct_selection_pct,8.35,0.7805597652288954,1.9647293909876649,6.8164112878323575,9.883588712167642,500,secondary_non_brier_zero_guard,0.0,0.0,0.0,6.8164112878323575,9.883588712167642,True,False,True,positive,,,
absolute,absolute_equal_gate_stratum_profile,cEI,cEI,1.0,20,recommendation_grid_distance,1.8380398331336305,0.03172324369845338,1.9647293909876649,1.775712243861815,1.900367422405446,500,secondary_non_brier_zero_guard,0.0,0.0,0.0,1.775712243861815,1.900367422405446,True,False,True,positive,,,
absolute,absolute_equal_gate_stratum_profile,cEI,cEI,1.0,20,true_recommended_efficacy,5.976781855468749,0.11305587922349686,1.9647293909876649,5.754657646734393,6.198906064203105,500,secondary_non_brier_zero_guard,0.0,0.0,0.0,5.754657646734393,6.198906064203105,True,False,True,positive,,,
absolute,absolute_equal_gate_stratum_profile,cEI,cEI,1.0,20,final_gate_size,7.3595,0.24538989772158024,1.9647293909876649,6.877375255694954,7.8416247443050455,500,secondary_non_brier_zero_guard,0.0,0.0,0.0,6.877375255694954,7.8416247443050455,True,False,True,positive,,,
absolute,absolute_equal_gate_stratum_profile,cEI,cEI,1.0,20,final_empty_gate_pct,9.2,0.9040767165560883,1.9647293909876649,7.423733903274628,10.97626609672537,500,secondary_non_brier_zero_guard,0.0,0.0,0.0,7.423733903274628,10.97626609672537,True,False,True,positive,,,
absolute,absolute_equal_gate_stratum_profile,cEI,cEI,1.0,20,false_admissions,1.8385,0.11833042583950552,1.9647293909876649,1.6060127345050372,2.0709872654949626,500,secondary_non_brier_zero_guard,0.0,0.0,0.0,1.6060127345050372,2.0709872654949626,True,False,True,positive,,,
absolute,absolute_equal_gate_stratum_profile,cEI,cEI,1.0,20,feasible_dose_recall_pct,39.834375,1.0209110626767346,1.9647293909876649,37.82856102957457,41.84018897042543,500,secondary_non_brier_zero_guard,0.0,0.0,0.0,37.82856102957457,41.84018897042543,True,False,True,positive,,,
absolute,absolute_equal_gate_stratum_profile,cEI,cEI,1.0,40,terminal_true_boundary_exceedance_pct,6.4,0.6355216562408414,1.9647293909876649,5.15137192337446,7.648628076625541,500,secondary_non_brier_zero_guard,0.0,0.0,0.0,5.15137192337446,7.648628076625541,True,False,True,positive,,,
absolute,absolute_equal_gate_stratum_profile,cEI,cEI,1.0,40,above_boundary_assignment_count,6.364,0.2007625942213264,1.9647293909876649,5.969555830522429,6.7584441694775705,500,secondary_non_brier_zero_guard,0.0,0.0,0.0,5.969555830522429,6.7584441694775705,True,False,True,positive,,,
absolute,absolute_equal_gate_stratum_profile,cEI,cEI,1.0,40,above_boundary_assignment_pct,15.91,0.5019064855533159,1.9647293909876649,14.923889576306074,16.896110423693926,500,secondary_non_brier_zero_guard,0.0,0.0,0.0,14.923889576306074,16.896110423693926,True,False,True,positive,,,
absolute,absolute_equal_gate_stratum_profile,cEI,cEI,1.0,40,post_initialization_above_boundary_assignment_pct,13.391666666666666,0.5488413440383315,1.9647293909876649,12.313341947045384,14.469991386287948,500,secondary_non_brier_zero_guard,0.0,0.0,0.0,12.313341947045384,14.469991386287948,True,False,True,positive,,,
absolute,absolute_equal_gate_stratum_profile,cEI,cEI,1.0,40,terminal_target_exclusion_pct,76.75,1.2224417071807185,1.9647293909876649,74.3482328491329,79.1517671508671,500,secondary_non_brier_zero_guard,0.0,0.0,0.0,74.3482328491329,79.1517671508671,True,False,True,positive,,,
absolute,absolute_equal_gate_stratum_profile,cEI,cEI,1.0,40,target_ever_admitted_pct,66.2,1.6569886005778343,1.9647293909876649,62.94446579591321,69.45553420408679,500,secondary_non_brier_zero_guard,0.0,0.0,0.0,62.94446579591321,69.45553420408679,True,False,True,positive,,,
absolute,absolute_equal_gate_stratum_profile,cEI,cEI,1.0,40,target_finally_admitted_pct,23.25,1.2224417071807185,1.9647293909876649,20.848232849132906,25.651767150867094,500,secondary_non_brier_zero_guard,0.0,0.0,0.0,20.848232849132906,25.651767150867094,True,False,True,positive,,,
absolute,absolute_equal_gate_stratum_profile,cEI,cEI,1.0,40,target_never_admitted_pct,33.8,1.6569886005778343,1.9647293909876649,30.544465795913204,37.05553420408679,500,secondary_non_brier_zero_guard,0.0,0.0,0.0,30.544465795913204,37.05553420408679,True,False,True,positive,,,
absolute,absolute_equal_gate_stratum_profile,cEI,cEI,1.0,40,target_admitted_then_excluded_pct,42.95,1.4773151051281102,1.9647293909876649,40.04747559320477,45.85252440679523,500,secondary_non_brier_zero_guard,0.0,0.0,0.0,40.04747559320477,45.85252440679523,True,False,True,positive,,,
absolute,absolute_equal_gate_stratum_profile,cEI,cEI,1.0,40,target_exclusion_occupancy_pct,71.7157894736842,1.175246434249267,1.9647293909876649,69.40674826266121,74.02483068470718,500,secondary_non_brier_zero_guard,0.0,0.0,0.0,69.40674826266121,74.02483068470718,True,False,True,positive,,,
absolute,absolute_equal_gate_stratum_profile,cEI,cEI,1.0,40,target_terminal_exclusion_run_fraction_pct,61.16842105263157,1.3431883347479572,1.9647293909876649,58.529419453720486,63.80742265154266,500,secondary_non_brier_zero_guard,0.0,0.0,0.0,58.529419453720486,63.80742265154266,True,False,True,positive,,,
absolute,absolute_equal_gate_stratum_profile,cEI,cEI,1.0,40,target_recovered_after_preterminal_exclusion_pct,14.45,0.8924617504139343,1.9647293909876649,12.696554168629445,16.203445831370555,500,secondary_non_brier_zero_guard,0.0,0.0,0.0,12.696554168629445,16.203445831370555,True,False,True,positive,,,
absolute,absolute_equal_gate_stratum_profile,cEI,cEI,1.0,40,target_admitted_but_not_selected_pct,14.6,1.0372230537963631,1.9647293909876649,12.562137381196305,16.637862618803695,500,secondary_non_brier_zero_guard,0.0,0.0,0.0,12.562137381196305,16.637862618803695,True,False,True,positive,,,
absolute,absolute_equal_gate_stratum_profile,cEI,cEI,1.0,40,panel_brier_score_pct,20.109148111261174,0.3090345604874892,1.9647293909876649,19.50197882744045,20.716317395081898,500,secondary_absolute_panel_brier_snapshot,2.9802322387695312e-06,1.334135177838341e-07,3.2423536983144856e-06,19.50197558508675,20.716320637435597,True,False,True,positive,,,
absolute,absolute_equal_gate_stratum_profile,cEI,cEI,1.0,40,latent_95_interval_coverage_pct,80.088,0.8304913870039686,1.9647293909876649,78.45630916299119,81.7196908370088,500,secondary_non_brier_zero_guard,0.0,0.0,0.0,78.45630916299119,81.7196908370088,True,False,True,positive,,,
absolute,absolute_equal_gate_stratum_profile,cEI,cEI,1.0,40,target_latent_95_interval_coverage_pct,92.45,0.8335974865239687,1.9647293909876649,90.81220651797292,94.08779348202708,500,secondary_non_brier_zero_guard,0.0,0.0,0.0,90.81220651797292,94.08779348202708,True,False,True,positive,,,
absolute,absolute_equal_gate_stratum_profile,cEI,cEI,1.0,40,mean_latent_95_interval_width,2.934061969934512,0.04442763778423917,1.9647293909876649,2.846773684207663,3.021350255661361,500,secondary_non_brier_zero_guard,0.0,0.0,0.0,2.846773684207663,3.021350255661361,True,False,True,positive,,,
absolute,absolute_equal_gate_stratum_profile,cEI,cEI,1.0,40,panel_correct_selection_pct,9.35,0.8179199141553798,1.9647293909876649,7.743008705184817,10.956991294815182,500,secondary_non_brier_zero_guard,0.0,0.0,0.0,7.743008705184817,10.956991294815182,True,False,True,positive,,,
absolute,absolute_equal_gate_stratum_profile,cEI,cEI,1.0,40,recommendation_grid_distance,1.6862521356753266,0.029809446536458593,1.9647293909876649,1.627684639936071,1.7448196314145823,500,secondary_non_brier_zero_guard,0.0,0.0,0.0,1.627684639936071,1.7448196314145823,True,False,True,positive,,,
absolute,absolute_equal_gate_stratum_profile,cEI,cEI,1.0,40,true_recommended_efficacy,6.14888998046875,0.10399806382646855,1.9647293909876649,5.944561927863076,6.353218033074424,500,secondary_non_brier_zero_guard,0.0,0.0,0.0,5.944561927863076,6.353218033074424,True,False,True,positive,,,
absolute,absolute_equal_gate_stratum_profile,cEI,cEI,1.0,40,final_gate_size,7.1625,0.2113854420489274,1.9647293909876649,6.7471848091795525,7.577815190820447,500,secondary_non_brier_zero_guard,0.0,0.0,0.0,6.7471848091795525,7.577815190820447,True,False,True,positive,,,
absolute,absolute_equal_gate_stratum_profile,cEI,cEI,1.0,40,final_empty_gate_pct,2.5,0.4559778850594912,1.9647293909876649,1.6041268475832222,3.395873152416778,500,secondary_non_brier_zero_guard,0.0,0.0,0.0,1.6041268475832222,3.395873152416778,True,False,True,positive,,,
absolute,absolute_equal_gate_stratum_profile,cEI,cEI,1.0,40,false_admissions,1.34,0.09971803936474834,1.9647293909876649,1.144081037248414,1.5359189627515861,500,secondary_non_brier_zero_guard,0.0,0.0,0.0,1.144081037248414,1.5359189627515861,True,False,True,positive,,,
absolute,absolute_equal_gate_stratum_profile,cEI,cEI,1.0,40,feasible_dose_recall_pct,42.221590909090914,0.9301569930881853,1.9647293909876649,40.39408412653785,44.04909769164398,500,secondary_non_brier_zero_guard,0.0,0.0,0.0,40.39408412653785,44.04909769164398,True,False,True,positive,,,
absolute,absolute_equal_gate_stratum_profile,cEI,cEI,1.0,80,terminal_true_boundary_exceedance_pct,3.35,0.4587765816863449,1.9647293909876649,2.448628166063985,4.251371833936015,500,secondary_non_brier_zero_guard,0.0,0.0,0.0,2.448628166063985,4.251371833936015,True,False,True,positive,,,
absolute,absolute_equal_gate_stratum_profile,cEI,cEI,1.0,80,above_boundary_assignment_count,7.336,0.27906623573599104,1.9647293909876649,6.787710364617206,7.884289635382794,500,secondary_non_brier_zero_guard,0.0,0.0,0.0,6.787710364617206,7.884289635382794,True,False,True,positive,,,
absolute,absolute_equal_gate_stratum_profile,cEI,cEI,1.0,80,above_boundary_assignment_pct,9.17,0.34883279466998873,1.9647293909876649,8.484637955771507,9.855362044228492,500,secondary_non_brier_zero_guard,0.0,0.0,0.0,8.484637955771507,9.855362044228492,True,False,True,positive,,,
absolute,absolute_equal_gate_stratum_profile,cEI,cEI,1.0,80,post_initialization_above_boundary_assignment_pct,7.622368421052631,0.3645349835000357,1.9647293909876649,6.906155824926907,8.338581017178354,500,secondary_non_brier_zero_guard,0.0,0.0,0.0,6.906155824926907,8.338581017178354,True,False,True,positive,,,
absolute,absolute_equal_gate_stratum_profile,cEI,cEI,1.0,80,terminal_target_exclusion_pct,77.4,1.2233041101426023,1.9647293909876649,74.99653846068682,79.80346153931319,500,secondary_non_brier_zero_guard,0.0,0.0,0.0,74.99653846068682,79.80346153931319,True,False,True,positive,,,
absolute,absolute_equal_gate_stratum_profile,cEI,cEI,1.0,80,target_ever_admitted_pct,67.15,1.635421721886081,1.9647293909876649,63.93683887635077,70.36316112364925,500,secondary_non_brier_zero_guard,0.0,0.0,0.0,63.93683887635077,70.36316112364925,True,False,True,positive,,,
absolute,absolute_equal_gate_stratum_profile,cEI,cEI,1.0,80,target_finally_admitted_pct,22.6,1.2233041101426023,1.9647293909876649,20.19653846068682,25.003461539313182,500,secondary_non_brier_zero_guard,0.0,0.0,0.0,20.19653846068682,25.003461539313182,True,False,True,positive,,,
absolute,absolute_equal_gate_stratum_profile,cEI,cEI,1.0,80,target_never_admitted_pct,32.85,1.635421721886081,1.9647293909876649,29.636838876350765,36.06316112364924,500,secondary_non_brier_zero_guard,0.0,0.0,0.0,29.636838876350765,36.06316112364924,True,False,True,positive,,,
absolute,absolute_equal_gate_stratum_profile,cEI,cEI,1.0,80,target_admitted_then_excluded_pct,44.55,1.4857691678185008,1.9647293909876649,41.630865647763706,47.46913435223629,500,secondary_non_brier_zero_guard,0.0,0.0,0.0,41.630865647763706,47.46913435223629,True,False,True,positive,,,
absolute,absolute_equal_gate_stratum_profile,cEI,cEI,1.0,80,target_exclusion_occupancy_pct,74.46666666666665,1.1317066268571103,1.9647293909876649,72.24316939490498,76.69016393842833,500,secondary_non_brier_zero_guard,0.0,0.0,0.0,72.24316939490498,76.69016393842833,True,False,True,positive,,,
absolute,absolute_equal_gate_stratum_profile,cEI,cEI,1.0,80,target_terminal_exclusion_run_fraction_pct,65.23333333333335,1.2854895522206575,1.9647293909876649,62.70769422827785,67.75897243838885,500,secondary_non_brier_zero_guard,0.0,0.0,0.0,62.70769422827785,67.75897243838885,True,False,True,positive,,,
absolute,absolute_equal_gate_stratum_profile,cEI,cEI,1.0,80,target_recovered_after_preterminal_exclusion_pct,14.9,0.92340964405917,1.9647293909876649,13.08574993239549,16.71425006760451,500,secondary_non_brier_zero_guard,0.0,0.0,0.0,13.08574993239549,16.71425006760451,True,False,True,positive,,,
absolute,absolute_equal_gate_stratum_profile,cEI,cEI,1.0,80,target_admitted_but_not_selected_pct,12.45,0.9997469619738546,1.9647293909876649,10.485767760259339,14.41423223974066,500,secondary_non_brier_zero_guard,0.0,0.0,0.0,10.485767760259339,14.41423223974066,True,False,True,positive,,,
absolute,absolute_equal_gate_stratum_profile,cEI,cEI,1.0,80,panel_brier_score_pct,18.96026190029722,0.2986838494707673,1.9647293909876649,18.373428962628665,19.547094837965773,500,secondary_absolute_panel_brier_snapshot,2.9802322387695312e-06,1.334135177838341e-07,3.2423536983144856e-06,18.373425720274966,19.547098080319472,True,False,True,positive,,,
absolute,absolute_equal_gate_stratum_profile,cEI,cEI,1.0,80,latent_95_interval_coverage_pct,81.982,0.7550626405685589,1.9647293909876649,80.4985062380382,83.4654937619618,500,secondary_non_brier_zero_guard,0.0,0.0,0.0,80.4985062380382,83.4654937619618,True,False,True,positive,,,
absolute,absolute_equal_gate_stratum_profile,cEI,cEI,1.0,80,target_latent_95_interval_coverage_pct,92.55,0.7986053725602928,1.9647293909876649,90.98095655273013,94.11904344726986,500,secondary_non_brier_zero_guard,0.0,0.0,0.0,90.98095655273013,94.11904344726986,True,False,True,positive,,,
absolute,absolute_equal_gate_stratum_profile,cEI,cEI,1.0,80,mean_latent_95_interval_width,2.8861454951705374,0.04309258488749086,1.9647293909876649,2.801480227108453,2.9708107632326217,500,secondary_non_brier_zero_guard,0.0,0.0,0.0,2.801480227108453,2.9708107632326217,True,False,True,positive,,,
absolute,absolute_equal_gate_stratum_profile,cEI,cEI,1.0,80,panel_correct_selection_pct,10.3,0.8627332248351566,1.9647293909876649,8.6049626765848,11.995037323415202,500,secondary_non_brier_zero_guard,0.0,0.0,0.0,8.6049626765848,11.995037323415202,True,False,True,positive,,,
absolute,absolute_equal_gate_stratum_profile,cEI,cEI,1.0,80,recommendation_grid_distance,1.6090928130178543,0.030052812781521134,1.9647293909876649,1.55004716846415,1.6681384575715588,500,secondary_non_brier_zero_guard,0.0,0.0,0.0,1.55004716846415,1.6681384575715588,True,False,True,positive,,,
absolute,absolute_equal_gate_stratum_profile,cEI,cEI,1.0,80,true_recommended_efficacy,6.24053294921875,0.09664920233217254,1.9647293909876649,6.050643420781217,6.430422477656283,500,secondary_non_brier_zero_guard,0.0,0.0,0.0,6.050643420781217,6.430422477656283,True,False,True,positive,,,
absolute,absolute_equal_gate_stratum_profile,cEI,cEI,1.0,80,final_gate_size,6.983,0.1991412475429083,1.9647293909876649,6.591741337994498,7.374258662005501,500,secondary_non_brier_zero_guard,0.0,0.0,0.0,6.591741337994498,7.374258662005501,True,False,True,positive,,,
absolute,absolute_equal_gate_stratum_profile,cEI,cEI,1.0,80,final_empty_gate_pct,0.75,0.23767199235901523,1.9647293909876649,0.28303885119764705,1.216961148802353,500,secondary_non_brier_zero_guard,0.0,0.0,0.0,0.28303885119764705,1.216961148802353,True,False,True,positive,,,
absolute,absolute_equal_gate_stratum_profile,cEI,cEI,1.0,80,false_admissions,1.097,0.09158579538242632,1.9647293909876649,0.9170586960151647,1.2769413039848354,500,secondary_non_brier_zero_guard,0.0,0.0,0.0,0.9170586960151647,1.2769413039848354,True,False,True,positive,,,
absolute,absolute_equal_gate_stratum_profile,cEI,cEI,1.0,80,feasible_dose_recall_pct,42.82869318181818,0.915935987285808,1.9647293909876649,41.02912682733445,44.62825953630191,500,secondary_non_brier_zero_guard,0.0,0.0,0.0,41.02912682733445,44.62825953630191,True,False,True,positive,,,
absolute,absolute_equal_gate_stratum_profile,cEI,cEI,2.0,20,terminal_true_boundary_exceedance_pct,24.65,1.1768708723136112,1.9647293909876649,22.337767207768156,26.96223279223184,500,secondary_non_brier_zero_guard,0.0,0.0,0.0,22.337767207768156,26.96223279223184,True,False,True,positive,,,
absolute,absolute_equal_gate_stratum_profile,cEI,cEI,2.0,20,above_boundary_assignment_count,7.306,0.14588108369888922,1.9647293909876649,7.019383147267661,7.592616852732339,500,secondary_non_brier_zero_guard,0.0,0.0,0.0,7.019383147267661,7.592616852732339,True,False,True,positive,,,
absolute,absolute_equal_gate_stratum_profile,cEI,cEI,2.0,20,above_boundary_assignment_pct,36.53,0.7294054184944462,1.9647293909876649,35.0969157363383,37.9630842636617,500,secondary_non_brier_zero_guard,0.0,0.0,0.0,35.0969157363383,37.9630842636617,True,False,True,positive,,,
absolute,absolute_equal_gate_stratum_profile,cEI,cEI,2.0,20,post_initialization_above_boundary_assignment_pct,36.01875,0.8819031924518208,1.9647293909876649,34.286048877784054,37.75145112221594,500,secondary_non_brier_zero_guard,0.0,0.0,0.0,34.286048877784054,37.75145112221594,True,False,True,positive,,,
absolute,absolute_equal_gate_stratum_profile,cEI,cEI,2.0,20,terminal_target_exclusion_pct,61.6,1.5200332239803207,1.9647293909876649,58.61354604956813,64.58645395043187,500,secondary_non_brier_zero_guard,0.0,0.0,0.0,58.61354604956813,64.58645395043187,True,False,True,positive,,,
absolute,absolute_equal_gate_stratum_profile,cEI,cEI,2.0,20,target_ever_admitted_pct,87.8,1.1575836902790224,1.9647293909876649,85.52566130118083,90.07433869881916,500,secondary_non_brier_zero_guard,0.0,0.0,0.0,85.52566130118083,90.07433869881916,True,False,True,positive,,,
absolute,absolute_equal_gate_stratum_profile,cEI,cEI,2.0,20,target_finally_admitted_pct,38.4,1.5200332239803207,1.9647293909876649,35.413546049568126,41.38645395043187,500,secondary_non_brier_zero_guard,0.0,0.0,0.0,35.413546049568126,41.38645395043187,True,False,True,positive,,,
absolute,absolute_equal_gate_stratum_profile,cEI,cEI,2.0,20,target_never_admitted_pct,12.2,1.1575836902790224,1.9647293909876649,9.925661301180842,14.474338698819157,500,secondary_non_brier_zero_guard,0.0,0.0,0.0,9.925661301180842,14.474338698819157,True,False,True,positive,,,
absolute,absolute_equal_gate_stratum_profile,cEI,cEI,2.0,20,target_admitted_then_excluded_pct,49.4,1.6138429223303954,1.9647293909876649,46.22923537806005,52.57076462193995,500,secondary_non_brier_zero_guard,0.0,0.0,0.0,46.22923537806005,52.57076462193995,True,False,True,positive,,,
absolute,absolute_equal_gate_stratum_profile,cEI,cEI,2.0,20,target_exclusion_occupancy_pct,53.55,1.2410190744327683,1.9647293909876649,51.11173334968563,55.988266650314365,500,secondary_non_brier_zero_guard,0.0,0.0,0.0,51.11173334968563,55.988266650314365,True,False,True,positive,,,
absolute,absolute_equal_gate_stratum_profile,cEI,cEI,2.0,20,target_terminal_exclusion_run_fraction_pct,35.233333333333334,1.2401679430145427,1.9647293909876649,32.79673892593195,37.66992774073472,500,secondary_non_brier_zero_guard,0.0,0.0,0.0,32.79673892593195,37.66992774073472,True,False,True,positive,,,
absolute,absolute_equal_gate_stratum_profile,cEI,cEI,2.0,20,target_recovered_after_preterminal_exclusion_pct,25.8,1.2416938460081166,1.9647293909876649,23.360407606139344,28.239592393860658,500,secondary_non_brier_zero_guard,0.0,0.0,0.0,23.360407606139344,28.239592393860658,True,False,True,positive,,,
absolute,absolute_equal_gate_stratum_profile,cEI,cEI,2.0,20,target_admitted_but_not_selected_pct,33.2,1.4593764281768553,1.9647293909876649,30.332720239046335,36.06727976095367,500,secondary_non_brier_zero_guard,0.0,0.0,0.0,30.332720239046335,36.06727976095367,True,False,True,positive,,,
absolute,absolute_equal_gate_stratum_profile,cEI,cEI,2.0,20,panel_brier_score_pct,28.24009225662056,0.4128765224425812,1.9647293909876649,27.428901618128844,29.051282895112276,500,secondary_absolute_panel_brier_snapshot,2.9802322387695312e-06,1.334135177838341e-07,3.2423536983144856e-06,27.428898375775145,29.051286137465976,True,False,True,positive,,,
absolute,absolute_equal_gate_stratum_profile,cEI,cEI,2.0,20,latent_95_interval_coverage_pct,52.368,1.2235863185562006,1.9647293909876649,49.96398399752224,54.77201600247776,500,secondary_non_brier_zero_guard,0.0,0.0,0.0,49.96398399752224,54.77201600247776,True,False,True,positive,,,
absolute,absolute_equal_gate_stratum_profile,cEI,cEI,2.0,20,target_latent_95_interval_coverage_pct,81.0,1.2673643615194878,1.9647293909876649,78.50997198983235,83.49002801016765,500,secondary_non_brier_zero_guard,0.0,0.0,0.0,78.50997198983235,83.49002801016765,True,False,True,positive,,,
absolute,absolute_equal_gate_stratum_profile,cEI,cEI,2.0,20,mean_latent_95_interval_width,2.002583020834369,0.05490788891500412,1.9647293909876649,1.8947038776859746,2.1104621639827634,500,secondary_non_brier_zero_guard,0.0,0.0,0.0,1.8947038776859746,2.1104621639827634,True,False,True,positive,,,
absolute,absolute_equal_gate_stratum_profile,cEI,cEI,2.0,20,panel_correct_selection_pct,5.9,0.6566905549571577,1.9647293909876649,4.6097807658916725,7.190219234108328,500,secondary_non_brier_zero_guard,0.0,0.0,0.0,4.6097807658916725,7.190219234108328,True,False,True,positive,,,
absolute,absolute_equal_gate_stratum_profile,cEI,cEI,2.0,20,recommendation_grid_distance,1.9811117966161358,0.030906730762340576,1.9647293909876649,1.9203884343080226,2.0418351589242487,500,secondary_non_brier_zero_guard,0.0,0.0,0.0,1.9203884343080226,2.0418351589242487,True,False,True,positive,,,
absolute,absolute_equal_gate_stratum_profile,cEI,cEI,2.0,20,true_recommended_efficacy,6.3829637109375,0.14125768993241486,1.9647293909876649,6.105430575824262,6.660496846050738,500,secondary_non_brier_zero_guard,0.0,0.0,0.0,6.105430575824262,6.660496846050738,True,False,True,positive,,,
absolute,absolute_equal_gate_stratum_profile,cEI,cEI,2.0,20,final_gate_size,10.54,0.334127344233196,1.9647293909876649,9.883530186452386,11.196469813547612,500,secondary_non_brier_zero_guard,0.0,0.0,0.0,9.883530186452386,11.196469813547612,True,False,True,positive,,,
absolute,absolute_equal_gate_stratum_profile,cEI,cEI,2.0,20,final_empty_gate_pct,20.05,1.1858784150284805,1.9647293909876649,17.720069823855678,22.379930176144324,500,secondary_non_brier_zero_guard,0.0,0.0,0.0,17.720069823855678,22.379930176144324,True,False,True,positive,,,
absolute,absolute_equal_gate_stratum_profile,cEI,cEI,2.0,20,false_admissions,3.8575,0.1670297439701728,1.9647293909876649,3.5293317528526567,4.185668247147343,500,secondary_non_brier_zero_guard,0.0,0.0,0.0,3.5293317528526567,4.185668247147343,True,False,True,positive,,,
absolute,absolute_equal_gate_stratum_profile,cEI,cEI,2.0,20,feasible_dose_recall_pct,48.33522727272727,1.2782051567062247,1.9647293909876649,45.82390003363456,50.84655451181999,500,secondary_non_brier_zero_guard,0.0,0.0,0.0,45.82390003363456,50.84655451181999,True,False,True,positive,,,
absolute,absolute_equal_gate_stratum_profile,cEI,cEI,2.0,40,terminal_true_boundary_exceedance_pct,15.25,0.9214516516305047,1.9647293909876649,13.439596857667421,17.06040314233258,500,secondary_non_brier_zero_guard,0.0,0.0,0.0,13.439596857667421,17.06040314233258,True,False,True,positive,,,
absolute,absolute_equal_gate_stratum_profile,cEI,cEI,2.0,40,above_boundary_assignment_count,11.038,0.24381140252252356,1.9647293909876649,10.558976571606074,11.517023428393927,500,secondary_non_brier_zero_guard,0.0,0.0,0.0,10.558976571606074,11.517023428393927,True,False,True,positive,,,
absolute,absolute_equal_gate_stratum_profile,cEI,cEI,2.0,40,above_boundary_assignment_pct,27.595,0.6095285063063088,1.9647293909876649,26.397441429015185,28.792558570984813,500,secondary_non_brier_zero_guard,0.0,0.0,0.0,26.397441429015185,28.792558570984813,True,False,True,positive,,,
absolute,absolute_equal_gate_stratum_profile,cEI,cEI,2.0,40,post_initialization_above_boundary_assignment_pct,26.375,0.6677799447074998,1.9647293909876649,25.062993115921056,27.687006884078944,500,secondary_non_brier_zero_guard,0.0,0.0,0.0,25.062993115921056,27.687006884078944,True,False,True,positive,,,
absolute,absolute_equal_gate_stratum_profile,cEI,cEI,2.0,40,terminal_target_exclusion_pct,68.05,1.3782940139090625,1.9647293909876649,65.3420252414505,70.7579747585495,500,secondary_non_brier_zero_guard,0.0,0.0,0.0,65.3420252414505,70.7579747585495,True,False,True,positive,,,
absolute,absolute_equal_gate_stratum_profile,cEI,cEI,2.0,40,target_ever_admitted_pct,89.2,1.1064214100754497,1.9647293909876649,87.02618133680676,91.37381866319325,500,secondary_non_brier_zero_guard,0.0,0.0,0.0,87.02618133680676,91.37381866319325,True,False,True,positive,,,
absolute,absolute_equal_gate_stratum_profile,cEI,cEI,2.0,40,target_finally_admitted_pct,31.95,1.3782940139090625,1.9647293909876649,29.242025241450502,34.65797475854949,500,secondary_non_brier_zero_guard,0.0,0.0,0.0,29.242025241450502,34.65797475854949,True,False,True,positive,,,
absolute,absolute_equal_gate_stratum_profile,cEI,cEI,2.0,40,target_never_admitted_pct,10.8,1.1064214100754497,1.9647293909876649,8.626181336806749,12.973818663193253,500,secondary_non_brier_zero_guard,0.0,0.0,0.0,8.626181336806749,12.973818663193253,True,False,True,positive,,,
absolute,absolute_equal_gate_stratum_profile,cEI,cEI,2.0,40,target_admitted_then_excluded_pct,57.25,1.4838391277743785,1.9647293909876649,54.334657654164175,60.165342345835825,500,secondary_non_brier_zero_guard,0.0,0.0,0.0,54.334657654164175,60.165342345835825,True,False,True,positive,,,
absolute,absolute_equal_gate_stratum_profile,cEI,cEI,2.0,40,target_exclusion_occupancy_pct,59.88684210526316,1.1816115522769788,1.9647293909876649,57.565295159774024,62.2083890507523,500,secondary_non_brier_zero_guard,0.0,0.0,0.0,57.565295159774024,62.2083890507523,True,False,True,positive,,,
absolute,absolute_equal_gate_stratum_profile,cEI,cEI,2.0,40,target_terminal_exclusion_run_fraction_pct,40.7,1.2104658042409635,1.9647293909876649,38.32176225762226,43.078237742377745,500,secondary_non_brier_zero_guard,0.0,0.0,0.0,38.32176225762226,43.078237742377745,True,False,True,positive,,,
absolute,absolute_equal_gate_stratum_profile,cEI,cEI,2.0,40,target_recovered_after_preterminal_exclusion_pct,23.7,1.1485897949372823,1.9647293909876649,21.443331871698227,25.95666812830177,500,secondary_non_brier_zero_guard,0.0,0.0,0.0,21.443331871698227,25.95666812830177,True,False,True,positive,,,
absolute,absolute_equal_gate_stratum_profile,cEI,cEI,2.0,40,target_admitted_but_not_selected_pct,24.6,1.2778677129435452,1.9647293909876649,22.08933574658563,27.110664253414374,500,secondary_non_brier_zero_guard,0.0,0.0,0.0,22.08933574658563,27.110664253414374,True,False,True,positive,,,
absolute,absolute_equal_gate_stratum_profile,cEI,cEI,2.0,40,panel_brier_score_pct,23.22886022019021,0.36377491424355984,1.9647293909876649,22.51414095447187,23.94357948590855,500,secondary_absolute_panel_brier_snapshot,2.9802322387695312e-06,1.334135177838341e-07,3.2423536983144856e-06,22.51413771211817,23.94358272826225,True,False,True,positive,,,
absolute,absolute_equal_gate_stratum_profile,cEI,cEI,2.0,40,latent_95_interval_coverage_pct,65.178,1.1258150607902722,1.9647293909876649,62.96607806124879,67.38992193875121,500,secondary_non_brier_zero_guard,0.0,0.0,0.0,62.96607806124879,67.38992193875121,True,False,True,positive,,,
absolute,absolute_equal_gate_stratum_profile,cEI,cEI,2.0,40,target_latent_95_interval_coverage_pct,90.45,0.9229293565568215,1.9647293909876649,88.63669356736749,92.26330643263252,500,secondary_non_brier_zero_guard,0.0,0.0,0.0,88.63669356736749,92.26330643263252,True,False,True,positive,,,
absolute,absolute_equal_gate_stratum_profile,cEI,cEI,2.0,40,mean_latent_95_interval_width,2.4001830760143803,0.04889688804259992,1.9647293909876649,2.304113922949251,2.4962522290795097,500,secondary_non_brier_zero_guard,0.0,0.0,0.0,2.304113922949251,2.4962522290795097,True,False,True,positive,,,
absolute,absolute_equal_gate_stratum_profile,cEI,cEI,2.0,40,panel_correct_selection_pct,7.9,0.6827241203069492,1.9647293909876649,6.558631854896738,9.241368145103262,500,secondary_non_brier_zero_guard,0.0,0.0,0.0,6.558631854896738,9.241368145103262,True,False,True,positive,,,
absolute,absolute_equal_gate_stratum_profile,cEI,cEI,2.0,40,recommendation_grid_distance,1.776501413635378,0.027848039312687624,1.9647293909876649,1.7217875523163608,1.8312152749543953,500,secondary_non_brier_zero_guard,0.0,0.0,0.0,1.7217875523163608,1.8312152749543953,True,False,True,positive,,,
absolute,absolute_equal_gate_stratum_profile,cEI,cEI,2.0,40,true_recommended_efficacy,6.49148685546875,0.12219237244471687,1.9647293909876649,6.251411909972104,6.731561800965396,500,secondary_non_brier_zero_guard,0.0,0.0,0.0,6.251411909972104,6.731561800965396,True,False,True,positive,,,
absolute,absolute_equal_gate_stratum_profile,cEI,cEI,2.0,40,final_gate_size,9.73,0.2709354388485347,1.9647293909876649,9.197685180234142,10.262314819765859,500,secondary_non_brier_zero_guard,0.0,0.0,0.0,9.197685180234142,10.262314819765859,True,False,True,positive,,,
absolute,absolute_equal_gate_stratum_profile,cEI,cEI,2.0,40,final_empty_gate_pct,6.05,0.6443021422446165,1.9647293909876649,4.784120644455687,7.315879355544313,500,secondary_non_brier_zero_guard,0.0,0.0,0.0,4.784120644455687,7.315879355544313,True,False,True,positive,,,
absolute,absolute_equal_gate_stratum_profile,cEI,cEI,2.0,40,false_admissions,2.7155,0.13870236548950696,1.9647293909876649,2.4429873859232525,2.9880126140767476,500,secondary_non_brier_zero_guard,0.0,0.0,0.0,2.4429873859232525,2.9880126140767476,True,False,True,positive,,,
absolute,absolute_equal_gate_stratum_profile,cEI,cEI,2.0,40,feasible_dose_recall_pct,50.74545454545454,1.0384060218074882,1.9647293909876649,48.70526771463079,52.78564137627829,500,secondary_non_brier_zero_guard,0.0,0.0,0.0,48.70526771463079,52.78564137627829,True,False,True,positive,,,
absolute,absolute_equal_gate_stratum_profile,cEI,cEI,2.0,80,terminal_true_boundary_exceedance_pct,7.95,0.6870510011318756,1.9647293909876649,6.600130704968705,9.299869295031296,500,secondary_non_brier_zero_guard,0.0,0.0,0.0,6.600130704968705,9.299869295031296,True,False,True,positive,,,
absolute,absolute_equal_gate_stratum_profile,cEI,cEI,2.0,80,above_boundary_assignment_count,14.9,0.39147478208694364,1.9647293909876649,14.13085798980329,15.66914201019671,500,secondary_non_brier_zero_guard,0.0,0.0,0.0,14.13085798980329,15.66914201019671,True,False,True,positive,,,
absolute,absolute_equal_gate_stratum_profile,cEI,cEI,2.0,80,above_boundary_assignment_pct,18.625,0.4893434776086796,1.9647293909876649,17.663572487254115,19.586427512745885,500,secondary_non_brier_zero_guard,0.0,0.0,0.0,17.663572487254115,19.586427512745885,True,False,True,positive,,,
absolute,absolute_equal_gate_stratum_profile,cEI,cEI,2.0,80,post_initialization_above_boundary_assignment_pct,17.575,0.5130772649422292,1.9647293909876649,16.566942017720436,18.583057982279563,500,secondary_non_brier_zero_guard,0.0,0.0,0.0,16.566942017720436,18.583057982279563,True,False,True,positive,,,
absolute,absolute_equal_gate_stratum_profile,cEI,cEI,2.0,80,terminal_target_exclusion_pct,72.0,1.2226978285577836,1.9647293909876649,69.59772963993572,74.40227036006428,500,secondary_non_brier_zero_guard,0.0,0.0,0.0,69.59772963993572,74.40227036006428,True,False,True,positive,,,
absolute,absolute_equal_gate_stratum_profile,cEI,cEI,2.0,80,target_ever_admitted_pct,89.65,1.0773004002155615,1.9647293909876649,87.53339624077371,91.7666037592263,500,secondary_non_brier_zero_guard,0.0,0.0,0.0,87.53339624077371,91.7666037592263,True,False,True,positive,,,
absolute,absolute_equal_gate_stratum_profile,cEI,cEI,2.0,80,target_finally_admitted_pct,28.0,1.2226978285577836,1.9647293909876649,25.597729639935725,30.402270360064275,500,secondary_non_brier_zero_guard,0.0,0.0,0.0,25.597729639935725,30.402270360064275,True,False,True,positive,,,
absolute,absolute_equal_gate_stratum_profile,cEI,cEI,2.0,80,target_never_admitted_pct,10.35,1.0773004002155615,1.9647293909876649,8.233396240773711,12.466603759226288,500,secondary_non_brier_zero_guard,0.0,0.0,0.0,8.233396240773711,12.466603759226288,True,False,True,positive,,,
absolute,absolute_equal_gate_stratum_profile,cEI,cEI,2.0,80,target_admitted_then_excluded_pct,61.65,1.3874093878950216,1.9647293909876649,58.924115998270445,64.37588400172956,500,secondary_non_brier_zero_guard,0.0,0.0,0.0,58.924115998270445,64.37588400172956,True,False,True,positive,,,
absolute,absolute_equal_gate_stratum_profile,cEI,cEI,2.0,80,target_exclusion_occupancy_pct,65.25769230769231,1.101265720478648,1.9647293909876649,63.09400317938071,67.42138143600391,500,secondary_non_brier_zero_guard,0.0,0.0,0.0,63.09400317938071,67.42138143600391,True,False,True,positive,,,
absolute,absolute_equal_gate_stratum_profile,cEI,cEI,2.0,80,target_terminal_exclusion_run_fraction_pct,47.301282051282044,1.1777626771749237,1.9647293909876649,44.987297103828155,49.61526699873593,500,secondary_non_brier_zero_guard,0.0,0.0,0.0,44.987297103828155,49.61526699873593,True,False,True,positive,,,
absolute,absolute_equal_gate_stratum_profile,cEI,cEI,2.0,80,target_recovered_after_preterminal_exclusion_pct,21.25,1.020518454429739,1.9647293909876649,19.244957398536584,23.255042601463416,500,secondary_non_brier_zero_guard,0.0,0.0,0.0,19.244957398536584,23.255042601463416,True,False,True,positive,,,
absolute,absolute_equal_gate_stratum_profile,cEI,cEI,2.0,80,target_admitted_but_not_selected_pct,16.9,1.0914038320664348,1.9647293909876649,14.755686813702509,19.04431318629749,500,secondary_non_brier_zero_guard,0.0,0.0,0.0,14.755686813702509,19.04431318629749,True,False,True,positive,,,
absolute,absolute_equal_gate_stratum_profile,cEI,cEI,2.0,80,panel_brier_score_pct,19.904998659419824,0.315214183449236,1.9647293909876649,19.285688088740933,20.524309230098716,500,secondary_absolute_panel_brier_snapshot,2.9802322387695312e-06,1.334135177838341e-07,3.2423536983144856e-06,19.285684846387234,20.524312472452415,True,False,True,positive,,,
absolute,absolute_equal_gate_stratum_profile,cEI,cEI,2.0,80,latent_95_interval_coverage_pct,71.22,0.9537728058244586,1.9647293909876649,69.34609453607192,73.09390546392808,500,secondary_non_brier_zero_guard,0.0,0.0,0.0,69.34609453607192,73.09390546392808,True,False,True,positive,,,
absolute,absolute_equal_gate_stratum_profile,cEI,cEI,2.0,80,target_latent_95_interval_coverage_pct,92.25,0.7833276481835795,1.9647293909876649,90.71097314684047,93.78902685315953,500,secondary_non_brier_zero_guard,0.0,0.0,0.0,90.71097314684047,93.78902685315953,True,False,True,positive,,,
absolute,absolute_equal_gate_stratum_profile,cEI,cEI,2.0,80,mean_latent_95_interval_width,2.4489108140254605,0.04349266382589401,1.9647293909876649,2.3634594991143807,2.5343621289365403,500,secondary_non_brier_zero_guard,0.0,0.0,0.0,2.3634594991143807,2.5343621289365403,True,False,True,positive,,,
absolute,absolute_equal_gate_stratum_profile,cEI,cEI,2.0,80,panel_correct_selection_pct,11.45,0.7915479114951821,1.9647293909876649,9.894822553910512,13.005177446089487,500,secondary_non_brier_zero_guard,0.0,0.0,0.0,9.894822553910512,13.005177446089487,True,False,True,positive,,,
absolute,absolute_equal_gate_stratum_profile,cEI,cEI,2.0,80,recommendation_grid_distance,1.5842664061732998,0.027364783165084606,1.9647293909876649,1.5305020124108537,1.638030799935746,500,secondary_non_brier_zero_guard,0.0,0.0,0.0,1.5305020124108537,1.638030799935746,True,False,True,positive,,,
absolute,absolute_equal_gate_stratum_profile,cEI,cEI,2.0,80,true_recommended_efficacy,6.70036970703125,0.10259883697223918,1.9647293909876649,6.49879075655074,6.90194865751176,500,secondary_non_brier_zero_guard,0.0,0.0,0.0,6.49879075655074,6.90194865751176,True,False,True,positive,,,
absolute,absolute_equal_gate_stratum_profile,cEI,cEI,2.0,80,final_gate_size,9.0745,0.2198290224201445,1.9647293909876649,8.642595458659056,9.506404541340945,500,secondary_non_brier_zero_guard,0.0,0.0,0.0,8.642595458659056,9.506404541340945,True,False,True,positive,,,
absolute,absolute_equal_gate_stratum_profile,cEI,cEI,2.0,80,final_empty_gate_pct,1.95,0.32419933747748725,1.9647293909876649,1.313036033119252,2.586963966880748,500,secondary_non_brier_zero_guard,0.0,0.0,0.0,1.313036033119252,2.586963966880748,True,False,True,positive,,,
absolute,absolute_equal_gate_stratum_profile,cEI,cEI,2.0,80,false_admissions,1.824,0.11142881477213623,1.9647293909876649,1.6050725326142636,2.0429274673857365,500,secondary_non_brier_zero_guard,0.0,0.0,0.0,1.6050725326142636,2.0429274673857365,True,False,True,positive,,,
absolute,absolute_equal_gate_stratum_profile,cEI,cEI,2.0,80,feasible_dose_recall_pct,52.58125,0.8883528401358574,1.9647293909876649,50.83587706541771,54.32662293458228,500,secondary_non_brier_zero_guard,0.0,0.0,0.0,50.83587706541771,54.32662293458228,True,False,True,positive,,,
contrast_or_conditional,absolute_budget_contrast_N80_minus_N20,cKG-exact-formal,cKG,0.5,80-20,terminal_true_boundary_exceedance_pct,-7.2,0.8988525305874635,1.9647293909876649,-8.966001985008829,-5.433998014991172,500,secondary_non_brier_zero_guard,0.0,0.0,0.0,-8.966001985008829,-5.433998014991172,False,True,True,negative,,,
contrast_or_conditional,absolute_budget_contrast_N80_minus_N20,cKG-exact-formal,cKG,0.5,80-20,above_boundary_assignment_pct,-14.51625,0.3789939738828032,1.9647293909876649,-15.260870599494755,-13.771629400505244,500,secondary_non_brier_zero_guard,0.0,0.0,0.0,-15.260870599494755,-13.771629400505244,False,True,True,negative,,,
contrast_or_conditional,absolute_budget_contrast_N80_minus_N20,cKG-exact-formal,cKG,0.5,80-20,terminal_target_exclusion_pct,0.3,0.8609893177098197,1.9647293909876649,-1.3916110178308991,1.9916110178308992,500,secondary_non_brier_zero_guard,0.0,0.0,0.0,-1.3916110178308991,1.9916110178308992,False,False,False,unresolved,,,
contrast_or_conditional,absolute_budget_contrast_N80_minus_N20,cKG-exact-formal,cKG,0.5,80-20,panel_brier_score_pct,-1.6136954871887002,0.15093902186352112,1.9647293909876649,-1.91024981969089,-1.3171411546865104,500,secondary_within_policy_N80_minus_N20_panel_brier_contrast,5.9604644775390625e-06,2.668270355676682e-07,6.484707396628971e-06,-1.9102563043982865,-1.3171346699791138,False,True,True,negative,,,
contrast_or_conditional,absolute_budget_contrast_N80_minus_N20,cKG-exact-formal,cKG,1.0,80-20,terminal_true_boundary_exceedance_pct,-10.1,0.9501502887134671,1.9647293909876649,-11.966788198090764,-8.233211801909235,500,secondary_non_brier_zero_guard,0.0,0.0,0.0,-11.966788198090764,-8.233211801909235,False,True,True,negative,,,
contrast_or_conditional,absolute_budget_contrast_N80_minus_N20,cKG-exact-formal,cKG,1.0,80-20,above_boundary_assignment_pct,-17.17625,0.4031611181020543,1.9647293909876649,-17.968352498038556,-16.384147501961444,500,secondary_non_brier_zero_guard,0.0,0.0,0.0,-17.968352498038556,-16.384147501961444,False,True,True,negative,,,
contrast_or_conditional,absolute_budget_contrast_N80_minus_N20,cKG-exact-formal,cKG,1.0,80-20,terminal_target_exclusion_pct,-2.9,0.9513096130913005,1.9647293909876649,-4.769065956769582,-1.0309340432304182,500,secondary_non_brier_zero_guard,0.0,0.0,0.0,-4.769065956769582,-1.0309340432304182,False,True,True,negative,,,
contrast_or_conditional,absolute_budget_contrast_N80_minus_N20,cKG-exact-formal,cKG,1.0,80-20,panel_brier_score_pct,-4.990918786061116,0.21641045868191375,1.9647293909876649,-5.4161067747505935,-4.565730797371639,500,secondary_within_policy_N80_minus_N20_panel_brier_contrast,5.9604644775390625e-06,2.668270355676682e-07,6.484707396628971e-06,-5.41611325945799,-4.565724312664242,False,True,True,negative,,,
contrast_or_conditional,absolute_budget_contrast_N80_minus_N20,cKG-exact-formal,cKG,2.0,80-20,terminal_true_boundary_exceedance_pct,-21.65,1.390655545306379,1.9647293909876649,-24.382261822603418,-18.91773817739658,500,secondary_non_brier_zero_guard,0.0,0.0,0.0,-24.382261822603418,-18.91773817739658,False,True,True,negative,,,
contrast_or_conditional,absolute_budget_contrast_N80_minus_N20,cKG-exact-formal,cKG,2.0,80-20,above_boundary_assignment_pct,-20.49125,0.44723127798379,1.9647293909876649,-21.369938436423727,-19.612561563576275,500,secondary_non_brier_zero_guard,0.0,0.0,0.0,-21.369938436423727,-19.612561563576275,False,True,True,negative,,,
contrast_or_conditional,absolute_budget_contrast_N80_minus_N20,cKG-exact-formal,cKG,2.0,80-20,terminal_target_exclusion_pct,8.05,1.2653446939031188,1.9647293909876649,5.563940090158253,10.536059909841748,500,secondary_non_brier_zero_guard,0.0,0.0,0.0,5.563940090158253,10.536059909841748,True,False,True,positive,,,
contrast_or_conditional,absolute_budget_contrast_N80_minus_N20,cKG-exact-formal,cKG,2.0,80-20,panel_brier_score_pct,-10.184796754114886,0.34140056331507657,1.9647293909876649,-10.855556474959762,-9.51403703327001,500,secondary_within_policy_N80_minus_N20_panel_brier_contrast,5.9604644775390625e-06,2.668270355676682e-07,6.484707396628971e-06,-10.855562959667159,-9.514030548562614,False,True,True,negative,,,
contrast_or_conditional,absolute_budget_contrast_N80_minus_N20,tmse,tMSE-only,0.5,80-20,terminal_true_boundary_exceedance_pct,-11.65,0.9207336753926207,1.9647293909876649,-13.458992513315978,-9.841007486684022,500,secondary_non_brier_zero_guard,0.0,0.0,0.0,-13.458992513315978,-9.841007486684022,False,True,True,negative,,,
contrast_or_conditional,absolute_budget_contrast_N80_minus_N20,tmse,tMSE-only,0.5,80-20,above_boundary_assignment_pct,-17.5,0.40219525363197434,1.9647293909876649,-18.290204835726477,-16.709795164273523,500,secondary_non_brier_zero_guard,0.0,0.0,0.0,-18.290204835726477,-16.709795164273523,False,True,True,negative,,,
contrast_or_conditional,absolute_budget_contrast_N80_minus_N20,tmse,tMSE-only,0.5,80-20,terminal_target_exclusion_pct,4.0,0.9642923412735775,1.9647293909876649,2.1054264955954944,5.894573504404505,500,secondary_non_brier_zero_guard,0.0,0.0,0.0,2.1054264955954944,5.894573504404505,True,False,True,positive,,,
contrast_or_conditional,absolute_budget_contrast_N80_minus_N20,tmse,tMSE-only,0.5,80-20,panel_brier_score_pct,-1.1720793903272462,0.1453416247460961,1.9647293909876649,-1.4576363521998013,-0.8865224284546911,500,secondary_within_policy_N80_minus_N20_panel_brier_contrast,5.9604644775390625e-06,2.668270355676682e-07,6.484707396628971e-06,-1.4576428369071979,-0.8865159437472945,False,True,True,negative,,,
contrast_or_conditional,absolute_budget_contrast_N80_minus_N20,tmse,tMSE-only,1.0,80-20,terminal_true_boundary_exceedance_pct,-13.55,0.9471479178864901,1.9647293909876649,-15.410889351884359,-11.689110648115642,500,secondary_non_brier_zero_guard,0.0,0.0,0.0,-15.410889351884359,-11.689110648115642,False,True,True,negative,,,
contrast_or_conditional,absolute_budget_contrast_N80_minus_N20,tmse,tMSE-only,1.0,80-20,above_boundary_assignment_pct,-19.57625,0.44172409343893493,1.9647293909876649,-20.444118309086857,-18.708381690913146,500,secondary_non_brier_zero_guard,0.0,0.0,0.0,-20.444118309086857,-18.708381690913146,False,True,True,negative,,,
contrast_or_conditional,absolute_budget_contrast_N80_minus_N20,tmse,tMSE-only,1.0,80-20,terminal_target_exclusion_pct,-1.65,0.9533481764240082,1.9647293909876649,-3.5230711820647422,0.2230711820647424,500,secondary_non_brier_zero_guard,0.0,0.0,0.0,-3.5230711820647422,0.2230711820647424,False,False,False,unresolved,,,
contrast_or_conditional,absolute_budget_contrast_N80_minus_N20,tmse,tMSE-only,1.0,80-20,panel_brier_score_pct,-4.732657307860496,0.19908007624832647,1.9647293909876649,-5.123795784825648,-4.341518830895343,500,secondary_within_policy_N80_minus_N20_panel_brier_contrast,5.9604644775390625e-06,2.668270355676682e-07,6.484707396628971e-06,-5.123802269533045,-4.341512346187947,False,True,True,negative,,,
contrast_or_conditional,absolute_budget_contrast_N80_minus_N20,tmse,tMSE-only,2.0,80-20,terminal_true_boundary_exceedance_pct,-18.2,1.2290407162353607,1.9647293909876649,-20.614732417908144,-15.785267582091855,500,secondary_non_brier_zero_guard,0.0,0.0,0.0,-20.614732417908144,-15.785267582091855,False,True,True,negative,,,
contrast_or_conditional,absolute_budget_contrast_N80_minus_N20,tmse,tMSE-only,2.0,80-20,above_boundary_assignment_pct,-18.96375,0.5680277241171696,1.9647293909876649,-20.079770764468837,-17.847729235531165,500,secondary_non_brier_zero_guard,0.0,0.0,0.0,-20.079770764468837,-17.847729235531165,False,True,True,negative,,,
contrast_or_conditional,absolute_budget_contrast_N80_minus_N20,tmse,tMSE-only,2.0,80-20,terminal_target_exclusion_pct,0.45,1.3604398528367112,1.9647293909876649,-2.22289616353922,3.1228961635392203,500,secondary_non_brier_zero_guard,0.0,0.0,0.0,-2.22289616353922,3.1228961635392203,False,False,False,unresolved,,,
contrast_or_conditional,absolute_budget_contrast_N80_minus_N20,tmse,tMSE-only,2.0,80-20,panel_brier_score_pct,-8.56852181503981,0.3038412196678014,1.9647293909876649,-9.16548758951468,-7.971556040564941,500,secondary_within_policy_N80_minus_N20_panel_brier_contrast,5.9604644775390625e-06,2.668270355676682e-07,6.484707396628971e-06,-9.165494074222076,-7.971549555857544,False,True,True,negative,,,
contrast_or_conditional,absolute_budget_contrast_N80_minus_N20,qBIG,Entropy reduction,0.5,80-20,terminal_true_boundary_exceedance_pct,-11.5,0.9258587521094755,1.9647293909876649,-13.319061902172649,-9.680938097827351,500,secondary_non_brier_zero_guard,0.0,0.0,0.0,-13.319061902172649,-9.680938097827351,False,True,True,negative,,,
contrast_or_conditional,absolute_budget_contrast_N80_minus_N20,qBIG,Entropy reduction,0.5,80-20,above_boundary_assignment_pct,-14.40375,0.36159651332929604,1.9647293909876649,-15.114189297416731,-13.69331070258327,500,secondary_non_brier_zero_guard,0.0,0.0,0.0,-15.114189297416731,-13.69331070258327,False,True,True,negative,,,
contrast_or_conditional,absolute_budget_contrast_N80_minus_N20,qBIG,Entropy reduction,0.5,80-20,terminal_target_exclusion_pct,4.05,0.9599677474542073,1.9647293909876649,2.1639231521764946,5.9360768478235055,500,secondary_non_brier_zero_guard,0.0,0.0,0.0,2.1639231521764946,5.9360768478235055,True,False,True,positive,,,
contrast_or_conditional,absolute_budget_contrast_N80_minus_N20,qBIG,Entropy reduction,0.5,80-20,panel_brier_score_pct,-1.6760828589378098,0.16512740089918834,1.9647293909876649,-2.000513516741848,-1.3516522011337715,500,secondary_within_policy_N80_minus_N20_panel_brier_contrast,5.9604644775390625e-06,2.668270355676682e-07,6.484707396628971e-06,-2.000520001449245,-1.3516457164263749,False,True,True,negative,,,
contrast_or_conditional,absolute_budget_contrast_N80_minus_N20,qBIG,Entropy reduction,1.0,80-20,terminal_true_boundary_exceedance_pct,-15.75,1.1353206180685802,1.9647293909876649,-17.98059778651362,-13.51940221348638,500,secondary_non_brier_zero_guard,0.0,0.0,0.0,-17.98059778651362,-13.51940221348638,False,True,True,negative,,,
contrast_or_conditional,absolute_budget_contrast_N80_minus_N20,qBIG,Entropy reduction,1.0,80-20,above_boundary_assignment_pct,-11.37625,0.42630905831497734,1.9647293909876649,-12.21383193651571,-10.538668063484291,500,secondary_non_brier_zero_guard,0.0,0.0,0.0,-12.21383193651571,-10.538668063484291,False,True,True,negative,,,
contrast_or_conditional,absolute_budget_contrast_N80_minus_N20,qBIG,Entropy reduction,1.0,80-20,terminal_target_exclusion_pct,5.2,1.1634548785874845,1.9647293909876649,2.9141260049511843,7.4858739950488165,500,secondary_non_brier_zero_guard,0.0,0.0,0.0,2.9141260049511843,7.4858739950488165,True,False,True,positive,,,
contrast_or_conditional,absolute_budget_contrast_N80_minus_N20,qBIG,Entropy reduction,1.0,80-20,panel_brier_score_pct,-8.257790614571645,0.3163091710972525,1.9647293909876649,-8.879252539665362,-7.636328689477927,500,secondary_within_policy_N80_minus_N20_panel_brier_contrast,5.9604644775390625e-06,2.668270355676682e-07,6.484707396628971e-06,-8.87925902437276,-7.63632220477053,False,True,True,negative,,,
contrast_or_conditional,absolute_budget_contrast_N80_minus_N20,qBIG,Entropy reduction,2.0,80-20,terminal_true_boundary_exceedance_pct,-5.2,1.363685916388783,1.9647293909876649,-7.87927380000499,-2.520726199995011,500,secondary_non_brier_zero_guard,0.0,0.0,0.0,-7.87927380000499,-2.520726199995011,False,True,True,negative,,,
contrast_or_conditional,absolute_budget_contrast_N80_minus_N20,qBIG,Entropy reduction,2.0,80-20,above_boundary_assignment_pct,-7.21125,0.49208775649795466,1.9647293909876649,-8.178069278136713,-6.244430721863287,500,secondary_non_brier_zero_guard,0.0,0.0,0.0,-8.178069278136713,-6.244430721863287,False,True,True,negative,,,
contrast_or_conditional,absolute_budget_contrast_N80_minus_N20,qBIG,Entropy reduction,2.0,80-20,terminal_target_exclusion_pct,4.05,1.256125272973522,1.9647293909876649,1.5820537574265177,6.5179462425734815,500,secondary_non_brier_zero_guard,0.0,0.0,0.0,1.5820537574265177,6.5179462425734815,True,False,True,positive,,,
contrast_or_conditional,absolute_budget_contrast_N80_minus_N20,qBIG,Entropy reduction,2.0,80-20,panel_brier_score_pct,-6.683330374998037,0.3868289731336033,1.9647293909876649,-7.443344627799205,-5.923316122196868,500,secondary_within_policy_N80_minus_N20_panel_brier_contrast,5.9604644775390625e-06,2.668270355676682e-07,6.484707396628971e-06,-7.443351112506602,-5.923309637489472,False,True,True,negative,,,
contrast_or_conditional,absolute_budget_contrast_N80_minus_N20,cEI,cEI,0.5,80-20,terminal_true_boundary_exceedance_pct,-7.3,0.8774736006511417,1.9647293909876649,-9.023998173015071,-5.576001826984928,500,secondary_non_brier_zero_guard,0.0,0.0,0.0,-9.023998173015071,-5.576001826984928,False,True,True,negative,,,
contrast_or_conditional,absolute_budget_contrast_N80_minus_N20,cEI,cEI,0.5,80-20,above_boundary_assignment_pct,-12.85625,0.45154514770489074,1.9647293909876649,-13.743414023053665,-11.969085976946333,500,secondary_non_brier_zero_guard,0.0,0.0,0.0,-13.743414023053665,-11.969085976946333,False,True,True,negative,,,
contrast_or_conditional,absolute_budget_contrast_N80_minus_N20,cEI,cEI,0.5,80-20,terminal_target_exclusion_pct,3.65,0.8817084663534078,1.9647293909876649,1.9176814618728009,5.382318538127199,500,secondary_non_brier_zero_guard,0.0,0.0,0.0,1.9176814618728009,5.382318538127199,True,False,True,positive,,,
contrast_or_conditional,absolute_budget_contrast_N80_minus_N20,cEI,cEI,0.5,80-20,panel_brier_score_pct,-1.589238131105775,0.1643726290367418,1.9647293909876649,-1.9121858664481741,-1.266290395763376,500,secondary_within_policy_N80_minus_N20_panel_brier_contrast,5.9604644775390625e-06,2.668270355676682e-07,6.484707396628971e-06,-1.9121923511555707,-1.2662839110559794,False,True,True,negative,,,
contrast_or_conditional,absolute_budget_contrast_N80_minus_N20,cEI,cEI,1.0,80-20,terminal_true_boundary_exceedance_pct,-9.8,0.8913523534697555,1.9647293909876649,-11.551266166588055,-8.048733833411946,500,secondary_non_brier_zero_guard,0.0,0.0,0.0,-11.551266166588055,-8.048733833411946,False,True,True,negative,,,
contrast_or_conditional,absolute_budget_contrast_N80_minus_N20,cEI,cEI,1.0,80-20,above_boundary_assignment_pct,-16.06,0.47928956484983887,1.9647293909876649,-17.001674294854165,-15.118325705145832,500,secondary_non_brier_zero_guard,0.0,0.0,0.0,-17.001674294854165,-15.118325705145832,False,True,True,negative,,,
contrast_or_conditional,absolute_budget_contrast_N80_minus_N20,cEI,cEI,1.0,80-20,terminal_target_exclusion_pct,2.45,0.996232884379872,1.9647293909876649,0.4926719717904495,4.407328028209551,500,secondary_non_brier_zero_guard,0.0,0.0,0.0,0.4926719717904495,4.407328028209551,True,False,True,positive,,,
contrast_or_conditional,absolute_budget_contrast_N80_minus_N20,cEI,cEI,1.0,80-20,panel_brier_score_pct,-4.027103718985201,0.2491696207667282,1.9647293909876649,-4.516654596246842,-3.537552841723559,500,secondary_within_policy_N80_minus_N20_panel_brier_contrast,5.9604644775390625e-06,2.668270355676682e-07,6.484707396628971e-06,-4.516661080954239,-3.5375463570161623,False,True,True,negative,,,
contrast_or_conditional,absolute_budget_contrast_N80_minus_N20,cEI,cEI,2.0,80-20,terminal_true_boundary_exceedance_pct,-16.7,1.263095729405846,1.9647293909876649,-19.181641303194667,-14.218358696805332,500,secondary_non_brier_zero_guard,0.0,0.0,0.0,-19.181641303194667,-14.218358696805332,False,True,True,negative,,,
contrast_or_conditional,absolute_budget_contrast_N80_minus_N20,cEI,cEI,2.0,80-20,above_boundary_assignment_pct,-17.905,0.5862432834367908,1.9647293909876649,-19.056809409237378,-16.753190590762625,500,secondary_non_brier_zero_guard,0.0,0.0,0.0,-19.056809409237378,-16.753190590762625,False,True,True,negative,,,
contrast_or_conditional,absolute_budget_contrast_N80_minus_N20,cEI,cEI,2.0,80-20,terminal_target_exclusion_pct,10.4,1.3720221899734562,1.9647293909876649,7.70434767827189,13.09565232172811,500,secondary_non_brier_zero_guard,0.0,0.0,0.0,7.70434767827189,13.09565232172811,True,False,True,positive,,,
contrast_or_conditional,absolute_budget_contrast_N80_minus_N20,cEI,cEI,2.0,80-20,panel_brier_score_pct,-8.33509359720074,0.34671041139209474,1.9647293909876649,-9.016285732624212,-7.6539014617772665,500,secondary_within_policy_N80_minus_N20_panel_brier_contrast,5.9604644775390625e-06,2.668270355676682e-07,6.484707396628971e-06,-9.016292217331609,-7.65389497706987,False,True,True,negative,,,
contrast_or_conditional,policy_minus_cEI_calibration_difference_in_differences,cKG-exact-formal,cKG,0.5,20,terminal_target_exclusion_pct,-0.7,1.5128110240174673,1.9647293909876649,-3.672264281897264,2.2722642818972645,500,secondary_non_brier_zero_guard,0.0,0.0,0.0,-3.672264281897264,2.2722642818972645,False,False,False,unresolved,,,
contrast_or_conditional,policy_minus_cEI_calibration_difference_in_differences,cKG-exact-formal,cKG,0.5,20,panel_brier_score_pct,0.9847647173454342,0.3241266876284812,1.9647293909876649,0.3479434877582793,1.6215859469325893,500,secondary_policy_vs_cEI_panel_brier_calibration_did,1.1920928955078125e-05,5.336540711353364e-07,1.2969414793257942e-05,0.34793051834348604,1.6215989163473825,True,False,True,positive,,,
contrast_or_conditional,policy_minus_cEI_calibration_difference_in_differences,cKG-exact-formal,cKG,0.5,40,terminal_target_exclusion_pct,0.7,1.4276190641711008,1.9647293909876649,-2.1048851345112674,3.504885134511267,500,secondary_non_brier_zero_guard,0.0,0.0,0.0,-2.1048851345112674,3.504885134511267,False,False,False,unresolved,,,
contrast_or_conditional,policy_minus_cEI_calibration_difference_in_differences,cKG-exact-formal,cKG,0.5,40,panel_brier_score_pct,1.247074437861472,0.3030768329954817,1.9647293909876649,0.651610476347789,1.842538399375155,500,secondary_policy_vs_cEI_panel_brier_calibration_did,1.1920928955078125e-05,5.336540711353364e-07,1.2969414793257942e-05,0.6515975069329958,1.8425513687899482,True,False,True,positive,,,
contrast_or_conditional,policy_minus_cEI_calibration_difference_in_differences,cKG-exact-formal,cKG,0.5,80,terminal_target_exclusion_pct,1.3,1.531767810489077,1.9647293909876649,-1.7095092374367133,4.309509237436713,500,secondary_non_brier_zero_guard,0.0,0.0,0.0,-1.7095092374367133,4.309509237436713,False,False,False,unresolved,,,
contrast_or_conditional,policy_minus_cEI_calibration_difference_in_differences,cKG-exact-formal,cKG,0.5,80,panel_brier_score_pct,1.9241224283384264,0.31384112331504704,1.9647293909876649,1.3075095492607693,2.5407353074160834,500,secondary_policy_vs_cEI_panel_brier_calibration_did,1.1920928955078125e-05,5.336540711353364e-07,1.2969414793257942e-05,1.3074965798459761,2.5407482768308767,True,False,True,positive,,,
contrast_or_conditional,policy_minus_cEI_calibration_difference_in_differences,cKG-exact-formal,cKG,2.0,20,terminal_target_exclusion_pct,4.45,1.712822969559347,1.9647293909876649,1.0847663701479804,7.81523362985202,500,secondary_non_brier_zero_guard,0.0,0.0,0.0,1.0847663701479804,7.81523362985202,True,False,True,positive,,,
contrast_or_conditional,policy_minus_cEI_calibration_difference_in_differences,cKG-exact-formal,cKG,2.0,20,panel_brier_score_pct,-0.8410591851141381,0.4288552838257996,1.9647293909876649,-1.6836437657270436,0.0015253954987672902,500,secondary_policy_vs_cEI_panel_brier_calibration_did,1.1920928955078125e-05,5.336540711353364e-07,1.2969414793257942e-05,-1.6836567351418368,0.0015383649135605481,False,False,False,unresolved,,,
contrast_or_conditional,policy_minus_cEI_calibration_difference_in_differences,cKG-exact-formal,cKG,2.0,40,terminal_target_exclusion_pct,6.2,1.6503233423388692,1.9647293909876649,2.957561224673826,9.442438775326174,500,secondary_non_brier_zero_guard,0.0,0.0,0.0,2.957561224673826,9.442438775326174,True,False,True,positive,,,
contrast_or_conditional,policy_minus_cEI_calibration_difference_in_differences,cKG-exact-formal,cKG,2.0,40,panel_brier_score_pct,-2.1495462436372943,0.38573136544818715,1.9647293909876649,-2.9074039943591514,-1.3916884929154372,500,secondary_policy_vs_cEI_panel_brier_calibration_did,1.1920928955078125e-05,5.336540711353364e-07,1.2969414793257942e-05,-2.9074169637739447,-1.391675523500644,False,True,True,negative,,,
contrast_or_conditional,policy_minus_cEI_calibration_difference_in_differences,cKG-exact-formal,cKG,2.0,80,terminal_target_exclusion_pct,7.45,1.5349942719207974,1.9647293909876649,4.434151638959498,10.465848361040504,500,secondary_non_brier_zero_guard,0.0,0.0,0.0,4.434151638959498,10.465848361040504,True,False,True,positive,,,
contrast_or_conditional,policy_minus_cEI_calibration_difference_in_differences,cKG-exact-formal,cKG,2.0,80,panel_brier_score_pct,-1.7269472749523689,0.32075764974230564,1.9647293909876649,-2.3571492567852035,-1.096745293119534,500,secondary_policy_vs_cEI_panel_brier_calibration_did,1.1920928955078125e-05,5.336540711353364e-07,1.2969414793257942e-05,-2.3571622261999967,-1.0967323237047408,False,True,True,negative,,,
contrast_or_conditional,policy_minus_cEI_calibration_difference_in_differences,tmse,tMSE-only,0.5,20,terminal_target_exclusion_pct,-8.3,1.6100946585897484,1.9647293909876649,-11.46340029800353,-5.136599701996472,500,secondary_non_brier_zero_guard,0.0,0.0,0.0,-11.46340029800353,-5.136599701996472,False,True,True,negative,,,
contrast_or_conditional,policy_minus_cEI_calibration_difference_in_differences,tmse,tMSE-only,0.5,20,panel_brier_score_pct,1.544038717108191,0.3422463148252193,1.9647293909876649,0.8716173234138654,2.2164601108025166,500,secondary_policy_vs_cEI_panel_brier_calibration_did,1.1920928955078125e-05,5.336540711353364e-07,1.2969414793257942e-05,0.8716043539990722,2.21647308021731,True,False,True,positive,,,
contrast_or_conditional,policy_minus_cEI_calibration_difference_in_differences,tmse,tMSE-only,0.5,40,terminal_target_exclusion_pct,-5.25,1.447953084969449,1.9647293909876649,-8.094835982810736,-2.405164017189264,500,secondary_non_brier_zero_guard,0.0,0.0,0.0,-8.094835982810736,-2.405164017189264,False,True,True,negative,,,
contrast_or_conditional,policy_minus_cEI_calibration_difference_in_differences,tmse,tMSE-only,0.5,40,panel_brier_score_pct,2.037103001596602,0.3048922060165783,1.9647293909876649,1.4380723233527646,2.6361336798404396,500,secondary_policy_vs_cEI_panel_brier_calibration_did,1.1920928955078125e-05,5.336540711353364e-07,1.2969414793257942e-05,1.4380593539379714,2.636146649255233,True,False,True,positive,,,
contrast_or_conditional,policy_minus_cEI_calibration_difference_in_differences,tmse,tMSE-only,0.5,80,terminal_target_exclusion_pct,-3.85,1.4411832007194894,1.9647293909876649,-6.681534992251256,-1.0184650077487443,500,secondary_non_brier_zero_guard,0.0,0.0,0.0,-6.681534992251256,-1.0184650077487443,False,True,True,negative,,,
contrast_or_conditional,policy_minus_cEI_calibration_difference_in_differences,tmse,tMSE-only,0.5,80,panel_brier_score_pct,2.6667510467620157,0.30841375138263066,1.9647293909876649,2.0608014848357987,3.2727006086882326,500,secondary_policy_vs_cEI_panel_brier_calibration_did,1.1920928955078125e-05,5.336540711353364e-07,1.2969414793257942e-05,2.0607885154210055,3.272713578103026,True,False,True,positive,,,
contrast_or_conditional,policy_minus_cEI_calibration_difference_in_differences,tmse,tMSE-only,2.0,20,terminal_target_exclusion_pct,10.4,1.6716065736512729,1.9647293909876649,7.115745434579158,13.684254565420844,500,secondary_non_brier_zero_guard,0.0,0.0,0.0,7.115745434579158,13.684254565420844,True,False,True,positive,,,
contrast_or_conditional,policy_minus_cEI_calibration_difference_in_differences,tmse,tMSE-only,2.0,20,panel_brier_score_pct,0.5353995875682205,0.44623445598007805,1.9647293909876649,-0.3413303633672302,1.4121295385036712,500,secondary_policy_vs_cEI_panel_brier_calibration_did,1.1920928955078125e-05,5.336540711353364e-07,1.2969414793257942e-05,-0.3413433327820235,1.4121425079184644,False,False,False,unresolved,,,
contrast_or_conditional,policy_minus_cEI_calibration_difference_in_differences,tmse,tMSE-only,2.0,40,terminal_target_exclusion_pct,7.0,1.594391472737067,1.9647293909876649,3.8674522127733764,10.132547787226624,500,secondary_non_brier_zero_guard,0.0,0.0,0.0,3.8674522127733764,10.132547787226624,True,False,True,positive,,,
contrast_or_conditional,policy_minus_cEI_calibration_difference_in_differences,tmse,tMSE-only,2.0,40,panel_brier_score_pct,0.3239569242967311,0.39681439195631046,1.9647293909876649,-0.4556759743467313,1.1035898229401935,500,secondary_policy_vs_cEI_panel_brier_calibration_did,1.1920928955078125e-05,5.336540711353364e-07,1.2969414793257942e-05,-0.4556889437615246,1.1036027923549867,False,False,False,unresolved,,,
contrast_or_conditional,policy_minus_cEI_calibration_difference_in_differences,tmse,tMSE-only,2.0,80,terminal_target_exclusion_pct,4.55,1.536494918073774,1.9647293909876649,1.5312032753572722,7.568796724642727,500,secondary_non_brier_zero_guard,0.0,0.0,0.0,1.5312032753572722,7.568796724642727,True,False,True,positive,,,
contrast_or_conditional,policy_minus_cEI_calibration_difference_in_differences,tmse,tMSE-only,2.0,80,panel_brier_score_pct,1.0075249586044455,0.33828499245662824,1.9647293909876649,0.3428864913948675,1.6721634258140234,500,secondary_policy_vs_cEI_panel_brier_calibration_did,1.1920928955078125e-05,5.336540711353364e-07,1.2969414793257942e-05,0.3428735219800742,1.6721763952288167,True,False,True,positive,,,
contrast_or_conditional,policy_minus_cEI_calibration_difference_in_differences,qBIG,Entropy reduction,0.5,20,terminal_target_exclusion_pct,6.8,1.808053681789472,1.9647293909876649,3.2476637909047654,10.352336209095235,500,secondary_non_brier_zero_guard,0.0,0.0,0.0,3.2476637909047654,10.352336209095235,True,False,True,positive,,,
contrast_or_conditional,policy_minus_cEI_calibration_difference_in_differences,qBIG,Entropy reduction,0.5,20,panel_brier_score_pct,-2.4493758861950705,0.428297278346736,1.9647293909876649,-3.2908641370429272,-1.6078876353472136,500,secondary_policy_vs_cEI_panel_brier_calibration_did,1.1920928955078125e-05,5.336540711353364e-07,1.2969414793257942e-05,-3.2908771064577205,-1.6078746659324203,False,True,True,negative,,,
contrast_or_conditional,policy_minus_cEI_calibration_difference_in_differences,qBIG,Entropy reduction,0.5,40,terminal_target_exclusion_pct,3.75,1.6107650754397775,1.9647293909876649,0.5852825143070057,6.914717485692995,500,secondary_non_brier_zero_guard,0.0,0.0,0.0,0.5852825143070057,6.914717485692995,True,False,True,positive,,,
contrast_or_conditional,policy_minus_cEI_calibration_difference_in_differences,qBIG,Entropy reduction,0.5,40,panel_brier_score_pct,-0.10561713770013317,0.41945366778379883,1.9647293909876649,-0.9297300869525386,0.7184958115522723,500,secondary_policy_vs_cEI_panel_brier_calibration_did,1.1920928955078125e-05,5.336540711353364e-07,1.2969414793257942e-05,-0.9297430563673318,0.7185087809670655,False,False,False,unresolved,,,
contrast_or_conditional,policy_minus_cEI_calibration_difference_in_differences,qBIG,Entropy reduction,0.5,80,terminal_target_exclusion_pct,4.45,1.6380663976304781,1.9647293909876649,1.2316428041861127,7.668357195813888,500,secondary_non_brier_zero_guard,0.0,0.0,0.0,1.2316428041861127,7.668357195813888,True,False,True,positive,,,
contrast_or_conditional,policy_minus_cEI_calibration_difference_in_differences,qBIG,Entropy reduction,0.5,80,panel_brier_score_pct,1.6944662815593403,0.4219859486675597,1.9647293909876649,0.8653780856283738,2.5235544774903067,500,secondary_policy_vs_cEI_panel_brier_calibration_did,1.1920928955078125e-05,5.336540711353364e-07,1.2969414793257942e-05,0.8653651162135806,2.5235674469051,True,False,True,positive,,,
contrast_or_conditional,policy_minus_cEI_calibration_difference_in_differences,qBIG,Entropy reduction,2.0,20,terminal_target_exclusion_pct,-23.15,1.9719107139339382,1.9647293909876649,-27.024270936069478,-19.27572906393052,500,secondary_non_brier_zero_guard,0.0,0.0,0.0,-27.024270936069478,-19.27572906393052,False,True,True,negative,,,
contrast_or_conditional,policy_minus_cEI_calibration_difference_in_differences,qBIG,Entropy reduction,2.0,20,panel_brier_score_pct,8.5081755050418,0.5423206128128008,1.9647293909876649,7.442662257710049,9.57368875237355,500,secondary_policy_vs_cEI_panel_brier_calibration_did,1.1920928955078125e-05,5.336540711353364e-07,1.2969414793257942e-05,7.4426492882952555,9.573701721788344,True,False,True,positive,,,
contrast_or_conditional,policy_minus_cEI_calibration_difference_in_differences,qBIG,Entropy reduction,2.0,40,terminal_target_exclusion_pct,-31.75,1.9413688020701534,1.9647293909876649,-35.56426434417374,-27.935735655826257,500,secondary_non_brier_zero_guard,0.0,0.0,0.0,-35.56426434417374,-27.935735655826257,False,True,True,negative,,,
contrast_or_conditional,policy_minus_cEI_calibration_difference_in_differences,qBIG,Entropy reduction,2.0,40,panel_brier_score_pct,13.045145100712219,0.5659789777601028,1.9647293909876649,11.93314956842579,14.157140632998647,500,secondary_policy_vs_cEI_panel_brier_calibration_did,1.1920928955078125e-05,5.336540711353364e-07,1.2969414793257942e-05,11.933136599010997,14.157153602413441,True,False,True,positive,,,
contrast_or_conditional,policy_minus_cEI_calibration_difference_in_differences,qBIG,Entropy reduction,2.0,80,terminal_target_exclusion_pct,-32.25,1.981218173473533,1.9647293909876649,-36.14255757538235,-28.357442424617652,500,secondary_non_brier_zero_guard,0.0,0.0,0.0,-36.14255757538235,-28.357442424617652,False,True,True,negative,,,
contrast_or_conditional,policy_minus_cEI_calibration_difference_in_differences,qBIG,Entropy reduction,2.0,80,panel_brier_score_pct,14.390625622830946,0.6028527467800426,1.9647293909876649,13.206183112794552,15.57506813286734,500,secondary_policy_vs_cEI_panel_brier_calibration_did,1.1920928955078125e-05,5.336540711353364e-07,1.2969414793257942e-05,13.206170143379758,15.575081102282134,True,False,True,positive,,,
contrast_or_conditional,gate_specific_cKG_minus_comparator,cKG-exact-formal,,0.5,20,terminal_true_boundary_exceedance_pct,-0.4,1.6139670937039325,1.9647293909876649,-3.5710085850870588,2.771008585087059,500,secondary_non_brier_zero_guard,0.0,0.0,0.0,-3.5710085850870588,2.771008585087059,False,False,False,unresolved,tmse,0.7,
contrast_or_conditional,gate_specific_cKG_minus_comparator,cKG-exact-formal,,0.5,20,above_boundary_assignment_pct,-8.08,0.5057061175769079,1.9647293909876649,-9.073575672405614,-7.0864243275943855,500,secondary_non_brier_zero_guard,0.0,0.0,0.0,-9.073575672405614,-7.0864243275943855,False,True,True,negative,tmse,0.7,
contrast_or_conditional,gate_specific_cKG_minus_comparator,cKG-exact-formal,,0.5,20,terminal_true_boundary_exceedance_pct,4.2,1.070987407982051,1.9647293909876649,2.0957995621599674,6.3042004378400325,500,secondary_non_brier_zero_guard,0.0,0.0,0.0,2.0957995621599674,6.3042004378400325,True,False,True,positive,tmse,0.9,
contrast_or_conditional,gate_specific_cKG_minus_comparator,cKG-exact-formal,,0.5,20,above_boundary_assignment_pct,-3.74,0.4024284997298148,1.9647293909876649,-4.530663101190239,-2.9493368988097615,500,secondary_non_brier_zero_guard,0.0,0.0,0.0,-4.530663101190239,-2.9493368988097615,False,True,True,negative,tmse,0.9,
contrast_or_conditional,gate_specific_cKG_minus_comparator,cKG-exact-formal,,0.5,40,terminal_true_boundary_exceedance_pct,5.7,1.45920476874023,1.9647293909876649,2.8330575033867116,8.566942496613288,500,secondary_non_brier_zero_guard,0.0,0.0,0.0,2.8330575033867116,8.566942496613288,True,False,True,positive,tmse,0.7,
contrast_or_conditional,gate_specific_cKG_minus_comparator,cKG-exact-formal,,0.5,40,above_boundary_assignment_pct,-6.455,0.4800018265663309,1.9647293909876649,-7.398073696382634,-5.511926303617366,500,secondary_non_brier_zero_guard,0.0,0.0,0.0,-7.398073696382634,-5.511926303617366,False,True,True,negative,tmse,0.7,
contrast_or_conditional,gate_specific_cKG_minus_comparator,cKG-exact-formal,,0.5,40,terminal_true_boundary_exceedance_pct,4.4,0.884785675394197,1.9647293909876649,2.6616355788281503,6.13836442117185,500,secondary_non_brier_zero_guard,0.0,0.0,0.0,2.6616355788281503,6.13836442117185,True,False,True,positive,tmse,0.9,
contrast_or_conditional,gate_specific_cKG_minus_comparator,cKG-exact-formal,,0.5,40,above_boundary_assignment_pct,-2.035,0.31045985350972927,1.9647293909876649,-2.64496959891229,-1.4250304010877102,500,secondary_non_brier_zero_guard,0.0,0.0,0.0,-2.64496959891229,-1.4250304010877102,False,True,True,negative,tmse,0.9,
contrast_or_conditional,gate_specific_cKG_minus_comparator,cKG-exact-formal,,0.5,80,terminal_true_boundary_exceedance_pct,7.9,1.2994449254310305,1.9647293909876649,5.346942363035881,10.45305763696412,500,secondary_non_brier_zero_guard,0.0,0.0,0.0,5.346942363035881,10.45305763696412,True,False,True,positive,tmse,0.7,
contrast_or_conditional,gate_specific_cKG_minus_comparator,cKG-exact-formal,,0.5,80,above_boundary_assignment_pct,-4.6025,0.4164728523848188,1.9647293909876649,-5.420756453628921,-3.7842435463710795,500,secondary_non_brier_zero_guard,0.0,0.0,0.0,-5.420756453628921,-3.7842435463710795,False,True,True,negative,tmse,0.7,
contrast_or_conditional,gate_specific_cKG_minus_comparator,cKG-exact-formal,,0.5,80,terminal_true_boundary_exceedance_pct,4.8,0.7969883190872519,1.9647293909876649,3.2341336252154207,6.365866374784579,500,secondary_non_brier_zero_guard,0.0,0.0,0.0,3.2341336252154207,6.365866374784579,True,False,True,positive,tmse,0.9,
contrast_or_conditional,gate_specific_cKG_minus_comparator,cKG-exact-formal,,0.5,80,above_boundary_assignment_pct,-1.25,0.23336434568217856,1.9647293909876649,-1.7084977887703816,-0.7915022112296184,500,secondary_non_brier_zero_guard,0.0,0.0,0.0,-1.7084977887703816,-0.7915022112296184,False,True,True,negative,tmse,0.9,
contrast_or_conditional,gate_specific_cKG_minus_comparator,cKG-exact-formal,,1.0,20,terminal_true_boundary_exceedance_pct,4.6,1.7843901188339908,1.9647293909876649,1.094156288538886,8.105843711461112,500,secondary_non_brier_zero_guard,0.0,0.0,0.0,1.094156288538886,8.105843711461112,True,False,True,positive,tmse,0.7,
contrast_or_conditional,gate_specific_cKG_minus_comparator,cKG-exact-formal,,1.0,20,above_boundary_assignment_pct,-9.62,0.5432323653885244,1.9647293909876649,-10.687304594414583,-8.552695405585416,500,secondary_non_brier_zero_guard,0.0,0.0,0.0,-10.687304594414583,-8.552695405585416,False,True,True,negative,tmse,0.7,
contrast_or_conditional,gate_specific_cKG_minus_comparator,cKG-exact-formal,,1.0,20,terminal_true_boundary_exceedance_pct,2.9,1.2066864482411066,1.9647293909876649,0.5291876694341822,5.270812330565818,500,secondary_non_brier_zero_guard,0.0,0.0,0.0,0.5291876694341822,5.270812330565818,True,False,True,positive,tmse,0.9,
contrast_or_conditional,gate_specific_cKG_minus_comparator,cKG-exact-formal,,1.0,20,above_boundary_assignment_pct,-4.22,0.428661523119122,1.9647293909876649,-5.062203893257677,-3.3777961067423226,500,secondary_non_brier_zero_guard,0.0,0.0,0.0,-5.062203893257677,-3.3777961067423226,False,True,True,negative,tmse,0.9,
contrast_or_conditional,gate_specific_cKG_minus_comparator,cKG-exact-formal,,1.0,40,terminal_true_boundary_exceedance_pct,9.4,1.5191760238968908,1.9647293909876649,6.415230215766,12.384769784234,500,secondary_non_brier_zero_guard,0.0,0.0,0.0,6.415230215766,12.384769784234,True,False,True,positive,tmse,0.7,
contrast_or_conditional,gate_specific_cKG_minus_comparator,cKG-exact-formal,,1.0,40,above_boundary_assignment_pct,-9.14,0.49331279633723274,1.9647293909876649,-10.109226149914074,-8.170773850085927,500,secondary_non_brier_zero_guard,0.0,0.0,0.0,-10.109226149914074,-8.170773850085927,False,True,True,negative,tmse,0.7,
contrast_or_conditional,gate_specific_cKG_minus_comparator,cKG-exact-formal,,1.0,40,terminal_true_boundary_exceedance_pct,3.8,0.9234855988604289,1.9647293909876649,1.9856007017650703,5.614399298234929,500,secondary_non_brier_zero_guard,0.0,0.0,0.0,1.9856007017650703,5.614399298234929,True,False,True,positive,tmse,0.9,
contrast_or_conditional,gate_specific_cKG_minus_comparator,cKG-exact-formal,,1.0,40,above_boundary_assignment_pct,-3.505,0.34122987215556405,1.9647293909876649,-4.175424358907,-2.8345756410929996,500,secondary_non_brier_zero_guard,0.0,0.0,0.0,-4.175424358907,-2.8345756410929996,False,True,True,negative,tmse,0.9,
contrast_or_conditional,gate_specific_cKG_minus_comparator,cKG-exact-formal,,1.0,80,terminal_true_boundary_exceedance_pct,11.1,1.2596640452970098,1.9647293909876649,8.625101027434548,13.574898972565451,500,secondary_non_brier_zero_guard,0.0,0.0,0.0,8.625101027434548,13.574898972565451,True,False,True,positive,tmse,0.7,
contrast_or_conditional,gate_specific_cKG_minus_comparator,cKG-exact-formal,,1.0,80,above_boundary_assignment_pct,-6.745,0.4266280264421124,1.9647293909876649,-7.583208622569881,-5.906791377430119,500,secondary_non_brier_zero_guard,0.0,0.0,0.0,-7.583208622569881,-5.906791377430119,False,True,True,negative,tmse,0.7,
contrast_or_conditional,gate_specific_cKG_minus_comparator,cKG-exact-formal,,1.0,80,terminal_true_boundary_exceedance_pct,3.3,0.639560846325277,1.9647293909876649,2.043436007899783,4.556563992100217,500,secondary_non_brier_zero_guard,0.0,0.0,0.0,2.043436007899783,4.556563992100217,True,False,True,positive,tmse,0.9,
contrast_or_conditional,gate_specific_cKG_minus_comparator,cKG-exact-formal,,1.0,80,above_boundary_assignment_pct,-2.295,0.24619539871552718,1.9647293909876649,-2.778707335782323,-1.8112926642176768,500,secondary_non_brier_zero_guard,0.0,0.0,0.0,-2.778707335782323,-1.8112926642176768,False,True,True,negative,tmse,0.9,
contrast_or_conditional,gate_specific_cKG_minus_comparator,cKG-exact-formal,,2.0,20,terminal_true_boundary_exceedance_pct,8.3,1.9441655174182668,1.9647293909876649,4.480240866983591,12.11975913301641,500,secondary_non_brier_zero_guard,0.0,0.0,0.0,4.480240866983591,12.11975913301641,True,False,True,positive,tmse,0.7,
contrast_or_conditional,gate_specific_cKG_minus_comparator,cKG-exact-formal,,2.0,20,above_boundary_assignment_pct,-8.3,0.5945814108330468,1.9647293909876649,-9.468191573198599,-7.131808426801403,500,secondary_non_brier_zero_guard,0.0,0.0,0.0,-9.468191573198599,-7.131808426801403,False,True,True,negative,tmse,0.7,
contrast_or_conditional,gate_specific_cKG_minus_comparator,cKG-exact-formal,,2.0,20,terminal_true_boundary_exceedance_pct,10.3,1.8287998846336555,1.9647293909876649,6.706903116425407,13.893096883574595,500,secondary_non_brier_zero_guard,0.0,0.0,0.0,6.706903116425407,13.893096883574595,True,False,True,positive,tmse,0.9,
contrast_or_conditional,gate_specific_cKG_minus_comparator,cKG-exact-formal,,2.0,20,above_boundary_assignment_pct,-4.51,0.5942441014467105,1.9647293909876649,-5.677528851533408,-3.342471148466592,500,secondary_non_brier_zero_guard,0.0,0.0,0.0,-5.677528851533408,-3.342471148466592,False,True,True,negative,tmse,0.9,
contrast_or_conditional,gate_specific_cKG_minus_comparator,cKG-exact-formal,,2.0,40,terminal_true_boundary_exceedance_pct,6.5,1.7179647276970569,1.9647293909876649,3.124664206813472,9.875335793186528,500,secondary_non_brier_zero_guard,0.0,0.0,0.0,3.124664206813472,9.875335793186528,True,False,True,positive,tmse,0.7,
contrast_or_conditional,gate_specific_cKG_minus_comparator,cKG-exact-formal,,2.0,40,above_boundary_assignment_pct,-10.125,0.5287749577200339,1.9647293909876649,-11.163899700650811,-9.086100299349189,500,secondary_non_brier_zero_guard,0.0,0.0,0.0,-11.163899700650811,-9.086100299349189,False,True,True,negative,tmse,0.7,
contrast_or_conditional,gate_specific_cKG_minus_comparator,cKG-exact-formal,,2.0,40,terminal_true_boundary_exceedance_pct,2.8,1.4312291338801537,1.9647293909876649,-0.011977944572157728,5.611977944572157,500,secondary_non_brier_zero_guard,0.0,0.0,0.0,-0.011977944572157728,5.611977944572157,False,False,False,unresolved,tmse,0.9,
contrast_or_conditional,gate_specific_cKG_minus_comparator,cKG-exact-formal,,2.0,40,above_boundary_assignment_pct,-4.55,0.5226292017914137,1.9647293909876649,-5.576824953348013,-3.5231750466519864,500,secondary_non_brier_zero_guard,0.0,0.0,0.0,-5.576824953348013,-3.5231750466519864,False,True,True,negative,tmse,0.9,
contrast_or_conditional,gate_specific_cKG_minus_comparator,cKG-exact-formal,,2.0,80,terminal_true_boundary_exceedance_pct,9.6,1.5686303587540338,1.9647293909876649,6.518065830560424,12.681934169439575,500,secondary_non_brier_zero_guard,0.0,0.0,0.0,6.518065830560424,12.681934169439575,True,False,True,positive,tmse,0.7,
contrast_or_conditional,gate_specific_cKG_minus_comparator,cKG-exact-formal,,2.0,80,above_boundary_assignment_pct,-11.35,0.4776885729693468,1.9647293909876649,-12.28852877905183,-10.411471220948169,500,secondary_non_brier_zero_guard,0.0,0.0,0.0,-12.28852877905183,-10.411471220948169,False,True,True,negative,tmse,0.7,
contrast_or_conditional,gate_specific_cKG_minus_comparator,cKG-exact-formal,,2.0,80,terminal_true_boundary_exceedance_pct,2.1,0.9396520056827246,1.9647293909876649,0.25383808713464284,3.9461619128653576,500,secondary_non_brier_zero_guard,0.0,0.0,0.0,0.25383808713464284,3.9461619128653576,True,False,True,positive,tmse,0.9,
contrast_or_conditional,gate_specific_cKG_minus_comparator,cKG-exact-formal,,2.0,80,above_boundary_assignment_pct,-4.515,0.4197104522494703,1.9647293909876649,-5.339617461239259,-3.6903825387607405,500,secondary_non_brier_zero_guard,0.0,0.0,0.0,-5.339617461239259,-3.6903825387607405,False,True,True,negative,tmse,0.9,
contrast_or_conditional,gate_specific_cKG_minus_comparator,cKG-exact-formal,,0.5,20,terminal_true_boundary_exceedance_pct,0.7,1.5981640267860573,1.9647293909876649,-2.439959835045764,3.8399598350457644,500,secondary_non_brier_zero_guard,0.0,0.0,0.0,-2.439959835045764,3.8399598350457644,False,False,False,unresolved,qBIG,0.7,
contrast_or_conditional,gate_specific_cKG_minus_comparator,cKG-exact-formal,,0.5,20,above_boundary_assignment_pct,-2.98,0.49893594192871754,1.9647293909876649,-3.9602741093274663,-1.9997258906725337,500,secondary_non_brier_zero_guard,0.0,0.0,0.0,-3.9602741093274663,-1.9997258906725337,False,True,True,negative,qBIG,0.7,
contrast_or_conditional,gate_specific_cKG_minus_comparator,cKG-exact-formal,,0.5,20,terminal_true_boundary_exceedance_pct,2.8,1.1862269043218816,1.9647293909876649,0.46938513669848625,5.130614863301513,500,secondary_non_brier_zero_guard,0.0,0.0,0.0,0.46938513669848625,5.130614863301513,True,False,True,positive,qBIG,0.9,
contrast_or_conditional,gate_specific_cKG_minus_comparator,cKG-exact-formal,,0.5,20,above_boundary_assignment_pct,-0.97,0.3737614147960979,1.9647293909876649,-1.7043400368670254,-0.23565996313297455,500,secondary_non_brier_zero_guard,0.0,0.0,0.0,-1.7043400368670254,-0.23565996313297455,False,True,True,negative,qBIG,0.9,
contrast_or_conditional,gate_specific_cKG_minus_comparator,cKG-exact-formal,,0.5,40,terminal_true_boundary_exceedance_pct,4.5,1.6598222856800304,1.9647293909876649,1.23889837150812,7.76110162849188,500,secondary_non_brier_zero_guard,0.0,0.0,0.0,1.23889837150812,7.76110162849188,True,False,True,positive,qBIG,0.7,
contrast_or_conditional,gate_specific_cKG_minus_comparator,cKG-exact-formal,,0.5,40,above_boundary_assignment_pct,-4.505,0.45716841088577376,1.9647293909876649,-5.403212213498405,-3.606787786501595,500,secondary_non_brier_zero_guard,0.0,0.0,0.0,-5.403212213498405,-3.606787786501595,False,True,True,negative,qBIG,0.7,
contrast_or_conditional,gate_specific_cKG_minus_comparator,cKG-exact-formal,,0.5,40,terminal_true_boundary_exceedance_pct,4.3,0.8800960960466493,1.9647293909876649,2.570849333203645,6.029150666796355,500,secondary_non_brier_zero_guard,0.0,0.0,0.0,2.570849333203645,6.029150666796355,True,False,True,positive,qBIG,0.9,
contrast_or_conditional,gate_specific_cKG_minus_comparator,cKG-exact-formal,,0.5,40,above_boundary_assignment_pct,-0.895,0.30398645616385955,1.9647293909876649,-1.4922511248873183,-0.2977488751126818,500,secondary_non_brier_zero_guard,0.0,0.0,0.0,-1.4922511248873183,-0.2977488751126818,False,True,True,negative,qBIG,0.9,
contrast_or_conditional,gate_specific_cKG_minus_comparator,cKG-exact-formal,,0.5,80,terminal_true_boundary_exceedance_pct,7.8,1.2734061120681435,1.9647293909876649,5.298101584956386,10.301898415043613,500,secondary_non_brier_zero_guard,0.0,0.0,0.0,5.298101584956386,10.301898415043613,True,False,True,positive,qBIG,0.7,
contrast_or_conditional,gate_specific_cKG_minus_comparator,cKG-exact-formal,,0.5,80,above_boundary_assignment_pct,-3.5625,0.35408217389716684,1.9647293909876649,-4.258175653880569,-2.866824346119431,500,secondary_non_brier_zero_guard,0.0,0.0,0.0,-4.258175653880569,-2.866824346119431,False,True,True,negative,qBIG,0.7,
contrast_or_conditional,gate_specific_cKG_minus_comparator,cKG-exact-formal,,0.5,80,terminal_true_boundary_exceedance_pct,4.3,0.7837400697897152,1.9647293909876649,2.7601628499894226,5.8398371500105775,500,secondary_non_brier_zero_guard,0.0,0.0,0.0,2.7601628499894226,5.8398371500105775,True,False,True,positive,qBIG,0.9,
contrast_or_conditional,gate_specific_cKG_minus_comparator,cKG-exact-formal,,0.5,80,above_boundary_assignment_pct,-0.6125,0.20634581335558702,1.9647293909876649,-1.017913684206977,-0.20708631579302317,500,secondary_non_brier_zero_guard,0.0,0.0,0.0,-1.017913684206977,-0.20708631579302317,False,True,True,negative,qBIG,0.9,
contrast_or_conditional,gate_specific_cKG_minus_comparator,cKG-exact-formal,,1.0,20,terminal_true_boundary_exceedance_pct,-0.4,1.8832879618088647,1.9647293909876649,-4.100151210259131,3.3001512102591315,500,secondary_non_brier_zero_guard,0.0,0.0,0.0,-4.100151210259131,3.3001512102591315,False,False,False,unresolved,qBIG,0.7,
contrast_or_conditional,gate_specific_cKG_minus_comparator,cKG-exact-formal,,1.0,20,above_boundary_assignment_pct,2.35,0.56114594317261,1.9647293909876649,1.2475000728152792,3.452499927184721,500,secondary_non_brier_zero_guard,0.0,0.0,0.0,1.2475000728152792,3.452499927184721,True,False,True,positive,qBIG,0.7,
contrast_or_conditional,gate_specific_cKG_minus_comparator,cKG-exact-formal,,1.0,20,terminal_true_boundary_exceedance_pct,-3.1,1.4264815804625022,1.9647293909876649,-5.902650286837213,-0.2973497131627867,500,secondary_non_brier_zero_guard,0.0,0.0,0.0,-5.902650286837213,-0.2973497131627867,False,True,True,negative,qBIG,0.9,
contrast_or_conditional,gate_specific_cKG_minus_comparator,cKG-exact-formal,,1.0,20,above_boundary_assignment_pct,1.87,0.4668426760358747,1.9647293909876649,0.9527804734249843,2.787219526575016,500,secondary_non_brier_zero_guard,0.0,0.0,0.0,0.9527804734249843,2.787219526575016,True,False,True,positive,qBIG,0.9,
contrast_or_conditional,gate_specific_cKG_minus_comparator,cKG-exact-formal,,1.0,40,terminal_true_boundary_exceedance_pct,2.0,1.5990979421088984,1.9647293909876649,-1.1417947259292442,5.141794725929245,500,secondary_non_brier_zero_guard,0.0,0.0,0.0,-1.1417947259292442,5.141794725929245,False,False,False,unresolved,qBIG,0.7,
contrast_or_conditional,gate_specific_cKG_minus_comparator,cKG-exact-formal,,1.0,40,above_boundary_assignment_pct,-4.295,0.4424052382031424,1.9647293909876649,-5.164206574224613,-3.425793425775387,500,secondary_non_brier_zero_guard,0.0,0.0,0.0,-5.164206574224613,-3.425793425775387,False,True,True,negative,qBIG,0.7,
contrast_or_conditional,gate_specific_cKG_minus_comparator,cKG-exact-formal,,1.0,40,terminal_true_boundary_exceedance_pct,-1.0,1.1835546473257637,1.9647293909876649,-3.325364601440968,1.3253646014409681,500,secondary_non_brier_zero_guard,0.0,0.0,0.0,-3.325364601440968,1.3253646014409681,False,False,False,unresolved,qBIG,0.9,
contrast_or_conditional,gate_specific_cKG_minus_comparator,cKG-exact-formal,,1.0,40,above_boundary_assignment_pct,-1.76,0.40053171073287713,1.9647293909876649,-2.546936424099453,-0.9730635759005468,500,secondary_non_brier_zero_guard,0.0,0.0,0.0,-2.546936424099453,-0.9730635759005468,False,True,True,negative,qBIG,0.9,
contrast_or_conditional,gate_specific_cKG_minus_comparator,cKG-exact-formal,,1.0,80,terminal_true_boundary_exceedance_pct,7.1,1.3975285944640594,1.9647293909876649,4.354234495710781,9.845765504289218,500,secondary_non_brier_zero_guard,0.0,0.0,0.0,4.354234495710781,9.845765504289218,True,False,True,positive,qBIG,0.7,
contrast_or_conditional,gate_specific_cKG_minus_comparator,cKG-exact-formal,,1.0,80,above_boundary_assignment_pct,-5.3525,0.37895573937441507,1.9647293909876649,-6.097045479032375,-4.607954520967625,500,secondary_non_brier_zero_guard,0.0,0.0,0.0,-6.097045479032375,-4.607954520967625,False,True,True,negative,qBIG,0.7,
contrast_or_conditional,gate_specific_cKG_minus_comparator,cKG-exact-formal,,1.0,80,terminal_true_boundary_exceedance_pct,0.7,0.9003561976046647,1.9647293909876649,-1.0689562837917825,2.4689562837917824,500,secondary_non_brier_zero_guard,0.0,0.0,0.0,-1.0689562837917825,2.4689562837917824,False,False,False,unresolved,qBIG,0.9,
contrast_or_conditional,gate_specific_cKG_minus_comparator,cKG-exact-formal,,1.0,80,above_boundary_assignment_pct,-2.0275,0.301087270719269,1.9647293909876649,-2.6190550100344074,-1.4359449899655923,500,secondary_non_brier_zero_guard,0.0,0.0,0.0,-2.6190550100344074,-1.4359449899655923,False,True,True,negative,qBIG,0.9,
contrast_or_conditional,gate_specific_cKG_minus_comparator,cKG-exact-formal,,2.0,20,terminal_true_boundary_exceedance_pct,-0.1,2.111610237612799,1.9647293909876649,-4.248742696148312,4.048742696148313,500,secondary_non_brier_zero_guard,0.0,0.0,0.0,-4.248742696148312,4.048742696148313,False,False,False,unresolved,qBIG,0.7,
contrast_or_conditional,gate_specific_cKG_minus_comparator,cKG-exact-formal,,2.0,20,above_boundary_assignment_pct,15.3,0.7306762453721225,1.9647293909876649,13.864418905420877,16.735581094579125,500,secondary_non_brier_zero_guard,0.0,0.0,0.0,13.864418905420877,16.735581094579125,True,False,True,positive,qBIG,0.7,
contrast_or_conditional,gate_specific_cKG_minus_comparator,cKG-exact-formal,,2.0,20,terminal_true_boundary_exceedance_pct,-5.8,1.9596940581639792,1.9647293909876649,-9.65026851341866,-1.9497314865813395,500,secondary_non_brier_zero_guard,0.0,0.0,0.0,-9.65026851341866,-1.9497314865813395,False,True,True,negative,qBIG,0.9,
contrast_or_conditional,gate_specific_cKG_minus_comparator,cKG-exact-formal,,2.0,20,above_boundary_assignment_pct,12.62,0.7030360726441266,1.9647293909876649,11.238724365151544,14.001275634848454,500,secondary_non_brier_zero_guard,0.0,0.0,0.0,11.238724365151544,14.001275634848454,True,False,True,positive,qBIG,0.9,
contrast_or_conditional,gate_specific_cKG_minus_comparator,cKG-exact-formal,,2.0,40,terminal_true_boundary_exceedance_pct,-12.4,1.9951042282957365,1.9647293909876649,-16.3198399154164,-8.480160084583602,500,secondary_non_brier_zero_guard,0.0,0.0,0.0,-16.3198399154164,-8.480160084583602,False,True,True,negative,qBIG,0.7,
contrast_or_conditional,gate_specific_cKG_minus_comparator,cKG-exact-formal,,2.0,40,above_boundary_assignment_pct,9.395,0.7005529951388373,1.9647293909876649,8.018602940506288,10.771397059493712,500,secondary_non_brier_zero_guard,0.0,0.0,0.0,8.018602940506288,10.771397059493712,True,False,True,positive,qBIG,0.7,
contrast_or_conditional,gate_specific_cKG_minus_comparator,cKG-exact-formal,,2.0,40,terminal_true_boundary_exceedance_pct,-16.5,1.780967065213377,1.9647293909876649,-19.99911833740577,-13.000881662594233,500,secondary_non_brier_zero_guard,0.0,0.0,0.0,-19.99911833740577,-13.000881662594233,False,True,True,negative,qBIG,0.9,
contrast_or_conditional,gate_specific_cKG_minus_comparator,cKG-exact-formal,,2.0,40,above_boundary_assignment_pct,6.95,0.611918203500722,1.9647293909876649,5.7477463207017605,8.152253679298239,500,secondary_non_brier_zero_guard,0.0,0.0,0.0,5.7477463207017605,8.152253679298239,True,False,True,positive,qBIG,0.9,
contrast_or_conditional,gate_specific_cKG_minus_comparator,cKG-exact-formal,,2.0,80,terminal_true_boundary_exceedance_pct,-18.0,1.9543897458176336,1.9647293909876649,-21.839846975052815,-14.160153024947183,500,secondary_non_brier_zero_guard,0.0,0.0,0.0,-21.839846975052815,-14.160153024947183,False,True,True,negative,qBIG,0.7,
contrast_or_conditional,gate_specific_cKG_minus_comparator,cKG-exact-formal,,2.0,80,above_boundary_assignment_pct,0.35,0.6751604871189764,1.9647293909876649,-0.9765076526762017,1.6765076526762015,500,secondary_non_brier_zero_guard,0.0,0.0,0.0,-0.9765076526762017,1.6765076526762015,False,False,False,unresolved,qBIG,0.7,
contrast_or_conditional,gate_specific_cKG_minus_comparator,cKG-exact-formal,,2.0,80,terminal_true_boundary_exceedance_pct,-20.8,1.6062004107579595,1.9647293909876649,-23.955749154832624,-17.644250845167377,500,secondary_non_brier_zero_guard,0.0,0.0,0.0,-23.955749154832624,-17.644250845167377,False,True,True,negative,qBIG,0.9,
contrast_or_conditional,gate_specific_cKG_minus_comparator,cKG-exact-formal,,2.0,80,above_boundary_assignment_pct,1.01,0.5021844067239777,1.9647293909876649,0.023343536413697574,1.9966564635863024,500,secondary_non_brier_zero_guard,0.0,0.0,0.0,0.023343536413697574,1.9966564635863024,True,False,True,positive,qBIG,0.9,
contrast_or_conditional,gate_specific_cKG_minus_comparator,cKG-exact-formal,,0.5,20,terminal_true_boundary_exceedance_pct,6.7,1.6079150417740131,1.9647293909876649,3.5408820592154377,9.859117940784563,500,secondary_non_brier_zero_guard,0.0,0.0,0.0,3.5408820592154377,9.859117940784563,True,False,True,positive,cEI,0.7,
contrast_or_conditional,gate_specific_cKG_minus_comparator,cKG-exact-formal,,0.5,20,above_boundary_assignment_pct,5.15,0.5736839081348768,1.9647293909876649,4.02286636455074,6.27713363544926,500,secondary_non_brier_zero_guard,0.0,0.0,0.0,4.02286636455074,6.27713363544926,True,False,True,positive,cEI,0.7,
contrast_or_conditional,gate_specific_cKG_minus_comparator,cKG-exact-formal,,0.5,20,terminal_true_boundary_exceedance_pct,5.2,1.0715486143268218,1.9647293909876649,3.0946969435599874,7.305303056440013,500,secondary_non_brier_zero_guard,0.0,0.0,0.0,3.0946969435599874,7.305303056440013,True,False,True,positive,cEI,0.9,
contrast_or_conditional,gate_specific_cKG_minus_comparator,cKG-exact-formal,,0.5,20,above_boundary_assignment_pct,1.94,0.45396582463868324,1.9647293909876649,1.0480800018284269,2.831919998171573,500,secondary_non_brier_zero_guard,0.0,0.0,0.0,1.0480800018284269,2.831919998171573,True,False,True,positive,cEI,0.9,
contrast_or_conditional,gate_specific_cKG_minus_comparator,cKG-exact-formal,,0.5,40,terminal_true_boundary_exceedance_pct,9.6,1.4282014980520346,1.9647293909876649,6.793970540524555,12.406029459475445,500,secondary_non_brier_zero_guard,0.0,0.0,0.0,6.793970540524555,12.406029459475445,True,False,True,positive,cEI,0.7,
contrast_or_conditional,gate_specific_cKG_minus_comparator,cKG-exact-formal,,0.5,40,above_boundary_assignment_pct,4.035,0.4873269180438325,1.9647293909876649,3.0775344810998453,4.992465518900155,500,secondary_non_brier_zero_guard,0.0,0.0,0.0,3.0775344810998453,4.992465518900155,True,False,True,positive,cEI,0.7,
contrast_or_conditional,gate_specific_cKG_minus_comparator,cKG-exact-formal,,0.5,40,terminal_true_boundary_exceedance_pct,4.7,0.9096565010485002,1.9647293909876649,2.9127711366870104,6.48722886331299,500,secondary_non_brier_zero_guard,0.0,0.0,0.0,2.9127711366870104,6.48722886331299,True,False,True,positive,cEI,0.9,
contrast_or_conditional,gate_specific_cKG_minus_comparator,cKG-exact-formal,,0.5,40,above_boundary_assignment_pct,1.585,0.38287561619271326,1.9647293909876649,0.8327530237736636,2.3372469762263366,500,secondary_non_brier_zero_guard,0.0,0.0,0.0,0.8327530237736636,2.3372469762263366,True,False,True,positive,cEI,0.9,
contrast_or_conditional,gate_specific_cKG_minus_comparator,cKG-exact-formal,,0.5,80,terminal_true_boundary_exceedance_pct,7.8,1.2575702628210734,1.9647293909876649,5.329214743403355,10.270785256596644,500,secondary_non_brier_zero_guard,0.0,0.0,0.0,5.329214743403355,10.270785256596644,True,False,True,positive,cEI,0.7,
contrast_or_conditional,gate_specific_cKG_minus_comparator,cKG-exact-formal,,0.5,80,above_boundary_assignment_pct,2.8875,0.37890377887703175,1.9647293909876649,2.1430566092840047,3.6319433907159957,500,secondary_non_brier_zero_guard,0.0,0.0,0.0,2.1430566092840047,3.6319433907159957,True,False,True,positive,cEI,0.7,
contrast_or_conditional,gate_specific_cKG_minus_comparator,cKG-exact-formal,,0.5,80,terminal_true_boundary_exceedance_pct,4.3,0.7708491530991438,1.9647293909876649,2.785490012888162,5.814509987111838,500,secondary_non_brier_zero_guard,0.0,0.0,0.0,2.785490012888162,5.814509987111838,True,False,True,positive,cEI,0.9,
contrast_or_conditional,gate_specific_cKG_minus_comparator,cKG-exact-formal,,0.5,80,above_boundary_assignment_pct,0.8825,0.2876223056046987,1.9647293909876649,0.3174000026748123,1.4475999973251876,500,secondary_non_brier_zero_guard,0.0,0.0,0.0,0.3174000026748123,1.4475999973251876,True,False,True,positive,cEI,0.9,
contrast_or_conditional,gate_specific_cKG_minus_comparator,cKG-exact-formal,,1.0,20,terminal_true_boundary_exceedance_pct,8.9,1.7255535547007168,1.9647293909876649,5.509754215356261,12.29024578464374,500,secondary_non_brier_zero_guard,0.0,0.0,0.0,5.509754215356261,12.29024578464374,True,False,True,positive,cEI,0.7,
contrast_or_conditional,gate_specific_cKG_minus_comparator,cKG-exact-formal,,1.0,20,above_boundary_assignment_pct,3.4,0.5846054456247463,1.9647293909876649,2.25140849884962,4.54859150115038,500,secondary_non_brier_zero_guard,0.0,0.0,0.0,2.25140849884962,4.54859150115038,True,False,True,positive,cEI,0.7,
contrast_or_conditional,gate_specific_cKG_minus_comparator,cKG-exact-formal,,1.0,20,terminal_true_boundary_exceedance_pct,3.8,1.2141120773110468,1.9647293909876649,1.414598317753898,6.185401682246102,500,secondary_non_brier_zero_guard,0.0,0.0,0.0,1.414598317753898,6.185401682246102,True,False,True,positive,cEI,0.9,
contrast_or_conditional,gate_specific_cKG_minus_comparator,cKG-exact-formal,,1.0,20,above_boundary_assignment_pct,0.83,0.4486923775811205,1.9647293909876649,-0.05155910174576228,1.7115591017457623,500,secondary_non_brier_zero_guard,0.0,0.0,0.0,-0.05155910174576228,1.7115591017457623,False,False,False,unresolved,cEI,0.9,
contrast_or_conditional,gate_specific_cKG_minus_comparator,cKG-exact-formal,,1.0,40,terminal_true_boundary_exceedance_pct,10.4,1.4518594255585375,1.9647293909876649,7.547489115022675,13.252510884977326,500,secondary_non_brier_zero_guard,0.0,0.0,0.0,7.547489115022675,13.252510884977326,True,False,True,positive,cEI,0.7,
contrast_or_conditional,gate_specific_cKG_minus_comparator,cKG-exact-formal,,1.0,40,above_boundary_assignment_pct,2.615,0.5097236372513496,1.9647293909876649,1.6135309886111386,3.616469011388862,500,secondary_non_brier_zero_guard,0.0,0.0,0.0,1.6135309886111386,3.616469011388862,True,False,True,positive,cEI,0.7,
contrast_or_conditional,gate_specific_cKG_minus_comparator,cKG-exact-formal,,1.0,40,terminal_true_boundary_exceedance_pct,4.2,0.9090504636657868,1.9647293909876649,2.4139618361448645,5.986038163855136,500,secondary_non_brier_zero_guard,0.0,0.0,0.0,2.4139618361448645,5.986038163855136,True,False,True,positive,cEI,0.9,
contrast_or_conditional,gate_specific_cKG_minus_comparator,cKG-exact-formal,,1.0,40,above_boundary_assignment_pct,-0.035,0.38460159486609913,1.9647293909876649,-0.7906380572541556,0.7206380572541555,500,secondary_non_brier_zero_guard,0.0,0.0,0.0,-0.7906380572541556,0.7206380572541555,False,False,False,unresolved,cEI,0.9,
contrast_or_conditional,gate_specific_cKG_minus_comparator,cKG-exact-formal,,1.0,80,terminal_true_boundary_exceedance_pct,9.5,1.3390616760794438,1.9647293909876649,6.869106168661513,12.130893831338486,500,secondary_non_brier_zero_guard,0.0,0.0,0.0,6.869106168661513,12.130893831338486,True,False,True,positive,cEI,0.7,
contrast_or_conditional,gate_specific_cKG_minus_comparator,cKG-exact-formal,,1.0,80,above_boundary_assignment_pct,1.9975,0.3868792947126464,1.9647293909876649,1.237386878913485,2.757613121086515,500,secondary_non_brier_zero_guard,0.0,0.0,0.0,1.237386878913485,2.757613121086515,True,False,True,positive,cEI,0.7,
contrast_or_conditional,gate_specific_cKG_minus_comparator,cKG-exact-formal,,1.0,80,terminal_true_boundary_exceedance_pct,2.6,0.7123868260853509,1.9647293909876649,1.2003526650376932,3.999647334962307,500,secondary_non_brier_zero_guard,0.0,0.0,0.0,1.2003526650376932,3.999647334962307,True,False,True,positive,cEI,0.9,
contrast_or_conditional,gate_specific_cKG_minus_comparator,cKG-exact-formal,,1.0,80,above_boundary_assignment_pct,0.0,0.2835680194297068,1.9647293909876649,-0.5571344221177061,0.5571344221177061,500,secondary_non_brier_zero_guard,0.0,0.0,0.0,-0.5571344221177061,0.5571344221177061,False,False,False,unresolved,cEI,0.9,
contrast_or_conditional,gate_specific_cKG_minus_comparator,cKG-exact-formal,,2.0,20,terminal_true_boundary_exceedance_pct,9.9,2.015466250875175,1.9647293909876649,5.940154220361826,13.859845779638174,500,secondary_non_brier_zero_guard,0.0,0.0,0.0,5.940154220361826,13.859845779638174,True,False,True,positive,cEI,0.7,
contrast_or_conditional,gate_specific_cKG_minus_comparator,cKG-exact-formal,,2.0,20,above_boundary_assignment_pct,0.68,0.6798526305004613,1.9647293909876649,-0.6557264446845331,2.015726444684533,500,secondary_non_brier_zero_guard,0.0,0.0,0.0,-0.6557264446845331,2.015726444684533,False,False,False,unresolved,cEI,0.7,
contrast_or_conditional,gate_specific_cKG_minus_comparator,cKG-exact-formal,,2.0,20,terminal_true_boundary_exceedance_pct,9.9,1.777723432146408,1.9647293909876649,6.407254523814487,13.392745476185514,500,secondary_non_brier_zero_guard,0.0,0.0,0.0,6.407254523814487,13.392745476185514,True,False,True,positive,cEI,0.9,
contrast_or_conditional,gate_specific_cKG_minus_comparator,cKG-exact-formal,,2.0,20,above_boundary_assignment_pct,-0.29,0.6126029421488758,1.9647293909876649,-1.4935990054454125,0.9135990054454124,500,secondary_non_brier_zero_guard,0.0,0.0,0.0,-1.4935990054454125,0.9135990054454124,False,False,False,unresolved,cEI,0.9,
contrast_or_conditional,gate_specific_cKG_minus_comparator,cKG-exact-formal,,2.0,40,terminal_true_boundary_exceedance_pct,8.6,1.7995991537640974,1.9647293909876649,5.0642746506031475,12.135725349396852,500,secondary_non_brier_zero_guard,0.0,0.0,0.0,5.0642746506031475,12.135725349396852,True,False,True,positive,cEI,0.7,
contrast_or_conditional,gate_specific_cKG_minus_comparator,cKG-exact-formal,,2.0,40,above_boundary_assignment_pct,-1.095,0.648975568551817,1.9647293909876649,-2.370061373566685,0.18006137356668517,500,secondary_non_brier_zero_guard,0.0,0.0,0.0,-2.370061373566685,0.18006137356668517,False,False,False,unresolved,cEI,0.7,
contrast_or_conditional,gate_specific_cKG_minus_comparator,cKG-exact-formal,,2.0,40,terminal_true_boundary_exceedance_pct,4.0,1.3533895694342062,1.9647293909876649,1.340955735476474,6.659044264523526,500,secondary_non_brier_zero_guard,0.0,0.0,0.0,1.340955735476474,6.659044264523526,True,False,True,positive,cEI,0.9,
contrast_or_conditional,gate_specific_cKG_minus_comparator,cKG-exact-formal,,2.0,40,above_boundary_assignment_pct,-1.6,0.5770146374084172,1.9647293909876649,-2.733677617146408,-0.4663223828535923,500,secondary_non_brier_zero_guard,0.0,0.0,0.0,-2.733677617146408,-0.4663223828535923,False,True,True,negative,cEI,0.9,
contrast_or_conditional,gate_specific_cKG_minus_comparator,cKG-exact-formal,,2.0,80,terminal_true_boundary_exceedance_pct,8.5,1.578125775064791,1.9647293909876649,5.399409907055016,11.600590092944984,500,secondary_non_brier_zero_guard,0.0,0.0,0.0,5.399409907055016,11.600590092944984,True,False,True,positive,cEI,0.7,
contrast_or_conditional,gate_specific_cKG_minus_comparator,cKG-exact-formal,,2.0,80,above_boundary_assignment_pct,-2.3725,0.5822278041556103,1.9647293909876649,-3.5164200790747375,-1.2285799209252626,500,secondary_non_brier_zero_guard,0.0,0.0,0.0,-3.5164200790747375,-1.2285799209252626,False,True,True,negative,cEI,0.7,
contrast_or_conditional,gate_specific_cKG_minus_comparator,cKG-exact-formal,,2.0,80,terminal_true_boundary_exceedance_pct,1.4,0.9369288507366423,1.9647293909876649,-0.4408116503065762,3.240811650306576,500,secondary_non_brier_zero_guard,0.0,0.0,0.0,-0.4408116503065762,3.240811650306576,False,False,False,unresolved,cEI,0.9,
contrast_or_conditional,gate_specific_cKG_minus_comparator,cKG-exact-formal,,2.0,80,above_boundary_assignment_pct,-2.41,0.466308575274731,1.9647293909876649,-3.326170163111848,-1.4938298368881522,500,secondary_non_brier_zero_guard,0.0,0.0,0.0,-3.326170163111848,-1.4938298368881522,False,True,True,negative,cEI,0.9,
contrast_or_conditional,conditional_absolute_diagnostic,cKG-exact-formal,cKG,0.5,20,recovery_after_preterminal_exclusion_conditional_pct,11.594202898550725,0.8521320852417194,1.9647293909876649,9.919993945672712,13.268411851428738,500,secondary_non_brier_zero_guard,0.0,0.0,0.0,9.919993945672712,13.268411851428738,True,False,True,positive,,,1863
contrast_or_conditional,conditional_absolute_diagnostic,cKG-exact-formal,cKG,0.5,20,gate_precision_pct_conditional_on_nonempty,92.7377854081663,0.37545685049869126,1.9647293909876649,92.00011429894386,93.47545651738875,500,secondary_non_brier_zero_guard,0.0,0.0,0.0,92.00011429894386,93.47545651738875,True,False,True,positive,,,1924
contrast_or_conditional,conditional_absolute_diagnostic,cKG-exact-formal,cKG,0.5,20,simple_regret_conditional_on_true_feasible_recommendation,4.865698865338526,0.09973887496484295,1.9647293909876649,4.669738966271056,5.061658764405997,500,secondary_non_brier_zero_guard,0.0,0.0,0.0,4.669738966271056,5.061658764405997,True,False,True,positive,,,1669
contrast_or_conditional,conditional_absolute_diagnostic,cKG-exact-formal,cKG,0.5,20,first_admission_enrollment_conditional_on_ever_admitted,5.832692307692308,0.13491692856295037,1.9647293909876649,5.5676170528028965,6.097767562581719,500,secondary_non_brier_zero_guard,0.0,0.0,0.0,5.5676170528028965,6.097767562581719,True,False,True,positive,,,1040
contrast_or_conditional,conditional_absolute_diagnostic,cKG-exact-formal,cKG,0.5,40,recovery_after_preterminal_exclusion_conditional_pct,12.337324310255076,0.8655825624168971,1.9647293909876649,10.636688809548183,14.037959810961969,500,secondary_non_brier_zero_guard,0.0,0.0,0.0,10.636688809548183,14.037959810961969,True,False,True,positive,,,1921
contrast_or_conditional,conditional_absolute_diagnostic,cKG-exact-formal,cKG,0.5,40,gate_precision_pct_conditional_on_nonempty,95.72385769303824,0.2693548214912373,1.9647293909876649,95.19464835865017,96.25306702742631,500,secondary_non_brier_zero_guard,0.0,0.0,0.0,95.19464835865017,96.25306702742631,True,False,True,positive,,,1986
contrast_or_conditional,conditional_absolute_diagnostic,cKG-exact-formal,cKG,0.5,40,simple_regret_conditional_on_true_feasible_recommendation,4.5152947179834575,0.09677114299327975,1.9647293909876649,4.325165609145091,4.705423826821824,500,secondary_non_brier_zero_guard,0.0,0.0,0.0,4.325165609145091,4.705423826821824,True,False,True,positive,,,1753
contrast_or_conditional,conditional_absolute_diagnostic,cKG-exact-formal,cKG,0.5,40,first_admission_enrollment_conditional_on_ever_admitted,6.78196872125115,0.219336713070203,1.9647293909876649,6.351031434559494,7.212906007942807,500,secondary_non_brier_zero_guard,0.0,0.0,0.0,6.351031434559494,7.212906007942807,True,False,True,positive,,,1087
contrast_or_conditional,conditional_absolute_diagnostic,cKG-exact-formal,cKG,0.5,80,recovery_after_preterminal_exclusion_conditional_pct,14.042333505420753,0.9156025254042455,1.9647293909876649,12.243422313296502,15.841244697545005,500,secondary_non_brier_zero_guard,0.0,0.0,0.0,12.243422313296502,15.841244697545005,True,False,True,positive,,,1937
contrast_or_conditional,conditional_absolute_diagnostic,cKG-exact-formal,cKG,0.5,80,gate_precision_pct_conditional_on_nonempty,97.10138284726811,0.21975859033202247,1.9647293909876649,96.66961668592077,97.53314900861545,500,secondary_non_brier_zero_guard,0.0,0.0,0.0,96.66961668592077,97.53314900861545,True,False,True,positive,,,1991
contrast_or_conditional,conditional_absolute_diagnostic,cKG-exact-formal,cKG,0.5,80,simple_regret_conditional_on_true_feasible_recommendation,4.199630382135963,0.09367836101427701,1.9647293909876649,4.01557775295166,4.383683011320266,500,secondary_non_brier_zero_guard,0.0,0.0,0.0,4.01557775295166,4.383683011320266,True,False,True,positive,,,1813
contrast_or_conditional,conditional_absolute_diagnostic,cKG-exact-formal,cKG,0.5,80,first_admission_enrollment_conditional_on_ever_admitted,8.540780141843971,0.373993776807417,1.9647293909876649,7.805983576503958,9.275576707183983,500,secondary_non_brier_zero_guard,0.0,0.0,0.0,7.805983576503958,9.275576707183983,True,False,True,positive,,,1128
contrast_or_conditional,conditional_absolute_diagnostic,cKG-exact-formal,cKG,1.0,20,recovery_after_preterminal_exclusion_conditional_pct,15.372080391091798,0.9439110532419587,1.9647293909876649,13.5175506023092,17.226610179874395,500,secondary_non_brier_zero_guard,0.0,0.0,0.0,13.5175506023092,17.226610179874395,True,False,True,positive,,,1841
contrast_or_conditional,conditional_absolute_diagnostic,cKG-exact-formal,cKG,1.0,20,gate_precision_pct_conditional_on_nonempty,91.3140962631504,0.3874548072579382,1.9647293909876649,90.55285241565127,92.07534011064953,500,secondary_non_brier_zero_guard,0.0,0.0,0.0,90.55285241565127,92.07534011064953,True,False,True,positive,,,1865
contrast_or_conditional,conditional_absolute_diagnostic,cKG-exact-formal,cKG,1.0,20,simple_regret_conditional_on_true_feasible_recommendation,4.884181191770187,0.09943224676572018,1.9647293909876649,4.688823734137639,5.0795386494027355,500,secondary_non_brier_zero_guard,0.0,0.0,0.0,4.688823734137639,5.0795386494027355,True,False,True,positive,,,1610
contrast_or_conditional,conditional_absolute_diagnostic,cKG-exact-formal,cKG,1.0,20,first_admission_enrollment_conditional_on_ever_admitted,5.6158730158730155,0.1149352163106217,1.9647293909876649,5.390056418328012,5.841689613418019,500,secondary_non_brier_zero_guard,0.0,0.0,0.0,5.390056418328012,5.841689613418019,True,False,True,positive,,,1260
contrast_or_conditional,conditional_absolute_diagnostic,cKG-exact-formal,cKG,1.0,40,recovery_after_preterminal_exclusion_conditional_pct,18.343815513626833,0.9933463844134982,1.9647293909876649,16.3921586767383,20.295472350515364,500,secondary_non_brier_zero_guard,0.0,0.0,0.0,16.3921586767383,20.295472350515364,True,False,True,positive,,,1908
contrast_or_conditional,conditional_absolute_diagnostic,cKG-exact-formal,cKG,1.0,40,gate_precision_pct_conditional_on_nonempty,95.40184648576509,0.2499800943503139,1.9647293909876649,94.91070324723316,95.89298972429702,500,secondary_non_brier_zero_guard,0.0,0.0,0.0,94.91070324723316,95.89298972429702,True,False,True,positive,,,1966
contrast_or_conditional,conditional_absolute_diagnostic,cKG-exact-formal,cKG,1.0,40,simple_regret_conditional_on_true_feasible_recommendation,4.361439315070974,0.09381503918699337,1.9647293909876649,4.177118150263628,4.545760479878319,500,secondary_non_brier_zero_guard,0.0,0.0,0.0,4.177118150263628,4.545760479878319,True,False,True,positive,,,1726
contrast_or_conditional,conditional_absolute_diagnostic,cKG-exact-formal,cKG,1.0,40,first_admission_enrollment_conditional_on_ever_admitted,6.679302501895375,0.19453271971647818,1.9647293909876649,6.2970983499596445,7.061506653831105,500,secondary_non_brier_zero_guard,0.0,0.0,0.0,6.2970983499596445,7.061506653831105,True,False,True,positive,,,1319
contrast_or_conditional,conditional_absolute_diagnostic,cKG-exact-formal,cKG,1.0,80,recovery_after_preterminal_exclusion_conditional_pct,21.257796257796258,1.0425665708244725,1.9647293909876649,19.209435074036193,23.306157441556323,500,secondary_non_brier_zero_guard,0.0,0.0,0.0,19.209435074036193,23.306157441556323,True,False,True,positive,,,1924
contrast_or_conditional,conditional_absolute_diagnostic,cKG-exact-formal,cKG,1.0,80,gate_precision_pct_conditional_on_nonempty,97.08594394047367,0.17034207571524523,1.9647293909876649,96.75126785779408,97.42062002315326,500,secondary_non_brier_zero_guard,0.0,0.0,0.0,96.75126785779408,97.42062002315326,True,False,True,positive,,,1984
contrast_or_conditional,conditional_absolute_diagnostic,cKG-exact-formal,cKG,1.0,80,simple_regret_conditional_on_true_feasible_recommendation,3.796677208367826,0.09241523028652392,1.9647293909876649,3.615106289248999,3.978248127486653,500,secondary_non_brier_zero_guard,0.0,0.0,0.0,3.615106289248999,3.978248127486653,True,False,True,positive,,,1812
contrast_or_conditional,conditional_absolute_diagnostic,cKG-exact-formal,cKG,1.0,80,first_admission_enrollment_conditional_on_ever_admitted,8.131075110456553,0.3312796438469503,1.9647293909876649,7.480200257554524,8.781949963358583,500,secondary_non_brier_zero_guard,0.0,0.0,0.0,7.480200257554524,8.781949963358583,True,False,True,positive,,,1358
contrast_or_conditional,conditional_absolute_diagnostic,cKG-exact-formal,cKG,2.0,20,recovery_after_preterminal_exclusion_conditional_pct,24.01552967276761,1.1874587190443588,1.9647293909876649,21.682494626876593,26.348564718658626,500,secondary_non_brier_zero_guard,0.0,0.0,0.0,21.682494626876593,26.348564718658626,True,False,True,positive,,,1803
contrast_or_conditional,conditional_absolute_diagnostic,cKG-exact-formal,cKG,2.0,20,gate_precision_pct_conditional_on_nonempty,82.83200364986264,0.5831361136293368,1.9647293909876649,81.68629898846876,83.97770831125652,500,secondary_non_brier_zero_guard,0.0,0.0,0.0,81.68629898846876,83.97770831125652,True,False,True,positive,,,1639
contrast_or_conditional,conditional_absolute_diagnostic,cKG-exact-formal,cKG,2.0,20,simple_regret_conditional_on_true_feasible_recommendation,5.793773336038962,0.11779988194496233,1.9647293909876649,5.562328445726817,6.0252182263511065,500,secondary_non_brier_zero_guard,0.0,0.0,0.0,5.562328445726817,6.0252182263511065,True,False,True,positive,,,1309
contrast_or_conditional,conditional_absolute_diagnostic,cKG-exact-formal,cKG,2.0,20,first_admission_enrollment_conditional_on_ever_admitted,5.441462021701884,0.09187586262792075,1.9647293909876649,5.260950814074463,5.621973229329305,500,secondary_non_brier_zero_guard,0.0,0.0,0.0,5.260950814074463,5.621973229329305,True,False,True,positive,,,1751
contrast_or_conditional,conditional_absolute_diagnostic,cKG-exact-formal,cKG,2.0,40,recovery_after_preterminal_exclusion_conditional_pct,21.577847439916404,1.0275682686814112,1.9647293909876649,19.558953861191725,23.596741018641083,500,secondary_non_brier_zero_guard,0.0,0.0,0.0,19.558953861191725,23.596741018641083,True,False,True,positive,,,1914
contrast_or_conditional,conditional_absolute_diagnostic,cKG-exact-formal,cKG,2.0,40,gate_precision_pct_conditional_on_nonempty,92.03579623215316,0.33294503060268554,1.9647293909876649,91.38164934494478,92.68994311936154,500,secondary_non_brier_zero_guard,0.0,0.0,0.0,91.38164934494478,92.68994311936154,True,False,True,positive,,,1923
contrast_or_conditional,conditional_absolute_diagnostic,cKG-exact-formal,cKG,2.0,40,simple_regret_conditional_on_true_feasible_recommendation,4.895226781588592,0.09509090800465378,1.9647293909876649,4.708398879816144,5.08205468336104,500,secondary_non_brier_zero_guard,0.0,0.0,0.0,4.708398879816144,5.08205468336104,True,False,True,positive,,,1569
contrast_or_conditional,conditional_absolute_diagnostic,cKG-exact-formal,cKG,2.0,40,first_admission_enrollment_conditional_on_ever_admitted,5.90812324929972,0.14119289880788788,1.9647293909876649,5.630717411213116,6.185529087386325,500,secondary_non_brier_zero_guard,0.0,0.0,0.0,5.630717411213116,6.185529087386325,True,False,True,positive,,,1785
contrast_or_conditional,conditional_absolute_diagnostic,cKG-exact-formal,cKG,2.0,80,recovery_after_preterminal_exclusion_conditional_pct,20.824847250509166,0.9609367467846409,1.9647293909876649,18.93686658122131,22.71282791979702,500,secondary_non_brier_zero_guard,0.0,0.0,0.0,18.93686658122131,22.71282791979702,True,False,True,positive,,,1964
contrast_or_conditional,conditional_absolute_diagnostic,cKG-exact-formal,cKG,2.0,80,gate_precision_pct_conditional_on_nonempty,96.00895131094595,0.1801741098476537,1.9647293909876649,95.65495794183322,96.36294468005867,500,secondary_non_brier_zero_guard,0.0,0.0,0.0,95.65495794183322,96.36294468005867,True,False,True,positive,,,1984
contrast_or_conditional,conditional_absolute_diagnostic,cKG-exact-formal,cKG,2.0,80,simple_regret_conditional_on_true_feasible_recommendation,4.112577586825489,0.08561875713493364,1.9647293909876649,3.9443598982626495,4.280795275388328,500,secondary_non_brier_zero_guard,0.0,0.0,0.0,3.9443598982626495,4.280795275388328,True,False,True,positive,,,1742
contrast_or_conditional,conditional_absolute_diagnostic,cKG-exact-formal,cKG,2.0,80,first_admission_enrollment_conditional_on_ever_admitted,6.3046136742634795,0.1866763478124928,1.9647293909876649,5.937845167114039,6.67138218141292,500,secondary_non_brier_zero_guard,0.0,0.0,0.0,5.937845167114039,6.67138218141292,True,False,True,positive,,,1799
contrast_or_conditional,conditional_absolute_diagnostic,tmse,tMSE-only,0.5,20,recovery_after_preterminal_exclusion_conditional_pct,15.130151843817787,0.9746443201664444,1.9647293909876649,13.215239502227583,17.04506418540799,500,secondary_non_brier_zero_guard,0.0,0.0,0.0,13.215239502227583,17.04506418540799,True,False,True,positive,,,1844
contrast_or_conditional,conditional_absolute_diagnostic,tmse,tMSE-only,0.5,20,gate_precision_pct_conditional_on_nonempty,94.92599550506495,0.31591044938954144,1.9647293909876649,94.30531696022919,95.5466740499007,500,secondary_non_brier_zero_guard,0.0,0.0,0.0,94.30531696022919,95.5466740499007,True,False,True,positive,,,1930
contrast_or_conditional,conditional_absolute_diagnostic,tmse,tMSE-only,0.5,20,simple_regret_conditional_on_true_feasible_recommendation,4.674721619617751,0.09977127072030334,1.9647293909876649,4.478698071657384,4.870745167578118,500,secondary_non_brier_zero_guard,0.0,0.0,0.0,4.478698071657384,4.870745167578118,True,False,True,positive,,,1707
contrast_or_conditional,conditional_absolute_diagnostic,tmse,tMSE-only,0.5,20,first_admission_enrollment_conditional_on_ever_admitted,5.927170868347339,0.13461697814207038,1.9647293909876649,5.66268493486567,6.191656801829009,500,secondary_non_brier_zero_guard,0.0,0.0,0.0,5.66268493486567,6.191656801829009,True,False,True,positive,,,1071
contrast_or_conditional,conditional_absolute_diagnostic,tmse,tMSE-only,0.5,40,recovery_after_preterminal_exclusion_conditional_pct,13.638757240652975,0.8950961151998783,1.9647293909876649,11.880135595360894,15.397378885945056,500,secondary_non_brier_zero_guard,0.0,0.0,0.0,11.880135595360894,15.397378885945056,True,False,True,positive,,,1899
contrast_or_conditional,conditional_absolute_diagnostic,tmse,tMSE-only,0.5,40,gate_precision_pct_conditional_on_nonempty,98.12021039393206,0.1530447062850686,1.9647293909876649,97.81951896135871,98.4209018265054,500,secondary_non_brier_zero_guard,0.0,0.0,0.0,97.81951896135871,98.4209018265054,True,False,True,positive,,,1988
contrast_or_conditional,conditional_absolute_diagnostic,tmse,tMSE-only,0.5,40,simple_regret_conditional_on_true_feasible_recommendation,4.417821791565535,0.09192702429958788,1.9647293909876649,4.237210065098098,4.598433518032972,500,secondary_non_brier_zero_guard,0.0,0.0,0.0,4.237210065098098,4.598433518032972,True,False,True,positive,,,1854
contrast_or_conditional,conditional_absolute_diagnostic,tmse,tMSE-only,0.5,40,first_admission_enrollment_conditional_on_ever_admitted,7.024955436720143,0.22984432647156255,1.9647293909876649,6.5733735331497,7.476537340290586,500,secondary_non_brier_zero_guard,0.0,0.0,0.0,6.5733735331497,7.476537340290586,True,False,True,positive,,,1122
contrast_or_conditional,conditional_absolute_diagnostic,tmse,tMSE-only,0.5,80,recovery_after_preterminal_exclusion_conditional_pct,14.033264033264032,0.9148576250336958,1.9647293909876649,12.235816368791157,15.830711697736907,500,secondary_non_brier_zero_guard,0.0,0.0,0.0,12.235816368791157,15.830711697736907,True,False,True,positive,,,1924
contrast_or_conditional,conditional_absolute_diagnostic,tmse,tMSE-only,0.5,80,gate_precision_pct_conditional_on_nonempty,99.28181434995997,0.09812601038094798,1.9647293909876649,99.08902329334417,99.47460540657578,500,secondary_non_brier_zero_guard,0.0,0.0,0.0,99.08902329334417,99.47460540657578,True,False,True,positive,,,1994
contrast_or_conditional,conditional_absolute_diagnostic,tmse,tMSE-only,0.5,80,simple_regret_conditional_on_true_feasible_recommendation,4.151639718911083,0.08835437970910011,1.9647293909876649,3.97804727227413,4.325232165548036,500,secondary_non_brier_zero_guard,0.0,0.0,0.0,3.97804727227413,4.325232165548036,True,False,True,positive,,,1940
contrast_or_conditional,conditional_absolute_diagnostic,tmse,tMSE-only,0.5,80,first_admission_enrollment_conditional_on_ever_admitted,8.91095890410959,0.38580924577445375,1.9647293909876649,8.152948139621737,9.668969668597443,500,secondary_non_brier_zero_guard,0.0,0.0,0.0,8.152948139621737,9.668969668597443,True,False,True,positive,,,1168
contrast_or_conditional,conditional_absolute_diagnostic,tmse,tMSE-only,1.0,20,recovery_after_preterminal_exclusion_conditional_pct,13.689217758985201,0.9006877863753966,1.9647293909876649,11.919609992989841,15.458825524980561,500,secondary_non_brier_zero_guard,0.0,0.0,0.0,11.919609992989841,15.458825524980561,True,False,True,positive,,,1892
contrast_or_conditional,conditional_absolute_diagnostic,tmse,tMSE-only,1.0,20,gate_precision_pct_conditional_on_nonempty,94.86485740542177,0.30273876106341685,1.9647293909876649,94.27005766376928,95.45965714707427,500,secondary_non_brier_zero_guard,0.0,0.0,0.0,94.27005766376928,95.45965714707427,True,False,True,positive,,,1837
contrast_or_conditional,conditional_absolute_diagnostic,tmse,tMSE-only,1.0,20,simple_regret_conditional_on_true_feasible_recommendation,4.865472204191396,0.09417281984818678,1.9647293909876649,4.6804480972034765,5.050496311179315,500,secondary_non_brier_zero_guard,0.0,0.0,0.0,4.6804480972034765,5.050496311179315,True,False,True,positive,,,1685
contrast_or_conditional,conditional_absolute_diagnostic,tmse,tMSE-only,1.0,20,first_admission_enrollment_conditional_on_ever_admitted,5.608313349320544,0.11526570103814268,1.9647293909876649,5.381847438718108,5.83477925992298,500,secondary_non_brier_zero_guard,0.0,0.0,0.0,5.381847438718108,5.83477925992298,True,False,True,positive,,,1251
contrast_or_conditional,conditional_absolute_diagnostic,tmse,tMSE-only,1.0,40,recovery_after_preterminal_exclusion_conditional_pct,15.884476534296029,0.9927032248849459,1.9647293909876649,13.934083331836339,17.83486973675572,500,secondary_non_brier_zero_guard,0.0,0.0,0.0,13.934083331836339,17.83486973675572,True,False,True,positive,,,1939
contrast_or_conditional,conditional_absolute_diagnostic,tmse,tMSE-only,1.0,40,gate_precision_pct_conditional_on_nonempty,98.04927914390471,0.15479467713997944,1.9647293909876649,97.74514949215934,98.35340879565008,500,secondary_non_brier_zero_guard,0.0,0.0,0.0,97.74514949215934,98.35340879565008,True,False,True,positive,,,1963
contrast_or_conditional,conditional_absolute_diagnostic,tmse,tMSE-only,1.0,40,simple_regret_conditional_on_true_feasible_recommendation,4.2789863722752965,0.09117085852098371,1.9647293909876649,4.099860306937542,4.458112437613051,500,secondary_non_brier_zero_guard,0.0,0.0,0.0,4.099860306937542,4.458112437613051,True,False,True,positive,,,1858
contrast_or_conditional,conditional_absolute_diagnostic,tmse,tMSE-only,1.0,40,first_admission_enrollment_conditional_on_ever_admitted,6.980362537764351,0.22527964790242022,1.9647293909876649,6.537748992339113,7.422976083189589,500,secondary_non_brier_zero_guard,0.0,0.0,0.0,6.537748992339113,7.422976083189589,True,False,True,positive,,,1324
contrast_or_conditional,conditional_absolute_diagnostic,tmse,tMSE-only,1.0,80,recovery_after_preterminal_exclusion_conditional_pct,17.58974358974359,0.9961698582548476,1.9647293909876649,15.632539390814276,19.546947788672906,500,secondary_non_brier_zero_guard,0.0,0.0,0.0,15.632539390814276,19.546947788672906,True,False,True,positive,,,1950
contrast_or_conditional,conditional_absolute_diagnostic,tmse,tMSE-only,1.0,80,gate_precision_pct_conditional_on_nonempty,99.31315394029177,0.07045824989905258,1.9647293909876649,99.17472254587754,99.451585334706,500,secondary_non_brier_zero_guard,0.0,0.0,0.0,99.17472254587754,99.451585334706,True,False,True,positive,,,1988
contrast_or_conditional,conditional_absolute_diagnostic,tmse,tMSE-only,1.0,80,simple_regret_conditional_on_true_feasible_recommendation,3.744932878802403,0.086422681786076,1.9647293909876649,3.5751356958493252,3.914730061755481,500,secondary_non_brier_zero_guard,0.0,0.0,0.0,3.5751356958493252,3.914730061755481,True,False,True,positive,,,1956
contrast_or_conditional,conditional_absolute_diagnostic,tmse,tMSE-only,1.0,80,first_admission_enrollment_conditional_on_ever_admitted,8.212076583210603,0.3257258270228149,1.9647293909876649,7.572113477455114,8.85203968896609,500,secondary_non_brier_zero_guard,0.0,0.0,0.0,7.572113477455114,8.85203968896609,True,False,True,positive,,,1358
contrast_or_conditional,conditional_absolute_diagnostic,tmse,tMSE-only,2.0,20,recovery_after_preterminal_exclusion_conditional_pct,19.517205957883924,1.044683065415721,1.9647293909876649,17.46468643499457,21.56972548077328,500,secondary_non_brier_zero_guard,0.0,0.0,0.0,17.46468643499457,21.56972548077328,True,False,True,positive,,,1947
contrast_or_conditional,conditional_absolute_diagnostic,tmse,tMSE-only,2.0,20,gate_precision_pct_conditional_on_nonempty,87.64619745293325,0.5507613734768625,1.9647293909876649,86.56410039504253,88.72829451082397,500,secondary_non_brier_zero_guard,0.0,0.0,0.0,86.56410039504253,88.72829451082397,True,False,True,positive,,,1458
contrast_or_conditional,conditional_absolute_diagnostic,tmse,tMSE-only,2.0,20,simple_regret_conditional_on_true_feasible_recommendation,5.8745812343227435,0.11037689136898557,1.9647293909876649,5.657720511764245,6.091441956881242,500,secondary_non_brier_zero_guard,0.0,0.0,0.0,5.657720511764245,6.091441956881242,True,False,True,positive,,,1495
contrast_or_conditional,conditional_absolute_diagnostic,tmse,tMSE-only,2.0,20,first_admission_enrollment_conditional_on_ever_admitted,5.476624857468643,0.09548015270340678,1.9647293909876649,5.2890321951962695,5.664217519741016,500,secondary_non_brier_zero_guard,0.0,0.0,0.0,5.2890321951962695,5.664217519741016,True,False,True,positive,,,1754
contrast_or_conditional,conditional_absolute_diagnostic,tmse,tMSE-only,2.0,40,recovery_after_preterminal_exclusion_conditional_pct,19.88950276243094,1.0524174387645144,1.9647293909876649,17.82178728890234,21.95721823595954,500,secondary_non_brier_zero_guard,0.0,0.0,0.0,17.82178728890234,21.95721823595954,True,False,True,positive,,,1991
contrast_or_conditional,conditional_absolute_diagnostic,tmse,tMSE-only,2.0,40,gate_precision_pct_conditional_on_nonempty,94.57453077689075,0.2994210083882163,1.9647293909876649,93.98624952143126,95.16281203235025,500,secondary_non_brier_zero_guard,0.0,0.0,0.0,93.98624952143126,95.16281203235025,True,False,True,positive,,,1862
contrast_or_conditional,conditional_absolute_diagnostic,tmse,tMSE-only,2.0,40,simple_regret_conditional_on_true_feasible_recommendation,5.000341197540614,0.09078350588683161,1.9647293909876649,4.821976175307854,5.178706219773374,500,secondary_non_brier_zero_guard,0.0,0.0,0.0,4.821976175307854,5.178706219773374,True,False,True,positive,,,1662
contrast_or_conditional,conditional_absolute_diagnostic,tmse,tMSE-only,2.0,40,first_admission_enrollment_conditional_on_ever_admitted,6.126526082130965,0.1593959841509802,1.9647293909876649,5.813356107264131,6.4396960569978,500,secondary_non_brier_zero_guard,0.0,0.0,0.0,5.813356107264131,6.4396960569978,True,False,True,positive,,,1802
contrast_or_conditional,conditional_absolute_diagnostic,tmse,tMSE-only,2.0,80,recovery_after_preterminal_exclusion_conditional_pct,20.42042042042042,1.0312774781616367,1.9647293909876649,18.394239248812614,22.446601592028227,500,secondary_non_brier_zero_guard,0.0,0.0,0.0,18.394239248812614,22.446601592028227,True,False,True,positive,,,1998
contrast_or_conditional,conditional_absolute_diagnostic,tmse,tMSE-only,2.0,80,gate_precision_pct_conditional_on_nonempty,97.69181666702578,0.16470739722381164,1.9647293909876649,97.36821120278708,98.01542213126447,500,secondary_non_brier_zero_guard,0.0,0.0,0.0,97.36821120278708,98.01542213126447,True,False,True,positive,,,1971
contrast_or_conditional,conditional_absolute_diagnostic,tmse,tMSE-only,2.0,80,simple_regret_conditional_on_true_feasible_recommendation,3.909795841178054,0.07995387505335905,1.9647293909876649,3.7527081129373636,4.066883569418744,500,secondary_non_brier_zero_guard,0.0,0.0,0.0,3.7527081129373636,4.066883569418744,True,False,True,positive,,,1859
contrast_or_conditional,conditional_absolute_diagnostic,tmse,tMSE-only,2.0,80,first_admission_enrollment_conditional_on_ever_admitted,6.733955019199122,0.23349471870032878,1.9647293909876649,6.275201082728189,7.192708955670056,500,secondary_non_brier_zero_guard,0.0,0.0,0.0,6.275201082728189,7.192708955670056,True,False,True,positive,,,1823
contrast_or_conditional,conditional_absolute_diagnostic,qBIG,Entropy reduction,0.5,20,recovery_after_preterminal_exclusion_conditional_pct,13.265879707700956,0.9176119917143482,1.9647293909876649,11.463020458057047,15.068738957344864,500,secondary_non_brier_zero_guard,0.0,0.0,0.0,11.463020458057047,15.068738957344864,True,False,True,positive,,,1779
contrast_or_conditional,conditional_absolute_diagnostic,qBIG,Entropy reduction,0.5,20,gate_precision_pct_conditional_on_nonempty,93.60689439443027,0.35542849810660054,1.9647293909876649,92.90857357780563,94.30521521105491,500,secondary_non_brier_zero_guard,0.0,0.0,0.0,92.90857357780563,94.30521521105491,True,False,True,positive,,,1945
contrast_or_conditional,conditional_absolute_diagnostic,qBIG,Entropy reduction,0.5,20,simple_regret_conditional_on_true_feasible_recommendation,4.354800950887618,0.09890971329145873,1.9647293909876649,4.160470130129726,4.549131771645511,500,secondary_non_brier_zero_guard,0.0,0.0,0.0,4.160470130129726,4.549131771645511,True,False,True,positive,,,1704
contrast_or_conditional,conditional_absolute_diagnostic,qBIG,Entropy reduction,0.5,20,first_admission_enrollment_conditional_on_ever_admitted,6.105555555555555,0.1470557677672672,1.9647293909876649,5.816630766508949,6.394480344602162,500,secondary_non_brier_zero_guard,0.0,0.0,0.0,5.816630766508949,6.394480344602162,True,False,True,positive,,,1080
contrast_or_conditional,conditional_absolute_diagnostic,qBIG,Entropy reduction,0.5,40,recovery_after_preterminal_exclusion_conditional_pct,12.982832618025752,0.8705745742053957,1.9647293909876649,11.272389165037838,14.693276071013665,500,secondary_non_brier_zero_guard,0.0,0.0,0.0,11.272389165037838,14.693276071013665,True,False,True,positive,,,1864
contrast_or_conditional,conditional_absolute_diagnostic,qBIG,Entropy reduction,0.5,40,gate_precision_pct_conditional_on_nonempty,97.37825181549029,0.21275265141006514,1.9647293909876649,96.96025042825438,97.79625320272619,500,secondary_non_brier_zero_guard,0.0,0.0,0.0,96.96025042825438,97.79625320272619,True,False,True,positive,,,1993
contrast_or_conditional,conditional_absolute_diagnostic,qBIG,Entropy reduction,0.5,40,simple_regret_conditional_on_true_feasible_recommendation,4.202622407149648,0.09103089818925097,1.9647293909876649,4.0237713259892205,4.381473488310076,500,secondary_non_brier_zero_guard,0.0,0.0,0.0,4.0237713259892205,4.381473488310076,True,False,True,positive,,,1841
contrast_or_conditional,conditional_absolute_diagnostic,qBIG,Entropy reduction,0.5,40,first_admission_enrollment_conditional_on_ever_admitted,7.239858906525574,0.24057974076512695,1.9647293909876649,6.767184818968135,7.712532994083012,500,secondary_non_brier_zero_guard,0.0,0.0,0.0,6.767184818968135,7.712532994083012,True,False,True,positive,,,1134
contrast_or_conditional,conditional_absolute_diagnostic,qBIG,Entropy reduction,0.5,80,recovery_after_preterminal_exclusion_conditional_pct,13.266384778012686,0.8499299206385666,1.9647293909876649,11.59650248265428,14.936267073371091,500,secondary_non_brier_zero_guard,0.0,0.0,0.0,11.59650248265428,14.936267073371091,True,False,True,positive,,,1892
contrast_or_conditional,conditional_absolute_diagnostic,qBIG,Entropy reduction,0.5,80,gate_precision_pct_conditional_on_nonempty,98.99264243218248,0.14736383611798956,1.9647293909876649,98.70311237219278,99.28217249217218,500,secondary_non_brier_zero_guard,0.0,0.0,0.0,98.70311237219278,99.28217249217218,True,False,True,positive,,,1995
contrast_or_conditional,conditional_absolute_diagnostic,qBIG,Entropy reduction,0.5,80,simple_regret_conditional_on_true_feasible_recommendation,3.880530777372027,0.08506574583850403,1.9647293909876649,3.7133996063568313,4.047661948387223,500,secondary_non_brier_zero_guard,0.0,0.0,0.0,3.7133996063568313,4.047661948387223,True,False,True,positive,,,1934
contrast_or_conditional,conditional_absolute_diagnostic,qBIG,Entropy reduction,0.5,80,first_admission_enrollment_conditional_on_ever_admitted,8.954003407155026,0.38496891705521014,1.9647293909876649,8.197643661199962,9.710363153110091,500,secondary_non_brier_zero_guard,0.0,0.0,0.0,8.197643661199962,9.710363153110091,True,False,True,positive,,,1174
contrast_or_conditional,conditional_absolute_diagnostic,qBIG,Entropy reduction,1.0,20,recovery_after_preterminal_exclusion_conditional_pct,19.9008059516429,1.1506430928564706,1.9647293909876649,17.640103648570843,22.16150825471496,500,secondary_non_brier_zero_guard,0.0,0.0,0.0,17.640103648570843,22.16150825471496,True,False,True,positive,,,1613
contrast_or_conditional,conditional_absolute_diagnostic,qBIG,Entropy reduction,1.0,20,gate_precision_pct_conditional_on_nonempty,86.33797895707073,0.5476780042321951,1.9647293909876649,85.26193988535827,87.41401802878319,500,secondary_non_brier_zero_guard,0.0,0.0,0.0,85.26193988535827,87.41401802878319,True,False,True,positive,,,1881
contrast_or_conditional,conditional_absolute_diagnostic,qBIG,Entropy reduction,1.0,20,simple_regret_conditional_on_true_feasible_recommendation,4.417406498015874,0.10072096301231424,1.9647293909876649,4.219517061696998,4.615295934334749,500,secondary_non_brier_zero_guard,0.0,0.0,0.0,4.219517061696998,4.615295934334749,True,False,True,positive,,,1575
contrast_or_conditional,conditional_absolute_diagnostic,qBIG,Entropy reduction,1.0,20,first_admission_enrollment_conditional_on_ever_admitted,5.915087187263078,0.12696749733222407,1.9647293909876649,5.665630413554309,6.164543960971846,500,secondary_non_brier_zero_guard,0.0,0.0,0.0,5.665630413554309,6.164543960971846,True,False,True,positive,,,1319
contrast_or_conditional,conditional_absolute_diagnostic,qBIG,Entropy reduction,1.0,40,recovery_after_preterminal_exclusion_conditional_pct,19.13929784824462,1.0785307005197655,1.9647293909876649,17.020276881850922,21.25831881463832,500,secondary_non_brier_zero_guard,0.0,0.0,0.0,17.020276881850922,21.25831881463832,True,False,True,positive,,,1766
contrast_or_conditional,conditional_absolute_diagnostic,qBIG,Entropy reduction,1.0,40,gate_precision_pct_conditional_on_nonempty,93.43715232511717,0.4301992713915582,1.9647293909876649,92.5919271726327,94.28237747760164,500,secondary_non_brier_zero_guard,0.0,0.0,0.0,92.5919271726327,94.28237747760164,True,False,True,positive,,,1970
contrast_or_conditional,conditional_absolute_diagnostic,qBIG,Entropy reduction,1.0,40,simple_regret_conditional_on_true_feasible_recommendation,3.9587724564372127,0.08889887441773181,1.9647293909876649,3.7841102250429737,4.133434687831452,500,secondary_non_brier_zero_guard,0.0,0.0,0.0,3.7841102250429737,4.133434687831452,True,False,True,positive,,,1736
contrast_or_conditional,conditional_absolute_diagnostic,qBIG,Entropy reduction,1.0,40,first_admission_enrollment_conditional_on_ever_admitted,6.982633863965268,0.20342937112238518,1.9647293909876649,6.5829501995309805,7.382317528399556,500,secondary_non_brier_zero_guard,0.0,0.0,0.0,6.5829501995309805,7.382317528399556,True,False,True,positive,,,1382
contrast_or_conditional,conditional_absolute_diagnostic,qBIG,Entropy reduction,1.0,80,recovery_after_preterminal_exclusion_conditional_pct,21.342134213421343,1.0876811446203454,1.9647293909876649,19.205135100562646,23.47913332628004,500,secondary_non_brier_zero_guard,0.0,0.0,0.0,19.205135100562646,23.47913332628004,True,False,True,positive,,,1818
contrast_or_conditional,conditional_absolute_diagnostic,qBIG,Entropy reduction,1.0,80,gate_precision_pct_conditional_on_nonempty,97.19156346582928,0.3732647407494364,1.9647293909876649,96.45819925905947,97.92492767259908,500,secondary_non_brier_zero_guard,0.0,0.0,0.0,96.45819925905947,97.92492767259908,True,False,True,positive,,,1989
contrast_or_conditional,conditional_absolute_diagnostic,qBIG,Entropy reduction,1.0,80,simple_regret_conditional_on_true_feasible_recommendation,3.418913256448413,0.08608909926223345,1.9647293909876649,3.2497714728842486,3.5880550400125775,500,secondary_non_brier_zero_guard,0.0,0.0,0.0,3.2497714728842486,3.5880550400125775,True,False,True,positive,,,1890
contrast_or_conditional,conditional_absolute_diagnostic,qBIG,Entropy reduction,1.0,80,first_admission_enrollment_conditional_on_ever_admitted,8.491918482080113,0.3404502441486669,1.9647293909876649,7.823025881232301,9.160811082927925,500,secondary_non_brier_zero_guard,0.0,0.0,0.0,7.823025881232301,9.160811082927925,True,False,True,positive,,,1423
contrast_or_conditional,conditional_absolute_diagnostic,qBIG,Entropy reduction,2.0,20,recovery_after_preterminal_exclusion_conditional_pct,50.08460236886633,1.8583525880639642,1.9647293909876649,46.433442420279064,53.73576231745359,500,secondary_non_brier_zero_guard,0.0,0.0,0.0,46.433442420279064,53.73576231745359,True,False,True,positive,,,1182
contrast_or_conditional,conditional_absolute_diagnostic,qBIG,Entropy reduction,2.0,20,gate_precision_pct_conditional_on_nonempty,65.14177855057643,0.596414198327419,1.9647293909876649,63.96998604592021,66.31357105523266,500,secondary_non_brier_zero_guard,0.0,0.0,0.0,63.96998604592021,66.31357105523266,True,False,True,positive,,,1807
contrast_or_conditional,conditional_absolute_diagnostic,qBIG,Entropy reduction,2.0,20,simple_regret_conditional_on_true_feasible_recommendation,3.9879287187500014,0.12109231246252444,1.9647293909876649,3.750015093432218,4.225842344067785,500,secondary_non_brier_zero_guard,0.0,0.0,0.0,3.750015093432218,4.225842344067785,True,False,True,positive,,,1250
contrast_or_conditional,conditional_absolute_diagnostic,qBIG,Entropy reduction,2.0,20,first_admission_enrollment_conditional_on_ever_admitted,5.5341229554427525,0.09781706719242533,1.9647293909876649,5.3419388885895795,5.726307022295925,500,secondary_non_brier_zero_guard,0.0,0.0,0.0,5.3419388885895795,5.726307022295925,True,False,True,positive,,,1773
contrast_or_conditional,conditional_absolute_diagnostic,qBIG,Entropy reduction,2.0,40,recovery_after_preterminal_exclusion_conditional_pct,50.200803212851405,1.7427662886392843,1.9647293909876649,46.77673906393931,53.6248673617635,500,secondary_non_brier_zero_guard,0.0,0.0,0.0,46.77673906393931,53.6248673617635,True,False,True,positive,,,1245
contrast_or_conditional,conditional_absolute_diagnostic,qBIG,Entropy reduction,2.0,40,gate_precision_pct_conditional_on_nonempty,69.80338759223991,0.6339637407788218,1.9647293909876649,68.55782039791127,71.04895478656856,500,secondary_non_brier_zero_guard,0.0,0.0,0.0,68.55782039791127,71.04895478656856,True,False,True,positive,,,1955
contrast_or_conditional,conditional_absolute_diagnostic,qBIG,Entropy reduction,2.0,40,simple_regret_conditional_on_true_feasible_recommendation,3.802618316650391,0.11631435642748558,1.9647293909876649,3.574092081983495,4.031144551317287,500,secondary_non_brier_zero_guard,0.0,0.0,0.0,3.574092081983495,4.031144551317287,True,False,True,positive,,,1280
contrast_or_conditional,conditional_absolute_diagnostic,qBIG,Entropy reduction,2.0,40,first_admission_enrollment_conditional_on_ever_admitted,6.185408667032364,0.1620594916530034,1.9647293909876649,5.867005620693188,6.50381171337154,500,secondary_non_brier_zero_guard,0.0,0.0,0.0,5.867005620693188,6.50381171337154,True,False,True,positive,,,1823
contrast_or_conditional,conditional_absolute_diagnostic,qBIG,Entropy reduction,2.0,80,recovery_after_preterminal_exclusion_conditional_pct,48.19646968534152,1.605898209533434,1.9647293909876649,45.04131427413672,51.35162509654632,500,secondary_non_brier_zero_guard,0.0,0.0,0.0,45.04131427413672,51.35162509654632,True,False,True,positive,,,1303
contrast_or_conditional,conditional_absolute_diagnostic,qBIG,Entropy reduction,2.0,80,gate_precision_pct_conditional_on_nonempty,75.07865666010679,0.6727856599642172,1.9647293909876649,73.75681490014006,76.40049842007352,500,secondary_non_brier_zero_guard,0.0,0.0,0.0,73.75681490014006,76.40049842007352,True,False,True,positive,,,1986
contrast_or_conditional,conditional_absolute_diagnostic,qBIG,Entropy reduction,2.0,80,simple_regret_conditional_on_true_feasible_recommendation,3.3574290008770316,0.10634871242199176,1.9647293909876649,3.1484825598878494,3.5663754418662137,500,secondary_non_brier_zero_guard,0.0,0.0,0.0,3.1484825598878494,3.5663754418662137,True,False,True,positive,,,1354
contrast_or_conditional,conditional_absolute_diagnostic,qBIG,Entropy reduction,2.0,80,first_admission_enrollment_conditional_on_ever_admitted,6.893340552246887,0.25000949867818967,1.9647293909876649,6.402139542167756,7.384541562326017,500,secondary_non_brier_zero_guard,0.0,0.0,0.0,6.402139542167756,7.384541562326017,True,False,True,positive,,,1847
contrast_or_conditional,conditional_absolute_diagnostic,cEI,cEI,0.5,20,recovery_after_preterminal_exclusion_conditional_pct,11.542730299667037,0.8876664251720179,1.9647293909876649,9.798705984738621,13.286754614595452,500,secondary_non_brier_zero_guard,0.0,0.0,0.0,9.798705984738621,13.286754614595452,True,False,True,positive,,,1802
contrast_or_conditional,conditional_absolute_diagnostic,cEI,cEI,0.5,20,gate_precision_pct_conditional_on_nonempty,90.46053938584197,0.48642757932946606,1.9647293909876649,89.50484082414638,91.41623794753755,500,secondary_non_brier_zero_guard,0.0,0.0,0.0,89.50484082414638,91.41623794753755,True,False,True,positive,,,1901
contrast_or_conditional,conditional_absolute_diagnostic,cEI,cEI,0.5,20,simple_regret_conditional_on_true_feasible_recommendation,4.938948720637584,0.09922277276062676,1.9647293909876649,4.744002822739491,5.1338946185356775,500,secondary_non_brier_zero_guard,0.0,0.0,0.0,4.744002822739491,5.1338946185356775,True,False,True,positive,,,1788
contrast_or_conditional,conditional_absolute_diagnostic,cEI,cEI,0.5,20,first_admission_enrollment_conditional_on_ever_admitted,5.6414342629482075,0.1374872673436149,1.9647293909876649,5.371308987911629,5.911559537984786,500,secondary_non_brier_zero_guard,0.0,0.0,0.0,5.371308987911629,5.911559537984786,True,False,True,positive,,,1004
contrast_or_conditional,conditional_absolute_diagnostic,cEI,cEI,0.5,40,recovery_after_preterminal_exclusion_conditional_pct,10.774228478613969,0.8483359923239375,1.9647293909876649,9.107477821062442,12.440979136165495,500,secondary_non_brier_zero_guard,0.0,0.0,0.0,9.107477821062442,12.440979136165495,True,False,True,positive,,,1847
contrast_or_conditional,conditional_absolute_diagnostic,cEI,cEI,0.5,40,gate_precision_pct_conditional_on_nonempty,93.78350394427862,0.3839714230978783,1.9647293909876649,93.02910400401886,94.53790388453838,500,secondary_non_brier_zero_guard,0.0,0.0,0.0,93.02910400401886,94.53790388453838,True,False,True,positive,,,1980
contrast_or_conditional,conditional_absolute_diagnostic,cEI,cEI,0.5,40,simple_regret_conditional_on_true_feasible_recommendation,4.724980015493144,0.09265688674849654,1.9647293909876649,4.542934306820958,4.90702572416533,500,secondary_non_brier_zero_guard,0.0,0.0,0.0,4.542934306820958,4.90702572416533,True,False,True,positive,,,1896
contrast_or_conditional,conditional_absolute_diagnostic,cEI,cEI,0.5,40,first_admission_enrollment_conditional_on_ever_admitted,6.473180076628353,0.21316916708531705,1.9647293909876649,6.05436034880347,6.891999804453236,500,secondary_non_brier_zero_guard,0.0,0.0,0.0,6.05436034880347,6.891999804453236,True,False,True,positive,,,1044
contrast_or_conditional,conditional_absolute_diagnostic,cEI,cEI,0.5,80,recovery_after_preterminal_exclusion_conditional_pct,10.832443970117396,0.8312856398565347,1.9647293909876649,9.199192641185276,12.465695299049516,500,secondary_non_brier_zero_guard,0.0,0.0,0.0,9.199192641185276,12.465695299049516,True,False,True,positive,,,1874
contrast_or_conditional,conditional_absolute_diagnostic,cEI,cEI,0.5,80,gate_precision_pct_conditional_on_nonempty,94.85096494415632,0.34766612770215405,1.9647293909876649,94.16789508480902,95.53403480350362,500,secondary_non_brier_zero_guard,0.0,0.0,0.0,94.16789508480902,95.53403480350362,True,False,True,positive,,,1990
contrast_or_conditional,conditional_absolute_diagnostic,cEI,cEI,0.5,80,simple_regret_conditional_on_true_feasible_recommendation,4.620186304291624,0.09235110154743298,1.9647293909876649,4.4387413807912965,4.801631227791952,500,secondary_non_brier_zero_guard,0.0,0.0,0.0,4.4387413807912965,4.801631227791952,True,False,True,positive,,,1934
contrast_or_conditional,conditional_absolute_diagnostic,cEI,cEI,0.5,80,first_admission_enrollment_conditional_on_ever_admitted,7.673202614379085,0.37330696314815043,1.9647293909876649,6.939755452021565,8.406649776736606,500,secondary_non_brier_zero_guard,0.0,0.0,0.0,6.939755452021565,8.406649776736606,True,False,True,positive,,,1071
contrast_or_conditional,conditional_absolute_diagnostic,cEI,cEI,1.0,20,recovery_after_preterminal_exclusion_conditional_pct,15.203671830177854,1.0126765623796448,1.9647293909876649,13.214036424506212,17.193307235849495,500,secondary_non_brier_zero_guard,0.0,0.0,0.0,13.214036424506212,17.193307235849495,True,False,True,positive,,,1743
contrast_or_conditional,conditional_absolute_diagnostic,cEI,cEI,1.0,20,gate_precision_pct_conditional_on_nonempty,87.48388883183843,0.559286118024251,1.9647293909876649,86.38504295778479,88.58273470589207,500,secondary_non_brier_zero_guard,0.0,0.0,0.0,86.38504295778479,88.58273470589207,True,False,True,positive,,,1816
contrast_or_conditional,conditional_absolute_diagnostic,cEI,cEI,1.0,20,simple_regret_conditional_on_true_feasible_recommendation,4.967316269070236,0.10285749179761927,1.9647293909876649,4.7652291318521804,5.169403406288291,500,secondary_non_brier_zero_guard,0.0,0.0,0.0,4.7652291318521804,5.169403406288291,True,False,True,positive,,,1737
contrast_or_conditional,conditional_absolute_diagnostic,cEI,cEI,1.0,20,first_admission_enrollment_conditional_on_ever_admitted,5.718530101641908,0.12358978438355944,1.9647293909876649,5.4757096198377,5.961350583446115,500,secondary_non_brier_zero_guard,0.0,0.0,0.0,5.4757096198377,5.961350583446115,True,False,True,positive,,,1279
contrast_or_conditional,conditional_absolute_diagnostic,cEI,cEI,1.0,40,recovery_after_preterminal_exclusion_conditional_pct,15.87912087912088,0.9858379412097493,1.9647293909876649,13.942216101275315,17.816025656966445,500,secondary_non_brier_zero_guard,0.0,0.0,0.0,13.942216101275315,17.816025656966445,True,False,True,positive,,,1820
contrast_or_conditional,conditional_absolute_diagnostic,cEI,cEI,1.0,40,gate_precision_pct_conditional_on_nonempty,91.58642759813799,0.45850182679054396,1.9647293909876649,90.68559558322107,92.4872596130549,500,secondary_non_brier_zero_guard,0.0,0.0,0.0,90.68559558322107,92.4872596130549,True,False,True,positive,,,1950
contrast_or_conditional,conditional_absolute_diagnostic,cEI,cEI,1.0,40,simple_regret_conditional_on_true_feasible_recommendation,4.622967706663997,0.09489907865708067,1.9647293909876649,4.43651669764878,4.809418715679214,500,secondary_non_brier_zero_guard,0.0,0.0,0.0,4.43651669764878,4.809418715679214,True,False,True,positive,,,1872
contrast_or_conditional,conditional_absolute_diagnostic,cEI,cEI,1.0,40,first_admission_enrollment_conditional_on_ever_admitted,6.490936555891238,0.18833249331204044,1.9647293909876649,6.1209141710030845,6.860958940779392,500,secondary_non_brier_zero_guard,0.0,0.0,0.0,6.1209141710030845,6.860958940779392,True,False,True,positive,,,1324
contrast_or_conditional,conditional_absolute_diagnostic,cEI,cEI,1.0,80,recovery_after_preterminal_exclusion_conditional_pct,16.143011917659805,1.0091404108639754,1.9647293909876649,14.160324092801986,18.125699742517625,500,secondary_non_brier_zero_guard,0.0,0.0,0.0,14.160324092801986,18.125699742517625,True,False,True,positive,,,1846
contrast_or_conditional,conditional_absolute_diagnostic,cEI,cEI,1.0,80,gate_precision_pct_conditional_on_nonempty,93.43802991128948,0.41520508994417055,1.9647293909876649,92.62226426778848,94.25379555479047,500,secondary_non_brier_zero_guard,0.0,0.0,0.0,92.62226426778848,94.25379555479047,True,False,True,positive,,,1985
contrast_or_conditional,conditional_absolute_diagnostic,cEI,cEI,1.0,80,simple_regret_conditional_on_true_feasible_recommendation,4.380236496863684,0.09218248584074776,1.9647293909876649,4.199122857598063,4.561350136129306,500,secondary_non_brier_zero_guard,0.0,0.0,0.0,4.199122857598063,4.561350136129306,True,False,True,positive,,,1933
contrast_or_conditional,conditional_absolute_diagnostic,cEI,cEI,1.0,80,first_admission_enrollment_conditional_on_ever_admitted,7.231571109456441,0.27453664028785685,1.9647293909876649,6.692180903379881,7.770961315533001,500,secondary_non_brier_zero_guard,0.0,0.0,0.0,6.692180903379881,7.770961315533001,True,False,True,positive,,,1343
contrast_or_conditional,conditional_absolute_diagnostic,cEI,cEI,2.0,20,recovery_after_preterminal_exclusion_conditional_pct,29.878401852924146,1.41290611559611,1.9647293909876649,27.102423680906252,32.654380024942036,500,secondary_non_brier_zero_guard,0.0,0.0,0.0,27.102423680906252,32.654380024942036,True,False,True,positive,,,1727
contrast_or_conditional,conditional_absolute_diagnostic,cEI,cEI,2.0,20,gate_precision_pct_conditional_on_nonempty,77.79990559395134,0.7382897075252969,1.9647293909876649,76.3493661065127,79.25044508138997,500,secondary_non_brier_zero_guard,0.0,0.0,0.0,76.3493661065127,79.25044508138997,True,False,True,positive,,,1599
contrast_or_conditional,conditional_absolute_diagnostic,cEI,cEI,2.0,20,simple_regret_conditional_on_true_feasible_recommendation,5.56726033717651,0.11995310594193465,1.9647293909876649,5.331584944392134,5.802935729960886,500,secondary_non_brier_zero_guard,0.0,0.0,0.0,5.331584944392134,5.802935729960886,True,False,True,positive,,,1507
contrast_or_conditional,conditional_absolute_diagnostic,cEI,cEI,2.0,20,first_admission_enrollment_conditional_on_ever_admitted,5.469248291571754,0.0935792696100763,1.9647293909876649,5.285390350181678,5.65310623296183,500,secondary_non_brier_zero_guard,0.0,0.0,0.0,5.285390350181678,5.65310623296183,True,False,True,positive,,,1756
contrast_or_conditional,conditional_absolute_diagnostic,cEI,cEI,2.0,40,recovery_after_preterminal_exclusion_conditional_pct,25.87336244541485,1.2500089633776312,1.9647293909876649,23.41743309606879,28.329291794760906,500,secondary_non_brier_zero_guard,0.0,0.0,0.0,23.41743309606879,28.329291794760906,True,False,True,positive,,,1832
contrast_or_conditional,conditional_absolute_diagnostic,cEI,cEI,2.0,40,gate_precision_pct_conditional_on_nonempty,85.99025942233823,0.5953148791841997,1.9647293909876649,84.82062678231276,87.1598920623637,500,secondary_non_brier_zero_guard,0.0,0.0,0.0,84.82062678231276,87.1598920623637,True,False,True,positive,,,1879
contrast_or_conditional,conditional_absolute_diagnostic,cEI,cEI,2.0,40,simple_regret_conditional_on_true_feasible_recommendation,4.8641590846238945,0.10077922167983314,1.9647293909876649,4.666155185788665,5.062162983459124,500,secondary_non_brier_zero_guard,0.0,0.0,0.0,4.666155185788665,5.062162983459124,True,False,True,positive,,,1695
contrast_or_conditional,conditional_absolute_diagnostic,cEI,cEI,2.0,40,first_admission_enrollment_conditional_on_ever_admitted,5.84304932735426,0.14163302866988575,1.9647293909876649,5.564778753191937,6.121319901516583,500,secondary_non_brier_zero_guard,0.0,0.0,0.0,5.564778753191937,6.121319901516583,True,False,True,positive,,,1784
contrast_or_conditional,conditional_absolute_diagnostic,cEI,cEI,2.0,80,recovery_after_preterminal_exclusion_conditional_pct,22.788203753351205,1.0869387195817894,1.9647293909876649,20.652663304786362,24.923744201916048,500,secondary_non_brier_zero_guard,0.0,0.0,0.0,20.652663304786362,24.923744201916048,True,False,True,positive,,,1865
contrast_or_conditional,conditional_absolute_diagnostic,cEI,cEI,2.0,80,gate_precision_pct_conditional_on_nonempty,90.54799300944444,0.4754809581393723,1.9647293909876649,89.61380159613304,91.48218442275584,500,secondary_non_brier_zero_guard,0.0,0.0,0.0,89.61380159613304,91.48218442275584,True,False,True,positive,,,1961
contrast_or_conditional,conditional_absolute_diagnostic,cEI,cEI,2.0,80,simple_regret_conditional_on_true_feasible_recommendation,4.156800418420696,0.09123058264610778,1.9647293909876649,3.9775570113389587,4.336043825502433,500,secondary_non_brier_zero_guard,0.0,0.0,0.0,3.9775570113389587,4.336043825502433,True,False,True,positive,,,1841
contrast_or_conditional,conditional_absolute_diagnostic,cEI,cEI,2.0,80,first_admission_enrollment_conditional_on_ever_admitted,6.145008365867262,0.18642216002957432,1.9647293909876649,5.778739268925751,6.511277462808772,500,secondary_non_brier_zero_guard,0.0,0.0,0.0,5.778739268925751,6.511277462808772,True,False,True,positive,,,1793
contrast_or_conditional,matched_true_feasible_simple_regret_contrast,cKG-exact-formal,,0.5,20,cKG_minus_comparator_true_feasible_simple_regret,0.1590531956919494,0.08363766239049361,1.9647293909876649,-0.005272177800157041,0.32337856918405583,500,secondary_non_brier_zero_guard,0.0,0.0,0.0,-0.005272177800157041,0.32337856918405583,False,False,False,unresolved,tmse,,1503
contrast_or_conditional,matched_true_feasible_simple_regret_contrast,cKG-exact-formal,,0.5,40,cKG_minus_comparator_true_feasible_simple_regret,0.015408333333333352,0.07853127738091427,1.9647293909876649,-0.1388843754487537,0.16970104211542042,500,secondary_non_brier_zero_guard,0.0,0.0,0.0,-0.1388843754487537,0.16970104211542042,False,False,False,unresolved,tmse,,1650
contrast_or_conditional,matched_true_feasible_simple_regret_contrast,cKG-exact-formal,,0.5,80,cKG_minus_comparator_true_feasible_simple_regret,-0.004110741966308027,0.07621845132310855,1.9647293909876649,-0.15385937341638206,0.145637889483766,500,secondary_non_brier_zero_guard,0.0,0.0,0.0,-0.15385937341638206,0.145637889483766,False,False,False,unresolved,tmse,,1766
contrast_or_conditional,matched_true_feasible_simple_regret_contrast,cKG-exact-formal,,1.0,20,cKG_minus_comparator_true_feasible_simple_regret,0.034244589650916764,0.08390470531238073,1.9647293909876649,-0.13060545091847653,0.19909463022031004,500,secondary_non_brier_zero_guard,0.0,0.0,0.0,-0.13060545091847653,0.19909463022031004,False,False,False,unresolved,tmse,,1418
contrast_or_conditional,matched_true_feasible_simple_regret_contrast,cKG-exact-formal,,1.0,40,cKG_minus_comparator_true_feasible_simple_regret,-0.037693488943489034,0.08119097478781438,1.9647293909876649,-0.19721178339204642,0.12182480550506836,500,secondary_non_brier_zero_guard,0.0,0.0,0.0,-0.19721178339204642,0.12182480550506836,False,False,False,unresolved,tmse,,1628
contrast_or_conditional,matched_true_feasible_simple_regret_contrast,cKG-exact-formal,,1.0,80,cKG_minus_comparator_true_feasible_simple_regret,-0.04047204363406411,0.07495648708592509,1.9647293909876649,-0.1877412568569685,0.10679716958884025,500,secondary_non_brier_zero_guard,0.0,0.0,0.0,-0.1877412568569685,0.10679716958884025,False,False,False,unresolved,tmse,,1779
contrast_or_conditional,matched_true_feasible_simple_regret_contrast,cKG-exact-formal,,2.0,20,cKG_minus_comparator_true_feasible_simple_regret,-0.17868875888625602,0.11870939176552525,1.9647293909876649,-0.41192058987425256,0.05454307210174053,500,secondary_non_brier_zero_guard,0.0,0.0,0.0,-0.41192058987425256,0.05454307210174053,False,False,False,unresolved,tmse,,1055
contrast_or_conditional,matched_true_feasible_simple_regret_contrast,cKG-exact-formal,,2.0,40,cKG_minus_comparator_true_feasible_simple_regret,-0.13338247307621512,0.09771089916999165,1.9647293909876649,-0.32535794849532995,0.058593002342899714,500,secondary_non_brier_zero_guard,0.0,0.0,0.0,-0.32535794849532995,0.058593002342899714,False,False,False,unresolved,tmse,,1358
contrast_or_conditional,matched_true_feasible_simple_regret_contrast,cKG-exact-formal,,2.0,80,cKG_minus_comparator_true_feasible_simple_regret,0.10620902501529987,0.0790706954890277,1.9647293909876649,-0.049143494377828625,0.2615615444084284,500,secondary_non_brier_zero_guard,0.0,0.0,0.0,-0.049143494377828625,0.2615615444084284,False,False,False,unresolved,tmse,,1634
contrast_or_conditional,matched_true_feasible_simple_regret_contrast,cKG-exact-formal,,0.5,20,cKG_minus_comparator_true_feasible_simple_regret,0.4903972716914247,0.09042878216101657,1.9647293909876649,0.3127291855884544,0.668065357794395,500,secondary_non_brier_zero_guard,0.0,0.0,0.0,0.3127291855884544,0.668065357794395,True,False,True,positive,qBIG,,1481
contrast_or_conditional,matched_true_feasible_simple_regret_contrast,cKG-exact-formal,,0.5,40,cKG_minus_comparator_true_feasible_simple_regret,0.3142524196319487,0.08343210363594121,1.9647293909876649,0.15033091346648622,0.47817392579741125,500,secondary_non_brier_zero_guard,0.0,0.0,0.0,0.15033091346648622,0.47817392579741125,True,False,True,positive,qBIG,,1637
contrast_or_conditional,matched_true_feasible_simple_regret_contrast,cKG-exact-formal,,0.5,80,cKG_minus_comparator_true_feasible_simple_regret,0.28679842862215904,0.07881332669862734,1.9647293909876649,0.13195156925585308,0.44164528798846503,500,secondary_non_brier_zero_guard,0.0,0.0,0.0,0.13195156925585308,0.44164528798846503,True,False,True,positive,qBIG,,1760
contrast_or_conditional,matched_true_feasible_simple_regret_contrast,cKG-exact-formal,,1.0,20,cKG_minus_comparator_true_feasible_simple_regret,0.45345941024436087,0.09789996799963362,1.9647293909876649,0.2611124657387288,0.6458063547499929,500,secondary_non_brier_zero_guard,0.0,0.0,0.0,0.2611124657387288,0.6458063547499929,True,False,True,positive,qBIG,,1330
contrast_or_conditional,matched_true_feasible_simple_regret_contrast,cKG-exact-formal,,1.0,40,cKG_minus_comparator_true_feasible_simple_regret,0.38308966016644896,0.08436976403994156,1.9647293909876649,0.21732590504648158,0.5488534152864164,500,secondary_non_brier_zero_guard,0.0,0.0,0.0,0.21732590504648158,0.5488534152864164,True,False,True,positive,qBIG,,1532
contrast_or_conditional,matched_true_feasible_simple_regret_contrast,cKG-exact-formal,,1.0,80,cKG_minus_comparator_true_feasible_simple_regret,0.31421768259447663,0.07457118700193166,1.9647293909876649,0.16770547977094416,0.4607298854180091,500,secondary_non_brier_zero_guard,0.0,0.0,0.0,0.16770547977094416,0.4607298854180091,True,False,True,positive,qBIG,,1720
contrast_or_conditional,matched_true_feasible_simple_regret_contrast,cKG-exact-formal,,2.0,20,cKG_minus_comparator_true_feasible_simple_regret,1.6141024563787183,0.14797477560389016,1.9647293909876649,1.3233720656249508,1.9048328471324858,500,secondary_non_brier_zero_guard,0.0,0.0,0.0,1.3233720656249508,1.9048328471324858,True,False,True,positive,qBIG,,874
contrast_or_conditional,matched_true_feasible_simple_regret_contrast,cKG-exact-formal,,2.0,40,cKG_minus_comparator_true_feasible_simple_regret,1.311770437262357,0.12934929478133397,1.9647293909876649,1.057634076101943,1.5659067984227713,500,secondary_non_brier_zero_guard,0.0,0.0,0.0,1.057634076101943,1.5659067984227713,True,False,True,positive,qBIG,,1052
contrast_or_conditional,matched_true_feasible_simple_regret_contrast,cKG-exact-formal,,2.0,80,cKG_minus_comparator_true_feasible_simple_regret,1.0253755186721991,0.11581863332518255,1.9647293909876649,0.7978232457541895,1.2529277915902086,500,secondary_non_brier_zero_guard,0.0,0.0,0.0,0.7978232457541895,1.2529277915902086,True,False,True,positive,qBIG,,1205
contrast_or_conditional,matched_true_feasible_simple_regret_contrast,cKG-exact-formal,,0.5,20,cKG_minus_comparator_true_feasible_simple_regret,-0.102033371040724,0.08926993511057578,1.9647293909876649,-0.2774246362840339,0.07335789420258591,500,secondary_non_brier_zero_guard,0.0,0.0,0.0,-0.2774246362840339,0.07335789420258591,False,False,False,unresolved,cEI,,1547
contrast_or_conditional,matched_true_feasible_simple_regret_contrast,cKG-exact-formal,,0.5,40,cKG_minus_comparator_true_feasible_simple_regret,-0.28199792038027327,0.08282376699567552,1.9647293909876649,-0.44472420966899107,-0.11927163109155545,500,secondary_non_brier_zero_guard,0.0,0.0,0.0,-0.44472420966899107,-0.11927163109155545,False,True,True,negative,cEI,,1683
contrast_or_conditional,matched_true_feasible_simple_regret_contrast,cKG-exact-formal,,0.5,80,cKG_minus_comparator_true_feasible_simple_regret,-0.4607028372875354,0.082620644976489,1.9647293909876649,-0.6230300467752007,-0.29837562779987015,500,secondary_non_brier_zero_guard,0.0,0.0,0.0,-0.6230300467752007,-0.29837562779987015,False,True,True,negative,cEI,,1765
contrast_or_conditional,matched_true_feasible_simple_regret_contrast,cKG-exact-formal,,1.0,20,cKG_minus_comparator_true_feasible_simple_regret,-0.1193715715704906,0.08930307388884022,1.9647293909876649,-0.29482794554543806,0.05608480240445689,500,secondary_non_brier_zero_guard,0.0,0.0,0.0,-0.29482794554543806,0.05608480240445689,False,False,False,unresolved,cEI,,1447
contrast_or_conditional,matched_true_feasible_simple_regret_contrast,cKG-exact-formal,,1.0,40,cKG_minus_comparator_true_feasible_simple_regret,-0.28641105257151556,0.08287647506520973,1.9647293909876649,-0.44924089895358943,-0.12358120618944166,500,secondary_non_brier_zero_guard,0.0,0.0,0.0,-0.44924089895358943,-0.12358120618944166,False,True,True,negative,cEI,,1643
contrast_or_conditional,matched_true_feasible_simple_regret_contrast,cKG-exact-formal,,1.0,80,cKG_minus_comparator_true_feasible_simple_regret,-0.6382708615105352,0.07671825050011631,1.9647293909876649,-0.7890014630932679,-0.4875402599278026,500,secondary_non_brier_zero_guard,0.0,0.0,0.0,-0.7890014630932679,-0.4875402599278026,False,True,True,negative,cEI,,1756
contrast_or_conditional,matched_true_feasible_simple_regret_contrast,cKG-exact-formal,,2.0,20,cKG_minus_comparator_true_feasible_simple_regret,0.08104007152184234,0.13557884346348711,1.9647293909876649,-0.18533566702698667,0.34741581007067135,500,secondary_non_brier_zero_guard,0.0,0.0,0.0,-0.18533566702698667,0.34741581007067135,False,False,False,unresolved,cEI,,1053
contrast_or_conditional,matched_true_feasible_simple_regret_contrast,cKG-exact-formal,,2.0,40,cKG_minus_comparator_true_feasible_simple_regret,0.01022634964101618,0.0987698563924258,1.9647293909876649,-0.1838296901568137,0.20428238943884605,500,secondary_non_brier_zero_guard,0.0,0.0,0.0,-0.1838296901568137,0.20428238943884605,False,False,False,unresolved,cEI,,1358
contrast_or_conditional,matched_true_feasible_simple_regret_contrast,cKG-exact-formal,,2.0,80,cKG_minus_comparator_true_feasible_simple_regret,-0.14105681335033995,0.08672001261085995,1.9647293909876649,-0.3114381709137174,0.029324544213037512,500,secondary_non_brier_zero_guard,0.0,0.0,0.0,-0.3114381709137174,0.029324544213037512,False,False,False,unresolved,cEI,,1617
