policy,tau,stratum,seed,selected_d1,selected_d2,true_efficacy,true_toxicity,true_acceptable,grid_best_efficacy,efficacy_gap,acceptable_within_0,acceptable_within_0.5,acceptable_within_1,acceptable_within_2
cEI,0.5,0,0,0.25,0.75,7.6792187499999995,1.2816796875,1,7.6792187499999995,0.0,1,1,1,1
cEI,0.5,0,1,0.0,0.75,5.9643749999999995,1.369375,1,7.6792187499999995,1.71484375,0,0,0,1
cEI,0.5,0,2,0.5,0.5,6.08,1.189375,1,7.6792187499999995,1.5992187499999995,0,0,0,1
cEI,0.5,0,3,0.0,0.25,1.9693749999999999,0.004374999999999976,1,7.6792187499999995,5.709843749999999,0,0,0,0
cEI,0.5,0,4,0.25,0.5,4.9174999999999995,0.76609375,1,7.6792187499999995,2.76171875,0,0,0,0
cEI,0.5,0,5,0.25,0.75,7.6792187499999995,1.2816796875,1,7.6792187499999995,0.0,1,1,1,1
cEI,0.5,0,6,0.25,0.5,4.9174999999999995,0.76609375,1,7.6792187499999995,2.76171875,0,0,0,0
cEI,0.5,0,7,0.0,0.75,5.9643749999999995,1.369375,1,7.6792187499999995,1.71484375,0,0,0,1
cEI,0.5,0,8,0.0,0.75,5.9643749999999995,1.369375,1,7.6792187499999995,1.71484375,0,0,0,1
cEI,0.5,0,9,0.0,0.5,3.4974999999999996,0.6575,1,7.6792187499999995,4.18171875,0,0,0,0
cEI,0.5,0,10,0.25,1.0,11.391874999999999,1.87875,0,7.6792187499999995,-3.7126562499999993,0,0,0,0
cEI,0.5,0,11,0.25,1.0,11.391874999999999,1.87875,0,7.6792187499999995,-3.7126562499999993,0,0,0,0
cEI,0.5,0,12,0.25,0.75,7.6792187499999995,1.2816796875,1,7.6792187499999995,0.0,1,1,1,1
cEI,0.5,0,13,0.5,0.0,2.8075,0.7725000000000001,1,7.6792187499999995,4.871718749999999,0,0,0,0
cEI,0.5,0,14,0.25,1.0,11.391874999999999,1.87875,0,7.6792187499999995,-3.7126562499999993,0,0,0,0
cEI,0.5,0,15,0.5,0.75,9.1975,1.6223437500000002,0,7.6792187499999995,-1.5182812500000002,0,0,0,0
cEI,0.5,0,16,0.75,0.5,6.985,1.9273437500000001,0,7.6792187499999995,0.6942187499999992,0,0,0,0
cEI,0.5,0,17,0.25,0.5,4.9174999999999995,0.76609375,1,7.6792187499999995,2.76171875,0,0,0,0
cEI,0.5,0,18,0.0,0.75,5.9643749999999995,1.369375,1,7.6792187499999995,1.71484375,0,0,0,1
cEI,0.5,0,19,0.25,1.0,11.391874999999999,1.87875,0,7.6792187499999995,-3.7126562499999993,0,0,0,0
cEI,0.5,0,20,0.0,0.5,3.4974999999999996,0.6575,1,7.6792187499999995,4.18171875,0,0,0,0
cEI,0.5,0,21,0.0,0.0,1.38,-0.59,1,7.6792187499999995,6.29921875,0,0,0,0
cEI,0.5,0,22,1.0,0.5,7.632499999999999,2.9800000000000004,0,7.6792187499999995,0.04671875000000014,0,0,0,0
cEI,0.5,0,23,0.5,0.5,6.08,1.189375,1,7.6792187499999995,1.5992187499999995,0,0,0,1
cEI,0.5,0,24,0.75,0.25,4.499218749999999,1.7266796875000003,0,7.6792187499999995,3.1800000000000006,0,0,0,0
cEI,0.5,0,25,0.0,0.25,1.9693749999999999,0.004374999999999976,1,7.6792187499999995,5.709843749999999,0,0,0,0
cEI,0.5,0,26,0.0,0.0,1.38,-0.59,1,7.6792187499999995,6.29921875,0,0,0,0
cEI,0.5,0,27,0.5,0.25,3.9499999999999997,0.90609375,1,7.6792187499999995,3.72921875,0,0,0,0
cEI,0.5,0,28,0.5,0.25,3.9499999999999997,0.90609375,1,7.6792187499999995,3.72921875,0,0,0,0
cEI,0.5,0,29,0.25,1.0,11.391874999999999,1.87875,0,7.6792187499999995,-3.7126562499999993,0,0,0,0
cEI,0.5,0,30,0.25,0.5,4.9174999999999995,0.76609375,1,7.6792187499999995,2.76171875,0,0,0,0
cEI,0.5,0,31,1.0,1.0,16.79,4.62,0,7.6792187499999995,-9.110781249999999,0,0,0,0
cEI,0.5,0,32,0.0,0.75,5.9643749999999995,1.369375,1,7.6792187499999995,1.71484375,0,0,0,1
cEI,0.5,0,33,0.25,0.5,4.9174999999999995,0.76609375,1,7.6792187499999995,2.76171875,0,0,0,0
cEI,0.5,0,34,0.0,0.75,5.9643749999999995,1.369375,1,7.6792187499999995,1.71484375,0,0,0,1
cEI,0.5,0,35,1.0,0.5,7.632499999999999,2.9800000000000004,0,7.6792187499999995,0.04671875000000014,0,0,0,0
cEI,0.5,0,36,0.0,0.75,5.9643749999999995,1.369375,1,7.6792187499999995,1.71484375,0,0,0,1
cEI,0.5,0,37,0.25,0.5,4.9174999999999995,0.76609375,1,7.6792187499999995,2.76171875,0,0,0,0
cEI,0.5,0,38,0.25,1.0,11.391874999999999,1.87875,0,7.6792187499999995,-3.7126562499999993,0,0,0,0
cEI,0.5,0,39,0.0,1.0,9.37,2.1399999999999997,0,7.6792187499999995,-1.6907812499999997,0,0,0,0
cEI,0.5,0,40,0.25,0.5,4.9174999999999995,0.76609375,1,7.6792187499999995,2.76171875,0,0,0,0
cEI,0.5,0,41,0.25,1.0,11.391874999999999,1.87875,0,7.6792187499999995,-3.7126562499999993,0,0,0,0
cEI,0.5,0,42,0.0,0.75,5.9643749999999995,1.369375,1,7.6792187499999995,1.71484375,0,0,0,1
cEI,0.5,0,43,0.0,0.5,3.4974999999999996,0.6575,1,7.6792187499999995,4.18171875,0,0,0,0
cEI,0.5,0,44,0.5,0.5,6.08,1.189375,1,7.6792187499999995,1.5992187499999995,0,0,0,1
cEI,0.5,0,45,0.0,0.75,5.9643749999999995,1.369375,1,7.6792187499999995,1.71484375,0,0,0,1
cEI,0.5,0,46,0.25,0.75,7.6792187499999995,1.2816796875,1,7.6792187499999995,0.0,1,1,1,1
cEI,0.5,0,47,0.5,0.5,6.08,1.189375,1,7.6792187499999995,1.5992187499999995,0,0,0,1
cEI,0.5,0,48,0.25,0.75,7.6792187499999995,1.2816796875,1,7.6792187499999995,0.0,1,1,1,1
cEI,0.5,0,49,0.25,0.75,7.6792187499999995,1.2816796875,1,7.6792187499999995,0.0,1,1,1,1
cEI,0.5,0,50,0.25,0.75,7.6792187499999995,1.2816796875,1,7.6792187499999995,0.0,1,1,1,1
cEI,0.5,0,51,0.25,0.5,4.9174999999999995,0.76609375,1,7.6792187499999995,2.76171875,0,0,0,0
cEI,0.5,0,52,0.75,0.5,6.985,1.9273437500000001,0,7.6792187499999995,0.6942187499999992,0,0,0,0
cEI,0.5,0,53,0.0,0.75,5.9643749999999995,1.369375,1,7.6792187499999995,1.71484375,0,0,0,1
cEI,0.5,0,54,0.0,0.0,1.38,-0.59,1,7.6792187499999995,6.29921875,0,0,0,0
cEI,0.5,0,55,0.75,0.0,3.0618749999999992,1.7893750000000002,0,7.6792187499999995,4.61734375,0,0,0,0
cEI,0.5,0,56,0.25,0.0,2.2468749999999997,-0.02062499999999995,1,7.6792187499999995,5.432343749999999,0,0,0,0
cEI,0.5,0,57,0.0,0.25,1.9693749999999999,0.004374999999999976,1,7.6792187499999995,5.709843749999999,0,0,0,0
cEI,0.5,0,58,0.5,0.5,6.08,1.189375,1,7.6792187499999995,1.5992187499999995,0,0,0,1
cEI,0.5,0,59,0.5,0.75,9.1975,1.6223437500000002,0,7.6792187499999995,-1.5182812500000002,0,0,0,0
cEI,0.5,0,60,0.5,0.25,3.9499999999999997,0.90609375,1,7.6792187499999995,3.72921875,0,0,0,0
cEI,0.5,0,61,0.0,0.5,3.4974999999999996,0.6575,1,7.6792187499999995,4.18171875,0,0,0,0
cEI,0.5,0,62,1.0,0.75,11.644374999999998,3.58875,0,7.6792187499999995,-3.965156249999999,0,0,0,0
cEI,0.5,0,63,0.25,1.0,11.391874999999999,1.87875,0,7.6792187499999995,-3.7126562499999993,0,0,0,0
cEI,0.5,0,64,0.5,0.0,2.8075,0.7725000000000001,1,7.6792187499999995,4.871718749999999,0,0,0,0
cEI,0.5,0,65,0.0,0.75,5.9643749999999995,1.369375,1,7.6792187499999995,1.71484375,0,0,0,1
cEI,0.5,0,66,0.25,0.75,7.6792187499999995,1.2816796875,1,7.6792187499999995,0.0,1,1,1,1
cEI,0.5,0,67,0.25,0.0,2.2468749999999997,-0.02062499999999995,1,7.6792187499999995,5.432343749999999,0,0,0,0
cEI,0.5,0,68,0.5,0.5,6.08,1.189375,1,7.6792187499999995,1.5992187499999995,0,0,0,1
cEI,0.5,0,69,0.5,1.0,13.302500000000002,2.205,0,7.6792187499999995,-5.6232812500000025,0,0,0,0
cEI,0.5,0,70,0.5,0.5,6.08,1.189375,1,7.6792187499999995,1.5992187499999995,0,0,0,1
cEI,0.5,0,71,0.5,0.0,2.8075,0.7725000000000001,1,7.6792187499999995,4.871718749999999,0,0,0,0
cEI,0.5,0,72,0.0,0.0,1.38,-0.59,1,7.6792187499999995,6.29921875,0,0,0,0
cEI,0.5,0,73,0.5,0.75,9.1975,1.6223437500000002,0,7.6792187499999995,-1.5182812500000002,0,0,0,0
cEI,0.5,0,74,0.5,0.5,6.08,1.189375,1,7.6792187499999995,1.5992187499999995,0,0,0,1
cEI,0.5,0,75,0.0,0.5,3.4974999999999996,0.6575,1,7.6792187499999995,4.18171875,0,0,0,0
cEI,0.5,0,76,0.0,0.75,5.9643749999999995,1.369375,1,7.6792187499999995,1.71484375,0,0,0,1
cEI,0.5,0,77,0.25,0.75,7.6792187499999995,1.2816796875,1,7.6792187499999995,0.0,1,1,1,1
cEI,0.5,0,78,0.0,0.0,1.38,-0.59,1,7.6792187499999995,6.29921875,0,0,0,0
cEI,0.5,0,79,0.25,0.75,7.6792187499999995,1.2816796875,1,7.6792187499999995,0.0,1,1,1,1
cEI,0.5,0,80,0.0,0.75,5.9643749999999995,1.369375,1,7.6792187499999995,1.71484375,0,0,0,1
cEI,0.5,0,81,0.25,0.5,4.9174999999999995,0.76609375,1,7.6792187499999995,2.76171875,0,0,0,0
cEI,0.5,0,82,0.25,1.0,11.391874999999999,1.87875,0,7.6792187499999995,-3.7126562499999993,0,0,0,0
cEI,0.5,0,83,0.75,0.0,3.0618749999999992,1.7893750000000002,0,7.6792187499999995,4.61734375,0,0,0,0
cEI,0.5,0,84,0.25,0.25,3.1067187499999993,0.3319921875,1,7.6792187499999995,4.5725,0,0,0,0
cEI,0.5,0,85,0.75,0.5,6.985,1.9273437500000001,0,7.6792187499999995,0.6942187499999992,0,0,0,0
cEI,0.5,0,86,0.25,1.0,11.391874999999999,1.87875,0,7.6792187499999995,-3.7126562499999993,0,0,0,0
cEI,0.5,0,87,0.75,0.25,4.499218749999999,1.7266796875000003,0,7.6792187499999995,3.1800000000000006,0,0,0,0
cEI,0.5,0,88,0.5,0.5,6.08,1.189375,1,7.6792187499999995,1.5992187499999995,0,0,0,1
cEI,0.5,0,89,0.25,0.75,7.6792187499999995,1.2816796875,1,7.6792187499999995,0.0,1,1,1,1
cEI,0.5,0,90,0.0,0.75,5.9643749999999995,1.369375,1,7.6792187499999995,1.71484375,0,0,0,1
cEI,0.5,0,91,0.0,1.0,9.37,2.1399999999999997,0,7.6792187499999995,-1.6907812499999997,0,0,0,0
cEI,0.5,0,92,0.25,0.0,2.2468749999999997,-0.02062499999999995,1,7.6792187499999995,5.432343749999999,0,0,0,0
cEI,0.5,0,93,0.25,0.75,7.6792187499999995,1.2816796875,1,7.6792187499999995,0.0,1,1,1,1
cEI,0.5,0,94,0.0,0.25,1.9693749999999999,0.004374999999999976,1,7.6792187499999995,5.709843749999999,0,0,0,0
cEI,0.5,0,95,0.0,0.75,5.9643749999999995,1.369375,1,7.6792187499999995,1.71484375,0,0,0,1
cEI,0.5,0,96,0.0,0.75,5.9643749999999995,1.369375,1,7.6792187499999995,1.71484375,0,0,0,1
cEI,0.5,0,97,0.25,1.0,11.391874999999999,1.87875,0,7.6792187499999995,-3.7126562499999993,0,0,0,0
cEI,0.5,0,98,0.0,0.75,5.9643749999999995,1.369375,1,7.6792187499999995,1.71484375,0,0,0,1
cEI,0.5,0,99,0.5,0.5,6.08,1.189375,1,7.6792187499999995,1.5992187499999995,0,0,0,1
cEI,0.5,0,100,0.75,0.25,4.499218749999999,1.7266796875000003,0,7.6792187499999995,3.1800000000000006,0,0,0,0
cEI,0.5,0,101,0.0,0.0,1.38,-0.59,1,7.6792187499999995,6.29921875,0,0,0,0
cEI,0.5,0,102,0.75,0.25,4.499218749999999,1.7266796875000003,0,7.6792187499999995,3.1800000000000006,0,0,0,0
cEI,0.5,0,103,0.0,0.25,1.9693749999999999,0.004374999999999976,1,7.6792187499999995,5.709843749999999,0,0,0,0
cEI,0.5,0,104,0.0,0.25,1.9693749999999999,0.004374999999999976,1,7.6792187499999995,5.709843749999999,0,0,0,0
cEI,0.5,0,105,0.75,0.5,6.985,1.9273437500000001,0,7.6792187499999995,0.6942187499999992,0,0,0,0
cEI,0.5,0,106,0.25,1.0,11.391874999999999,1.87875,0,7.6792187499999995,-3.7126562499999993,0,0,0,0
cEI,0.5,0,107,0.0,0.0,1.38,-0.59,1,7.6792187499999995,6.29921875,0,0,0,0
cEI,0.5,0,108,0.25,0.75,7.6792187499999995,1.2816796875,1,7.6792187499999995,0.0,1,1,1,1
cEI,0.5,0,109,0.25,0.75,7.6792187499999995,1.2816796875,1,7.6792187499999995,0.0,1,1,1,1
cEI,0.5,0,110,0.5,0.5,6.08,1.189375,1,7.6792187499999995,1.5992187499999995,0,0,0,1
cEI,0.5,0,111,0.5,0.0,2.8075,0.7725000000000001,1,7.6792187499999995,4.871718749999999,0,0,0,0
cEI,0.5,0,112,0.5,0.75,9.1975,1.6223437500000002,0,7.6792187499999995,-1.5182812500000002,0,0,0,0
cEI,0.5,0,113,1.0,0.5,7.632499999999999,2.9800000000000004,0,7.6792187499999995,0.04671875000000014,0,0,0,0
cEI,0.5,0,114,0.5,0.75,9.1975,1.6223437500000002,0,7.6792187499999995,-1.5182812500000002,0,0,0,0
cEI,0.5,0,115,0.5,0.25,3.9499999999999997,0.90609375,1,7.6792187499999995,3.72921875,0,0,0,0
cEI,0.5,0,116,0.5,0.75,9.1975,1.6223437500000002,0,7.6792187499999995,-1.5182812500000002,0,0,0,0
cEI,0.5,0,117,0.0,0.5,3.4974999999999996,0.6575,1,7.6792187499999995,4.18171875,0,0,0,0
cEI,0.5,0,118,0.0,0.75,5.9643749999999995,1.369375,1,7.6792187499999995,1.71484375,0,0,0,1
cEI,0.5,0,119,0.25,0.75,7.6792187499999995,1.2816796875,1,7.6792187499999995,0.0,1,1,1,1
cEI,0.5,0,120,0.25,0.5,4.9174999999999995,0.76609375,1,7.6792187499999995,2.76171875,0,0,0,0
cEI,0.5,0,121,0.5,0.25,3.9499999999999997,0.90609375,1,7.6792187499999995,3.72921875,0,0,0,0
cEI,0.5,0,122,0.0,0.0,1.38,-0.59,1,7.6792187499999995,6.29921875,0,0,0,0
cEI,0.5,0,123,0.25,0.75,7.6792187499999995,1.2816796875,1,7.6792187499999995,0.0,1,1,1,1
cEI,0.5,0,124,0.75,0.0,3.0618749999999992,1.7893750000000002,0,7.6792187499999995,4.61734375,0,0,0,0
cEI,0.5,0,125,0.25,0.75,7.6792187499999995,1.2816796875,1,7.6792187499999995,0.0,1,1,1,1
cEI,0.5,0,126,0.25,0.0,2.2468749999999997,-0.02062499999999995,1,7.6792187499999995,5.432343749999999,0,0,0,0
cEI,0.5,0,127,0.25,0.5,4.9174999999999995,0.76609375,1,7.6792187499999995,2.76171875,0,0,0,0
cEI,0.5,0,128,0.25,0.5,4.9174999999999995,0.76609375,1,7.6792187499999995,2.76171875,0,0,0,0
cEI,0.5,0,129,0.0,0.5,3.4974999999999996,0.6575,1,7.6792187499999995,4.18171875,0,0,0,0
cEI,0.5,0,130,0.5,0.5,6.08,1.189375,1,7.6792187499999995,1.5992187499999995,0,0,0,1
cEI,0.5,0,131,0.75,0.5,6.985,1.9273437500000001,0,7.6792187499999995,0.6942187499999992,0,0,0,0
cEI,0.5,0,132,0.5,0.5,6.08,1.189375,1,7.6792187499999995,1.5992187499999995,0,0,0,1
cEI,0.5,0,133,0.5,0.5,6.08,1.189375,1,7.6792187499999995,1.5992187499999995,0,0,0,1
cEI,0.5,0,134,0.25,0.5,4.9174999999999995,0.76609375,1,7.6792187499999995,2.76171875,0,0,0,0
cEI,0.5,0,135,0.0,0.0,1.38,-0.59,1,7.6792187499999995,6.29921875,0,0,0,0
cEI,0.5,0,136,0.0,0.25,1.9693749999999999,0.004374999999999976,1,7.6792187499999995,5.709843749999999,0,0,0,0
cEI,0.5,0,137,0.5,0.5,6.08,1.189375,1,7.6792187499999995,1.5992187499999995,0,0,0,1
cEI,0.5,0,138,0.25,0.5,4.9174999999999995,0.76609375,1,7.6792187499999995,2.76171875,0,0,0,0
cEI,0.5,0,139,0.0,0.75,5.9643749999999995,1.369375,1,7.6792187499999995,1.71484375,0,0,0,1
cEI,0.5,0,140,0.0,0.0,1.38,-0.59,1,7.6792187499999995,6.29921875,0,0,0,0
cEI,0.5,0,141,0.75,0.0,3.0618749999999992,1.7893750000000002,0,7.6792187499999995,4.61734375,0,0,0,0
cEI,0.5,0,142,1.0,1.0,16.79,4.62,0,7.6792187499999995,-9.110781249999999,0,0,0,0
cEI,0.5,0,143,0.5,0.0,2.8075,0.7725000000000001,1,7.6792187499999995,4.871718749999999,0,0,0,0
cEI,0.5,0,144,1.0,0.0,3.01,3.0300000000000002,0,7.6792187499999995,4.66921875,0,0,0,0
cEI,0.5,0,145,0.0,0.5,3.4974999999999996,0.6575,1,7.6792187499999995,4.18171875,0,0,0,0
cEI,0.5,0,146,0.25,0.75,7.6792187499999995,1.2816796875,1,7.6792187499999995,0.0,1,1,1,1
cEI,0.5,0,147,0.25,0.75,7.6792187499999995,1.2816796875,1,7.6792187499999995,0.0,1,1,1,1
cEI,0.5,0,148,0.25,0.5,4.9174999999999995,0.76609375,1,7.6792187499999995,2.76171875,0,0,0,0
cEI,0.5,0,149,0.25,0.0,2.2468749999999997,-0.02062499999999995,1,7.6792187499999995,5.432343749999999,0,0,0,0
cEI,0.5,0,150,0.25,0.5,4.9174999999999995,0.76609375,1,7.6792187499999995,2.76171875,0,0,0,0
cEI,0.5,0,151,0.0,0.0,1.38,-0.59,1,7.6792187499999995,6.29921875,0,0,0,0
cEI,0.5,0,152,0.5,0.75,9.1975,1.6223437500000002,0,7.6792187499999995,-1.5182812500000002,0,0,0,0
cEI,0.5,0,153,0.25,0.5,4.9174999999999995,0.76609375,1,7.6792187499999995,2.76171875,0,0,0,0
cEI,0.5,0,154,0.5,0.75,9.1975,1.6223437500000002,0,7.6792187499999995,-1.5182812500000002,0,0,0,0
cEI,0.5,0,155,0.0,0.75,5.9643749999999995,1.369375,1,7.6792187499999995,1.71484375,0,0,0,1
cEI,0.5,0,156,0.25,0.5,4.9174999999999995,0.76609375,1,7.6792187499999995,2.76171875,0,0,0,0
cEI,0.5,0,157,0.0,0.25,1.9693749999999999,0.004374999999999976,1,7.6792187499999995,5.709843749999999,0,0,0,0
cEI,0.5,0,158,0.0,0.25,1.9693749999999999,0.004374999999999976,1,7.6792187499999995,5.709843749999999,0,0,0,0
cEI,0.5,0,159,0.0,1.0,9.37,2.1399999999999997,0,7.6792187499999995,-1.6907812499999997,0,0,0,0
cEI,0.5,0,160,0.25,0.5,4.9174999999999995,0.76609375,1,7.6792187499999995,2.76171875,0,0,0,0
cEI,0.5,0,161,0.5,0.75,9.1975,1.6223437500000002,0,7.6792187499999995,-1.5182812500000002,0,0,0,0
cEI,0.5,0,162,0.0,0.5,3.4974999999999996,0.6575,1,7.6792187499999995,4.18171875,0,0,0,0
cEI,0.5,0,163,0.25,0.5,4.9174999999999995,0.76609375,1,7.6792187499999995,2.76171875,0,0,0,0
cEI,0.5,0,164,0.0,0.25,1.9693749999999999,0.004374999999999976,1,7.6792187499999995,5.709843749999999,0,0,0,0
cEI,0.5,0,165,0.25,0.5,4.9174999999999995,0.76609375,1,7.6792187499999995,2.76171875,0,0,0,0
cEI,0.5,0,166,0.0,0.5,3.4974999999999996,0.6575,1,7.6792187499999995,4.18171875,0,0,0,0
cEI,0.5,0,167,0.25,0.25,3.1067187499999993,0.3319921875,1,7.6792187499999995,4.5725,0,0,0,0
cEI,0.5,0,168,1.0,0.25,4.7543750000000005,2.79375,0,7.6792187499999995,2.924843749999999,0,0,0,0
cEI,0.5,0,169,0.25,0.75,7.6792187499999995,1.2816796875,1,7.6792187499999995,0.0,1,1,1,1
cEI,0.5,0,170,0.25,0.0,2.2468749999999997,-0.02062499999999995,1,7.6792187499999995,5.432343749999999,0,0,0,0
cEI,0.5,0,171,1.0,1.0,16.79,4.62,0,7.6792187499999995,-9.110781249999999,0,0,0,0
cEI,0.5,0,172,0.25,0.75,7.6792187499999995,1.2816796875,1,7.6792187499999995,0.0,1,1,1,1
cEI,0.5,0,173,0.25,0.5,4.9174999999999995,0.76609375,1,7.6792187499999995,2.76171875,0,0,0,0
cEI,0.5,0,174,0.0,0.5,3.4974999999999996,0.6575,1,7.6792187499999995,4.18171875,0,0,0,0
cEI,0.5,0,175,0.25,0.5,4.9174999999999995,0.76609375,1,7.6792187499999995,2.76171875,0,0,0,0
cEI,0.5,0,176,0.5,0.75,9.1975,1.6223437500000002,0,7.6792187499999995,-1.5182812500000002,0,0,0,0
cEI,0.5,0,177,0.25,0.5,4.9174999999999995,0.76609375,1,7.6792187499999995,2.76171875,0,0,0,0
cEI,0.5,0,178,0.25,0.75,7.6792187499999995,1.2816796875,1,7.6792187499999995,0.0,1,1,1,1
cEI,0.5,0,179,0.5,0.5,6.08,1.189375,1,7.6792187499999995,1.5992187499999995,0,0,0,1
cEI,0.5,0,180,0.0,0.75,5.9643749999999995,1.369375,1,7.6792187499999995,1.71484375,0,0,0,1
cEI,0.5,0,181,0.25,0.5,4.9174999999999995,0.76609375,1,7.6792187499999995,2.76171875,0,0,0,0
cEI,0.5,0,182,0.0,0.75,5.9643749999999995,1.369375,1,7.6792187499999995,1.71484375,0,0,0,1
cEI,0.5,0,183,0.75,0.5,6.985,1.9273437500000001,0,7.6792187499999995,0.6942187499999992,0,0,0,0
cEI,0.5,0,184,0.0,1.0,9.37,2.1399999999999997,0,7.6792187499999995,-1.6907812499999997,0,0,0,0
cEI,0.5,0,185,0.5,0.5,6.08,1.189375,1,7.6792187499999995,1.5992187499999995,0,0,0,1
cEI,0.5,0,186,0.0,0.25,1.9693749999999999,0.004374999999999976,1,7.6792187499999995,5.709843749999999,0,0,0,0
cEI,0.5,0,187,0.25,0.5,4.9174999999999995,0.76609375,1,7.6792187499999995,2.76171875,0,0,0,0
cEI,0.5,0,188,0.5,0.25,3.9499999999999997,0.90609375,1,7.6792187499999995,3.72921875,0,0,0,0
cEI,0.5,0,189,0.5,0.5,6.08,1.189375,1,7.6792187499999995,1.5992187499999995,0,0,0,1
cEI,0.5,0,190,0.5,0.25,3.9499999999999997,0.90609375,1,7.6792187499999995,3.72921875,0,0,0,0
cEI,0.5,0,191,0.5,0.5,6.08,1.189375,1,7.6792187499999995,1.5992187499999995,0,0,0,1
cEI,0.5,0,192,0.25,1.0,11.391874999999999,1.87875,0,7.6792187499999995,-3.7126562499999993,0,0,0,0
cEI,0.5,0,193,1.0,1.0,16.79,4.62,0,7.6792187499999995,-9.110781249999999,0,0,0,0
cEI,0.5,0,194,0.0,0.5,3.4974999999999996,0.6575,1,7.6792187499999995,4.18171875,0,0,0,0
cEI,0.5,0,195,0.25,0.0,2.2468749999999997,-0.02062499999999995,1,7.6792187499999995,5.432343749999999,0,0,0,0
cEI,0.5,0,196,0.25,0.5,4.9174999999999995,0.76609375,1,7.6792187499999995,2.76171875,0,0,0,0
cEI,0.5,0,197,0.25,0.75,7.6792187499999995,1.2816796875,1,7.6792187499999995,0.0,1,1,1,1
cEI,0.5,0,198,0.25,0.75,7.6792187499999995,1.2816796875,1,7.6792187499999995,0.0,1,1,1,1
cEI,0.5,0,199,0.25,0.5,4.9174999999999995,0.76609375,1,7.6792187499999995,2.76171875,0,0,0,0
cEI,0.5,1,0,0.25,0.75,9.212304687500001,1.2816796875,1,13.205468749999998,3.9931640624999964,0,0,0,0
cEI,0.5,1,1,0.5,0.75,13.205468749999998,1.6223437500000002,1,13.205468749999998,0.0,1,1,1,1
cEI,0.5,1,2,0.5,0.75,13.205468749999998,1.6223437500000002,1,13.205468749999998,0.0,1,1,1,1
cEI,0.5,1,3,0.75,0.25,7.777304687499998,1.7266796875000003,1,13.205468749999998,5.4281640625,0,0,0,0
cEI,0.5,1,4,0.25,0.75,9.212304687500001,1.2816796875,1,13.205468749999998,3.9931640624999964,0,0,0,0
cEI,0.5,1,5,0.5,1.0,15.885000000000002,2.205,0,13.205468749999998,-2.6795312500000037,0,0,0,0
cEI,0.5,1,6,0.25,1.0,11.206249999999999,1.87875,1,13.205468749999998,1.999218749999999,0,0,0,1
cEI,0.5,1,7,0.25,1.0,11.206249999999999,1.87875,1,13.205468749999998,1.999218749999999,0,0,0,1
cEI,0.5,1,8,0.5,0.5,10.089374999999997,1.189375,1,13.205468749999998,3.116093750000001,0,0,0,0
cEI,0.5,1,9,0.25,0.75,9.212304687500001,1.2816796875,1,13.205468749999998,3.9931640624999964,0,0,0,0
cEI,0.5,1,10,0.75,0.75,15.853242187500001,2.3913671875,0,13.205468749999998,-2.6477734375000033,0,0,0,0
cEI,0.5,1,11,0.5,0.75,13.205468749999998,1.6223437500000002,1,13.205468749999998,0.0,1,1,1,1
cEI,0.5,1,12,0.25,0.75,9.212304687500001,1.2816796875,1,13.205468749999998,3.9931640624999964,0,0,0,0
cEI,0.5,1,13,0.25,1.0,11.206249999999999,1.87875,1,13.205468749999998,1.999218749999999,0,0,0,1
cEI,0.5,1,14,0.75,0.5,12.123593750000001,1.9273437500000001,1,13.205468749999998,1.0818749999999966,0,0,0,1
cEI,0.5,1,15,0.5,0.75,13.205468749999998,1.6223437500000002,1,13.205468749999998,0.0,1,1,1,1
cEI,0.5,1,16,0.5,0.75,13.205468749999998,1.6223437500000002,1,13.205468749999998,0.0,1,1,1,1
cEI,0.5,1,17,0.5,0.25,6.536718749999999,0.90609375,1,13.205468749999998,6.668749999999999,0,0,0,0
cEI,0.5,1,18,0.0,1.0,4.930000000000001,2.1399999999999997,0,13.205468749999998,8.275468749999998,0,0,0,0
cEI,0.5,1,19,0.5,0.75,13.205468749999998,1.6223437500000002,1,13.205468749999998,0.0,1,1,1,1
cEI,0.5,1,20,0.0,1.0,4.930000000000001,2.1399999999999997,0,13.205468749999998,8.275468749999998,0,0,0,0
cEI,0.5,1,21,0.0,0.0,-1.05,-0.59,1,13.205468749999998,14.255468749999999,0,0,0,0
cEI,0.5,1,22,0.5,0.25,6.536718749999999,0.90609375,1,13.205468749999998,6.668749999999999,0,0,0,0
cEI,0.5,1,23,0.75,0.5,12.123593750000001,1.9273437500000001,1,13.205468749999998,1.0818749999999966,0,0,0,1
cEI,0.5,1,24,0.5,1.0,15.885000000000002,2.205,0,13.205468749999998,-2.6795312500000037,0,0,0,0
cEI,0.5,1,25,0.25,0.25,4.2388671874999995,0.3319921875,1,13.205468749999998,8.9666015625,0,0,0,0
cEI,0.5,1,26,0.75,0.5,12.123593750000001,1.9273437500000001,1,13.205468749999998,1.0818749999999966,0,0,0,1
cEI,0.5,1,27,0.75,0.75,15.853242187500001,2.3913671875,0,13.205468749999998,-2.6477734375000033,0,0,0,0
cEI,0.5,1,28,0.5,0.75,13.205468749999998,1.6223437500000002,1,13.205468749999998,0.0,1,1,1,1
cEI,0.5,1,29,0.5,1.0,15.885000000000002,2.205,0,13.205468749999998,-2.6795312500000037,0,0,0,0
cEI,0.5,1,30,0.25,1.0,11.206249999999999,1.87875,1,13.205468749999998,1.999218749999999,0,0,0,1
cEI,0.5,1,31,0.25,1.0,11.206249999999999,1.87875,1,13.205468749999998,1.999218749999999,0,0,0,1
cEI,0.5,1,32,0.25,0.0,1.259375,-0.02062499999999995,1,13.205468749999998,11.946093749999998,0,0,0,0
cEI,0.5,1,33,0.5,0.75,13.205468749999998,1.6223437500000002,1,13.205468749999998,0.0,1,1,1,1
cEI,0.5,1,34,0.5,0.75,13.205468749999998,1.6223437500000002,1,13.205468749999998,0.0,1,1,1,1
cEI,0.5,1,35,0.5,0.75,13.205468749999998,1.6223437500000002,1,13.205468749999998,0.0,1,1,1,1
cEI,0.5,1,36,0.75,0.5,12.123593750000001,1.9273437500000001,1,13.205468749999998,1.0818749999999966,0,0,0,1
cEI,0.5,1,37,0.5,0.5,10.089374999999997,1.189375,1,13.205468749999998,3.116093750000001,0,0,0,0
cEI,0.5,1,38,1.0,1.0,20.45,4.62,0,13.205468749999998,-7.244531250000001,0,0,0,0
cEI,0.5,1,39,0.5,1.0,15.885000000000002,2.205,0,13.205468749999998,-2.6795312500000037,0,0,0,0
cEI,0.5,1,40,0.5,0.5,10.089374999999997,1.189375,1,13.205468749999998,3.116093750000001,0,0,0,0
cEI,0.5,1,41,0.25,0.75,9.212304687500001,1.2816796875,1,13.205468749999998,3.9931640624999964,0,0,0,0
cEI,0.5,1,42,0.5,0.75,13.205468749999998,1.6223437500000002,1,13.205468749999998,0.0,1,1,1,1
cEI,0.5,1,43,0.5,0.5,10.089374999999997,1.189375,1,13.205468749999998,3.116093750000001,0,0,0,0
cEI,0.5,1,44,0.5,0.75,13.205468749999998,1.6223437500000002,1,13.205468749999998,0.0,1,1,1,1
cEI,0.5,1,45,0.5,0.75,13.205468749999998,1.6223437500000002,1,13.205468749999998,0.0,1,1,1,1
cEI,0.5,1,46,0.5,0.75,13.205468749999998,1.6223437500000002,1,13.205468749999998,0.0,1,1,1,1
cEI,0.5,1,47,0.5,0.75,13.205468749999998,1.6223437500000002,1,13.205468749999998,0.0,1,1,1,1
cEI,0.5,1,48,0.5,0.75,13.205468749999998,1.6223437500000002,1,13.205468749999998,0.0,1,1,1,1
cEI,0.5,1,49,0.5,0.5,10.089374999999997,1.189375,1,13.205468749999998,3.116093750000001,0,0,0,0
cEI,0.5,1,50,0.75,0.75,15.853242187500001,2.3913671875,0,13.205468749999998,-2.6477734375000033,0,0,0,0
cEI,0.5,1,51,0.25,0.75,9.212304687500001,1.2816796875,1,13.205468749999998,3.9931640624999964,0,0,0,0
cEI,0.5,1,52,0.75,0.25,7.777304687499998,1.7266796875000003,1,13.205468749999998,5.4281640625,0,0,0,0
cEI,0.5,1,53,0.5,0.75,13.205468749999998,1.6223437500000002,1,13.205468749999998,0.0,1,1,1,1
cEI,0.5,1,54,0.25,1.0,11.206249999999999,1.87875,1,13.205468749999998,1.999218749999999,0,0,0,1
cEI,0.5,1,55,0.5,0.75,13.205468749999998,1.6223437500000002,1,13.205468749999998,0.0,1,1,1,1
cEI,0.5,1,56,0.25,0.25,4.2388671874999995,0.3319921875,1,13.205468749999998,8.9666015625,0,0,0,0
cEI,0.5,1,57,0.75,0.25,7.777304687499998,1.7266796875000003,1,13.205468749999998,5.4281640625,0,0,0,0
cEI,0.5,1,58,0.5,0.5,10.089374999999997,1.189375,1,13.205468749999998,3.116093750000001,0,0,0,0
cEI,0.5,1,59,0.5,1.0,15.885000000000002,2.205,0,13.205468749999998,-2.6795312500000037,0,0,0,0
cEI,0.5,1,60,0.75,0.25,7.777304687499998,1.7266796875000003,1,13.205468749999998,5.4281640625,0,0,0,0
cEI,0.5,1,61,0.25,0.75,9.212304687500001,1.2816796875,1,13.205468749999998,3.9931640624999964,0,0,0,0
cEI,0.5,1,62,0.5,1.0,15.885000000000002,2.205,0,13.205468749999998,-2.6795312500000037,0,0,0,0
cEI,0.5,1,63,0.5,0.5,10.089374999999997,1.189375,1,13.205468749999998,3.116093750000001,0,0,0,0
cEI,0.5,1,64,0.5,0.0,2.5475,0.7725000000000001,1,13.205468749999998,10.657968749999998,0,0,0,0
cEI,0.5,1,65,0.25,1.0,11.206249999999999,1.87875,1,13.205468749999998,1.999218749999999,0,0,0,1
cEI,0.5,1,66,0.25,0.75,9.212304687500001,1.2816796875,1,13.205468749999998,3.9931640624999964,0,0,0,0
cEI,0.5,1,67,0.5,0.75,13.205468749999998,1.6223437500000002,1,13.205468749999998,0.0,1,1,1,1
cEI,0.5,1,68,0.5,0.75,13.205468749999998,1.6223437500000002,1,13.205468749999998,0.0,1,1,1,1
cEI,0.5,1,69,0.5,0.75,13.205468749999998,1.6223437500000002,1,13.205468749999998,0.0,1,1,1,1
cEI,0.5,1,70,0.5,1.0,15.885000000000002,2.205,0,13.205468749999998,-2.6795312500000037,0,0,0,0
cEI,0.5,1,71,0.5,0.75,13.205468749999998,1.6223437500000002,1,13.205468749999998,0.0,1,1,1,1
cEI,0.5,1,72,0.5,1.0,15.885000000000002,2.205,0,13.205468749999998,-2.6795312500000037,0,0,0,0
cEI,0.5,1,73,1.0,0.25,7.960624999999998,2.79375,0,13.205468749999998,5.24484375,0,0,0,0
cEI,0.5,1,74,0.25,1.0,11.206249999999999,1.87875,1,13.205468749999998,1.999218749999999,0,0,0,1
cEI,0.5,1,75,0.5,0.5,10.089374999999997,1.189375,1,13.205468749999998,3.116093750000001,0,0,0,0
cEI,0.5,1,76,0.5,0.25,6.536718749999999,0.90609375,1,13.205468749999998,6.668749999999999,0,0,0,0
cEI,0.5,1,77,0.5,0.5,10.089374999999997,1.189375,1,13.205468749999998,3.116093750000001,0,0,0,0
cEI,0.5,1,78,0.0,0.25,0.88375,0.004374999999999976,1,13.205468749999998,12.321718749999999,0,0,0,0
cEI,0.5,1,79,0.5,0.75,13.205468749999998,1.6223437500000002,1,13.205468749999998,0.0,1,1,1,1
cEI,0.5,1,80,0.75,0.5,12.123593750000001,1.9273437500000001,1,13.205468749999998,1.0818749999999966,0,0,0,1
cEI,0.5,1,81,0.25,0.75,9.212304687500001,1.2816796875,1,13.205468749999998,3.9931640624999964,0,0,0,0
cEI,0.5,1,82,0.25,0.75,9.212304687500001,1.2816796875,1,13.205468749999998,3.9931640624999964,0,0,0,0
cEI,0.5,1,83,0.5,1.0,15.885000000000002,2.205,0,13.205468749999998,-2.6795312500000037,0,0,0,0
cEI,0.5,1,84,0.5,0.5,10.089374999999997,1.189375,1,13.205468749999998,3.116093750000001,0,0,0,0
cEI,0.5,1,85,0.5,1.0,15.885000000000002,2.205,0,13.205468749999998,-2.6795312500000037,0,0,0,0
cEI,0.5,1,86,0.25,1.0,11.206249999999999,1.87875,1,13.205468749999998,1.999218749999999,0,0,0,1
cEI,0.5,1,87,0.25,0.25,4.2388671874999995,0.3319921875,1,13.205468749999998,8.9666015625,0,0,0,0
cEI,0.5,1,88,0.75,0.25,7.777304687499998,1.7266796875000003,1,13.205468749999998,5.4281640625,0,0,0,0
cEI,0.5,1,89,0.5,0.75,13.205468749999998,1.6223437500000002,1,13.205468749999998,0.0,1,1,1,1
cEI,0.5,1,90,0.25,0.75,9.212304687500001,1.2816796875,1,13.205468749999998,3.9931640624999964,0,0,0,0
cEI,0.5,1,91,0.25,0.75,9.212304687500001,1.2816796875,1,13.205468749999998,3.9931640624999964,0,0,0,0
cEI,0.5,1,92,0.25,0.75,9.212304687500001,1.2816796875,1,13.205468749999998,3.9931640624999964,0,0,0,0
cEI,0.5,1,93,0.25,0.75,9.212304687500001,1.2816796875,1,13.205468749999998,3.9931640624999964,0,0,0,0
cEI,0.5,1,94,0.25,0.25,4.2388671874999995,0.3319921875,1,13.205468749999998,8.9666015625,0,0,0,0
cEI,0.5,1,95,0.5,0.75,13.205468749999998,1.6223437500000002,1,13.205468749999998,0.0,1,1,1,1
cEI,0.5,1,96,0.25,1.0,11.206249999999999,1.87875,1,13.205468749999998,1.999218749999999,0,0,0,1
cEI,0.5,1,97,0.75,0.5,12.123593750000001,1.9273437500000001,1,13.205468749999998,1.0818749999999966,0,0,0,1
cEI,0.5,1,98,0.0,1.0,4.930000000000001,2.1399999999999997,0,13.205468749999998,8.275468749999998,0,0,0,0
cEI,0.5,1,99,0.5,0.5,10.089374999999997,1.189375,1,13.205468749999998,3.116093750000001,0,0,0,0
cEI,0.5,1,100,0.75,0.5,12.123593750000001,1.9273437500000001,1,13.205468749999998,1.0818749999999966,0,0,0,1
cEI,0.5,1,101,0.25,0.5,6.889843749999999,0.76609375,1,13.205468749999998,6.315624999999999,0,0,0,0
cEI,0.5,1,102,0.5,0.25,6.536718749999999,0.90609375,1,13.205468749999998,6.668749999999999,0,0,0,0
cEI,0.5,1,103,0.75,0.25,7.777304687499998,1.7266796875000003,1,13.205468749999998,5.4281640625,0,0,0,0
cEI,0.5,1,104,0.25,0.75,9.212304687500001,1.2816796875,1,13.205468749999998,3.9931640624999964,0,0,0,0
cEI,0.5,1,105,0.5,0.75,13.205468749999998,1.6223437500000002,1,13.205468749999998,0.0,1,1,1,1
cEI,0.5,1,106,0.25,1.0,11.206249999999999,1.87875,1,13.205468749999998,1.999218749999999,0,0,0,1
cEI,0.5,1,107,0.0,0.75,3.8737500000000002,1.369375,1,13.205468749999998,9.331718749999997,0,0,0,0
cEI,0.5,1,108,0.25,1.0,11.206249999999999,1.87875,1,13.205468749999998,1.999218749999999,0,0,0,1
cEI,0.5,1,109,0.25,0.75,9.212304687500001,1.2816796875,1,13.205468749999998,3.9931640624999964,0,0,0,0
cEI,0.5,1,110,0.25,1.0,11.206249999999999,1.87875,1,13.205468749999998,1.999218749999999,0,0,0,1
cEI,0.5,1,111,0.0,0.5,2.5250000000000004,0.6575,1,13.205468749999998,10.680468749999998,0,0,0,0
cEI,0.5,1,112,0.25,0.25,4.2388671874999995,0.3319921875,1,13.205468749999998,8.9666015625,0,0,0,0
cEI,0.5,1,113,0.5,0.5,10.089374999999997,1.189375,1,13.205468749999998,3.116093750000001,0,0,0,0
cEI,0.5,1,114,0.5,0.75,13.205468749999998,1.6223437500000002,1,13.205468749999998,0.0,1,1,1,1
cEI,0.5,1,115,0.5,0.5,10.089374999999997,1.189375,1,13.205468749999998,3.116093750000001,0,0,0,0
cEI,0.5,1,116,0.5,0.75,13.205468749999998,1.6223437500000002,1,13.205468749999998,0.0,1,1,1,1
cEI,0.5,1,117,0.75,0.25,7.777304687499998,1.7266796875000003,1,13.205468749999998,5.4281640625,0,0,0,0
cEI,0.5,1,118,0.25,0.75,9.212304687500001,1.2816796875,1,13.205468749999998,3.9931640624999964,0,0,0,0
cEI,0.5,1,119,0.5,0.75,13.205468749999998,1.6223437500000002,1,13.205468749999998,0.0,1,1,1,1
cEI,0.5,1,120,0.25,0.5,6.889843749999999,0.76609375,1,13.205468749999998,6.315624999999999,0,0,0,0
cEI,0.5,1,121,0.25,0.75,9.212304687500001,1.2816796875,1,13.205468749999998,3.9931640624999964,0,0,0,0
cEI,0.5,1,122,0.5,0.75,13.205468749999998,1.6223437500000002,1,13.205468749999998,0.0,1,1,1,1
cEI,0.5,1,123,0.5,0.75,13.205468749999998,1.6223437500000002,1,13.205468749999998,0.0,1,1,1,1
cEI,0.5,1,124,0.0,0.75,3.8737500000000002,1.369375,1,13.205468749999998,9.331718749999997,0,0,0,0
cEI,0.5,1,125,0.5,0.75,13.205468749999998,1.6223437500000002,1,13.205468749999998,0.0,1,1,1,1
cEI,0.5,1,126,0.75,0.25,7.777304687499998,1.7266796875000003,1,13.205468749999998,5.4281640625,0,0,0,0
cEI,0.5,1,127,0.5,0.75,13.205468749999998,1.6223437500000002,1,13.205468749999998,0.0,1,1,1,1
cEI,0.5,1,128,0.25,0.75,9.212304687500001,1.2816796875,1,13.205468749999998,3.9931640624999964,0,0,0,0
cEI,0.5,1,129,0.5,0.75,13.205468749999998,1.6223437500000002,1,13.205468749999998,0.0,1,1,1,1
cEI,0.5,1,130,0.5,0.5,10.089374999999997,1.189375,1,13.205468749999998,3.116093750000001,0,0,0,0
cEI,0.5,1,131,0.5,1.0,15.885000000000002,2.205,0,13.205468749999998,-2.6795312500000037,0,0,0,0
cEI,0.5,1,132,0.5,0.75,13.205468749999998,1.6223437500000002,1,13.205468749999998,0.0,1,1,1,1
cEI,0.5,1,133,0.75,0.5,12.123593750000001,1.9273437500000001,1,13.205468749999998,1.0818749999999966,0,0,0,1
cEI,0.5,1,134,0.25,0.75,9.212304687500001,1.2816796875,1,13.205468749999998,3.9931640624999964,0,0,0,0
cEI,0.5,1,135,0.25,0.25,4.2388671874999995,0.3319921875,1,13.205468749999998,8.9666015625,0,0,0,0
cEI,0.5,1,136,0.0,1.0,4.930000000000001,2.1399999999999997,0,13.205468749999998,8.275468749999998,0,0,0,0
cEI,0.5,1,137,0.75,0.5,12.123593750000001,1.9273437500000001,1,13.205468749999998,1.0818749999999966,0,0,0,1
cEI,0.5,1,138,0.5,1.0,15.885000000000002,2.205,0,13.205468749999998,-2.6795312500000037,0,0,0,0
cEI,0.5,1,139,0.5,0.75,13.205468749999998,1.6223437500000002,1,13.205468749999998,0.0,1,1,1,1
cEI,0.5,1,140,0.75,0.5,12.123593750000001,1.9273437500000001,1,13.205468749999998,1.0818749999999966,0,0,0,1
cEI,0.5,1,141,0.25,1.0,11.206249999999999,1.87875,1,13.205468749999998,1.999218749999999,0,0,0,1
cEI,0.5,1,142,1.0,0.5,12.9925,2.9800000000000004,0,13.205468749999998,0.21296874999999815,0,0,0,0
cEI,0.5,1,143,0.5,0.0,2.5475,0.7725000000000001,1,13.205468749999998,10.657968749999998,0,0,0,0
cEI,0.5,1,144,1.0,1.0,20.45,4.62,0,13.205468749999998,-7.244531250000001,0,0,0,0
cEI,0.5,1,145,0.5,0.75,13.205468749999998,1.6223437500000002,1,13.205468749999998,0.0,1,1,1,1
cEI,0.5,1,146,0.75,0.5,12.123593750000001,1.9273437500000001,1,13.205468749999998,1.0818749999999966,0,0,0,1
cEI,0.5,1,147,0.25,0.75,9.212304687500001,1.2816796875,1,13.205468749999998,3.9931640624999964,0,0,0,0
cEI,0.5,1,148,0.5,0.5,10.089374999999997,1.189375,1,13.205468749999998,3.116093750000001,0,0,0,0
cEI,0.5,1,149,0.75,0.25,7.777304687499998,1.7266796875000003,1,13.205468749999998,5.4281640625,0,0,0,0
cEI,0.5,1,150,0.5,0.5,10.089374999999997,1.189375,1,13.205468749999998,3.116093750000001,0,0,0,0
cEI,0.5,1,151,0.5,0.5,10.089374999999997,1.189375,1,13.205468749999998,3.116093750000001,0,0,0,0
cEI,0.5,1,152,0.5,1.0,15.885000000000002,2.205,0,13.205468749999998,-2.6795312500000037,0,0,0,0
cEI,0.5,1,153,0.5,0.75,13.205468749999998,1.6223437500000002,1,13.205468749999998,0.0,1,1,1,1
cEI,0.5,1,154,0.25,1.0,11.206249999999999,1.87875,1,13.205468749999998,1.999218749999999,0,0,0,1
cEI,0.5,1,155,0.5,1.0,15.885000000000002,2.205,0,13.205468749999998,-2.6795312500000037,0,0,0,0
cEI,0.5,1,156,0.0,0.75,3.8737500000000002,1.369375,1,13.205468749999998,9.331718749999997,0,0,0,0
cEI,0.5,1,157,0.0,0.0,-1.05,-0.59,1,13.205468749999998,14.255468749999999,0,0,0,0
cEI,0.5,1,158,0.25,1.0,11.206249999999999,1.87875,1,13.205468749999998,1.999218749999999,0,0,0,1
cEI,0.5,1,159,0.5,0.5,10.089374999999997,1.189375,1,13.205468749999998,3.116093750000001,0,0,0,0
cEI,0.5,1,160,0.5,0.5,10.089374999999997,1.189375,1,13.205468749999998,3.116093750000001,0,0,0,0
cEI,0.5,1,161,0.5,0.5,10.089374999999997,1.189375,1,13.205468749999998,3.116093750000001,0,0,0,0
cEI,0.5,1,162,0.0,1.0,4.930000000000001,2.1399999999999997,0,13.205468749999998,8.275468749999998,0,0,0,0
cEI,0.5,1,163,0.75,1.0,18.966250000000002,3.1187500000000004,0,13.205468749999998,-5.760781250000004,0,0,0,0
cEI,0.5,1,164,0.25,1.0,11.206249999999999,1.87875,1,13.205468749999998,1.999218749999999,0,0,0,1
cEI,0.5,1,165,0.25,0.5,6.889843749999999,0.76609375,1,13.205468749999998,6.315624999999999,0,0,0,0
cEI,0.5,1,166,0.25,1.0,11.206249999999999,1.87875,1,13.205468749999998,1.999218749999999,0,0,0,1
cEI,0.5,1,167,0.0,0.25,0.88375,0.004374999999999976,1,13.205468749999998,12.321718749999999,0,0,0,0
cEI,0.5,1,168,0.5,0.25,6.536718749999999,0.90609375,1,13.205468749999998,6.668749999999999,0,0,0,0
cEI,0.5,1,169,0.75,0.25,7.777304687499998,1.7266796875000003,1,13.205468749999998,5.4281640625,0,0,0,0
cEI,0.5,1,170,0.75,0.5,12.123593750000001,1.9273437500000001,1,13.205468749999998,1.0818749999999966,0,0,0,1
cEI,0.5,1,171,0.75,0.25,7.777304687499998,1.7266796875000003,1,13.205468749999998,5.4281640625,0,0,0,0
cEI,0.5,1,172,0.5,0.75,13.205468749999998,1.6223437500000002,1,13.205468749999998,0.0,1,1,1,1
cEI,0.5,1,173,0.25,0.25,4.2388671874999995,0.3319921875,1,13.205468749999998,8.9666015625,0,0,0,0
cEI,0.5,1,174,0.5,0.75,13.205468749999998,1.6223437500000002,1,13.205468749999998,0.0,1,1,1,1
cEI,0.5,1,175,0.25,1.0,11.206249999999999,1.87875,1,13.205468749999998,1.999218749999999,0,0,0,1
cEI,0.5,1,176,0.5,0.5,10.089374999999997,1.189375,1,13.205468749999998,3.116093750000001,0,0,0,0
cEI,0.5,1,177,0.5,0.25,6.536718749999999,0.90609375,1,13.205468749999998,6.668749999999999,0,0,0,0
cEI,0.5,1,178,0.75,0.25,7.777304687499998,1.7266796875000003,1,13.205468749999998,5.4281640625,0,0,0,0
cEI,0.5,1,179,0.25,1.0,11.206249999999999,1.87875,1,13.205468749999998,1.999218749999999,0,0,0,1
cEI,0.5,1,180,0.75,0.25,7.777304687499998,1.7266796875000003,1,13.205468749999998,5.4281640625,0,0,0,0
cEI,0.5,1,181,0.75,0.5,12.123593750000001,1.9273437500000001,1,13.205468749999998,1.0818749999999966,0,0,0,1
cEI,0.5,1,182,0.25,0.25,4.2388671874999995,0.3319921875,1,13.205468749999998,8.9666015625,0,0,0,0
cEI,0.5,1,183,0.5,0.5,10.089374999999997,1.189375,1,13.205468749999998,3.116093750000001,0,0,0,0
cEI,0.5,1,184,0.0,0.25,0.88375,0.004374999999999976,1,13.205468749999998,12.321718749999999,0,0,0,0
cEI,0.5,1,185,1.0,0.75,17.155624999999997,3.58875,0,13.205468749999998,-3.950156249999999,0,0,0,0
cEI,0.5,1,186,0.25,1.0,11.206249999999999,1.87875,1,13.205468749999998,1.999218749999999,0,0,0,1
cEI,0.5,1,187,0.25,0.75,9.212304687500001,1.2816796875,1,13.205468749999998,3.9931640624999964,0,0,0,0
cEI,0.5,1,188,0.5,0.75,13.205468749999998,1.6223437500000002,1,13.205468749999998,0.0,1,1,1,1
cEI,0.5,1,189,0.25,0.75,9.212304687500001,1.2816796875,1,13.205468749999998,3.9931640624999964,0,0,0,0
cEI,0.5,1,190,0.0,1.0,4.930000000000001,2.1399999999999997,0,13.205468749999998,8.275468749999998,0,0,0,0
cEI,0.5,1,191,0.5,0.75,13.205468749999998,1.6223437500000002,1,13.205468749999998,0.0,1,1,1,1
cEI,0.5,1,192,0.75,0.5,12.123593750000001,1.9273437500000001,1,13.205468749999998,1.0818749999999966,0,0,0,1
cEI,0.5,1,193,1.0,0.75,17.155624999999997,3.58875,0,13.205468749999998,-3.950156249999999,0,0,0,0
cEI,0.5,1,194,0.75,0.75,15.853242187500001,2.3913671875,0,13.205468749999998,-2.6477734375000033,0,0,0,0
cEI,0.5,1,195,1.0,1.0,20.45,4.62,0,13.205468749999998,-7.244531250000001,0,0,0,0
cEI,0.5,1,196,0.5,0.75,13.205468749999998,1.6223437500000002,1,13.205468749999998,0.0,1,1,1,1
cEI,0.5,1,197,0.75,0.25,7.777304687499998,1.7266796875000003,1,13.205468749999998,5.4281640625,0,0,0,0
cEI,0.5,1,198,0.5,0.75,13.205468749999998,1.6223437500000002,1,13.205468749999998,0.0,1,1,1,1
cEI,0.5,1,199,0.25,0.75,9.212304687500001,1.2816796875,1,13.205468749999998,3.9931640624999964,0,0,0,0
cEI,0.6,0,0,0.0,0.25,1.9693749999999999,0.004374999999999976,1,7.6792187499999995,5.709843749999999,0,0,0,0
cEI,0.6,0,1,0.0,0.75,5.9643749999999995,1.369375,1,7.6792187499999995,1.71484375,0,0,0,1
cEI,0.6,0,2,0.5,0.5,6.08,1.189375,1,7.6792187499999995,1.5992187499999995,0,0,0,1
cEI,0.6,0,3,0.0,0.25,1.9693749999999999,0.004374999999999976,1,7.6792187499999995,5.709843749999999,0,0,0,0
cEI,0.6,0,4,0.25,0.5,4.9174999999999995,0.76609375,1,7.6792187499999995,2.76171875,0,0,0,0
cEI,0.6,0,5,0.25,0.25,3.1067187499999993,0.3319921875,1,7.6792187499999995,4.5725,0,0,0,0
cEI,0.6,0,6,0.0,0.25,1.9693749999999999,0.004374999999999976,1,7.6792187499999995,5.709843749999999,0,0,0,0
cEI,0.6,0,7,0.0,0.75,5.9643749999999995,1.369375,1,7.6792187499999995,1.71484375,0,0,0,1
cEI,0.6,0,8,0.0,0.5,3.4974999999999996,0.6575,1,7.6792187499999995,4.18171875,0,0,0,0
cEI,0.6,0,9,0.0,0.5,3.4974999999999996,0.6575,1,7.6792187499999995,4.18171875,0,0,0,0
cEI,0.6,0,10,1.0,0.25,4.7543750000000005,2.79375,0,7.6792187499999995,2.924843749999999,0,0,0,0
cEI,0.6,0,11,0.0,1.0,9.37,2.1399999999999997,0,7.6792187499999995,-1.6907812499999997,0,0,0,0
cEI,0.6,0,12,0.25,0.5,4.9174999999999995,0.76609375,1,7.6792187499999995,2.76171875,0,0,0,0
cEI,0.6,0,13,0.5,0.25,3.9499999999999997,0.90609375,1,7.6792187499999995,3.72921875,0,0,0,0
cEI,0.6,0,14,0.5,0.5,6.08,1.189375,1,7.6792187499999995,1.5992187499999995,0,0,0,1
cEI,0.6,0,15,0.5,0.75,9.1975,1.6223437500000002,0,7.6792187499999995,-1.5182812500000002,0,0,0,0
cEI,0.6,0,16,1.0,0.0,3.01,3.0300000000000002,0,7.6792187499999995,4.66921875,0,0,0,0
cEI,0.6,0,17,0.25,0.5,4.9174999999999995,0.76609375,1,7.6792187499999995,2.76171875,0,0,0,0
cEI,0.6,0,18,0.0,0.75,5.9643749999999995,1.369375,1,7.6792187499999995,1.71484375,0,0,0,1
cEI,0.6,0,19,0.25,1.0,11.391874999999999,1.87875,0,7.6792187499999995,-3.7126562499999993,0,0,0,0
cEI,0.6,0,20,0.0,0.5,3.4974999999999996,0.6575,1,7.6792187499999995,4.18171875,0,0,0,0
cEI,0.6,0,21,0.0,0.0,1.38,-0.59,1,7.6792187499999995,6.29921875,0,0,0,0
cEI,0.6,0,22,0.5,0.0,2.8075,0.7725000000000001,1,7.6792187499999995,4.871718749999999,0,0,0,0
cEI,0.6,0,23,0.5,0.5,6.08,1.189375,1,7.6792187499999995,1.5992187499999995,0,0,0,1
cEI,0.6,0,24,0.75,0.5,6.985,1.9273437500000001,0,7.6792187499999995,0.6942187499999992,0,0,0,0
cEI,0.6,0,25,0.0,0.25,1.9693749999999999,0.004374999999999976,1,7.6792187499999995,5.709843749999999,0,0,0,0
cEI,0.6,0,26,0.0,0.0,1.38,-0.59,1,7.6792187499999995,6.29921875,0,0,0,0
cEI,0.6,0,27,0.25,0.75,7.6792187499999995,1.2816796875,1,7.6792187499999995,0.0,1,1,1,1
cEI,0.6,0,28,0.5,0.25,3.9499999999999997,0.90609375,1,7.6792187499999995,3.72921875,0,0,0,0
cEI,0.6,0,29,0.25,0.75,7.6792187499999995,1.2816796875,1,7.6792187499999995,0.0,1,1,1,1
cEI,0.6,0,30,0.25,0.5,4.9174999999999995,0.76609375,1,7.6792187499999995,2.76171875,0,0,0,0
cEI,0.6,0,31,0.5,0.5,6.08,1.189375,1,7.6792187499999995,1.5992187499999995,0,0,0,1
cEI,0.6,0,32,0.25,0.5,4.9174999999999995,0.76609375,1,7.6792187499999995,2.76171875,0,0,0,0
cEI,0.6,0,33,0.25,0.5,4.9174999999999995,0.76609375,1,7.6792187499999995,2.76171875,0,0,0,0
cEI,0.6,0,34,0.75,0.5,6.985,1.9273437500000001,0,7.6792187499999995,0.6942187499999992,0,0,0,0
cEI,0.6,0,35,0.75,0.0,3.0618749999999992,1.7893750000000002,0,7.6792187499999995,4.61734375,0,0,0,0
cEI,0.6,0,36,0.25,0.75,7.6792187499999995,1.2816796875,1,7.6792187499999995,0.0,1,1,1,1
cEI,0.6,0,37,0.5,0.5,6.08,1.189375,1,7.6792187499999995,1.5992187499999995,0,0,0,1
cEI,0.6,0,38,0.25,0.75,7.6792187499999995,1.2816796875,1,7.6792187499999995,0.0,1,1,1,1
cEI,0.6,0,39,0.25,0.0,2.2468749999999997,-0.02062499999999995,1,7.6792187499999995,5.432343749999999,0,0,0,0
cEI,0.6,0,40,0.0,0.5,3.4974999999999996,0.6575,1,7.6792187499999995,4.18171875,0,0,0,0
cEI,0.6,0,41,0.5,0.25,3.9499999999999997,0.90609375,1,7.6792187499999995,3.72921875,0,0,0,0
cEI,0.6,0,42,0.5,0.0,2.8075,0.7725000000000001,1,7.6792187499999995,4.871718749999999,0,0,0,0
cEI,0.6,0,43,0.0,0.75,5.9643749999999995,1.369375,1,7.6792187499999995,1.71484375,0,0,0,1
cEI,0.6,0,44,0.5,0.5,6.08,1.189375,1,7.6792187499999995,1.5992187499999995,0,0,0,1
cEI,0.6,0,45,0.0,0.75,5.9643749999999995,1.369375,1,7.6792187499999995,1.71484375,0,0,0,1
cEI,0.6,0,46,0.25,0.5,4.9174999999999995,0.76609375,1,7.6792187499999995,2.76171875,0,0,0,0
cEI,0.6,0,47,0.5,0.5,6.08,1.189375,1,7.6792187499999995,1.5992187499999995,0,0,0,1
cEI,0.6,0,48,0.0,0.75,5.9643749999999995,1.369375,1,7.6792187499999995,1.71484375,0,0,0,1
cEI,0.6,0,49,0.0,1.0,9.37,2.1399999999999997,0,7.6792187499999995,-1.6907812499999997,0,0,0,0
cEI,0.6,0,50,0.25,0.75,7.6792187499999995,1.2816796875,1,7.6792187499999995,0.0,1,1,1,1
cEI,0.6,0,51,0.25,0.5,4.9174999999999995,0.76609375,1,7.6792187499999995,2.76171875,0,0,0,0
cEI,0.6,0,52,0.75,0.5,6.985,1.9273437500000001,0,7.6792187499999995,0.6942187499999992,0,0,0,0
cEI,0.6,0,53,0.0,0.75,5.9643749999999995,1.369375,1,7.6792187499999995,1.71484375,0,0,0,1
cEI,0.6,0,54,0.0,0.0,1.38,-0.59,1,7.6792187499999995,6.29921875,0,0,0,0
cEI,0.6,0,55,0.75,0.0,3.0618749999999992,1.7893750000000002,0,7.6792187499999995,4.61734375,0,0,0,0
cEI,0.6,0,56,0.25,0.0,2.2468749999999997,-0.02062499999999995,1,7.6792187499999995,5.432343749999999,0,0,0,0
cEI,0.6,0,57,0.0,0.25,1.9693749999999999,0.004374999999999976,1,7.6792187499999995,5.709843749999999,0,0,0,0
cEI,0.6,0,58,0.5,0.5,6.08,1.189375,1,7.6792187499999995,1.5992187499999995,0,0,0,1
cEI,0.6,0,59,0.0,0.5,3.4974999999999996,0.6575,1,7.6792187499999995,4.18171875,0,0,0,0
cEI,0.6,0,60,0.25,0.25,3.1067187499999993,0.3319921875,1,7.6792187499999995,4.5725,0,0,0,0
cEI,0.6,0,61,0.25,0.25,3.1067187499999993,0.3319921875,1,7.6792187499999995,4.5725,0,0,0,0
cEI,0.6,0,62,0.5,0.25,3.9499999999999997,0.90609375,1,7.6792187499999995,3.72921875,0,0,0,0
cEI,0.6,0,63,0.25,1.0,11.391874999999999,1.87875,0,7.6792187499999995,-3.7126562499999993,0,0,0,0
cEI,0.6,0,64,0.5,0.0,2.8075,0.7725000000000001,1,7.6792187499999995,4.871718749999999,0,0,0,0
cEI,0.6,0,65,0.0,0.75,5.9643749999999995,1.369375,1,7.6792187499999995,1.71484375,0,0,0,1
cEI,0.6,0,66,0.25,0.5,4.9174999999999995,0.76609375,1,7.6792187499999995,2.76171875,0,0,0,0
cEI,0.6,0,67,0.25,0.0,2.2468749999999997,-0.02062499999999995,1,7.6792187499999995,5.432343749999999,0,0,0,0
cEI,0.6,0,68,0.0,0.75,5.9643749999999995,1.369375,1,7.6792187499999995,1.71484375,0,0,0,1
cEI,0.6,0,69,0.25,1.0,11.391874999999999,1.87875,0,7.6792187499999995,-3.7126562499999993,0,0,0,0
cEI,0.6,0,70,0.25,1.0,11.391874999999999,1.87875,0,7.6792187499999995,-3.7126562499999993,0,0,0,0
cEI,0.6,0,71,0.5,0.5,6.08,1.189375,1,7.6792187499999995,1.5992187499999995,0,0,0,1
cEI,0.6,0,72,0.25,0.75,7.6792187499999995,1.2816796875,1,7.6792187499999995,0.0,1,1,1,1
cEI,0.6,0,73,0.0,0.25,1.9693749999999999,0.004374999999999976,1,7.6792187499999995,5.709843749999999,0,0,0,0
cEI,0.6,0,74,0.5,0.5,6.08,1.189375,1,7.6792187499999995,1.5992187499999995,0,0,0,1
cEI,0.6,0,75,0.0,0.5,3.4974999999999996,0.6575,1,7.6792187499999995,4.18171875,0,0,0,0
cEI,0.6,0,76,0.0,0.75,5.9643749999999995,1.369375,1,7.6792187499999995,1.71484375,0,0,0,1
cEI,0.6,0,77,0.0,0.5,3.4974999999999996,0.6575,1,7.6792187499999995,4.18171875,0,0,0,0
cEI,0.6,0,78,0.0,0.0,1.38,-0.59,1,7.6792187499999995,6.29921875,0,0,0,0
cEI,0.6,0,79,0.0,0.5,3.4974999999999996,0.6575,1,7.6792187499999995,4.18171875,0,0,0,0
cEI,0.6,0,80,0.0,0.75,5.9643749999999995,1.369375,1,7.6792187499999995,1.71484375,0,0,0,1
cEI,0.6,0,81,0.0,0.5,3.4974999999999996,0.6575,1,7.6792187499999995,4.18171875,0,0,0,0
cEI,0.6,0,82,0.75,0.0,3.0618749999999992,1.7893750000000002,0,7.6792187499999995,4.61734375,0,0,0,0
cEI,0.6,0,83,1.0,0.0,3.01,3.0300000000000002,0,7.6792187499999995,4.66921875,0,0,0,0
cEI,0.6,0,84,0.25,0.25,3.1067187499999993,0.3319921875,1,7.6792187499999995,4.5725,0,0,0,0
cEI,0.6,0,85,0.5,0.25,3.9499999999999997,0.90609375,1,7.6792187499999995,3.72921875,0,0,0,0
cEI,0.6,0,86,0.25,1.0,11.391874999999999,1.87875,0,7.6792187499999995,-3.7126562499999993,0,0,0,0
cEI,0.6,0,87,0.5,0.25,3.9499999999999997,0.90609375,1,7.6792187499999995,3.72921875,0,0,0,0
cEI,0.6,0,88,0.5,0.5,6.08,1.189375,1,7.6792187499999995,1.5992187499999995,0,0,0,1
cEI,0.6,0,89,0.25,0.75,7.6792187499999995,1.2816796875,1,7.6792187499999995,0.0,1,1,1,1
cEI,0.6,0,90,0.0,0.75,5.9643749999999995,1.369375,1,7.6792187499999995,1.71484375,0,0,0,1
cEI,0.6,0,91,0.0,1.0,9.37,2.1399999999999997,0,7.6792187499999995,-1.6907812499999997,0,0,0,0
cEI,0.6,0,92,0.25,0.0,2.2468749999999997,-0.02062499999999995,1,7.6792187499999995,5.432343749999999,0,0,0,0
cEI,0.6,0,93,0.25,0.5,4.9174999999999995,0.76609375,1,7.6792187499999995,2.76171875,0,0,0,0
cEI,0.6,0,94,0.0,0.25,1.9693749999999999,0.004374999999999976,1,7.6792187499999995,5.709843749999999,0,0,0,0
cEI,0.6,0,95,0.25,0.5,4.9174999999999995,0.76609375,1,7.6792187499999995,2.76171875,0,0,0,0
cEI,0.6,0,96,0.0,0.75,5.9643749999999995,1.369375,1,7.6792187499999995,1.71484375,0,0,0,1
cEI,0.6,0,97,0.25,0.75,7.6792187499999995,1.2816796875,1,7.6792187499999995,0.0,1,1,1,1
cEI,0.6,0,98,0.0,0.75,5.9643749999999995,1.369375,1,7.6792187499999995,1.71484375,0,0,0,1
cEI,0.6,0,99,0.25,0.5,4.9174999999999995,0.76609375,1,7.6792187499999995,2.76171875,0,0,0,0
cEI,0.6,0,100,0.75,0.25,4.499218749999999,1.7266796875000003,0,7.6792187499999995,3.1800000000000006,0,0,0,0
cEI,0.6,0,101,0.5,0.0,2.8075,0.7725000000000001,1,7.6792187499999995,4.871718749999999,0,0,0,0
cEI,0.6,0,102,0.0,0.5,3.4974999999999996,0.6575,1,7.6792187499999995,4.18171875,0,0,0,0
cEI,0.6,0,103,0.0,0.25,1.9693749999999999,0.004374999999999976,1,7.6792187499999995,5.709843749999999,0,0,0,0
cEI,0.6,0,104,0.25,0.25,3.1067187499999993,0.3319921875,1,7.6792187499999995,4.5725,0,0,0,0
cEI,0.6,0,105,0.5,0.5,6.08,1.189375,1,7.6792187499999995,1.5992187499999995,0,0,0,1
cEI,0.6,0,106,0.5,1.0,13.302500000000002,2.205,0,7.6792187499999995,-5.6232812500000025,0,0,0,0
cEI,0.6,0,107,0.0,0.0,1.38,-0.59,1,7.6792187499999995,6.29921875,0,0,0,0
cEI,0.6,0,108,0.25,0.5,4.9174999999999995,0.76609375,1,7.6792187499999995,2.76171875,0,0,0,0
cEI,0.6,0,109,0.5,0.0,2.8075,0.7725000000000001,1,7.6792187499999995,4.871718749999999,0,0,0,0
cEI,0.6,0,110,0.5,0.5,6.08,1.189375,1,7.6792187499999995,1.5992187499999995,0,0,0,1
cEI,0.6,0,111,0.5,0.0,2.8075,0.7725000000000001,1,7.6792187499999995,4.871718749999999,0,0,0,0
cEI,0.6,0,112,0.5,0.75,9.1975,1.6223437500000002,0,7.6792187499999995,-1.5182812500000002,0,0,0,0
cEI,0.6,0,113,0.5,0.5,6.08,1.189375,1,7.6792187499999995,1.5992187499999995,0,0,0,1
cEI,0.6,0,114,0.5,0.75,9.1975,1.6223437500000002,0,7.6792187499999995,-1.5182812500000002,0,0,0,0
cEI,0.6,0,115,0.5,0.25,3.9499999999999997,0.90609375,1,7.6792187499999995,3.72921875,0,0,0,0
cEI,0.6,0,116,0.25,1.0,11.391874999999999,1.87875,0,7.6792187499999995,-3.7126562499999993,0,0,0,0
cEI,0.6,0,117,0.25,0.5,4.9174999999999995,0.76609375,1,7.6792187499999995,2.76171875,0,0,0,0
cEI,0.6,0,118,0.25,0.75,7.6792187499999995,1.2816796875,1,7.6792187499999995,0.0,1,1,1,1
cEI,0.6,0,119,0.75,0.0,3.0618749999999992,1.7893750000000002,0,7.6792187499999995,4.61734375,0,0,0,0
cEI,0.6,0,120,0.25,0.5,4.9174999999999995,0.76609375,1,7.6792187499999995,2.76171875,0,0,0,0
cEI,0.6,0,121,0.5,0.25,3.9499999999999997,0.90609375,1,7.6792187499999995,3.72921875,0,0,0,0
cEI,0.6,0,122,0.0,0.0,1.38,-0.59,1,7.6792187499999995,6.29921875,0,0,0,0
cEI,0.6,0,123,0.25,0.5,4.9174999999999995,0.76609375,1,7.6792187499999995,2.76171875,0,0,0,0
cEI,0.6,0,124,0.5,0.25,3.9499999999999997,0.90609375,1,7.6792187499999995,3.72921875,0,0,0,0
cEI,0.6,0,125,0.25,0.75,7.6792187499999995,1.2816796875,1,7.6792187499999995,0.0,1,1,1,1
cEI,0.6,0,126,0.25,0.0,2.2468749999999997,-0.02062499999999995,1,7.6792187499999995,5.432343749999999,0,0,0,0
cEI,0.6,0,127,0.25,0.25,3.1067187499999993,0.3319921875,1,7.6792187499999995,4.5725,0,0,0,0
cEI,0.6,0,128,0.0,0.75,5.9643749999999995,1.369375,1,7.6792187499999995,1.71484375,0,0,0,1
cEI,0.6,0,129,0.25,0.5,4.9174999999999995,0.76609375,1,7.6792187499999995,2.76171875,0,0,0,0
cEI,0.6,0,130,0.5,0.5,6.08,1.189375,1,7.6792187499999995,1.5992187499999995,0,0,0,1
cEI,0.6,0,131,0.5,0.0,2.8075,0.7725000000000001,1,7.6792187499999995,4.871718749999999,0,0,0,0
cEI,0.6,0,132,0.5,0.5,6.08,1.189375,1,7.6792187499999995,1.5992187499999995,0,0,0,1
cEI,0.6,0,133,0.5,0.5,6.08,1.189375,1,7.6792187499999995,1.5992187499999995,0,0,0,1
cEI,0.6,0,134,0.5,0.5,6.08,1.189375,1,7.6792187499999995,1.5992187499999995,0,0,0,1
cEI,0.6,0,135,0.0,0.0,1.38,-0.59,1,7.6792187499999995,6.29921875,0,0,0,0
cEI,0.6,0,136,0.0,0.25,1.9693749999999999,0.004374999999999976,1,7.6792187499999995,5.709843749999999,0,0,0,0
cEI,0.6,0,137,0.5,0.5,6.08,1.189375,1,7.6792187499999995,1.5992187499999995,0,0,0,1
cEI,0.6,0,138,0.25,0.5,4.9174999999999995,0.76609375,1,7.6792187499999995,2.76171875,0,0,0,0
cEI,0.6,0,139,0.0,0.75,5.9643749999999995,1.369375,1,7.6792187499999995,1.71484375,0,0,0,1
cEI,0.6,0,140,0.0,0.0,1.38,-0.59,1,7.6792187499999995,6.29921875,0,0,0,0
cEI,0.6,0,141,0.5,0.25,3.9499999999999997,0.90609375,1,7.6792187499999995,3.72921875,0,0,0,0
cEI,0.6,0,142,1.0,1.0,16.79,4.62,0,7.6792187499999995,-9.110781249999999,0,0,0,0
cEI,0.6,0,143,0.5,0.0,2.8075,0.7725000000000001,1,7.6792187499999995,4.871718749999999,0,0,0,0
cEI,0.6,0,144,1.0,0.0,3.01,3.0300000000000002,0,7.6792187499999995,4.66921875,0,0,0,0
cEI,0.6,0,145,0.0,0.5,3.4974999999999996,0.6575,1,7.6792187499999995,4.18171875,0,0,0,0
cEI,0.6,0,146,0.5,0.5,6.08,1.189375,1,7.6792187499999995,1.5992187499999995,0,0,0,1
cEI,0.6,0,147,0.0,0.75,5.9643749999999995,1.369375,1,7.6792187499999995,1.71484375,0,0,0,1
cEI,0.6,0,148,0.25,0.5,4.9174999999999995,0.76609375,1,7.6792187499999995,2.76171875,0,0,0,0
cEI,0.6,0,149,0.25,0.5,4.9174999999999995,0.76609375,1,7.6792187499999995,2.76171875,0,0,0,0
cEI,0.6,0,150,0.25,0.5,4.9174999999999995,0.76609375,1,7.6792187499999995,2.76171875,0,0,0,0
cEI,0.6,0,151,0.25,0.5,4.9174999999999995,0.76609375,1,7.6792187499999995,2.76171875,0,0,0,0
cEI,0.6,0,152,0.0,0.75,5.9643749999999995,1.369375,1,7.6792187499999995,1.71484375,0,0,0,1
cEI,0.6,0,153,0.25,0.5,4.9174999999999995,0.76609375,1,7.6792187499999995,2.76171875,0,0,0,0
cEI,0.6,0,154,0.25,0.75,7.6792187499999995,1.2816796875,1,7.6792187499999995,0.0,1,1,1,1
cEI,0.6,0,155,0.0,0.75,5.9643749999999995,1.369375,1,7.6792187499999995,1.71484375,0,0,0,1
cEI,0.6,0,156,0.0,0.5,3.4974999999999996,0.6575,1,7.6792187499999995,4.18171875,0,0,0,0
cEI,0.6,0,157,0.0,0.25,1.9693749999999999,0.004374999999999976,1,7.6792187499999995,5.709843749999999,0,0,0,0
cEI,0.6,0,158,0.25,1.0,11.391874999999999,1.87875,0,7.6792187499999995,-3.7126562499999993,0,0,0,0
cEI,0.6,0,159,0.5,1.0,13.302500000000002,2.205,0,7.6792187499999995,-5.6232812500000025,0,0,0,0
cEI,0.6,0,160,0.25,1.0,11.391874999999999,1.87875,0,7.6792187499999995,-3.7126562499999993,0,0,0,0
cEI,0.6,0,161,0.5,0.0,2.8075,0.7725000000000001,1,7.6792187499999995,4.871718749999999,0,0,0,0
cEI,0.6,0,162,0.5,0.25,3.9499999999999997,0.90609375,1,7.6792187499999995,3.72921875,0,0,0,0
cEI,0.6,0,163,0.25,0.5,4.9174999999999995,0.76609375,1,7.6792187499999995,2.76171875,0,0,0,0
cEI,0.6,0,164,0.25,1.0,11.391874999999999,1.87875,0,7.6792187499999995,-3.7126562499999993,0,0,0,0
cEI,0.6,0,165,0.25,0.5,4.9174999999999995,0.76609375,1,7.6792187499999995,2.76171875,0,0,0,0
cEI,0.6,0,166,0.0,0.5,3.4974999999999996,0.6575,1,7.6792187499999995,4.18171875,0,0,0,0
cEI,0.6,0,167,0.25,0.25,3.1067187499999993,0.3319921875,1,7.6792187499999995,4.5725,0,0,0,0
cEI,0.6,0,168,0.75,0.5,6.985,1.9273437500000001,0,7.6792187499999995,0.6942187499999992,0,0,0,0
cEI,0.6,0,169,0.5,0.5,6.08,1.189375,1,7.6792187499999995,1.5992187499999995,0,0,0,1
cEI,0.6,0,170,0.0,0.0,1.38,-0.59,1,7.6792187499999995,6.29921875,0,0,0,0
cEI,0.6,0,171,1.0,1.0,16.79,4.62,0,7.6792187499999995,-9.110781249999999,0,0,0,0
cEI,0.6,0,172,0.25,0.5,4.9174999999999995,0.76609375,1,7.6792187499999995,2.76171875,0,0,0,0
cEI,0.6,0,173,0.0,0.5,3.4974999999999996,0.6575,1,7.6792187499999995,4.18171875,0,0,0,0
cEI,0.6,0,174,0.5,0.0,2.8075,0.7725000000000001,1,7.6792187499999995,4.871718749999999,0,0,0,0
cEI,0.6,0,175,0.25,0.5,4.9174999999999995,0.76609375,1,7.6792187499999995,2.76171875,0,0,0,0
cEI,0.6,0,176,0.5,0.5,6.08,1.189375,1,7.6792187499999995,1.5992187499999995,0,0,0,1
cEI,0.6,0,177,0.0,0.5,3.4974999999999996,0.6575,1,7.6792187499999995,4.18171875,0,0,0,0
cEI,0.6,0,178,0.25,0.5,4.9174999999999995,0.76609375,1,7.6792187499999995,2.76171875,0,0,0,0
cEI,0.6,0,179,0.0,0.5,3.4974999999999996,0.6575,1,7.6792187499999995,4.18171875,0,0,0,0
cEI,0.6,0,180,0.5,0.25,3.9499999999999997,0.90609375,1,7.6792187499999995,3.72921875,0,0,0,0
cEI,0.6,0,181,0.25,0.5,4.9174999999999995,0.76609375,1,7.6792187499999995,2.76171875,0,0,0,0
cEI,0.6,0,182,0.25,0.25,3.1067187499999993,0.3319921875,1,7.6792187499999995,4.5725,0,0,0,0
cEI,0.6,0,183,0.5,0.5,6.08,1.189375,1,7.6792187499999995,1.5992187499999995,0,0,0,1
cEI,0.6,0,184,0.0,1.0,9.37,2.1399999999999997,0,7.6792187499999995,-1.6907812499999997,0,0,0,0
cEI,0.6,0,185,0.75,0.0,3.0618749999999992,1.7893750000000002,0,7.6792187499999995,4.61734375,0,0,0,0
cEI,0.6,0,186,0.0,0.25,1.9693749999999999,0.004374999999999976,1,7.6792187499999995,5.709843749999999,0,0,0,0
cEI,0.6,0,187,0.0,0.25,1.9693749999999999,0.004374999999999976,1,7.6792187499999995,5.709843749999999,0,0,0,0
cEI,0.6,0,188,0.5,0.25,3.9499999999999997,0.90609375,1,7.6792187499999995,3.72921875,0,0,0,0
cEI,0.6,0,189,0.5,0.5,6.08,1.189375,1,7.6792187499999995,1.5992187499999995,0,0,0,1
cEI,0.6,0,190,0.25,0.25,3.1067187499999993,0.3319921875,1,7.6792187499999995,4.5725,0,0,0,0
cEI,0.6,0,191,0.5,0.5,6.08,1.189375,1,7.6792187499999995,1.5992187499999995,0,0,0,1
cEI,0.6,0,192,0.25,1.0,11.391874999999999,1.87875,0,7.6792187499999995,-3.7126562499999993,0,0,0,0
cEI,0.6,0,193,0.75,0.25,4.499218749999999,1.7266796875000003,0,7.6792187499999995,3.1800000000000006,0,0,0,0
cEI,0.6,0,194,0.0,0.5,3.4974999999999996,0.6575,1,7.6792187499999995,4.18171875,0,0,0,0
cEI,0.6,0,195,0.25,0.0,2.2468749999999997,-0.02062499999999995,1,7.6792187499999995,5.432343749999999,0,0,0,0
cEI,0.6,0,196,0.25,0.5,4.9174999999999995,0.76609375,1,7.6792187499999995,2.76171875,0,0,0,0
cEI,0.6,0,197,0.75,0.25,4.499218749999999,1.7266796875000003,0,7.6792187499999995,3.1800000000000006,0,0,0,0
cEI,0.6,0,198,0.25,0.5,4.9174999999999995,0.76609375,1,7.6792187499999995,2.76171875,0,0,0,0
cEI,0.6,0,199,0.25,0.5,4.9174999999999995,0.76609375,1,7.6792187499999995,2.76171875,0,0,0,0
cEI,0.6,1,0,0.25,0.75,9.212304687500001,1.2816796875,1,13.205468749999998,3.9931640624999964,0,0,0,0
cEI,0.6,1,1,0.25,1.0,11.206249999999999,1.87875,1,13.205468749999998,1.999218749999999,0,0,0,1
cEI,0.6,1,2,0.25,0.75,9.212304687500001,1.2816796875,1,13.205468749999998,3.9931640624999964,0,0,0,0
cEI,0.6,1,3,0.75,0.25,7.777304687499998,1.7266796875000003,1,13.205468749999998,5.4281640625,0,0,0,0
cEI,0.6,1,4,0.25,0.75,9.212304687500001,1.2816796875,1,13.205468749999998,3.9931640624999964,0,0,0,0
cEI,0.6,1,5,0.5,1.0,15.885000000000002,2.205,0,13.205468749999998,-2.6795312500000037,0,0,0,0
cEI,0.6,1,6,0.5,0.25,6.536718749999999,0.90609375,1,13.205468749999998,6.668749999999999,0,0,0,0
cEI,0.6,1,7,0.25,1.0,11.206249999999999,1.87875,1,13.205468749999998,1.999218749999999,0,0,0,1
cEI,0.6,1,8,0.5,0.5,10.089374999999997,1.189375,1,13.205468749999998,3.116093750000001,0,0,0,0
cEI,0.6,1,9,0.75,0.0,2.814374999999999,1.7893750000000002,1,13.205468749999998,10.39109375,0,0,0,0
cEI,0.6,1,10,0.75,0.75,15.853242187500001,2.3913671875,0,13.205468749999998,-2.6477734375000033,0,0,0,0
cEI,0.6,1,11,0.25,0.75,9.212304687500001,1.2816796875,1,13.205468749999998,3.9931640624999964,0,0,0,0
cEI,0.6,1,12,0.25,0.75,9.212304687500001,1.2816796875,1,13.205468749999998,3.9931640624999964,0,0,0,0
cEI,0.6,1,13,0.25,1.0,11.206249999999999,1.87875,1,13.205468749999998,1.999218749999999,0,0,0,1
cEI,0.6,1,14,0.75,0.5,12.123593750000001,1.9273437500000001,1,13.205468749999998,1.0818749999999966,0,0,0,1
cEI,0.6,1,15,0.5,0.75,13.205468749999998,1.6223437500000002,1,13.205468749999998,0.0,1,1,1,1
cEI,0.6,1,16,0.5,0.75,13.205468749999998,1.6223437500000002,1,13.205468749999998,0.0,1,1,1,1
cEI,0.6,1,17,0.25,1.0,11.206249999999999,1.87875,1,13.205468749999998,1.999218749999999,0,0,0,1
cEI,0.6,1,18,0.0,1.0,4.930000000000001,2.1399999999999997,0,13.205468749999998,8.275468749999998,0,0,0,0
cEI,0.6,1,19,0.25,0.75,9.212304687500001,1.2816796875,1,13.205468749999998,3.9931640624999964,0,0,0,0
cEI,0.6,1,20,0.0,0.75,3.8737500000000002,1.369375,1,13.205468749999998,9.331718749999997,0,0,0,0
cEI,0.6,1,21,0.0,0.0,-1.05,-0.59,1,13.205468749999998,14.255468749999999,0,0,0,0
cEI,0.6,1,22,0.5,0.25,6.536718749999999,0.90609375,1,13.205468749999998,6.668749999999999,0,0,0,0
cEI,0.6,1,23,0.75,0.5,12.123593750000001,1.9273437500000001,1,13.205468749999998,1.0818749999999966,0,0,0,1
cEI,0.6,1,24,0.5,1.0,15.885000000000002,2.205,0,13.205468749999998,-2.6795312500000037,0,0,0,0
cEI,0.6,1,25,0.25,0.25,4.2388671874999995,0.3319921875,1,13.205468749999998,8.9666015625,0,0,0,0
cEI,0.6,1,26,0.75,0.5,12.123593750000001,1.9273437500000001,1,13.205468749999998,1.0818749999999966,0,0,0,1
cEI,0.6,1,27,0.75,0.25,7.777304687499998,1.7266796875000003,1,13.205468749999998,5.4281640625,0,0,0,0
cEI,0.6,1,28,0.5,0.5,10.089374999999997,1.189375,1,13.205468749999998,3.116093750000001,0,0,0,0
cEI,0.6,1,29,0.5,1.0,15.885000000000002,2.205,0,13.205468749999998,-2.6795312500000037,0,0,0,0
cEI,0.6,1,30,0.25,1.0,11.206249999999999,1.87875,1,13.205468749999998,1.999218749999999,0,0,0,1
cEI,0.6,1,31,0.25,1.0,11.206249999999999,1.87875,1,13.205468749999998,1.999218749999999,0,0,0,1
cEI,0.6,1,32,0.25,1.0,11.206249999999999,1.87875,1,13.205468749999998,1.999218749999999,0,0,0,1
cEI,0.6,1,33,0.5,0.75,13.205468749999998,1.6223437500000002,1,13.205468749999998,0.0,1,1,1,1
cEI,0.6,1,34,0.5,0.5,10.089374999999997,1.189375,1,13.205468749999998,3.116093750000001,0,0,0,0
cEI,0.6,1,35,0.25,0.75,9.212304687500001,1.2816796875,1,13.205468749999998,3.9931640624999964,0,0,0,0
cEI,0.6,1,36,0.5,0.5,10.089374999999997,1.189375,1,13.205468749999998,3.116093750000001,0,0,0,0
cEI,0.6,1,37,0.75,0.5,12.123593750000001,1.9273437500000001,1,13.205468749999998,1.0818749999999966,0,0,0,1
cEI,0.6,1,38,0.25,0.75,9.212304687500001,1.2816796875,1,13.205468749999998,3.9931640624999964,0,0,0,0
cEI,0.6,1,39,0.75,0.5,12.123593750000001,1.9273437500000001,1,13.205468749999998,1.0818749999999966,0,0,0,1
cEI,0.6,1,40,0.5,0.5,10.089374999999997,1.189375,1,13.205468749999998,3.116093750000001,0,0,0,0
cEI,0.6,1,41,0.25,0.75,9.212304687500001,1.2816796875,1,13.205468749999998,3.9931640624999964,0,0,0,0
cEI,0.6,1,42,0.25,1.0,11.206249999999999,1.87875,1,13.205468749999998,1.999218749999999,0,0,0,1
cEI,0.6,1,43,0.5,0.5,10.089374999999997,1.189375,1,13.205468749999998,3.116093750000001,0,0,0,0
cEI,0.6,1,44,0.5,0.75,13.205468749999998,1.6223437500000002,1,13.205468749999998,0.0,1,1,1,1
cEI,0.6,1,45,0.75,0.5,12.123593750000001,1.9273437500000001,1,13.205468749999998,1.0818749999999966,0,0,0,1
cEI,0.6,1,46,0.5,0.75,13.205468749999998,1.6223437500000002,1,13.205468749999998,0.0,1,1,1,1
cEI,0.6,1,47,0.5,0.75,13.205468749999998,1.6223437500000002,1,13.205468749999998,0.0,1,1,1,1
cEI,0.6,1,48,0.5,0.75,13.205468749999998,1.6223437500000002,1,13.205468749999998,0.0,1,1,1,1
cEI,0.6,1,49,0.5,0.5,10.089374999999997,1.189375,1,13.205468749999998,3.116093750000001,0,0,0,0
cEI,0.6,1,50,0.5,0.75,13.205468749999998,1.6223437500000002,1,13.205468749999998,0.0,1,1,1,1
cEI,0.6,1,51,0.25,0.75,9.212304687500001,1.2816796875,1,13.205468749999998,3.9931640624999964,0,0,0,0
cEI,0.6,1,52,1.0,0.5,12.9925,2.9800000000000004,0,13.205468749999998,0.21296874999999815,0,0,0,0
cEI,0.6,1,53,0.25,0.75,9.212304687500001,1.2816796875,1,13.205468749999998,3.9931640624999964,0,0,0,0
cEI,0.6,1,54,0.5,0.75,13.205468749999998,1.6223437500000002,1,13.205468749999998,0.0,1,1,1,1
cEI,0.6,1,55,0.75,0.25,7.777304687499998,1.7266796875000003,1,13.205468749999998,5.4281640625,0,0,0,0
cEI,0.6,1,56,0.25,0.0,1.259375,-0.02062499999999995,1,13.205468749999998,11.946093749999998,0,0,0,0
cEI,0.6,1,57,0.75,0.25,7.777304687499998,1.7266796875000003,1,13.205468749999998,5.4281640625,0,0,0,0
cEI,0.6,1,58,0.75,0.5,12.123593750000001,1.9273437500000001,1,13.205468749999998,1.0818749999999966,0,0,0,1
cEI,0.6,1,59,1.0,0.25,7.960624999999998,2.79375,0,13.205468749999998,5.24484375,0,0,0,0
cEI,0.6,1,60,0.5,0.25,6.536718749999999,0.90609375,1,13.205468749999998,6.668749999999999,0,0,0,0
cEI,0.6,1,61,0.25,0.75,9.212304687500001,1.2816796875,1,13.205468749999998,3.9931640624999964,0,0,0,0
cEI,0.6,1,62,0.5,1.0,15.885000000000002,2.205,0,13.205468749999998,-2.6795312500000037,0,0,0,0
cEI,0.6,1,63,0.5,0.5,10.089374999999997,1.189375,1,13.205468749999998,3.116093750000001,0,0,0,0
cEI,0.6,1,64,0.5,0.0,2.5475,0.7725000000000001,1,13.205468749999998,10.657968749999998,0,0,0,0
cEI,0.6,1,65,0.0,1.0,4.930000000000001,2.1399999999999997,0,13.205468749999998,8.275468749999998,0,0,0,0
cEI,0.6,1,66,0.25,0.75,9.212304687500001,1.2816796875,1,13.205468749999998,3.9931640624999964,0,0,0,0
cEI,0.6,1,67,0.25,1.0,11.206249999999999,1.87875,1,13.205468749999998,1.999218749999999,0,0,0,1
cEI,0.6,1,68,0.5,0.75,13.205468749999998,1.6223437500000002,1,13.205468749999998,0.0,1,1,1,1
cEI,0.6,1,69,0.5,0.75,13.205468749999998,1.6223437500000002,1,13.205468749999998,0.0,1,1,1,1
cEI,0.6,1,70,0.5,1.0,15.885000000000002,2.205,0,13.205468749999998,-2.6795312500000037,0,0,0,0
cEI,0.6,1,71,0.5,0.75,13.205468749999998,1.6223437500000002,1,13.205468749999998,0.0,1,1,1,1
cEI,0.6,1,72,0.5,1.0,15.885000000000002,2.205,0,13.205468749999998,-2.6795312500000037,0,0,0,0
cEI,0.6,1,73,0.75,0.25,7.777304687499998,1.7266796875000003,1,13.205468749999998,5.4281640625,0,0,0,0
cEI,0.6,1,74,0.5,0.5,10.089374999999997,1.189375,1,13.205468749999998,3.116093750000001,0,0,0,0
cEI,0.6,1,75,0.5,0.5,10.089374999999997,1.189375,1,13.205468749999998,3.116093750000001,0,0,0,0
cEI,0.6,1,76,0.25,0.25,4.2388671874999995,0.3319921875,1,13.205468749999998,8.9666015625,0,0,0,0
cEI,0.6,1,77,0.5,0.5,10.089374999999997,1.189375,1,13.205468749999998,3.116093750000001,0,0,0,0
cEI,0.6,1,78,0.0,0.25,0.88375,0.004374999999999976,1,13.205468749999998,12.321718749999999,0,0,0,0
cEI,0.6,1,79,0.0,0.75,3.8737500000000002,1.369375,1,13.205468749999998,9.331718749999997,0,0,0,0
cEI,0.6,1,80,0.75,0.5,12.123593750000001,1.9273437500000001,1,13.205468749999998,1.0818749999999966,0,0,0,1
cEI,0.6,1,81,0.25,0.5,6.889843749999999,0.76609375,1,13.205468749999998,6.315624999999999,0,0,0,0
cEI,0.6,1,82,0.25,0.75,9.212304687500001,1.2816796875,1,13.205468749999998,3.9931640624999964,0,0,0,0
cEI,0.6,1,83,0.5,1.0,15.885000000000002,2.205,0,13.205468749999998,-2.6795312500000037,0,0,0,0
cEI,0.6,1,84,0.5,0.5,10.089374999999997,1.189375,1,13.205468749999998,3.116093750000001,0,0,0,0
cEI,0.6,1,85,0.5,1.0,15.885000000000002,2.205,0,13.205468749999998,-2.6795312500000037,0,0,0,0
cEI,0.6,1,86,0.25,1.0,11.206249999999999,1.87875,1,13.205468749999998,1.999218749999999,0,0,0,1
cEI,0.6,1,87,0.25,0.25,4.2388671874999995,0.3319921875,1,13.205468749999998,8.9666015625,0,0,0,0
cEI,0.6,1,88,0.75,0.25,7.777304687499998,1.7266796875000003,1,13.205468749999998,5.4281640625,0,0,0,0
cEI,0.6,1,89,0.5,0.75,13.205468749999998,1.6223437500000002,1,13.205468749999998,0.0,1,1,1,1
cEI,0.6,1,90,0.25,1.0,11.206249999999999,1.87875,1,13.205468749999998,1.999218749999999,0,0,0,1
cEI,0.6,1,91,0.25,0.75,9.212304687500001,1.2816796875,1,13.205468749999998,3.9931640624999964,0,0,0,0
cEI,0.6,1,92,0.25,0.75,9.212304687500001,1.2816796875,1,13.205468749999998,3.9931640624999964,0,0,0,0
cEI,0.6,1,93,0.25,0.75,9.212304687500001,1.2816796875,1,13.205468749999998,3.9931640624999964,0,0,0,0
cEI,0.6,1,94,0.25,0.25,4.2388671874999995,0.3319921875,1,13.205468749999998,8.9666015625,0,0,0,0
cEI,0.6,1,95,0.5,0.75,13.205468749999998,1.6223437500000002,1,13.205468749999998,0.0,1,1,1,1
cEI,0.6,1,96,0.25,1.0,11.206249999999999,1.87875,1,13.205468749999998,1.999218749999999,0,0,0,1
cEI,0.6,1,97,0.75,0.5,12.123593750000001,1.9273437500000001,1,13.205468749999998,1.0818749999999966,0,0,0,1
cEI,0.6,1,98,0.0,0.75,3.8737500000000002,1.369375,1,13.205468749999998,9.331718749999997,0,0,0,0
cEI,0.6,1,99,0.5,0.5,10.089374999999997,1.189375,1,13.205468749999998,3.116093750000001,0,0,0,0
cEI,0.6,1,100,0.75,0.5,12.123593750000001,1.9273437500000001,1,13.205468749999998,1.0818749999999966,0,0,0,1
cEI,0.6,1,101,0.25,0.5,6.889843749999999,0.76609375,1,13.205468749999998,6.315624999999999,0,0,0,0
cEI,0.6,1,102,0.5,0.25,6.536718749999999,0.90609375,1,13.205468749999998,6.668749999999999,0,0,0,0
cEI,0.6,1,103,0.75,0.25,7.777304687499998,1.7266796875000003,1,13.205468749999998,5.4281640625,0,0,0,0
cEI,0.6,1,104,0.25,0.75,9.212304687500001,1.2816796875,1,13.205468749999998,3.9931640624999964,0,0,0,0
cEI,0.6,1,105,0.75,0.25,7.777304687499998,1.7266796875000003,1,13.205468749999998,5.4281640625,0,0,0,0
cEI,0.6,1,106,0.25,1.0,11.206249999999999,1.87875,1,13.205468749999998,1.999218749999999,0,0,0,1
cEI,0.6,1,107,0.0,0.0,-1.05,-0.59,1,13.205468749999998,14.255468749999999,0,0,0,0
cEI,0.6,1,108,0.25,1.0,11.206249999999999,1.87875,1,13.205468749999998,1.999218749999999,0,0,0,1
cEI,0.6,1,109,0.25,0.5,6.889843749999999,0.76609375,1,13.205468749999998,6.315624999999999,0,0,0,0
cEI,0.6,1,110,0.25,1.0,11.206249999999999,1.87875,1,13.205468749999998,1.999218749999999,0,0,0,1
cEI,0.6,1,111,0.0,0.5,2.5250000000000004,0.6575,1,13.205468749999998,10.680468749999998,0,0,0,0
cEI,0.6,1,112,0.25,0.25,4.2388671874999995,0.3319921875,1,13.205468749999998,8.9666015625,0,0,0,0
cEI,0.6,1,113,0.75,0.5,12.123593750000001,1.9273437500000001,1,13.205468749999998,1.0818749999999966,0,0,0,1
cEI,0.6,1,114,0.5,0.75,13.205468749999998,1.6223437500000002,1,13.205468749999998,0.0,1,1,1,1
cEI,0.6,1,115,0.5,0.5,10.089374999999997,1.189375,1,13.205468749999998,3.116093750000001,0,0,0,0
cEI,0.6,1,116,0.5,0.75,13.205468749999998,1.6223437500000002,1,13.205468749999998,0.0,1,1,1,1
cEI,0.6,1,117,0.75,0.25,7.777304687499998,1.7266796875000003,1,13.205468749999998,5.4281640625,0,0,0,0
cEI,0.6,1,118,0.25,0.75,9.212304687500001,1.2816796875,1,13.205468749999998,3.9931640624999964,0,0,0,0
cEI,0.6,1,119,0.5,0.75,13.205468749999998,1.6223437500000002,1,13.205468749999998,0.0,1,1,1,1
cEI,0.6,1,120,0.25,0.5,6.889843749999999,0.76609375,1,13.205468749999998,6.315624999999999,0,0,0,0
cEI,0.6,1,121,0.25,0.75,9.212304687500001,1.2816796875,1,13.205468749999998,3.9931640624999964,0,0,0,0
cEI,0.6,1,122,0.5,0.75,13.205468749999998,1.6223437500000002,1,13.205468749999998,0.0,1,1,1,1
cEI,0.6,1,123,0.75,0.25,7.777304687499998,1.7266796875000003,1,13.205468749999998,5.4281640625,0,0,0,0
cEI,0.6,1,124,0.0,0.75,3.8737500000000002,1.369375,1,13.205468749999998,9.331718749999997,0,0,0,0
cEI,0.6,1,125,0.25,0.75,9.212304687500001,1.2816796875,1,13.205468749999998,3.9931640624999964,0,0,0,0
cEI,0.6,1,126,0.75,0.25,7.777304687499998,1.7266796875000003,1,13.205468749999998,5.4281640625,0,0,0,0
cEI,0.6,1,127,0.25,0.5,6.889843749999999,0.76609375,1,13.205468749999998,6.315624999999999,0,0,0,0
cEI,0.6,1,128,0.5,0.5,10.089374999999997,1.189375,1,13.205468749999998,3.116093750000001,0,0,0,0
cEI,0.6,1,129,0.5,0.75,13.205468749999998,1.6223437500000002,1,13.205468749999998,0.0,1,1,1,1
cEI,0.6,1,130,0.5,0.5,10.089374999999997,1.189375,1,13.205468749999998,3.116093750000001,0,0,0,0
cEI,0.6,1,131,0.5,0.75,13.205468749999998,1.6223437500000002,1,13.205468749999998,0.0,1,1,1,1
cEI,0.6,1,132,0.5,0.75,13.205468749999998,1.6223437500000002,1,13.205468749999998,0.0,1,1,1,1
cEI,0.6,1,133,0.75,0.5,12.123593750000001,1.9273437500000001,1,13.205468749999998,1.0818749999999966,0,0,0,1
cEI,0.6,1,134,0.25,0.75,9.212304687500001,1.2816796875,1,13.205468749999998,3.9931640624999964,0,0,0,0
cEI,0.6,1,135,0.25,0.25,4.2388671874999995,0.3319921875,1,13.205468749999998,8.9666015625,0,0,0,0
cEI,0.6,1,136,0.0,0.75,3.8737500000000002,1.369375,1,13.205468749999998,9.331718749999997,0,0,0,0
cEI,0.6,1,137,0.75,0.5,12.123593750000001,1.9273437500000001,1,13.205468749999998,1.0818749999999966,0,0,0,1
cEI,0.6,1,138,0.5,1.0,15.885000000000002,2.205,0,13.205468749999998,-2.6795312500000037,0,0,0,0
cEI,0.6,1,139,0.5,0.75,13.205468749999998,1.6223437500000002,1,13.205468749999998,0.0,1,1,1,1
cEI,0.6,1,140,0.75,0.5,12.123593750000001,1.9273437500000001,1,13.205468749999998,1.0818749999999966,0,0,0,1
cEI,0.6,1,141,0.0,1.0,4.930000000000001,2.1399999999999997,0,13.205468749999998,8.275468749999998,0,0,0,0
cEI,0.6,1,142,0.5,0.5,10.089374999999997,1.189375,1,13.205468749999998,3.116093750000001,0,0,0,0
cEI,0.6,1,143,0.5,0.0,2.5475,0.7725000000000001,1,13.205468749999998,10.657968749999998,0,0,0,0
cEI,0.6,1,144,0.5,1.0,15.885000000000002,2.205,0,13.205468749999998,-2.6795312500000037,0,0,0,0
cEI,0.6,1,145,0.5,0.75,13.205468749999998,1.6223437500000002,1,13.205468749999998,0.0,1,1,1,1
cEI,0.6,1,146,0.75,0.5,12.123593750000001,1.9273437500000001,1,13.205468749999998,1.0818749999999966,0,0,0,1
cEI,0.6,1,147,0.25,0.75,9.212304687500001,1.2816796875,1,13.205468749999998,3.9931640624999964,0,0,0,0
cEI,0.6,1,148,0.5,0.5,10.089374999999997,1.189375,1,13.205468749999998,3.116093750000001,0,0,0,0
cEI,0.6,1,149,0.75,0.25,7.777304687499998,1.7266796875000003,1,13.205468749999998,5.4281640625,0,0,0,0
cEI,0.6,1,150,0.5,0.5,10.089374999999997,1.189375,1,13.205468749999998,3.116093750000001,0,0,0,0
cEI,0.6,1,151,0.5,0.5,10.089374999999997,1.189375,1,13.205468749999998,3.116093750000001,0,0,0,0
cEI,0.6,1,152,0.5,1.0,15.885000000000002,2.205,0,13.205468749999998,-2.6795312500000037,0,0,0,0
cEI,0.6,1,153,0.0,0.0,-1.05,-0.59,1,13.205468749999998,14.255468749999999,0,0,0,0
cEI,0.6,1,154,0.25,0.75,9.212304687500001,1.2816796875,1,13.205468749999998,3.9931640624999964,0,0,0,0
cEI,0.6,1,155,0.5,0.75,13.205468749999998,1.6223437500000002,1,13.205468749999998,0.0,1,1,1,1
cEI,0.6,1,156,0.0,0.75,3.8737500000000002,1.369375,1,13.205468749999998,9.331718749999997,0,0,0,0
cEI,0.6,1,157,0.0,0.0,-1.05,-0.59,1,13.205468749999998,14.255468749999999,0,0,0,0
cEI,0.6,1,158,0.25,1.0,11.206249999999999,1.87875,1,13.205468749999998,1.999218749999999,0,0,0,1
cEI,0.6,1,159,0.5,0.5,10.089374999999997,1.189375,1,13.205468749999998,3.116093750000001,0,0,0,0
cEI,0.6,1,160,0.5,0.5,10.089374999999997,1.189375,1,13.205468749999998,3.116093750000001,0,0,0,0
cEI,0.6,1,161,0.5,0.5,10.089374999999997,1.189375,1,13.205468749999998,3.116093750000001,0,0,0,0
cEI,0.6,1,162,0.0,0.75,3.8737500000000002,1.369375,1,13.205468749999998,9.331718749999997,0,0,0,0
cEI,0.6,1,163,0.5,0.75,13.205468749999998,1.6223437500000002,1,13.205468749999998,0.0,1,1,1,1
cEI,0.6,1,164,0.25,0.25,4.2388671874999995,0.3319921875,1,13.205468749999998,8.9666015625,0,0,0,0
cEI,0.6,1,165,0.25,0.5,6.889843749999999,0.76609375,1,13.205468749999998,6.315624999999999,0,0,0,0
cEI,0.6,1,166,0.25,0.75,9.212304687500001,1.2816796875,1,13.205468749999998,3.9931640624999964,0,0,0,0
cEI,0.6,1,167,0.0,0.25,0.88375,0.004374999999999976,1,13.205468749999998,12.321718749999999,0,0,0,0
cEI,0.6,1,168,0.5,0.25,6.536718749999999,0.90609375,1,13.205468749999998,6.668749999999999,0,0,0,0
cEI,0.6,1,169,0.5,0.75,13.205468749999998,1.6223437500000002,1,13.205468749999998,0.0,1,1,1,1
cEI,0.6,1,170,0.75,0.5,12.123593750000001,1.9273437500000001,1,13.205468749999998,1.0818749999999966,0,0,0,1
cEI,0.6,1,171,0.5,0.5,10.089374999999997,1.189375,1,13.205468749999998,3.116093750000001,0,0,0,0
cEI,0.6,1,172,0.5,0.75,13.205468749999998,1.6223437500000002,1,13.205468749999998,0.0,1,1,1,1
cEI,0.6,1,173,0.0,0.5,2.5250000000000004,0.6575,1,13.205468749999998,10.680468749999998,0,0,0,0
cEI,0.6,1,174,0.5,0.5,10.089374999999997,1.189375,1,13.205468749999998,3.116093750000001,0,0,0,0
cEI,0.6,1,175,0.25,1.0,11.206249999999999,1.87875,1,13.205468749999998,1.999218749999999,0,0,0,1
cEI,0.6,1,176,0.75,0.5,12.123593750000001,1.9273437500000001,1,13.205468749999998,1.0818749999999966,0,0,0,1
cEI,0.6,1,177,0.25,0.75,9.212304687500001,1.2816796875,1,13.205468749999998,3.9931640624999964,0,0,0,0
cEI,0.6,1,178,0.25,0.75,9.212304687500001,1.2816796875,1,13.205468749999998,3.9931640624999964,0,0,0,0
cEI,0.6,1,179,0.25,1.0,11.206249999999999,1.87875,1,13.205468749999998,1.999218749999999,0,0,0,1
cEI,0.6,1,180,0.5,0.0,2.5475,0.7725000000000001,1,13.205468749999998,10.657968749999998,0,0,0,0
cEI,0.6,1,181,0.25,1.0,11.206249999999999,1.87875,1,13.205468749999998,1.999218749999999,0,0,0,1
cEI,0.6,1,182,0.25,0.25,4.2388671874999995,0.3319921875,1,13.205468749999998,8.9666015625,0,0,0,0
cEI,0.6,1,183,0.5,0.5,10.089374999999997,1.189375,1,13.205468749999998,3.116093750000001,0,0,0,0
cEI,0.6,1,184,0.0,0.25,0.88375,0.004374999999999976,1,13.205468749999998,12.321718749999999,0,0,0,0
cEI,0.6,1,185,1.0,0.0,2.0599999999999987,3.0300000000000002,0,13.205468749999998,11.14546875,0,0,0,0
cEI,0.6,1,186,0.25,0.75,9.212304687500001,1.2816796875,1,13.205468749999998,3.9931640624999964,0,0,0,0
cEI,0.6,1,187,0.25,0.75,9.212304687500001,1.2816796875,1,13.205468749999998,3.9931640624999964,0,0,0,0
cEI,0.6,1,188,0.5,0.75,13.205468749999998,1.6223437500000002,1,13.205468749999998,0.0,1,1,1,1
cEI,0.6,1,189,0.25,0.75,9.212304687500001,1.2816796875,1,13.205468749999998,3.9931640624999964,0,0,0,0
cEI,0.6,1,190,0.5,0.25,6.536718749999999,0.90609375,1,13.205468749999998,6.668749999999999,0,0,0,0
cEI,0.6,1,191,0.5,0.75,13.205468749999998,1.6223437500000002,1,13.205468749999998,0.0,1,1,1,1
cEI,0.6,1,192,0.5,0.5,10.089374999999997,1.189375,1,13.205468749999998,3.116093750000001,0,0,0,0
cEI,0.6,1,193,0.75,0.25,7.777304687499998,1.7266796875000003,1,13.205468749999998,5.4281640625,0,0,0,0
cEI,0.6,1,194,0.25,0.75,9.212304687500001,1.2816796875,1,13.205468749999998,3.9931640624999964,0,0,0,0
cEI,0.6,1,195,0.5,0.5,10.089374999999997,1.189375,1,13.205468749999998,3.116093750000001,0,0,0,0
cEI,0.6,1,196,0.5,0.75,13.205468749999998,1.6223437500000002,1,13.205468749999998,0.0,1,1,1,1
cEI,0.6,1,197,0.25,0.75,9.212304687500001,1.2816796875,1,13.205468749999998,3.9931640624999964,0,0,0,0
cEI,0.6,1,198,0.25,0.75,9.212304687500001,1.2816796875,1,13.205468749999998,3.9931640624999964,0,0,0,0
cEI,0.6,1,199,0.25,0.75,9.212304687500001,1.2816796875,1,13.205468749999998,3.9931640624999964,0,0,0,0
cEI,0.7,0,0,0.0,0.5,3.4974999999999996,0.6575,1,7.6792187499999995,4.18171875,0,0,0,0
cEI,0.7,0,1,0.0,0.75,5.9643749999999995,1.369375,1,7.6792187499999995,1.71484375,0,0,0,1
cEI,0.7,0,2,0.25,0.5,4.9174999999999995,0.76609375,1,7.6792187499999995,2.76171875,0,0,0,0
cEI,0.7,0,3,0.0,0.25,1.9693749999999999,0.004374999999999976,1,7.6792187499999995,5.709843749999999,0,0,0,0
cEI,0.7,0,4,0.25,0.5,4.9174999999999995,0.76609375,1,7.6792187499999995,2.76171875,0,0,0,0
cEI,0.7,0,5,0.5,0.75,9.1975,1.6223437500000002,0,7.6792187499999995,-1.5182812500000002,0,0,0,0
cEI,0.7,0,6,0.5,0.25,3.9499999999999997,0.90609375,1,7.6792187499999995,3.72921875,0,0,0,0
cEI,0.7,0,7,0.5,0.25,3.9499999999999997,0.90609375,1,7.6792187499999995,3.72921875,0,0,0,0
cEI,0.7,0,8,0.0,0.5,3.4974999999999996,0.6575,1,7.6792187499999995,4.18171875,0,0,0,0
cEI,0.7,0,9,0.0,0.75,5.9643749999999995,1.369375,1,7.6792187499999995,1.71484375,0,0,0,1
cEI,0.7,0,10,1.0,0.25,4.7543750000000005,2.79375,0,7.6792187499999995,2.924843749999999,0,0,0,0
cEI,0.7,0,11,0.0,1.0,9.37,2.1399999999999997,0,7.6792187499999995,-1.6907812499999997,0,0,0,0
cEI,0.7,0,12,0.25,0.25,3.1067187499999993,0.3319921875,1,7.6792187499999995,4.5725,0,0,0,0
cEI,0.7,0,13,0.75,0.0,3.0618749999999992,1.7893750000000002,0,7.6792187499999995,4.61734375,0,0,0,0
cEI,0.7,0,14,0.25,0.25,3.1067187499999993,0.3319921875,1,7.6792187499999995,4.5725,0,0,0,0
cEI,0.7,0,15,0.5,0.75,9.1975,1.6223437500000002,0,7.6792187499999995,-1.5182812500000002,0,0,0,0
cEI,0.7,0,16,1.0,0.0,3.01,3.0300000000000002,0,7.6792187499999995,4.66921875,0,0,0,0
cEI,0.7,0,17,0.25,0.5,4.9174999999999995,0.76609375,1,7.6792187499999995,2.76171875,0,0,0,0
cEI,0.7,0,18,0.25,0.5,4.9174999999999995,0.76609375,1,7.6792187499999995,2.76171875,0,0,0,0
cEI,0.7,0,19,0.25,0.75,7.6792187499999995,1.2816796875,1,7.6792187499999995,0.0,1,1,1,1
cEI,0.7,0,20,0.0,0.5,3.4974999999999996,0.6575,1,7.6792187499999995,4.18171875,0,0,0,0
cEI,0.7,0,21,0.0,0.0,1.38,-0.59,1,7.6792187499999995,6.29921875,0,0,0,0
cEI,0.7,0,22,0.0,0.5,3.4974999999999996,0.6575,1,7.6792187499999995,4.18171875,0,0,0,0
cEI,0.7,0,23,0.5,0.5,6.08,1.189375,1,7.6792187499999995,1.5992187499999995,0,0,0,1
cEI,0.7,0,24,0.75,0.5,6.985,1.9273437500000001,0,7.6792187499999995,0.6942187499999992,0,0,0,0
cEI,0.7,0,25,0.0,0.25,1.9693749999999999,0.004374999999999976,1,7.6792187499999995,5.709843749999999,0,0,0,0
cEI,0.7,0,26,0.0,0.0,1.38,-0.59,1,7.6792187499999995,6.29921875,0,0,0,0
cEI,0.7,0,27,0.75,0.25,4.499218749999999,1.7266796875000003,0,7.6792187499999995,3.1800000000000006,0,0,0,0
cEI,0.7,0,28,0.25,0.5,4.9174999999999995,0.76609375,1,7.6792187499999995,2.76171875,0,0,0,0
cEI,0.7,0,29,0.5,0.5,6.08,1.189375,1,7.6792187499999995,1.5992187499999995,0,0,0,1
cEI,0.7,0,30,0.25,0.5,4.9174999999999995,0.76609375,1,7.6792187499999995,2.76171875,0,0,0,0
cEI,0.7,0,31,0.5,0.5,6.08,1.189375,1,7.6792187499999995,1.5992187499999995,0,0,0,1
cEI,0.7,0,32,0.25,0.5,4.9174999999999995,0.76609375,1,7.6792187499999995,2.76171875,0,0,0,0
cEI,0.7,0,33,0.25,0.5,4.9174999999999995,0.76609375,1,7.6792187499999995,2.76171875,0,0,0,0
cEI,0.7,0,34,0.25,0.5,4.9174999999999995,0.76609375,1,7.6792187499999995,2.76171875,0,0,0,0
cEI,0.7,0,35,0.0,0.5,3.4974999999999996,0.6575,1,7.6792187499999995,4.18171875,0,0,0,0
cEI,0.7,0,36,0.5,0.5,6.08,1.189375,1,7.6792187499999995,1.5992187499999995,0,0,0,1
cEI,0.7,0,37,0.25,0.5,4.9174999999999995,0.76609375,1,7.6792187499999995,2.76171875,0,0,0,0
cEI,0.7,0,38,0.25,0.25,3.1067187499999993,0.3319921875,1,7.6792187499999995,4.5725,0,0,0,0
cEI,0.7,0,39,0.5,0.5,6.08,1.189375,1,7.6792187499999995,1.5992187499999995,0,0,0,1
cEI,0.7,0,40,0.5,0.25,3.9499999999999997,0.90609375,1,7.6792187499999995,3.72921875,0,0,0,0
cEI,0.7,0,41,0.5,0.25,3.9499999999999997,0.90609375,1,7.6792187499999995,3.72921875,0,0,0,0
cEI,0.7,0,42,0.5,0.0,2.8075,0.7725000000000001,1,7.6792187499999995,4.871718749999999,0,0,0,0
cEI,0.7,0,43,0.0,0.75,5.9643749999999995,1.369375,1,7.6792187499999995,1.71484375,0,0,0,1
cEI,0.7,0,44,0.5,0.25,3.9499999999999997,0.90609375,1,7.6792187499999995,3.72921875,0,0,0,0
cEI,0.7,0,45,0.0,0.5,3.4974999999999996,0.6575,1,7.6792187499999995,4.18171875,0,0,0,0
cEI,0.7,0,46,0.25,0.0,2.2468749999999997,-0.02062499999999995,1,7.6792187499999995,5.432343749999999,0,0,0,0
cEI,0.7,0,47,0.0,0.0,1.38,-0.59,1,7.6792187499999995,6.29921875,0,0,0,0
cEI,0.7,0,48,0.0,0.0,1.38,-0.59,1,7.6792187499999995,6.29921875,0,0,0,0
cEI,0.7,0,49,0.25,1.0,11.391874999999999,1.87875,0,7.6792187499999995,-3.7126562499999993,0,0,0,0
cEI,0.7,0,50,0.25,0.75,7.6792187499999995,1.2816796875,1,7.6792187499999995,0.0,1,1,1,1
cEI,0.7,0,51,0.25,0.5,4.9174999999999995,0.76609375,1,7.6792187499999995,2.76171875,0,0,0,0
cEI,0.7,0,52,0.5,0.5,6.08,1.189375,1,7.6792187499999995,1.5992187499999995,0,0,0,1
cEI,0.7,0,53,0.0,0.75,5.9643749999999995,1.369375,1,7.6792187499999995,1.71484375,0,0,0,1
cEI,0.7,0,54,0.0,0.0,1.38,-0.59,1,7.6792187499999995,6.29921875,0,0,0,0
cEI,0.7,0,55,0.25,0.75,7.6792187499999995,1.2816796875,1,7.6792187499999995,0.0,1,1,1,1
cEI,0.7,0,56,0.25,0.0,2.2468749999999997,-0.02062499999999995,1,7.6792187499999995,5.432343749999999,0,0,0,0
cEI,0.7,0,57,0.0,0.25,1.9693749999999999,0.004374999999999976,1,7.6792187499999995,5.709843749999999,0,0,0,0
cEI,0.7,0,58,0.5,0.5,6.08,1.189375,1,7.6792187499999995,1.5992187499999995,0,0,0,1
cEI,0.7,0,59,0.25,0.25,3.1067187499999993,0.3319921875,1,7.6792187499999995,4.5725,0,0,0,0
cEI,0.7,0,60,0.25,0.25,3.1067187499999993,0.3319921875,1,7.6792187499999995,4.5725,0,0,0,0
cEI,0.7,0,61,0.0,0.25,1.9693749999999999,0.004374999999999976,1,7.6792187499999995,5.709843749999999,0,0,0,0
cEI,0.7,0,62,0.0,0.25,1.9693749999999999,0.004374999999999976,1,7.6792187499999995,5.709843749999999,0,0,0,0
cEI,0.7,0,63,0.25,1.0,11.391874999999999,1.87875,0,7.6792187499999995,-3.7126562499999993,0,0,0,0
cEI,0.7,0,64,0.5,0.0,2.8075,0.7725000000000001,1,7.6792187499999995,4.871718749999999,0,0,0,0
cEI,0.7,0,65,0.25,0.0,2.2468749999999997,-0.02062499999999995,1,7.6792187499999995,5.432343749999999,0,0,0,0
cEI,0.7,0,66,0.25,0.5,4.9174999999999995,0.76609375,1,7.6792187499999995,2.76171875,0,0,0,0
cEI,0.7,0,67,0.25,0.0,2.2468749999999997,-0.02062499999999995,1,7.6792187499999995,5.432343749999999,0,0,0,0
cEI,0.7,0,68,0.0,0.25,1.9693749999999999,0.004374999999999976,1,7.6792187499999995,5.709843749999999,0,0,0,0
cEI,0.7,0,69,0.5,0.5,6.08,1.189375,1,7.6792187499999995,1.5992187499999995,0,0,0,1
cEI,0.7,0,70,0.25,1.0,11.391874999999999,1.87875,0,7.6792187499999995,-3.7126562499999993,0,0,0,0
cEI,0.7,0,71,0.25,0.5,4.9174999999999995,0.76609375,1,7.6792187499999995,2.76171875,0,0,0,0
cEI,0.7,0,72,0.25,0.0,2.2468749999999997,-0.02062499999999995,1,7.6792187499999995,5.432343749999999,0,0,0,0
cEI,0.7,0,73,0.0,0.25,1.9693749999999999,0.004374999999999976,1,7.6792187499999995,5.709843749999999,0,0,0,0
cEI,0.7,0,74,0.25,0.5,4.9174999999999995,0.76609375,1,7.6792187499999995,2.76171875,0,0,0,0
cEI,0.7,0,75,1.0,0.25,4.7543750000000005,2.79375,0,7.6792187499999995,2.924843749999999,0,0,0,0
cEI,0.7,0,76,0.5,0.25,3.9499999999999997,0.90609375,1,7.6792187499999995,3.72921875,0,0,0,0
cEI,0.7,0,77,0.25,0.5,4.9174999999999995,0.76609375,1,7.6792187499999995,2.76171875,0,0,0,0
cEI,0.7,0,78,0.0,0.0,1.38,-0.59,1,7.6792187499999995,6.29921875,0,0,0,0
cEI,0.7,0,79,0.25,0.5,4.9174999999999995,0.76609375,1,7.6792187499999995,2.76171875,0,0,0,0
cEI,0.7,0,80,0.0,0.75,5.9643749999999995,1.369375,1,7.6792187499999995,1.71484375,0,0,0,1
cEI,0.7,0,81,0.25,0.0,2.2468749999999997,-0.02062499999999995,1,7.6792187499999995,5.432343749999999,0,0,0,0
cEI,0.7,0,82,0.5,0.0,2.8075,0.7725000000000001,1,7.6792187499999995,4.871718749999999,0,0,0,0
cEI,0.7,0,83,0.75,0.0,3.0618749999999992,1.7893750000000002,0,7.6792187499999995,4.61734375,0,0,0,0
cEI,0.7,0,84,0.25,0.25,3.1067187499999993,0.3319921875,1,7.6792187499999995,4.5725,0,0,0,0
cEI,0.7,0,85,0.0,0.5,3.4974999999999996,0.6575,1,7.6792187499999995,4.18171875,0,0,0,0
cEI,0.7,0,86,0.25,0.5,4.9174999999999995,0.76609375,1,7.6792187499999995,2.76171875,0,0,0,0
cEI,0.7,0,87,0.5,1.0,13.302500000000002,2.205,0,7.6792187499999995,-5.6232812500000025,0,0,0,0
cEI,0.7,0,88,0.5,0.5,6.08,1.189375,1,7.6792187499999995,1.5992187499999995,0,0,0,1
cEI,0.7,0,89,0.75,0.25,4.499218749999999,1.7266796875000003,0,7.6792187499999995,3.1800000000000006,0,0,0,0
cEI,0.7,0,90,0.0,0.5,3.4974999999999996,0.6575,1,7.6792187499999995,4.18171875,0,0,0,0
cEI,0.7,0,91,0.0,0.75,5.9643749999999995,1.369375,1,7.6792187499999995,1.71484375,0,0,0,1
cEI,0.7,0,92,0.25,0.0,2.2468749999999997,-0.02062499999999995,1,7.6792187499999995,5.432343749999999,0,0,0,0
cEI,0.7,0,93,0.25,0.5,4.9174999999999995,0.76609375,1,7.6792187499999995,2.76171875,0,0,0,0
cEI,0.7,0,94,0.0,0.25,1.9693749999999999,0.004374999999999976,1,7.6792187499999995,5.709843749999999,0,0,0,0
cEI,0.7,0,95,0.0,0.5,3.4974999999999996,0.6575,1,7.6792187499999995,4.18171875,0,0,0,0
cEI,0.7,0,96,0.0,0.75,5.9643749999999995,1.369375,1,7.6792187499999995,1.71484375,0,0,0,1
cEI,0.7,0,97,0.0,0.5,3.4974999999999996,0.6575,1,7.6792187499999995,4.18171875,0,0,0,0
cEI,0.7,0,98,0.0,0.75,5.9643749999999995,1.369375,1,7.6792187499999995,1.71484375,0,0,0,1
cEI,0.7,0,99,0.25,0.5,4.9174999999999995,0.76609375,1,7.6792187499999995,2.76171875,0,0,0,0
cEI,0.7,0,100,0.75,0.25,4.499218749999999,1.7266796875000003,0,7.6792187499999995,3.1800000000000006,0,0,0,0
cEI,0.7,0,101,0.0,0.5,3.4974999999999996,0.6575,1,7.6792187499999995,4.18171875,0,0,0,0
cEI,0.7,0,102,0.0,0.5,3.4974999999999996,0.6575,1,7.6792187499999995,4.18171875,0,0,0,0
cEI,0.7,0,103,0.0,0.25,1.9693749999999999,0.004374999999999976,1,7.6792187499999995,5.709843749999999,0,0,0,0
cEI,0.7,0,104,0.0,0.25,1.9693749999999999,0.004374999999999976,1,7.6792187499999995,5.709843749999999,0,0,0,0
cEI,0.7,0,105,0.5,0.5,6.08,1.189375,1,7.6792187499999995,1.5992187499999995,0,0,0,1
cEI,0.7,0,106,1.0,1.0,16.79,4.62,0,7.6792187499999995,-9.110781249999999,0,0,0,0
cEI,0.7,0,107,0.0,0.0,1.38,-0.59,1,7.6792187499999995,6.29921875,0,0,0,0
cEI,0.7,0,108,0.25,0.5,4.9174999999999995,0.76609375,1,7.6792187499999995,2.76171875,0,0,0,0
cEI,0.7,0,109,0.5,0.0,2.8075,0.7725000000000001,1,7.6792187499999995,4.871718749999999,0,0,0,0
cEI,0.7,0,110,0.5,0.5,6.08,1.189375,1,7.6792187499999995,1.5992187499999995,0,0,0,1
cEI,0.7,0,111,0.5,0.0,2.8075,0.7725000000000001,1,7.6792187499999995,4.871718749999999,0,0,0,0
cEI,0.7,0,112,0.75,0.0,3.0618749999999992,1.7893750000000002,0,7.6792187499999995,4.61734375,0,0,0,0
cEI,0.7,0,113,0.0,0.5,3.4974999999999996,0.6575,1,7.6792187499999995,4.18171875,0,0,0,0
cEI,0.7,0,114,0.25,0.75,7.6792187499999995,1.2816796875,1,7.6792187499999995,0.0,1,1,1,1
cEI,0.7,0,115,0.5,0.25,3.9499999999999997,0.90609375,1,7.6792187499999995,3.72921875,0,0,0,0
cEI,0.7,0,116,0.25,1.0,11.391874999999999,1.87875,0,7.6792187499999995,-3.7126562499999993,0,0,0,0
cEI,0.7,0,117,0.25,0.5,4.9174999999999995,0.76609375,1,7.6792187499999995,2.76171875,0,0,0,0
cEI,0.7,0,118,0.25,0.0,2.2468749999999997,-0.02062499999999995,1,7.6792187499999995,5.432343749999999,0,0,0,0
cEI,0.7,0,119,0.75,0.0,3.0618749999999992,1.7893750000000002,0,7.6792187499999995,4.61734375,0,0,0,0
cEI,0.7,0,120,0.25,0.5,4.9174999999999995,0.76609375,1,7.6792187499999995,2.76171875,0,0,0,0
cEI,0.7,0,121,0.5,0.25,3.9499999999999997,0.90609375,1,7.6792187499999995,3.72921875,0,0,0,0
cEI,0.7,0,122,0.0,0.0,1.38,-0.59,1,7.6792187499999995,6.29921875,0,0,0,0
cEI,0.7,0,123,0.25,0.5,4.9174999999999995,0.76609375,1,7.6792187499999995,2.76171875,0,0,0,0
cEI,0.7,0,124,0.5,0.0,2.8075,0.7725000000000001,1,7.6792187499999995,4.871718749999999,0,0,0,0
cEI,0.7,0,125,0.25,0.75,7.6792187499999995,1.2816796875,1,7.6792187499999995,0.0,1,1,1,1
cEI,0.7,0,126,0.25,0.0,2.2468749999999997,-0.02062499999999995,1,7.6792187499999995,5.432343749999999,0,0,0,0
cEI,0.7,0,127,0.0,0.75,5.9643749999999995,1.369375,1,7.6792187499999995,1.71484375,0,0,0,1
cEI,0.7,0,128,0.0,0.75,5.9643749999999995,1.369375,1,7.6792187499999995,1.71484375,0,0,0,1
cEI,0.7,0,129,0.5,0.0,2.8075,0.7725000000000001,1,7.6792187499999995,4.871718749999999,0,0,0,0
cEI,0.7,0,130,0.5,0.5,6.08,1.189375,1,7.6792187499999995,1.5992187499999995,0,0,0,1
cEI,0.7,0,131,0.5,0.5,6.08,1.189375,1,7.6792187499999995,1.5992187499999995,0,0,0,1
cEI,0.7,0,132,0.25,0.5,4.9174999999999995,0.76609375,1,7.6792187499999995,2.76171875,0,0,0,0
cEI,0.7,0,133,0.5,0.5,6.08,1.189375,1,7.6792187499999995,1.5992187499999995,0,0,0,1
cEI,0.7,0,134,0.0,0.5,3.4974999999999996,0.6575,1,7.6792187499999995,4.18171875,0,0,0,0
cEI,0.7,0,135,0.25,0.25,3.1067187499999993,0.3319921875,1,7.6792187499999995,4.5725,0,0,0,0
cEI,0.7,0,136,0.0,0.25,1.9693749999999999,0.004374999999999976,1,7.6792187499999995,5.709843749999999,0,0,0,0
cEI,0.7,0,137,0.5,0.25,3.9499999999999997,0.90609375,1,7.6792187499999995,3.72921875,0,0,0,0
cEI,0.7,0,138,0.25,0.5,4.9174999999999995,0.76609375,1,7.6792187499999995,2.76171875,0,0,0,0
cEI,0.7,0,139,0.5,0.5,6.08,1.189375,1,7.6792187499999995,1.5992187499999995,0,0,0,1
cEI,0.7,0,140,0.0,0.0,1.38,-0.59,1,7.6792187499999995,6.29921875,0,0,0,0
cEI,0.7,0,141,0.25,0.5,4.9174999999999995,0.76609375,1,7.6792187499999995,2.76171875,0,0,0,0
cEI,0.7,0,142,1.0,1.0,16.79,4.62,0,7.6792187499999995,-9.110781249999999,0,0,0,0
cEI,0.7,0,143,0.5,0.0,2.8075,0.7725000000000001,1,7.6792187499999995,4.871718749999999,0,0,0,0
cEI,0.7,0,144,1.0,0.0,3.01,3.0300000000000002,0,7.6792187499999995,4.66921875,0,0,0,0
cEI,0.7,0,145,0.0,0.0,1.38,-0.59,1,7.6792187499999995,6.29921875,0,0,0,0
cEI,0.7,0,146,0.25,0.5,4.9174999999999995,0.76609375,1,7.6792187499999995,2.76171875,0,0,0,0
cEI,0.7,0,147,0.0,0.75,5.9643749999999995,1.369375,1,7.6792187499999995,1.71484375,0,0,0,1
cEI,0.7,0,148,0.25,0.5,4.9174999999999995,0.76609375,1,7.6792187499999995,2.76171875,0,0,0,0
cEI,0.7,0,149,0.25,0.5,4.9174999999999995,0.76609375,1,7.6792187499999995,2.76171875,0,0,0,0
cEI,0.7,0,150,0.5,0.25,3.9499999999999997,0.90609375,1,7.6792187499999995,3.72921875,0,0,0,0
cEI,0.7,0,151,0.0,0.5,3.4974999999999996,0.6575,1,7.6792187499999995,4.18171875,0,0,0,0
cEI,0.7,0,152,0.25,0.75,7.6792187499999995,1.2816796875,1,7.6792187499999995,0.0,1,1,1,1
cEI,0.7,0,153,0.25,0.5,4.9174999999999995,0.76609375,1,7.6792187499999995,2.76171875,0,0,0,0
cEI,0.7,0,154,0.25,0.75,7.6792187499999995,1.2816796875,1,7.6792187499999995,0.0,1,1,1,1
cEI,0.7,0,155,0.25,0.5,4.9174999999999995,0.76609375,1,7.6792187499999995,2.76171875,0,0,0,0
cEI,0.7,0,156,0.0,0.0,1.38,-0.59,1,7.6792187499999995,6.29921875,0,0,0,0
cEI,0.7,0,157,0.0,0.25,1.9693749999999999,0.004374999999999976,1,7.6792187499999995,5.709843749999999,0,0,0,0
cEI,0.7,0,158,0.25,0.75,7.6792187499999995,1.2816796875,1,7.6792187499999995,0.0,1,1,1,1
cEI,0.7,0,159,0.5,1.0,13.302500000000002,2.205,0,7.6792187499999995,-5.6232812500000025,0,0,0,0
cEI,0.7,0,160,0.25,0.75,7.6792187499999995,1.2816796875,1,7.6792187499999995,0.0,1,1,1,1
cEI,0.7,0,161,0.5,0.0,2.8075,0.7725000000000001,1,7.6792187499999995,4.871718749999999,0,0,0,0
cEI,0.7,0,162,0.5,0.25,3.9499999999999997,0.90609375,1,7.6792187499999995,3.72921875,0,0,0,0
cEI,0.7,0,163,0.5,0.0,2.8075,0.7725000000000001,1,7.6792187499999995,4.871718749999999,0,0,0,0
cEI,0.7,0,164,0.25,0.75,7.6792187499999995,1.2816796875,1,7.6792187499999995,0.0,1,1,1,1
cEI,0.7,0,165,0.25,0.5,4.9174999999999995,0.76609375,1,7.6792187499999995,2.76171875,0,0,0,0
cEI,0.7,0,166,0.0,0.5,3.4974999999999996,0.6575,1,7.6792187499999995,4.18171875,0,0,0,0
cEI,0.7,0,167,0.25,0.25,3.1067187499999993,0.3319921875,1,7.6792187499999995,4.5725,0,0,0,0
cEI,0.7,0,168,0.5,0.25,3.9499999999999997,0.90609375,1,7.6792187499999995,3.72921875,0,0,0,0
cEI,0.7,0,169,0.25,0.25,3.1067187499999993,0.3319921875,1,7.6792187499999995,4.5725,0,0,0,0
cEI,0.7,0,170,0.75,0.0,3.0618749999999992,1.7893750000000002,0,7.6792187499999995,4.61734375,0,0,0,0
cEI,0.7,0,171,1.0,1.0,16.79,4.62,0,7.6792187499999995,-9.110781249999999,0,0,0,0
cEI,0.7,0,172,0.25,0.5,4.9174999999999995,0.76609375,1,7.6792187499999995,2.76171875,0,0,0,0
cEI,0.7,0,173,0.0,0.5,3.4974999999999996,0.6575,1,7.6792187499999995,4.18171875,0,0,0,0
cEI,0.7,0,174,0.0,0.5,3.4974999999999996,0.6575,1,7.6792187499999995,4.18171875,0,0,0,0
cEI,0.7,0,175,0.25,0.5,4.9174999999999995,0.76609375,1,7.6792187499999995,2.76171875,0,0,0,0
cEI,0.7,0,176,0.5,0.5,6.08,1.189375,1,7.6792187499999995,1.5992187499999995,0,0,0,1
cEI,0.7,0,177,0.25,0.25,3.1067187499999993,0.3319921875,1,7.6792187499999995,4.5725,0,0,0,0
cEI,0.7,0,178,0.0,0.0,1.38,-0.59,1,7.6792187499999995,6.29921875,0,0,0,0
cEI,0.7,0,179,0.5,0.0,2.8075,0.7725000000000001,1,7.6792187499999995,4.871718749999999,0,0,0,0
cEI,0.7,0,180,0.5,0.25,3.9499999999999997,0.90609375,1,7.6792187499999995,3.72921875,0,0,0,0
cEI,0.7,0,181,0.25,0.5,4.9174999999999995,0.76609375,1,7.6792187499999995,2.76171875,0,0,0,0
cEI,0.7,0,182,0.25,0.25,3.1067187499999993,0.3319921875,1,7.6792187499999995,4.5725,0,0,0,0
cEI,0.7,0,183,0.0,0.0,1.38,-0.59,1,7.6792187499999995,6.29921875,0,0,0,0
cEI,0.7,0,184,0.0,0.25,1.9693749999999999,0.004374999999999976,1,7.6792187499999995,5.709843749999999,0,0,0,0
cEI,0.7,0,185,0.0,0.5,3.4974999999999996,0.6575,1,7.6792187499999995,4.18171875,0,0,0,0
cEI,0.7,0,186,0.0,0.25,1.9693749999999999,0.004374999999999976,1,7.6792187499999995,5.709843749999999,0,0,0,0
cEI,0.7,0,187,0.25,0.0,2.2468749999999997,-0.02062499999999995,1,7.6792187499999995,5.432343749999999,0,0,0,0
cEI,0.7,0,188,0.5,0.25,3.9499999999999997,0.90609375,1,7.6792187499999995,3.72921875,0,0,0,0
cEI,0.7,0,189,0.5,0.0,2.8075,0.7725000000000001,1,7.6792187499999995,4.871718749999999,0,0,0,0
cEI,0.7,0,190,0.5,0.0,2.8075,0.7725000000000001,1,7.6792187499999995,4.871718749999999,0,0,0,0
cEI,0.7,0,191,0.0,0.75,5.9643749999999995,1.369375,1,7.6792187499999995,1.71484375,0,0,0,1
cEI,0.7,0,192,0.25,1.0,11.391874999999999,1.87875,0,7.6792187499999995,-3.7126562499999993,0,0,0,0
cEI,0.7,0,193,0.75,0.25,4.499218749999999,1.7266796875000003,0,7.6792187499999995,3.1800000000000006,0,0,0,0
cEI,0.7,0,194,0.0,0.5,3.4974999999999996,0.6575,1,7.6792187499999995,4.18171875,0,0,0,0
cEI,0.7,0,195,0.25,0.0,2.2468749999999997,-0.02062499999999995,1,7.6792187499999995,5.432343749999999,0,0,0,0
cEI,0.7,0,196,0.25,0.5,4.9174999999999995,0.76609375,1,7.6792187499999995,2.76171875,0,0,0,0
cEI,0.7,0,197,0.25,0.25,3.1067187499999993,0.3319921875,1,7.6792187499999995,4.5725,0,0,0,0
cEI,0.7,0,198,0.0,0.5,3.4974999999999996,0.6575,1,7.6792187499999995,4.18171875,0,0,0,0
cEI,0.7,0,199,0.25,0.5,4.9174999999999995,0.76609375,1,7.6792187499999995,2.76171875,0,0,0,0
cEI,0.7,1,0,0.5,0.5,10.089374999999997,1.189375,1,13.205468749999998,3.116093750000001,0,0,0,0
cEI,0.7,1,1,0.25,0.75,9.212304687500001,1.2816796875,1,13.205468749999998,3.9931640624999964,0,0,0,0
cEI,0.7,1,2,0.5,0.5,10.089374999999997,1.189375,1,13.205468749999998,3.116093750000001,0,0,0,0
cEI,0.7,1,3,0.75,0.25,7.777304687499998,1.7266796875000003,1,13.205468749999998,5.4281640625,0,0,0,0
cEI,0.7,1,4,0.25,0.75,9.212304687500001,1.2816796875,1,13.205468749999998,3.9931640624999964,0,0,0,0
cEI,0.7,1,5,0.75,0.5,12.123593750000001,1.9273437500000001,1,13.205468749999998,1.0818749999999966,0,0,0,1
cEI,0.7,1,6,0.5,0.25,6.536718749999999,0.90609375,1,13.205468749999998,6.668749999999999,0,0,0,0
cEI,0.7,1,7,0.25,1.0,11.206249999999999,1.87875,1,13.205468749999998,1.999218749999999,0,0,0,1
cEI,0.7,1,8,0.5,0.5,10.089374999999997,1.189375,1,13.205468749999998,3.116093750000001,0,0,0,0
cEI,0.7,1,9,0.0,0.75,3.8737500000000002,1.369375,1,13.205468749999998,9.331718749999997,0,0,0,0
cEI,0.7,1,10,0.5,1.0,15.885000000000002,2.205,0,13.205468749999998,-2.6795312500000037,0,0,0,0
cEI,0.7,1,11,0.5,0.25,6.536718749999999,0.90609375,1,13.205468749999998,6.668749999999999,0,0,0,0
cEI,0.7,1,12,0.25,0.75,9.212304687500001,1.2816796875,1,13.205468749999998,3.9931640624999964,0,0,0,0
cEI,0.7,1,13,0.5,0.75,13.205468749999998,1.6223437500000002,1,13.205468749999998,0.0,1,1,1,1
cEI,0.7,1,14,0.0,1.0,4.930000000000001,2.1399999999999997,0,13.205468749999998,8.275468749999998,0,0,0,0
cEI,0.7,1,15,0.25,0.75,9.212304687500001,1.2816796875,1,13.205468749999998,3.9931640624999964,0,0,0,0
cEI,0.7,1,16,0.5,0.75,13.205468749999998,1.6223437500000002,1,13.205468749999998,0.0,1,1,1,1
cEI,0.7,1,17,0.25,1.0,11.206249999999999,1.87875,1,13.205468749999998,1.999218749999999,0,0,0,1
cEI,0.7,1,18,0.25,0.75,9.212304687500001,1.2816796875,1,13.205468749999998,3.9931640624999964,0,0,0,0
cEI,0.7,1,19,0.25,0.75,9.212304687500001,1.2816796875,1,13.205468749999998,3.9931640624999964,0,0,0,0
cEI,0.7,1,20,0.0,0.75,3.8737500000000002,1.369375,1,13.205468749999998,9.331718749999997,0,0,0,0
cEI,0.7,1,21,0.0,0.0,-1.05,-0.59,1,13.205468749999998,14.255468749999999,0,0,0,0
cEI,0.7,1,22,0.25,0.5,6.889843749999999,0.76609375,1,13.205468749999998,6.315624999999999,0,0,0,0
cEI,0.7,1,23,0.75,0.5,12.123593750000001,1.9273437500000001,1,13.205468749999998,1.0818749999999966,0,0,0,1
cEI,0.7,1,24,0.5,1.0,15.885000000000002,2.205,0,13.205468749999998,-2.6795312500000037,0,0,0,0
cEI,0.7,1,25,0.25,0.25,4.2388671874999995,0.3319921875,1,13.205468749999998,8.9666015625,0,0,0,0
cEI,0.7,1,26,0.75,0.5,12.123593750000001,1.9273437500000001,1,13.205468749999998,1.0818749999999966,0,0,0,1
cEI,0.7,1,27,0.75,0.5,12.123593750000001,1.9273437500000001,1,13.205468749999998,1.0818749999999966,0,0,0,1
cEI,0.7,1,28,0.5,0.5,10.089374999999997,1.189375,1,13.205468749999998,3.116093750000001,0,0,0,0
cEI,0.7,1,29,0.5,0.5,10.089374999999997,1.189375,1,13.205468749999998,3.116093750000001,0,0,0,0
cEI,0.7,1,30,0.0,0.5,2.5250000000000004,0.6575,1,13.205468749999998,10.680468749999998,0,0,0,0
cEI,0.7,1,31,0.25,1.0,11.206249999999999,1.87875,1,13.205468749999998,1.999218749999999,0,0,0,1
cEI,0.7,1,32,0.25,1.0,11.206249999999999,1.87875,1,13.205468749999998,1.999218749999999,0,0,0,1
cEI,0.7,1,33,0.5,0.75,13.205468749999998,1.6223437500000002,1,13.205468749999998,0.0,1,1,1,1
cEI,0.7,1,34,0.75,0.5,12.123593750000001,1.9273437500000001,1,13.205468749999998,1.0818749999999966,0,0,0,1
cEI,0.7,1,35,0.25,0.75,9.212304687500001,1.2816796875,1,13.205468749999998,3.9931640624999964,0,0,0,0
cEI,0.7,1,36,0.75,0.25,7.777304687499998,1.7266796875000003,1,13.205468749999998,5.4281640625,0,0,0,0
cEI,0.7,1,37,0.25,0.75,9.212304687500001,1.2816796875,1,13.205468749999998,3.9931640624999964,0,0,0,0
cEI,0.7,1,38,0.25,0.75,9.212304687500001,1.2816796875,1,13.205468749999998,3.9931640624999964,0,0,0,0
cEI,0.7,1,39,0.5,0.5,10.089374999999997,1.189375,1,13.205468749999998,3.116093750000001,0,0,0,0
cEI,0.7,1,40,0.5,0.5,10.089374999999997,1.189375,1,13.205468749999998,3.116093750000001,0,0,0,0
cEI,0.7,1,41,0.25,0.75,9.212304687500001,1.2816796875,1,13.205468749999998,3.9931640624999964,0,0,0,0
cEI,0.7,1,42,0.25,0.75,9.212304687500001,1.2816796875,1,13.205468749999998,3.9931640624999964,0,0,0,0
cEI,0.7,1,43,0.5,0.5,10.089374999999997,1.189375,1,13.205468749999998,3.116093750000001,0,0,0,0
cEI,0.7,1,44,0.5,0.75,13.205468749999998,1.6223437500000002,1,13.205468749999998,0.0,1,1,1,1
cEI,0.7,1,45,0.75,0.5,12.123593750000001,1.9273437500000001,1,13.205468749999998,1.0818749999999966,0,0,0,1
cEI,0.7,1,46,0.5,0.5,10.089374999999997,1.189375,1,13.205468749999998,3.116093750000001,0,0,0,0
cEI,0.7,1,47,0.25,0.75,9.212304687500001,1.2816796875,1,13.205468749999998,3.9931640624999964,0,0,0,0
cEI,0.7,1,48,0.5,0.5,10.089374999999997,1.189375,1,13.205468749999998,3.116093750000001,0,0,0,0
cEI,0.7,1,49,0.5,0.5,10.089374999999997,1.189375,1,13.205468749999998,3.116093750000001,0,0,0,0
cEI,0.7,1,50,0.5,0.75,13.205468749999998,1.6223437500000002,1,13.205468749999998,0.0,1,1,1,1
cEI,0.7,1,51,0.25,0.75,9.212304687500001,1.2816796875,1,13.205468749999998,3.9931640624999964,0,0,0,0
cEI,0.7,1,52,0.25,0.75,9.212304687500001,1.2816796875,1,13.205468749999998,3.9931640624999964,0,0,0,0
cEI,0.7,1,53,0.25,0.75,9.212304687500001,1.2816796875,1,13.205468749999998,3.9931640624999964,0,0,0,0
cEI,0.7,1,54,0.0,0.0,-1.05,-0.59,1,13.205468749999998,14.255468749999999,0,0,0,0
cEI,0.7,1,55,0.75,0.25,7.777304687499998,1.7266796875000003,1,13.205468749999998,5.4281640625,0,0,0,0
cEI,0.7,1,56,0.25,0.0,1.259375,-0.02062499999999995,1,13.205468749999998,11.946093749999998,0,0,0,0
cEI,0.7,1,57,0.75,0.25,7.777304687499998,1.7266796875000003,1,13.205468749999998,5.4281640625,0,0,0,0
cEI,0.7,1,58,0.5,0.5,10.089374999999997,1.189375,1,13.205468749999998,3.116093750000001,0,0,0,0
cEI,0.7,1,59,0.25,0.75,9.212304687500001,1.2816796875,1,13.205468749999998,3.9931640624999964,0,0,0,0
cEI,0.7,1,60,0.0,0.75,3.8737500000000002,1.369375,1,13.205468749999998,9.331718749999997,0,0,0,0
cEI,0.7,1,61,0.0,0.75,3.8737500000000002,1.369375,1,13.205468749999998,9.331718749999997,0,0,0,0
cEI,0.7,1,62,0.5,0.5,10.089374999999997,1.189375,1,13.205468749999998,3.116093750000001,0,0,0,0
cEI,0.7,1,63,0.5,0.5,10.089374999999997,1.189375,1,13.205468749999998,3.116093750000001,0,0,0,0
cEI,0.7,1,64,0.5,0.0,2.5475,0.7725000000000001,1,13.205468749999998,10.657968749999998,0,0,0,0
cEI,0.7,1,65,0.0,0.75,3.8737500000000002,1.369375,1,13.205468749999998,9.331718749999997,0,0,0,0
cEI,0.7,1,66,0.25,0.75,9.212304687500001,1.2816796875,1,13.205468749999998,3.9931640624999964,0,0,0,0
cEI,0.7,1,67,0.25,1.0,11.206249999999999,1.87875,1,13.205468749999998,1.999218749999999,0,0,0,1
cEI,0.7,1,68,0.5,0.5,10.089374999999997,1.189375,1,13.205468749999998,3.116093750000001,0,0,0,0
cEI,0.7,1,69,0.5,0.75,13.205468749999998,1.6223437500000002,1,13.205468749999998,0.0,1,1,1,1
cEI,0.7,1,70,0.25,1.0,11.206249999999999,1.87875,1,13.205468749999998,1.999218749999999,0,0,0,1
cEI,0.7,1,71,0.5,0.5,10.089374999999997,1.189375,1,13.205468749999998,3.116093750000001,0,0,0,0
cEI,0.7,1,72,0.5,1.0,15.885000000000002,2.205,0,13.205468749999998,-2.6795312500000037,0,0,0,0
cEI,0.7,1,73,0.0,0.25,0.88375,0.004374999999999976,1,13.205468749999998,12.321718749999999,0,0,0,0
cEI,0.7,1,74,0.25,0.75,9.212304687500001,1.2816796875,1,13.205468749999998,3.9931640624999964,0,0,0,0
cEI,0.7,1,75,0.5,0.5,10.089374999999997,1.189375,1,13.205468749999998,3.116093750000001,0,0,0,0
cEI,0.7,1,76,0.25,0.0,1.259375,-0.02062499999999995,1,13.205468749999998,11.946093749999998,0,0,0,0
cEI,0.7,1,77,0.5,0.5,10.089374999999997,1.189375,1,13.205468749999998,3.116093750000001,0,0,0,0
cEI,0.7,1,78,0.25,0.5,6.889843749999999,0.76609375,1,13.205468749999998,6.315624999999999,0,0,0,0
cEI,0.7,1,79,0.25,0.5,6.889843749999999,0.76609375,1,13.205468749999998,6.315624999999999,0,0,0,0
cEI,0.7,1,80,0.5,0.25,6.536718749999999,0.90609375,1,13.205468749999998,6.668749999999999,0,0,0,0
cEI,0.7,1,81,0.0,0.5,2.5250000000000004,0.6575,1,13.205468749999998,10.680468749999998,0,0,0,0
cEI,0.7,1,82,0.25,0.75,9.212304687500001,1.2816796875,1,13.205468749999998,3.9931640624999964,0,0,0,0
cEI,0.7,1,83,0.5,1.0,15.885000000000002,2.205,0,13.205468749999998,-2.6795312500000037,0,0,0,0
cEI,0.7,1,84,0.25,0.5,6.889843749999999,0.76609375,1,13.205468749999998,6.315624999999999,0,0,0,0
cEI,0.7,1,85,0.5,1.0,15.885000000000002,2.205,0,13.205468749999998,-2.6795312500000037,0,0,0,0
cEI,0.7,1,86,0.25,1.0,11.206249999999999,1.87875,1,13.205468749999998,1.999218749999999,0,0,0,1
cEI,0.7,1,87,0.25,0.25,4.2388671874999995,0.3319921875,1,13.205468749999998,8.9666015625,0,0,0,0
cEI,0.7,1,88,0.75,0.25,7.777304687499998,1.7266796875000003,1,13.205468749999998,5.4281640625,0,0,0,0
cEI,0.7,1,89,0.25,0.75,9.212304687500001,1.2816796875,1,13.205468749999998,3.9931640624999964,0,0,0,0
cEI,0.7,1,90,0.25,0.5,6.889843749999999,0.76609375,1,13.205468749999998,6.315624999999999,0,0,0,0
cEI,0.7,1,91,0.25,0.75,9.212304687500001,1.2816796875,1,13.205468749999998,3.9931640624999964,0,0,0,0
cEI,0.7,1,92,0.25,0.75,9.212304687500001,1.2816796875,1,13.205468749999998,3.9931640624999964,0,0,0,0
cEI,0.7,1,93,0.25,1.0,11.206249999999999,1.87875,1,13.205468749999998,1.999218749999999,0,0,0,1
cEI,0.7,1,94,0.25,0.25,4.2388671874999995,0.3319921875,1,13.205468749999998,8.9666015625,0,0,0,0
cEI,0.7,1,95,0.25,0.75,9.212304687500001,1.2816796875,1,13.205468749999998,3.9931640624999964,0,0,0,0
cEI,0.7,1,96,0.0,1.0,4.930000000000001,2.1399999999999997,0,13.205468749999998,8.275468749999998,0,0,0,0
cEI,0.7,1,97,0.5,0.75,13.205468749999998,1.6223437500000002,1,13.205468749999998,0.0,1,1,1,1
cEI,0.7,1,98,0.25,0.5,6.889843749999999,0.76609375,1,13.205468749999998,6.315624999999999,0,0,0,0
cEI,0.7,1,99,0.5,0.5,10.089374999999997,1.189375,1,13.205468749999998,3.116093750000001,0,0,0,0
cEI,0.7,1,100,0.75,0.25,7.777304687499998,1.7266796875000003,1,13.205468749999998,5.4281640625,0,0,0,0
cEI,0.7,1,101,0.25,0.25,4.2388671874999995,0.3319921875,1,13.205468749999998,8.9666015625,0,0,0,0
cEI,0.7,1,102,0.75,0.25,7.777304687499998,1.7266796875000003,1,13.205468749999998,5.4281640625,0,0,0,0
cEI,0.7,1,103,0.75,0.0,2.814374999999999,1.7893750000000002,1,13.205468749999998,10.39109375,0,0,0,0
cEI,0.7,1,104,0.25,1.0,11.206249999999999,1.87875,1,13.205468749999998,1.999218749999999,0,0,0,1
cEI,0.7,1,105,0.75,0.25,7.777304687499998,1.7266796875000003,1,13.205468749999998,5.4281640625,0,0,0,0
cEI,0.7,1,106,0.25,1.0,11.206249999999999,1.87875,1,13.205468749999998,1.999218749999999,0,0,0,1
cEI,0.7,1,107,0.0,0.0,-1.05,-0.59,1,13.205468749999998,14.255468749999999,0,0,0,0
cEI,0.7,1,108,0.25,1.0,11.206249999999999,1.87875,1,13.205468749999998,1.999218749999999,0,0,0,1
cEI,0.7,1,109,0.25,0.5,6.889843749999999,0.76609375,1,13.205468749999998,6.315624999999999,0,0,0,0
cEI,0.7,1,110,0.25,1.0,11.206249999999999,1.87875,1,13.205468749999998,1.999218749999999,0,0,0,1
cEI,0.7,1,111,0.0,0.5,2.5250000000000004,0.6575,1,13.205468749999998,10.680468749999998,0,0,0,0
cEI,0.7,1,112,0.25,0.25,4.2388671874999995,0.3319921875,1,13.205468749999998,8.9666015625,0,0,0,0
cEI,0.7,1,113,0.75,0.0,2.814374999999999,1.7893750000000002,1,13.205468749999998,10.39109375,0,0,0,0
cEI,0.7,1,114,0.5,0.75,13.205468749999998,1.6223437500000002,1,13.205468749999998,0.0,1,1,1,1
cEI,0.7,1,115,0.5,0.5,10.089374999999997,1.189375,1,13.205468749999998,3.116093750000001,0,0,0,0
cEI,0.7,1,116,0.5,0.75,13.205468749999998,1.6223437500000002,1,13.205468749999998,0.0,1,1,1,1
cEI,0.7,1,117,1.0,1.0,20.45,4.62,0,13.205468749999998,-7.244531250000001,0,0,0,0
cEI,0.7,1,118,0.0,0.0,-1.05,-0.59,1,13.205468749999998,14.255468749999999,0,0,0,0
cEI,0.7,1,119,0.5,0.5,10.089374999999997,1.189375,1,13.205468749999998,3.116093750000001,0,0,0,0
cEI,0.7,1,120,0.25,0.5,6.889843749999999,0.76609375,1,13.205468749999998,6.315624999999999,0,0,0,0
cEI,0.7,1,121,0.25,0.75,9.212304687500001,1.2816796875,1,13.205468749999998,3.9931640624999964,0,0,0,0
cEI,0.7,1,122,0.25,0.75,9.212304687500001,1.2816796875,1,13.205468749999998,3.9931640624999964,0,0,0,0
cEI,0.7,1,123,0.25,0.75,9.212304687500001,1.2816796875,1,13.205468749999998,3.9931640624999964,0,0,0,0
cEI,0.7,1,124,0.25,0.75,9.212304687500001,1.2816796875,1,13.205468749999998,3.9931640624999964,0,0,0,0
cEI,0.7,1,125,0.25,0.75,9.212304687500001,1.2816796875,1,13.205468749999998,3.9931640624999964,0,0,0,0
cEI,0.7,1,126,0.5,0.0,2.5475,0.7725000000000001,1,13.205468749999998,10.657968749999998,0,0,0,0
cEI,0.7,1,127,0.5,0.0,2.5475,0.7725000000000001,1,13.205468749999998,10.657968749999998,0,0,0,0
cEI,0.7,1,128,0.25,0.5,6.889843749999999,0.76609375,1,13.205468749999998,6.315624999999999,0,0,0,0
cEI,0.7,1,129,0.5,0.75,13.205468749999998,1.6223437500000002,1,13.205468749999998,0.0,1,1,1,1
cEI,0.7,1,130,0.5,0.5,10.089374999999997,1.189375,1,13.205468749999998,3.116093750000001,0,0,0,0
cEI,0.7,1,131,0.75,0.5,12.123593750000001,1.9273437500000001,1,13.205468749999998,1.0818749999999966,0,0,0,1
cEI,0.7,1,132,0.5,0.75,13.205468749999998,1.6223437500000002,1,13.205468749999998,0.0,1,1,1,1
cEI,0.7,1,133,0.75,0.5,12.123593750000001,1.9273437500000001,1,13.205468749999998,1.0818749999999966,0,0,0,1
cEI,0.7,1,134,0.25,0.75,9.212304687500001,1.2816796875,1,13.205468749999998,3.9931640624999964,0,0,0,0
cEI,0.7,1,135,0.75,0.25,7.777304687499998,1.7266796875000003,1,13.205468749999998,5.4281640625,0,0,0,0
cEI,0.7,1,136,0.0,0.5,2.5250000000000004,0.6575,1,13.205468749999998,10.680468749999998,0,0,0,0
cEI,0.7,1,137,0.5,0.5,10.089374999999997,1.189375,1,13.205468749999998,3.116093750000001,0,0,0,0
cEI,0.7,1,138,0.5,1.0,15.885000000000002,2.205,0,13.205468749999998,-2.6795312500000037,0,0,0,0
cEI,0.7,1,139,0.25,0.75,9.212304687500001,1.2816796875,1,13.205468749999998,3.9931640624999964,0,0,0,0
cEI,0.7,1,140,0.75,0.5,12.123593750000001,1.9273437500000001,1,13.205468749999998,1.0818749999999966,0,0,0,1
cEI,0.7,1,141,0.0,1.0,4.930000000000001,2.1399999999999997,0,13.205468749999998,8.275468749999998,0,0,0,0
cEI,0.7,1,142,0.5,0.5,10.089374999999997,1.189375,1,13.205468749999998,3.116093750000001,0,0,0,0
cEI,0.7,1,143,0.5,0.0,2.5475,0.7725000000000001,1,13.205468749999998,10.657968749999998,0,0,0,0
cEI,0.7,1,144,0.5,1.0,15.885000000000002,2.205,0,13.205468749999998,-2.6795312500000037,0,0,0,0
cEI,0.7,1,145,0.5,0.5,10.089374999999997,1.189375,1,13.205468749999998,3.116093750000001,0,0,0,0
cEI,0.7,1,146,0.75,0.5,12.123593750000001,1.9273437500000001,1,13.205468749999998,1.0818749999999966,0,0,0,1
cEI,0.7,1,147,0.25,0.75,9.212304687500001,1.2816796875,1,13.205468749999998,3.9931640624999964,0,0,0,0
cEI,0.7,1,148,0.25,0.5,6.889843749999999,0.76609375,1,13.205468749999998,6.315624999999999,0,0,0,0
cEI,0.7,1,149,0.75,0.25,7.777304687499998,1.7266796875000003,1,13.205468749999998,5.4281640625,0,0,0,0
cEI,0.7,1,150,0.5,0.5,10.089374999999997,1.189375,1,13.205468749999998,3.116093750000001,0,0,0,0
cEI,0.7,1,151,0.25,0.5,6.889843749999999,0.76609375,1,13.205468749999998,6.315624999999999,0,0,0,0
cEI,0.7,1,152,0.5,0.75,13.205468749999998,1.6223437500000002,1,13.205468749999998,0.0,1,1,1,1
cEI,0.7,1,153,0.0,0.75,3.8737500000000002,1.369375,1,13.205468749999998,9.331718749999997,0,0,0,0
cEI,0.7,1,154,0.25,0.75,9.212304687500001,1.2816796875,1,13.205468749999998,3.9931640624999964,0,0,0,0
cEI,0.7,1,155,0.5,0.75,13.205468749999998,1.6223437500000002,1,13.205468749999998,0.0,1,1,1,1
cEI,0.7,1,156,0.0,0.75,3.8737500000000002,1.369375,1,13.205468749999998,9.331718749999997,0,0,0,0
cEI,0.7,1,157,0.0,0.0,-1.05,-0.59,1,13.205468749999998,14.255468749999999,0,0,0,0
cEI,0.7,1,158,1.0,0.75,17.155624999999997,3.58875,0,13.205468749999998,-3.950156249999999,0,0,0,0
cEI,0.7,1,159,0.5,0.5,10.089374999999997,1.189375,1,13.205468749999998,3.116093750000001,0,0,0,0
cEI,0.7,1,160,0.5,0.5,10.089374999999997,1.189375,1,13.205468749999998,3.116093750000001,0,0,0,0
cEI,0.7,1,161,0.25,1.0,11.206249999999999,1.87875,1,13.205468749999998,1.999218749999999,0,0,0,1
cEI,0.7,1,162,0.5,0.25,6.536718749999999,0.90609375,1,13.205468749999998,6.668749999999999,0,0,0,0
cEI,0.7,1,163,0.5,0.75,13.205468749999998,1.6223437500000002,1,13.205468749999998,0.0,1,1,1,1
cEI,0.7,1,164,0.5,0.5,10.089374999999997,1.189375,1,13.205468749999998,3.116093750000001,0,0,0,0
cEI,0.7,1,165,0.25,0.5,6.889843749999999,0.76609375,1,13.205468749999998,6.315624999999999,0,0,0,0
cEI,0.7,1,166,0.25,0.5,6.889843749999999,0.76609375,1,13.205468749999998,6.315624999999999,0,0,0,0
cEI,0.7,1,167,0.0,0.25,0.88375,0.004374999999999976,1,13.205468749999998,12.321718749999999,0,0,0,0
cEI,0.7,1,168,0.5,0.25,6.536718749999999,0.90609375,1,13.205468749999998,6.668749999999999,0,0,0,0
cEI,0.7,1,169,0.5,0.75,13.205468749999998,1.6223437500000002,1,13.205468749999998,0.0,1,1,1,1
cEI,0.7,1,170,0.75,0.5,12.123593750000001,1.9273437500000001,1,13.205468749999998,1.0818749999999966,0,0,0,1
cEI,0.7,1,171,0.5,0.5,10.089374999999997,1.189375,1,13.205468749999998,3.116093750000001,0,0,0,0
cEI,0.7,1,172,0.5,0.75,13.205468749999998,1.6223437500000002,1,13.205468749999998,0.0,1,1,1,1
cEI,0.7,1,173,0.0,0.5,2.5250000000000004,0.6575,1,13.205468749999998,10.680468749999998,0,0,0,0
cEI,0.7,1,174,0.75,0.5,12.123593750000001,1.9273437500000001,1,13.205468749999998,1.0818749999999966,0,0,0,1
cEI,0.7,1,175,0.25,1.0,11.206249999999999,1.87875,1,13.205468749999998,1.999218749999999,0,0,0,1
cEI,0.7,1,176,0.5,0.5,10.089374999999997,1.189375,1,13.205468749999998,3.116093750000001,0,0,0,0
cEI,0.7,1,177,0.5,0.25,6.536718749999999,0.90609375,1,13.205468749999998,6.668749999999999,0,0,0,0
cEI,0.7,1,178,0.25,0.75,9.212304687500001,1.2816796875,1,13.205468749999998,3.9931640624999964,0,0,0,0
cEI,0.7,1,179,0.25,0.75,9.212304687500001,1.2816796875,1,13.205468749999998,3.9931640624999964,0,0,0,0
cEI,0.7,1,180,0.0,0.0,-1.05,-0.59,1,13.205468749999998,14.255468749999999,0,0,0,0
cEI,0.7,1,181,0.25,0.5,6.889843749999999,0.76609375,1,13.205468749999998,6.315624999999999,0,0,0,0
cEI,0.7,1,182,0.25,0.25,4.2388671874999995,0.3319921875,1,13.205468749999998,8.9666015625,0,0,0,0
cEI,0.7,1,183,0.5,0.5,10.089374999999997,1.189375,1,13.205468749999998,3.116093750000001,0,0,0,0
cEI,0.7,1,184,0.25,0.5,6.889843749999999,0.76609375,1,13.205468749999998,6.315624999999999,0,0,0,0
cEI,0.7,1,185,0.75,0.25,7.777304687499998,1.7266796875000003,1,13.205468749999998,5.4281640625,0,0,0,0
cEI,0.7,1,186,0.25,1.0,11.206249999999999,1.87875,1,13.205468749999998,1.999218749999999,0,0,0,1
cEI,0.7,1,187,0.25,0.5,6.889843749999999,0.76609375,1,13.205468749999998,6.315624999999999,0,0,0,0
cEI,0.7,1,188,0.5,0.75,13.205468749999998,1.6223437500000002,1,13.205468749999998,0.0,1,1,1,1
cEI,0.7,1,189,0.25,0.75,9.212304687500001,1.2816796875,1,13.205468749999998,3.9931640624999964,0,0,0,0
cEI,0.7,1,190,0.5,0.25,6.536718749999999,0.90609375,1,13.205468749999998,6.668749999999999,0,0,0,0
cEI,0.7,1,191,0.5,0.75,13.205468749999998,1.6223437500000002,1,13.205468749999998,0.0,1,1,1,1
cEI,0.7,1,192,0.5,0.5,10.089374999999997,1.189375,1,13.205468749999998,3.116093750000001,0,0,0,0
cEI,0.7,1,193,0.5,0.25,6.536718749999999,0.90609375,1,13.205468749999998,6.668749999999999,0,0,0,0
cEI,0.7,1,194,0.25,0.75,9.212304687500001,1.2816796875,1,13.205468749999998,3.9931640624999964,0,0,0,0
cEI,0.7,1,195,0.25,0.5,6.889843749999999,0.76609375,1,13.205468749999998,6.315624999999999,0,0,0,0
cEI,0.7,1,196,0.5,0.75,13.205468749999998,1.6223437500000002,1,13.205468749999998,0.0,1,1,1,1
cEI,0.7,1,197,0.25,0.75,9.212304687500001,1.2816796875,1,13.205468749999998,3.9931640624999964,0,0,0,0
cEI,0.7,1,198,0.25,0.75,9.212304687500001,1.2816796875,1,13.205468749999998,3.9931640624999964,0,0,0,0
cEI,0.7,1,199,0.25,0.75,9.212304687500001,1.2816796875,1,13.205468749999998,3.9931640624999964,0,0,0,0
cEI,0.8,0,0,0.0,0.25,1.9693749999999999,0.004374999999999976,1,7.6792187499999995,5.709843749999999,0,0,0,0
cEI,0.8,0,1,0.0,0.75,5.9643749999999995,1.369375,1,7.6792187499999995,1.71484375,0,0,0,1
cEI,0.8,0,2,0.25,0.5,4.9174999999999995,0.76609375,1,7.6792187499999995,2.76171875,0,0,0,0
cEI,0.8,0,3,0.0,0.25,1.9693749999999999,0.004374999999999976,1,7.6792187499999995,5.709843749999999,0,0,0,0
cEI,0.8,0,4,0.25,0.25,3.1067187499999993,0.3319921875,1,7.6792187499999995,4.5725,0,0,0,0
cEI,0.8,0,5,0.0,0.5,3.4974999999999996,0.6575,1,7.6792187499999995,4.18171875,0,0,0,0
cEI,0.8,0,6,0.0,0.5,3.4974999999999996,0.6575,1,7.6792187499999995,4.18171875,0,0,0,0
cEI,0.8,0,7,0.5,0.25,3.9499999999999997,0.90609375,1,7.6792187499999995,3.72921875,0,0,0,0
cEI,0.8,0,8,0.0,0.5,3.4974999999999996,0.6575,1,7.6792187499999995,4.18171875,0,0,0,0
cEI,0.8,0,9,0.0,0.5,3.4974999999999996,0.6575,1,7.6792187499999995,4.18171875,0,0,0,0
cEI,0.8,0,10,0.75,0.25,4.499218749999999,1.7266796875000003,0,7.6792187499999995,3.1800000000000006,0,0,0,0
cEI,0.8,0,11,0.0,1.0,9.37,2.1399999999999997,0,7.6792187499999995,-1.6907812499999997,0,0,0,0
cEI,0.8,0,12,0.25,0.25,3.1067187499999993,0.3319921875,1,7.6792187499999995,4.5725,0,0,0,0
cEI,0.8,0,13,0.0,0.0,1.38,-0.59,1,7.6792187499999995,6.29921875,0,0,0,0
cEI,0.8,0,14,0.25,0.5,4.9174999999999995,0.76609375,1,7.6792187499999995,2.76171875,0,0,0,0
cEI,0.8,0,15,0.25,0.75,7.6792187499999995,1.2816796875,1,7.6792187499999995,0.0,1,1,1,1
cEI,0.8,0,16,0.5,0.25,3.9499999999999997,0.90609375,1,7.6792187499999995,3.72921875,0,0,0,0
cEI,0.8,0,17,0.25,0.75,7.6792187499999995,1.2816796875,1,7.6792187499999995,0.0,1,1,1,1
cEI,0.8,0,18,0.0,0.5,3.4974999999999996,0.6575,1,7.6792187499999995,4.18171875,0,0,0,0
cEI,0.8,0,19,0.25,0.75,7.6792187499999995,1.2816796875,1,7.6792187499999995,0.0,1,1,1,1
cEI,0.8,0,20,0.0,0.5,3.4974999999999996,0.6575,1,7.6792187499999995,4.18171875,0,0,0,0
cEI,0.8,0,21,0.0,0.0,1.38,-0.59,1,7.6792187499999995,6.29921875,0,0,0,0
cEI,0.8,0,22,0.25,0.25,3.1067187499999993,0.3319921875,1,7.6792187499999995,4.5725,0,0,0,0
cEI,0.8,0,23,0.5,0.5,6.08,1.189375,1,7.6792187499999995,1.5992187499999995,0,0,0,1
cEI,0.8,0,24,0.5,0.5,6.08,1.189375,1,7.6792187499999995,1.5992187499999995,0,0,0,1
cEI,0.8,0,25,0.0,0.25,1.9693749999999999,0.004374999999999976,1,7.6792187499999995,5.709843749999999,0,0,0,0
cEI,0.8,0,26,0.0,0.0,1.38,-0.59,1,7.6792187499999995,6.29921875,0,0,0,0
cEI,0.8,0,27,0.5,0.25,3.9499999999999997,0.90609375,1,7.6792187499999995,3.72921875,0,0,0,0
cEI,0.8,0,28,0.25,0.5,4.9174999999999995,0.76609375,1,7.6792187499999995,2.76171875,0,0,0,0
cEI,0.8,0,29,0.25,0.5,4.9174999999999995,0.76609375,1,7.6792187499999995,2.76171875,0,0,0,0
cEI,0.8,0,30,0.0,0.5,3.4974999999999996,0.6575,1,7.6792187499999995,4.18171875,0,0,0,0
cEI,0.8,0,31,0.25,0.75,7.6792187499999995,1.2816796875,1,7.6792187499999995,0.0,1,1,1,1
cEI,0.8,0,32,0.25,0.5,4.9174999999999995,0.76609375,1,7.6792187499999995,2.76171875,0,0,0,0
cEI,0.8,0,33,0.25,0.5,4.9174999999999995,0.76609375,1,7.6792187499999995,2.76171875,0,0,0,0
cEI,0.8,0,34,0.25,0.5,4.9174999999999995,0.76609375,1,7.6792187499999995,2.76171875,0,0,0,0
cEI,0.8,0,35,0.0,0.5,3.4974999999999996,0.6575,1,7.6792187499999995,4.18171875,0,0,0,0
cEI,0.8,0,36,0.0,0.5,3.4974999999999996,0.6575,1,7.6792187499999995,4.18171875,0,0,0,0
cEI,0.8,0,37,0.0,0.5,3.4974999999999996,0.6575,1,7.6792187499999995,4.18171875,0,0,0,0
cEI,0.8,0,38,0.0,1.0,9.37,2.1399999999999997,0,7.6792187499999995,-1.6907812499999997,0,0,0,0
cEI,0.8,0,39,0.0,0.5,3.4974999999999996,0.6575,1,7.6792187499999995,4.18171875,0,0,0,0
cEI,0.8,0,40,0.25,0.25,3.1067187499999993,0.3319921875,1,7.6792187499999995,4.5725,0,0,0,0
cEI,0.8,0,41,0.5,0.25,3.9499999999999997,0.90609375,1,7.6792187499999995,3.72921875,0,0,0,0
cEI,0.8,0,42,0.5,0.0,2.8075,0.7725000000000001,1,7.6792187499999995,4.871718749999999,0,0,0,0
cEI,0.8,0,43,0.0,0.5,3.4974999999999996,0.6575,1,7.6792187499999995,4.18171875,0,0,0,0
cEI,0.8,0,44,0.5,0.25,3.9499999999999997,0.90609375,1,7.6792187499999995,3.72921875,0,0,0,0
cEI,0.8,0,45,0.0,0.5,3.4974999999999996,0.6575,1,7.6792187499999995,4.18171875,0,0,0,0
cEI,0.8,0,46,0.5,0.25,3.9499999999999997,0.90609375,1,7.6792187499999995,3.72921875,0,0,0,0
cEI,0.8,0,47,0.0,0.0,1.38,-0.59,1,7.6792187499999995,6.29921875,0,0,0,0
cEI,0.8,0,48,0.25,0.5,4.9174999999999995,0.76609375,1,7.6792187499999995,2.76171875,0,0,0,0
cEI,0.8,0,49,0.25,0.5,4.9174999999999995,0.76609375,1,7.6792187499999995,2.76171875,0,0,0,0
cEI,0.8,0,50,0.25,0.75,7.6792187499999995,1.2816796875,1,7.6792187499999995,0.0,1,1,1,1
cEI,0.8,0,51,0.0,0.5,3.4974999999999996,0.6575,1,7.6792187499999995,4.18171875,0,0,0,0
cEI,0.8,0,52,0.5,0.5,6.08,1.189375,1,7.6792187499999995,1.5992187499999995,0,0,0,1
cEI,0.8,0,53,0.0,0.75,5.9643749999999995,1.369375,1,7.6792187499999995,1.71484375,0,0,0,1
cEI,0.8,0,54,0.0,0.0,1.38,-0.59,1,7.6792187499999995,6.29921875,0,0,0,0
cEI,0.8,0,55,0.25,0.75,7.6792187499999995,1.2816796875,1,7.6792187499999995,0.0,1,1,1,1
cEI,0.8,0,56,0.25,0.0,2.2468749999999997,-0.02062499999999995,1,7.6792187499999995,5.432343749999999,0,0,0,0
cEI,0.8,0,57,0.0,0.25,1.9693749999999999,0.004374999999999976,1,7.6792187499999995,5.709843749999999,0,0,0,0
cEI,0.8,0,58,0.5,0.5,6.08,1.189375,1,7.6792187499999995,1.5992187499999995,0,0,0,1
cEI,0.8,0,59,0.25,0.5,4.9174999999999995,0.76609375,1,7.6792187499999995,2.76171875,0,0,0,0
cEI,0.8,0,60,0.5,0.0,2.8075,0.7725000000000001,1,7.6792187499999995,4.871718749999999,0,0,0,0
cEI,0.8,0,61,0.0,0.25,1.9693749999999999,0.004374999999999976,1,7.6792187499999995,5.709843749999999,0,0,0,0
cEI,0.8,0,62,0.0,0.0,1.38,-0.59,1,7.6792187499999995,6.29921875,0,0,0,0
cEI,0.8,0,63,0.25,1.0,11.391874999999999,1.87875,0,7.6792187499999995,-3.7126562499999993,0,0,0,0
cEI,0.8,0,64,0.5,0.0,2.8075,0.7725000000000001,1,7.6792187499999995,4.871718749999999,0,0,0,0
cEI,0.8,0,65,0.0,0.0,1.38,-0.59,1,7.6792187499999995,6.29921875,0,0,0,0
cEI,0.8,0,66,0.25,0.5,4.9174999999999995,0.76609375,1,7.6792187499999995,2.76171875,0,0,0,0
cEI,0.8,0,67,0.25,0.0,2.2468749999999997,-0.02062499999999995,1,7.6792187499999995,5.432343749999999,0,0,0,0
cEI,0.8,0,68,0.0,0.5,3.4974999999999996,0.6575,1,7.6792187499999995,4.18171875,0,0,0,0
cEI,0.8,0,69,0.25,0.5,4.9174999999999995,0.76609375,1,7.6792187499999995,2.76171875,0,0,0,0
cEI,0.8,0,70,0.25,0.75,7.6792187499999995,1.2816796875,1,7.6792187499999995,0.0,1,1,1,1
cEI,0.8,0,71,0.25,0.0,2.2468749999999997,-0.02062499999999995,1,7.6792187499999995,5.432343749999999,0,0,0,0
cEI,0.8,0,72,0.25,0.0,2.2468749999999997,-0.02062499999999995,1,7.6792187499999995,5.432343749999999,0,0,0,0
cEI,0.8,0,73,0.0,0.25,1.9693749999999999,0.004374999999999976,1,7.6792187499999995,5.709843749999999,0,0,0,0
cEI,0.8,0,74,0.25,0.5,4.9174999999999995,0.76609375,1,7.6792187499999995,2.76171875,0,0,0,0
cEI,0.8,0,75,0.25,0.0,2.2468749999999997,-0.02062499999999995,1,7.6792187499999995,5.432343749999999,0,0,0,0
cEI,0.8,0,76,0.25,0.25,3.1067187499999993,0.3319921875,1,7.6792187499999995,4.5725,0,0,0,0
cEI,0.8,0,77,0.25,0.5,4.9174999999999995,0.76609375,1,7.6792187499999995,2.76171875,0,0,0,0
cEI,0.8,0,78,0.0,0.0,1.38,-0.59,1,7.6792187499999995,6.29921875,0,0,0,0
cEI,0.8,0,79,0.25,0.5,4.9174999999999995,0.76609375,1,7.6792187499999995,2.76171875,0,0,0,0
cEI,0.8,0,80,0.0,0.0,1.38,-0.59,1,7.6792187499999995,6.29921875,0,0,0,0
cEI,0.8,0,81,0.25,0.0,2.2468749999999997,-0.02062499999999995,1,7.6792187499999995,5.432343749999999,0,0,0,0
cEI,0.8,0,82,0.25,0.75,7.6792187499999995,1.2816796875,1,7.6792187499999995,0.0,1,1,1,1
cEI,0.8,0,83,0.5,0.25,3.9499999999999997,0.90609375,1,7.6792187499999995,3.72921875,0,0,0,0
cEI,0.8,0,84,0.25,0.25,3.1067187499999993,0.3319921875,1,7.6792187499999995,4.5725,0,0,0,0
cEI,0.8,0,85,0.5,0.5,6.08,1.189375,1,7.6792187499999995,1.5992187499999995,0,0,0,1
cEI,0.8,0,86,0.25,0.5,4.9174999999999995,0.76609375,1,7.6792187499999995,2.76171875,0,0,0,0
cEI,0.8,0,87,0.5,0.25,3.9499999999999997,0.90609375,1,7.6792187499999995,3.72921875,0,0,0,0
cEI,0.8,0,88,0.5,0.5,6.08,1.189375,1,7.6792187499999995,1.5992187499999995,0,0,0,1
cEI,0.8,0,89,0.5,0.25,3.9499999999999997,0.90609375,1,7.6792187499999995,3.72921875,0,0,0,0
cEI,0.8,0,90,0.0,0.5,3.4974999999999996,0.6575,1,7.6792187499999995,4.18171875,0,0,0,0
cEI,0.8,0,91,0.0,0.75,5.9643749999999995,1.369375,1,7.6792187499999995,1.71484375,0,0,0,1
cEI,0.8,0,92,0.25,0.0,2.2468749999999997,-0.02062499999999995,1,7.6792187499999995,5.432343749999999,0,0,0,0
cEI,0.8,0,93,0.25,0.5,4.9174999999999995,0.76609375,1,7.6792187499999995,2.76171875,0,0,0,0
cEI,0.8,0,94,0.0,0.25,1.9693749999999999,0.004374999999999976,1,7.6792187499999995,5.709843749999999,0,0,0,0
cEI,0.8,0,95,0.0,0.5,3.4974999999999996,0.6575,1,7.6792187499999995,4.18171875,0,0,0,0
cEI,0.8,0,96,0.25,0.5,4.9174999999999995,0.76609375,1,7.6792187499999995,2.76171875,0,0,0,0
cEI,0.8,0,97,0.25,0.75,7.6792187499999995,1.2816796875,1,7.6792187499999995,0.0,1,1,1,1
cEI,0.8,0,98,0.0,0.5,3.4974999999999996,0.6575,1,7.6792187499999995,4.18171875,0,0,0,0
cEI,0.8,0,99,0.0,0.75,5.9643749999999995,1.369375,1,7.6792187499999995,1.71484375,0,0,0,1
cEI,0.8,0,100,0.5,0.25,3.9499999999999997,0.90609375,1,7.6792187499999995,3.72921875,0,0,0,0
cEI,0.8,0,101,0.0,0.0,1.38,-0.59,1,7.6792187499999995,6.29921875,0,0,0,0
cEI,0.8,0,102,0.0,0.5,3.4974999999999996,0.6575,1,7.6792187499999995,4.18171875,0,0,0,0
cEI,0.8,0,103,0.0,0.25,1.9693749999999999,0.004374999999999976,1,7.6792187499999995,5.709843749999999,0,0,0,0
cEI,0.8,0,104,0.0,0.25,1.9693749999999999,0.004374999999999976,1,7.6792187499999995,5.709843749999999,0,0,0,0
cEI,0.8,0,105,0.75,0.5,6.985,1.9273437500000001,0,7.6792187499999995,0.6942187499999992,0,0,0,0
cEI,0.8,0,106,0.0,0.25,1.9693749999999999,0.004374999999999976,1,7.6792187499999995,5.709843749999999,0,0,0,0
cEI,0.8,0,107,0.0,0.0,1.38,-0.59,1,7.6792187499999995,6.29921875,0,0,0,0
cEI,0.8,0,108,0.25,0.5,4.9174999999999995,0.76609375,1,7.6792187499999995,2.76171875,0,0,0,0
cEI,0.8,0,109,0.5,0.0,2.8075,0.7725000000000001,1,7.6792187499999995,4.871718749999999,0,0,0,0
cEI,0.8,0,110,0.25,0.5,4.9174999999999995,0.76609375,1,7.6792187499999995,2.76171875,0,0,0,0
cEI,0.8,0,111,0.5,0.0,2.8075,0.7725000000000001,1,7.6792187499999995,4.871718749999999,0,0,0,0
cEI,0.8,0,112,0.0,0.75,5.9643749999999995,1.369375,1,7.6792187499999995,1.71484375,0,0,0,1
cEI,0.8,0,113,0.5,0.25,3.9499999999999997,0.90609375,1,7.6792187499999995,3.72921875,0,0,0,0
cEI,0.8,0,114,0.0,1.0,9.37,2.1399999999999997,0,7.6792187499999995,-1.6907812499999997,0,0,0,0
cEI,0.8,0,115,0.5,0.25,3.9499999999999997,0.90609375,1,7.6792187499999995,3.72921875,0,0,0,0
cEI,0.8,0,116,0.25,1.0,11.391874999999999,1.87875,0,7.6792187499999995,-3.7126562499999993,0,0,0,0
cEI,0.8,0,117,0.25,0.5,4.9174999999999995,0.76609375,1,7.6792187499999995,2.76171875,0,0,0,0
cEI,0.8,0,118,0.0,0.0,1.38,-0.59,1,7.6792187499999995,6.29921875,0,0,0,0
cEI,0.8,0,119,0.75,0.0,3.0618749999999992,1.7893750000000002,0,7.6792187499999995,4.61734375,0,0,0,0
cEI,0.8,0,120,0.25,0.5,4.9174999999999995,0.76609375,1,7.6792187499999995,2.76171875,0,0,0,0
cEI,0.8,0,121,0.5,0.25,3.9499999999999997,0.90609375,1,7.6792187499999995,3.72921875,0,0,0,0
cEI,0.8,0,122,0.0,0.0,1.38,-0.59,1,7.6792187499999995,6.29921875,0,0,0,0
cEI,0.8,0,123,0.25,0.5,4.9174999999999995,0.76609375,1,7.6792187499999995,2.76171875,0,0,0,0
cEI,0.8,0,124,0.25,0.5,4.9174999999999995,0.76609375,1,7.6792187499999995,2.76171875,0,0,0,0
cEI,0.8,0,125,0.5,0.0,2.8075,0.7725000000000001,1,7.6792187499999995,4.871718749999999,0,0,0,0
cEI,0.8,0,126,0.25,0.0,2.2468749999999997,-0.02062499999999995,1,7.6792187499999995,5.432343749999999,0,0,0,0
cEI,0.8,0,127,0.0,0.5,3.4974999999999996,0.6575,1,7.6792187499999995,4.18171875,0,0,0,0
cEI,0.8,0,128,0.25,0.0,2.2468749999999997,-0.02062499999999995,1,7.6792187499999995,5.432343749999999,0,0,0,0
cEI,0.8,0,129,0.0,0.5,3.4974999999999996,0.6575,1,7.6792187499999995,4.18171875,0,0,0,0
cEI,0.8,0,130,0.5,0.5,6.08,1.189375,1,7.6792187499999995,1.5992187499999995,0,0,0,1
cEI,0.8,0,131,0.75,1.0,15.101875000000001,3.1187500000000004,0,7.6792187499999995,-7.422656250000002,0,0,0,0
cEI,0.8,0,132,0.25,0.5,4.9174999999999995,0.76609375,1,7.6792187499999995,2.76171875,0,0,0,0
cEI,0.8,0,133,0.25,0.75,7.6792187499999995,1.2816796875,1,7.6792187499999995,0.0,1,1,1,1
cEI,0.8,0,134,0.25,0.5,4.9174999999999995,0.76609375,1,7.6792187499999995,2.76171875,0,0,0,0
cEI,0.8,0,135,0.25,0.25,3.1067187499999993,0.3319921875,1,7.6792187499999995,4.5725,0,0,0,0
cEI,0.8,0,136,0.0,0.25,1.9693749999999999,0.004374999999999976,1,7.6792187499999995,5.709843749999999,0,0,0,0
cEI,0.8,0,137,0.5,0.25,3.9499999999999997,0.90609375,1,7.6792187499999995,3.72921875,0,0,0,0
cEI,0.8,0,138,0.0,0.5,3.4974999999999996,0.6575,1,7.6792187499999995,4.18171875,0,0,0,0
cEI,0.8,0,139,0.5,0.5,6.08,1.189375,1,7.6792187499999995,1.5992187499999995,0,0,0,1
cEI,0.8,0,140,0.0,0.0,1.38,-0.59,1,7.6792187499999995,6.29921875,0,0,0,0
cEI,0.8,0,141,0.25,0.5,4.9174999999999995,0.76609375,1,7.6792187499999995,2.76171875,0,0,0,0
cEI,0.8,0,142,0.5,1.0,13.302500000000002,2.205,0,7.6792187499999995,-5.6232812500000025,0,0,0,0
cEI,0.8,0,143,0.5,0.0,2.8075,0.7725000000000001,1,7.6792187499999995,4.871718749999999,0,0,0,0
cEI,0.8,0,144,1.0,0.0,3.01,3.0300000000000002,0,7.6792187499999995,4.66921875,0,0,0,0
cEI,0.8,0,145,0.5,0.0,2.8075,0.7725000000000001,1,7.6792187499999995,4.871718749999999,0,0,0,0
cEI,0.8,0,146,0.5,0.0,2.8075,0.7725000000000001,1,7.6792187499999995,4.871718749999999,0,0,0,0
cEI,0.8,0,147,0.0,0.5,3.4974999999999996,0.6575,1,7.6792187499999995,4.18171875,0,0,0,0
cEI,0.8,0,148,0.25,0.5,4.9174999999999995,0.76609375,1,7.6792187499999995,2.76171875,0,0,0,0
cEI,0.8,0,149,0.0,0.5,3.4974999999999996,0.6575,1,7.6792187499999995,4.18171875,0,0,0,0
cEI,0.8,0,150,0.5,0.25,3.9499999999999997,0.90609375,1,7.6792187499999995,3.72921875,0,0,0,0
cEI,0.8,0,151,0.0,0.5,3.4974999999999996,0.6575,1,7.6792187499999995,4.18171875,0,0,0,0
cEI,0.8,0,152,0.0,0.25,1.9693749999999999,0.004374999999999976,1,7.6792187499999995,5.709843749999999,0,0,0,0
cEI,0.8,0,153,0.0,0.5,3.4974999999999996,0.6575,1,7.6792187499999995,4.18171875,0,0,0,0
cEI,0.8,0,154,0.25,0.75,7.6792187499999995,1.2816796875,1,7.6792187499999995,0.0,1,1,1,1
cEI,0.8,0,155,0.25,0.5,4.9174999999999995,0.76609375,1,7.6792187499999995,2.76171875,0,0,0,0
cEI,0.8,0,156,0.25,0.0,2.2468749999999997,-0.02062499999999995,1,7.6792187499999995,5.432343749999999,0,0,0,0
cEI,0.8,0,157,0.25,0.0,2.2468749999999997,-0.02062499999999995,1,7.6792187499999995,5.432343749999999,0,0,0,0
cEI,0.8,0,158,0.25,0.0,2.2468749999999997,-0.02062499999999995,1,7.6792187499999995,5.432343749999999,0,0,0,0
cEI,0.8,0,159,0.5,1.0,13.302500000000002,2.205,0,7.6792187499999995,-5.6232812500000025,0,0,0,0
cEI,0.8,0,160,0.25,0.5,4.9174999999999995,0.76609375,1,7.6792187499999995,2.76171875,0,0,0,0
cEI,0.8,0,161,0.0,0.5,3.4974999999999996,0.6575,1,7.6792187499999995,4.18171875,0,0,0,0
cEI,0.8,0,162,0.5,0.25,3.9499999999999997,0.90609375,1,7.6792187499999995,3.72921875,0,0,0,0
cEI,0.8,0,163,0.25,0.25,3.1067187499999993,0.3319921875,1,7.6792187499999995,4.5725,0,0,0,0
cEI,0.8,0,164,0.25,0.75,7.6792187499999995,1.2816796875,1,7.6792187499999995,0.0,1,1,1,1
cEI,0.8,0,165,0.25,0.5,4.9174999999999995,0.76609375,1,7.6792187499999995,2.76171875,0,0,0,0
cEI,0.8,0,166,0.0,0.25,1.9693749999999999,0.004374999999999976,1,7.6792187499999995,5.709843749999999,0,0,0,0
cEI,0.8,0,167,0.25,0.25,3.1067187499999993,0.3319921875,1,7.6792187499999995,4.5725,0,0,0,0
cEI,0.8,0,168,0.0,0.75,5.9643749999999995,1.369375,1,7.6792187499999995,1.71484375,0,0,0,1
cEI,0.8,0,169,0.25,0.25,3.1067187499999993,0.3319921875,1,7.6792187499999995,4.5725,0,0,0,0
cEI,0.8,0,170,0.0,0.0,1.38,-0.59,1,7.6792187499999995,6.29921875,0,0,0,0
cEI,0.8,0,171,0.25,0.5,4.9174999999999995,0.76609375,1,7.6792187499999995,2.76171875,0,0,0,0
cEI,0.8,0,172,0.25,0.5,4.9174999999999995,0.76609375,1,7.6792187499999995,2.76171875,0,0,0,0
cEI,0.8,0,173,0.0,0.0,1.38,-0.59,1,7.6792187499999995,6.29921875,0,0,0,0
cEI,0.8,0,174,0.5,0.0,2.8075,0.7725000000000001,1,7.6792187499999995,4.871718749999999,0,0,0,0
cEI,0.8,0,175,0.25,0.5,4.9174999999999995,0.76609375,1,7.6792187499999995,2.76171875,0,0,0,0
cEI,0.8,0,176,0.5,0.5,6.08,1.189375,1,7.6792187499999995,1.5992187499999995,0,0,0,1
cEI,0.8,0,177,0.0,0.25,1.9693749999999999,0.004374999999999976,1,7.6792187499999995,5.709843749999999,0,0,0,0
cEI,0.8,0,178,0.25,0.5,4.9174999999999995,0.76609375,1,7.6792187499999995,2.76171875,0,0,0,0
cEI,0.8,0,179,0.5,0.0,2.8075,0.7725000000000001,1,7.6792187499999995,4.871718749999999,0,0,0,0
cEI,0.8,0,180,0.5,0.25,3.9499999999999997,0.90609375,1,7.6792187499999995,3.72921875,0,0,0,0
cEI,0.8,0,181,0.25,0.5,4.9174999999999995,0.76609375,1,7.6792187499999995,2.76171875,0,0,0,0
cEI,0.8,0,182,0.25,0.25,3.1067187499999993,0.3319921875,1,7.6792187499999995,4.5725,0,0,0,0
cEI,0.8,0,183,0.0,0.0,1.38,-0.59,1,7.6792187499999995,6.29921875,0,0,0,0
cEI,0.8,0,184,0.0,0.25,1.9693749999999999,0.004374999999999976,1,7.6792187499999995,5.709843749999999,0,0,0,0
cEI,0.8,0,185,0.0,0.5,3.4974999999999996,0.6575,1,7.6792187499999995,4.18171875,0,0,0,0
cEI,0.8,0,186,0.0,0.0,1.38,-0.59,1,7.6792187499999995,6.29921875,0,0,0,0
cEI,0.8,0,187,0.0,0.25,1.9693749999999999,0.004374999999999976,1,7.6792187499999995,5.709843749999999,0,0,0,0
cEI,0.8,0,188,0.5,0.25,3.9499999999999997,0.90609375,1,7.6792187499999995,3.72921875,0,0,0,0
cEI,0.8,0,189,0.5,0.0,2.8075,0.7725000000000001,1,7.6792187499999995,4.871718749999999,0,0,0,0
cEI,0.8,0,190,0.5,0.0,2.8075,0.7725000000000001,1,7.6792187499999995,4.871718749999999,0,0,0,0
cEI,0.8,0,191,0.5,0.5,6.08,1.189375,1,7.6792187499999995,1.5992187499999995,0,0,0,1
cEI,0.8,0,192,0.25,0.75,7.6792187499999995,1.2816796875,1,7.6792187499999995,0.0,1,1,1,1
cEI,0.8,0,193,0.5,0.25,3.9499999999999997,0.90609375,1,7.6792187499999995,3.72921875,0,0,0,0
cEI,0.8,0,194,0.0,0.5,3.4974999999999996,0.6575,1,7.6792187499999995,4.18171875,0,0,0,0
cEI,0.8,0,195,0.25,0.0,2.2468749999999997,-0.02062499999999995,1,7.6792187499999995,5.432343749999999,0,0,0,0
cEI,0.8,0,196,0.25,0.5,4.9174999999999995,0.76609375,1,7.6792187499999995,2.76171875,0,0,0,0
cEI,0.8,0,197,0.25,0.25,3.1067187499999993,0.3319921875,1,7.6792187499999995,4.5725,0,0,0,0
cEI,0.8,0,198,0.0,0.75,5.9643749999999995,1.369375,1,7.6792187499999995,1.71484375,0,0,0,1
cEI,0.8,0,199,0.0,0.5,3.4974999999999996,0.6575,1,7.6792187499999995,4.18171875,0,0,0,0
cEI,0.8,1,0,0.25,0.25,4.2388671874999995,0.3319921875,1,13.205468749999998,8.9666015625,0,0,0,0
cEI,0.8,1,1,0.25,0.75,9.212304687500001,1.2816796875,1,13.205468749999998,3.9931640624999964,0,0,0,0
cEI,0.8,1,2,0.25,0.5,6.889843749999999,0.76609375,1,13.205468749999998,6.315624999999999,0,0,0,0
cEI,0.8,1,3,0.75,0.25,7.777304687499998,1.7266796875000003,1,13.205468749999998,5.4281640625,0,0,0,0
cEI,0.8,1,4,0.25,0.75,9.212304687500001,1.2816796875,1,13.205468749999998,3.9931640624999964,0,0,0,0
cEI,0.8,1,5,0.5,1.0,15.885000000000002,2.205,0,13.205468749999998,-2.6795312500000037,0,0,0,0
cEI,0.8,1,6,0.5,0.25,6.536718749999999,0.90609375,1,13.205468749999998,6.668749999999999,0,0,0,0
cEI,0.8,1,7,0.25,0.75,9.212304687500001,1.2816796875,1,13.205468749999998,3.9931640624999964,0,0,0,0
cEI,0.8,1,8,0.5,0.5,10.089374999999997,1.189375,1,13.205468749999998,3.116093750000001,0,0,0,0
cEI,0.8,1,9,0.0,0.75,3.8737500000000002,1.369375,1,13.205468749999998,9.331718749999997,0,0,0,0
cEI,0.8,1,10,0.5,0.75,13.205468749999998,1.6223437500000002,1,13.205468749999998,0.0,1,1,1,1
cEI,0.8,1,11,0.5,0.5,10.089374999999997,1.189375,1,13.205468749999998,3.116093750000001,0,0,0,0
cEI,0.8,1,12,0.25,0.25,4.2388671874999995,0.3319921875,1,13.205468749999998,8.9666015625,0,0,0,0
cEI,0.8,1,13,0.25,1.0,11.206249999999999,1.87875,1,13.205468749999998,1.999218749999999,0,0,0,1
cEI,0.8,1,14,0.25,1.0,11.206249999999999,1.87875,1,13.205468749999998,1.999218749999999,0,0,0,1
cEI,0.8,1,15,0.25,0.75,9.212304687500001,1.2816796875,1,13.205468749999998,3.9931640624999964,0,0,0,0
cEI,0.8,1,16,0.25,0.75,9.212304687500001,1.2816796875,1,13.205468749999998,3.9931640624999964,0,0,0,0
cEI,0.8,1,17,0.5,0.75,13.205468749999998,1.6223437500000002,1,13.205468749999998,0.0,1,1,1,1
cEI,0.8,1,18,0.25,0.5,6.889843749999999,0.76609375,1,13.205468749999998,6.315624999999999,0,0,0,0
cEI,0.8,1,19,0.25,0.75,9.212304687500001,1.2816796875,1,13.205468749999998,3.9931640624999964,0,0,0,0
cEI,0.8,1,20,0.0,0.75,3.8737500000000002,1.369375,1,13.205468749999998,9.331718749999997,0,0,0,0
cEI,0.8,1,21,0.0,0.0,-1.05,-0.59,1,13.205468749999998,14.255468749999999,0,0,0,0
cEI,0.8,1,22,0.0,0.75,3.8737500000000002,1.369375,1,13.205468749999998,9.331718749999997,0,0,0,0
cEI,0.8,1,23,0.75,0.5,12.123593750000001,1.9273437500000001,1,13.205468749999998,1.0818749999999966,0,0,0,1
cEI,0.8,1,24,0.5,0.75,13.205468749999998,1.6223437500000002,1,13.205468749999998,0.0,1,1,1,1
cEI,0.8,1,25,0.25,0.25,4.2388671874999995,0.3319921875,1,13.205468749999998,8.9666015625,0,0,0,0
cEI,0.8,1,26,0.75,0.5,12.123593750000001,1.9273437500000001,1,13.205468749999998,1.0818749999999966,0,0,0,1
cEI,0.8,1,27,0.25,0.75,9.212304687500001,1.2816796875,1,13.205468749999998,3.9931640624999964,0,0,0,0
cEI,0.8,1,28,0.75,0.5,12.123593750000001,1.9273437500000001,1,13.205468749999998,1.0818749999999966,0,0,0,1
cEI,0.8,1,29,0.5,0.25,6.536718749999999,0.90609375,1,13.205468749999998,6.668749999999999,0,0,0,0
cEI,0.8,1,30,0.0,0.5,2.5250000000000004,0.6575,1,13.205468749999998,10.680468749999998,0,0,0,0
cEI,0.8,1,31,0.25,0.75,9.212304687500001,1.2816796875,1,13.205468749999998,3.9931640624999964,0,0,0,0
cEI,0.8,1,32,0.25,1.0,11.206249999999999,1.87875,1,13.205468749999998,1.999218749999999,0,0,0,1
cEI,0.8,1,33,0.5,0.75,13.205468749999998,1.6223437500000002,1,13.205468749999998,0.0,1,1,1,1
cEI,0.8,1,34,0.75,0.5,12.123593750000001,1.9273437500000001,1,13.205468749999998,1.0818749999999966,0,0,0,1
cEI,0.8,1,35,0.25,0.75,9.212304687500001,1.2816796875,1,13.205468749999998,3.9931640624999964,0,0,0,0
cEI,0.8,1,36,0.25,0.75,9.212304687500001,1.2816796875,1,13.205468749999998,3.9931640624999964,0,0,0,0
cEI,0.8,1,37,0.5,0.5,10.089374999999997,1.189375,1,13.205468749999998,3.116093750000001,0,0,0,0
cEI,0.8,1,38,0.25,0.75,9.212304687500001,1.2816796875,1,13.205468749999998,3.9931640624999964,0,0,0,0
cEI,0.8,1,39,0.5,0.25,6.536718749999999,0.90609375,1,13.205468749999998,6.668749999999999,0,0,0,0
cEI,0.8,1,40,0.5,0.25,6.536718749999999,0.90609375,1,13.205468749999998,6.668749999999999,0,0,0,0
cEI,0.8,1,41,0.25,0.75,9.212304687500001,1.2816796875,1,13.205468749999998,3.9931640624999964,0,0,0,0
cEI,0.8,1,42,0.5,0.25,6.536718749999999,0.90609375,1,13.205468749999998,6.668749999999999,0,0,0,0
cEI,0.8,1,43,0.5,0.5,10.089374999999997,1.189375,1,13.205468749999998,3.116093750000001,0,0,0,0
cEI,0.8,1,44,0.25,1.0,11.206249999999999,1.87875,1,13.205468749999998,1.999218749999999,0,0,0,1
cEI,0.8,1,45,0.75,0.5,12.123593750000001,1.9273437500000001,1,13.205468749999998,1.0818749999999966,0,0,0,1
cEI,0.8,1,46,0.25,0.5,6.889843749999999,0.76609375,1,13.205468749999998,6.315624999999999,0,0,0,0
cEI,0.8,1,47,0.25,0.75,9.212304687500001,1.2816796875,1,13.205468749999998,3.9931640624999964,0,0,0,0
cEI,0.8,1,48,0.5,0.5,10.089374999999997,1.189375,1,13.205468749999998,3.116093750000001,0,0,0,0
cEI,0.8,1,49,0.25,0.75,9.212304687500001,1.2816796875,1,13.205468749999998,3.9931640624999964,0,0,0,0
cEI,0.8,1,50,0.25,0.75,9.212304687500001,1.2816796875,1,13.205468749999998,3.9931640624999964,0,0,0,0
cEI,0.8,1,51,0.25,0.75,9.212304687500001,1.2816796875,1,13.205468749999998,3.9931640624999964,0,0,0,0
cEI,0.8,1,52,0.75,0.5,12.123593750000001,1.9273437500000001,1,13.205468749999998,1.0818749999999966,0,0,0,1
cEI,0.8,1,53,0.0,0.75,3.8737500000000002,1.369375,1,13.205468749999998,9.331718749999997,0,0,0,0
cEI,0.8,1,54,0.0,0.0,-1.05,-0.59,1,13.205468749999998,14.255468749999999,0,0,0,0
cEI,0.8,1,55,0.75,0.25,7.777304687499998,1.7266796875000003,1,13.205468749999998,5.4281640625,0,0,0,0
cEI,0.8,1,56,0.25,0.0,1.259375,-0.02062499999999995,1,13.205468749999998,11.946093749999998,0,0,0,0
cEI,0.8,1,57,0.75,0.25,7.777304687499998,1.7266796875000003,1,13.205468749999998,5.4281640625,0,0,0,0
cEI,0.8,1,58,0.25,1.0,11.206249999999999,1.87875,1,13.205468749999998,1.999218749999999,0,0,0,1
cEI,0.8,1,59,0.25,0.75,9.212304687500001,1.2816796875,1,13.205468749999998,3.9931640624999964,0,0,0,0
cEI,0.8,1,60,0.5,0.25,6.536718749999999,0.90609375,1,13.205468749999998,6.668749999999999,0,0,0,0
cEI,0.8,1,61,0.0,0.75,3.8737500000000002,1.369375,1,13.205468749999998,9.331718749999997,0,0,0,0
cEI,0.8,1,62,0.75,0.75,15.853242187500001,2.3913671875,0,13.205468749999998,-2.6477734375000033,0,0,0,0
cEI,0.8,1,63,0.5,0.25,6.536718749999999,0.90609375,1,13.205468749999998,6.668749999999999,0,0,0,0
cEI,0.8,1,64,0.5,0.0,2.5475,0.7725000000000001,1,13.205468749999998,10.657968749999998,0,0,0,0
cEI,0.8,1,65,0.0,0.75,3.8737500000000002,1.369375,1,13.205468749999998,9.331718749999997,0,0,0,0
cEI,0.8,1,66,0.25,0.75,9.212304687500001,1.2816796875,1,13.205468749999998,3.9931640624999964,0,0,0,0
cEI,0.8,1,67,0.5,0.5,10.089374999999997,1.189375,1,13.205468749999998,3.116093750000001,0,0,0,0
cEI,0.8,1,68,0.5,0.0,2.5475,0.7725000000000001,1,13.205468749999998,10.657968749999998,0,0,0,0
cEI,0.8,1,69,0.5,0.75,13.205468749999998,1.6223437500000002,1,13.205468749999998,0.0,1,1,1,1
cEI,0.8,1,70,0.25,1.0,11.206249999999999,1.87875,1,13.205468749999998,1.999218749999999,0,0,0,1
cEI,0.8,1,71,0.25,0.5,6.889843749999999,0.76609375,1,13.205468749999998,6.315624999999999,0,0,0,0
cEI,0.8,1,72,0.5,1.0,15.885000000000002,2.205,0,13.205468749999998,-2.6795312500000037,0,0,0,0
cEI,0.8,1,73,0.5,0.75,13.205468749999998,1.6223437500000002,1,13.205468749999998,0.0,1,1,1,1
cEI,0.8,1,74,0.25,0.5,6.889843749999999,0.76609375,1,13.205468749999998,6.315624999999999,0,0,0,0
cEI,0.8,1,75,0.5,0.5,10.089374999999997,1.189375,1,13.205468749999998,3.116093750000001,0,0,0,0
cEI,0.8,1,76,0.25,0.0,1.259375,-0.02062499999999995,1,13.205468749999998,11.946093749999998,0,0,0,0
cEI,0.8,1,77,0.25,1.0,11.206249999999999,1.87875,1,13.205468749999998,1.999218749999999,0,0,0,1
cEI,0.8,1,78,0.0,0.0,-1.05,-0.59,1,13.205468749999998,14.255468749999999,0,0,0,0
cEI,0.8,1,79,0.75,0.25,7.777304687499998,1.7266796875000003,1,13.205468749999998,5.4281640625,0,0,0,0
cEI,0.8,1,80,0.5,0.25,6.536718749999999,0.90609375,1,13.205468749999998,6.668749999999999,0,0,0,0
cEI,0.8,1,81,0.0,0.5,2.5250000000000004,0.6575,1,13.205468749999998,10.680468749999998,0,0,0,0
cEI,0.8,1,82,0.75,0.25,7.777304687499998,1.7266796875000003,1,13.205468749999998,5.4281640625,0,0,0,0
cEI,0.8,1,83,0.5,0.5,10.089374999999997,1.189375,1,13.205468749999998,3.116093750000001,0,0,0,0
cEI,0.8,1,84,0.0,0.0,-1.05,-0.59,1,13.205468749999998,14.255468749999999,0,0,0,0
cEI,0.8,1,85,0.75,0.5,12.123593750000001,1.9273437500000001,1,13.205468749999998,1.0818749999999966,0,0,0,1
cEI,0.8,1,86,0.25,1.0,11.206249999999999,1.87875,1,13.205468749999998,1.999218749999999,0,0,0,1
cEI,0.8,1,87,0.25,0.25,4.2388671874999995,0.3319921875,1,13.205468749999998,8.9666015625,0,0,0,0
cEI,0.8,1,88,0.5,0.25,6.536718749999999,0.90609375,1,13.205468749999998,6.668749999999999,0,0,0,0
cEI,0.8,1,89,0.5,0.5,10.089374999999997,1.189375,1,13.205468749999998,3.116093750000001,0,0,0,0
cEI,0.8,1,90,0.0,0.75,3.8737500000000002,1.369375,1,13.205468749999998,9.331718749999997,0,0,0,0
cEI,0.8,1,91,0.25,0.75,9.212304687500001,1.2816796875,1,13.205468749999998,3.9931640624999964,0,0,0,0
cEI,0.8,1,92,0.25,0.75,9.212304687500001,1.2816796875,1,13.205468749999998,3.9931640624999964,0,0,0,0
cEI,0.8,1,93,0.25,1.0,11.206249999999999,1.87875,1,13.205468749999998,1.999218749999999,0,0,0,1
cEI,0.8,1,94,0.25,0.25,4.2388671874999995,0.3319921875,1,13.205468749999998,8.9666015625,0,0,0,0
cEI,0.8,1,95,0.0,0.75,3.8737500000000002,1.369375,1,13.205468749999998,9.331718749999997,0,0,0,0
cEI,0.8,1,96,0.0,0.75,3.8737500000000002,1.369375,1,13.205468749999998,9.331718749999997,0,0,0,0
cEI,0.8,1,97,0.5,0.5,10.089374999999997,1.189375,1,13.205468749999998,3.116093750000001,0,0,0,0
cEI,0.8,1,98,0.25,0.5,6.889843749999999,0.76609375,1,13.205468749999998,6.315624999999999,0,0,0,0
cEI,0.8,1,99,0.5,0.5,10.089374999999997,1.189375,1,13.205468749999998,3.116093750000001,0,0,0,0
cEI,0.8,1,100,0.5,0.25,6.536718749999999,0.90609375,1,13.205468749999998,6.668749999999999,0,0,0,0
cEI,0.8,1,101,0.25,0.25,4.2388671874999995,0.3319921875,1,13.205468749999998,8.9666015625,0,0,0,0
cEI,0.8,1,102,0.75,0.25,7.777304687499998,1.7266796875000003,1,13.205468749999998,5.4281640625,0,0,0,0
cEI,0.8,1,103,0.5,0.5,10.089374999999997,1.189375,1,13.205468749999998,3.116093750000001,0,0,0,0
cEI,0.8,1,104,0.25,0.75,9.212304687500001,1.2816796875,1,13.205468749999998,3.9931640624999964,0,0,0,0
cEI,0.8,1,105,0.75,0.25,7.777304687499998,1.7266796875000003,1,13.205468749999998,5.4281640625,0,0,0,0
cEI,0.8,1,106,0.25,0.75,9.212304687500001,1.2816796875,1,13.205468749999998,3.9931640624999964,0,0,0,0
cEI,0.8,1,107,0.0,0.0,-1.05,-0.59,1,13.205468749999998,14.255468749999999,0,0,0,0
cEI,0.8,1,108,0.25,1.0,11.206249999999999,1.87875,1,13.205468749999998,1.999218749999999,0,0,0,1
cEI,0.8,1,109,0.25,0.5,6.889843749999999,0.76609375,1,13.205468749999998,6.315624999999999,0,0,0,0
cEI,0.8,1,110,0.25,1.0,11.206249999999999,1.87875,1,13.205468749999998,1.999218749999999,0,0,0,1
cEI,0.8,1,111,0.0,0.5,2.5250000000000004,0.6575,1,13.205468749999998,10.680468749999998,0,0,0,0
cEI,0.8,1,112,0.25,0.5,6.889843749999999,0.76609375,1,13.205468749999998,6.315624999999999,0,0,0,0
cEI,0.8,1,113,0.5,0.5,10.089374999999997,1.189375,1,13.205468749999998,3.116093750000001,0,0,0,0
cEI,0.8,1,114,0.5,0.75,13.205468749999998,1.6223437500000002,1,13.205468749999998,0.0,1,1,1,1
cEI,0.8,1,115,0.5,0.5,10.089374999999997,1.189375,1,13.205468749999998,3.116093750000001,0,0,0,0
cEI,0.8,1,116,0.5,0.75,13.205468749999998,1.6223437500000002,1,13.205468749999998,0.0,1,1,1,1
cEI,0.8,1,117,0.5,0.25,6.536718749999999,0.90609375,1,13.205468749999998,6.668749999999999,0,0,0,0
cEI,0.8,1,118,0.5,0.0,2.5475,0.7725000000000001,1,13.205468749999998,10.657968749999998,0,0,0,0
cEI,0.8,1,119,0.5,0.5,10.089374999999997,1.189375,1,13.205468749999998,3.116093750000001,0,0,0,0
cEI,0.8,1,120,0.25,0.75,9.212304687500001,1.2816796875,1,13.205468749999998,3.9931640624999964,0,0,0,0
cEI,0.8,1,121,0.25,0.75,9.212304687500001,1.2816796875,1,13.205468749999998,3.9931640624999964,0,0,0,0
cEI,0.8,1,122,0.0,0.0,-1.05,-0.59,1,13.205468749999998,14.255468749999999,0,0,0,0
cEI,0.8,1,123,0.5,0.75,13.205468749999998,1.6223437500000002,1,13.205468749999998,0.0,1,1,1,1
cEI,0.8,1,124,0.5,0.25,6.536718749999999,0.90609375,1,13.205468749999998,6.668749999999999,0,0,0,0
cEI,0.8,1,125,0.25,0.75,9.212304687500001,1.2816796875,1,13.205468749999998,3.9931640624999964,0,0,0,0
cEI,0.8,1,126,0.75,0.25,7.777304687499998,1.7266796875000003,1,13.205468749999998,5.4281640625,0,0,0,0
cEI,0.8,1,127,0.25,0.25,4.2388671874999995,0.3319921875,1,13.205468749999998,8.9666015625,0,0,0,0
cEI,0.8,1,128,0.5,0.25,6.536718749999999,0.90609375,1,13.205468749999998,6.668749999999999,0,0,0,0
cEI,0.8,1,129,0.25,0.75,9.212304687500001,1.2816796875,1,13.205468749999998,3.9931640624999964,0,0,0,0
cEI,0.8,1,130,0.5,0.5,10.089374999999997,1.189375,1,13.205468749999998,3.116093750000001,0,0,0,0
cEI,0.8,1,131,0.75,0.0,2.814374999999999,1.7893750000000002,1,13.205468749999998,10.39109375,0,0,0,0
cEI,0.8,1,132,0.5,0.75,13.205468749999998,1.6223437500000002,1,13.205468749999998,0.0,1,1,1,1
cEI,0.8,1,133,0.75,0.5,12.123593750000001,1.9273437500000001,1,13.205468749999998,1.0818749999999966,0,0,0,1
cEI,0.8,1,134,0.25,0.75,9.212304687500001,1.2816796875,1,13.205468749999998,3.9931640624999964,0,0,0,0
cEI,0.8,1,135,0.75,0.25,7.777304687499998,1.7266796875000003,1,13.205468749999998,5.4281640625,0,0,0,0
cEI,0.8,1,136,0.0,0.25,0.88375,0.004374999999999976,1,13.205468749999998,12.321718749999999,0,0,0,0
cEI,0.8,1,137,0.5,0.5,10.089374999999997,1.189375,1,13.205468749999998,3.116093750000001,0,0,0,0
cEI,0.8,1,138,0.5,1.0,15.885000000000002,2.205,0,13.205468749999998,-2.6795312500000037,0,0,0,0
cEI,0.8,1,139,0.25,0.75,9.212304687500001,1.2816796875,1,13.205468749999998,3.9931640624999964,0,0,0,0
cEI,0.8,1,140,0.75,0.75,15.853242187500001,2.3913671875,0,13.205468749999998,-2.6477734375000033,0,0,0,0
cEI,0.8,1,141,0.0,1.0,4.930000000000001,2.1399999999999997,0,13.205468749999998,8.275468749999998,0,0,0,0
cEI,0.8,1,142,0.25,0.5,6.889843749999999,0.76609375,1,13.205468749999998,6.315624999999999,0,0,0,0
cEI,0.8,1,143,0.5,0.0,2.5475,0.7725000000000001,1,13.205468749999998,10.657968749999998,0,0,0,0
cEI,0.8,1,144,0.25,1.0,11.206249999999999,1.87875,1,13.205468749999998,1.999218749999999,0,0,0,1
cEI,0.8,1,145,0.25,0.75,9.212304687500001,1.2816796875,1,13.205468749999998,3.9931640624999964,0,0,0,0
cEI,0.8,1,146,0.75,0.5,12.123593750000001,1.9273437500000001,1,13.205468749999998,1.0818749999999966,0,0,0,1
cEI,0.8,1,147,0.25,0.75,9.212304687500001,1.2816796875,1,13.205468749999998,3.9931640624999964,0,0,0,0
cEI,0.8,1,148,0.0,0.0,-1.05,-0.59,1,13.205468749999998,14.255468749999999,0,0,0,0
cEI,0.8,1,149,0.5,0.5,10.089374999999997,1.189375,1,13.205468749999998,3.116093750000001,0,0,0,0
cEI,0.8,1,150,0.75,0.25,7.777304687499998,1.7266796875000003,1,13.205468749999998,5.4281640625,0,0,0,0
cEI,0.8,1,151,0.25,0.75,9.212304687500001,1.2816796875,1,13.205468749999998,3.9931640624999964,0,0,0,0
cEI,0.8,1,152,0.5,0.75,13.205468749999998,1.6223437500000002,1,13.205468749999998,0.0,1,1,1,1
cEI,0.8,1,153,0.0,0.75,3.8737500000000002,1.369375,1,13.205468749999998,9.331718749999997,0,0,0,0
cEI,0.8,1,154,0.25,0.75,9.212304687500001,1.2816796875,1,13.205468749999998,3.9931640624999964,0,0,0,0
cEI,0.8,1,155,0.5,0.75,13.205468749999998,1.6223437500000002,1,13.205468749999998,0.0,1,1,1,1
cEI,0.8,1,156,0.0,0.75,3.8737500000000002,1.369375,1,13.205468749999998,9.331718749999997,0,0,0,0
cEI,0.8,1,157,0.0,0.0,-1.05,-0.59,1,13.205468749999998,14.255468749999999,0,0,0,0
cEI,0.8,1,158,0.25,0.75,9.212304687500001,1.2816796875,1,13.205468749999998,3.9931640624999964,0,0,0,0
cEI,0.8,1,159,0.5,0.5,10.089374999999997,1.189375,1,13.205468749999998,3.116093750000001,0,0,0,0
cEI,0.8,1,160,0.5,0.5,10.089374999999997,1.189375,1,13.205468749999998,3.116093750000001,0,0,0,0
cEI,0.8,1,161,0.0,0.75,3.8737500000000002,1.369375,1,13.205468749999998,9.331718749999997,0,0,0,0
cEI,0.8,1,162,0.25,0.25,4.2388671874999995,0.3319921875,1,13.205468749999998,8.9666015625,0,0,0,0
cEI,0.8,1,163,0.25,0.75,9.212304687500001,1.2816796875,1,13.205468749999998,3.9931640624999964,0,0,0,0
cEI,0.8,1,164,0.5,1.0,15.885000000000002,2.205,0,13.205468749999998,-2.6795312500000037,0,0,0,0
cEI,0.8,1,165,0.25,0.75,9.212304687500001,1.2816796875,1,13.205468749999998,3.9931640624999964,0,0,0,0
cEI,0.8,1,166,0.25,0.0,1.259375,-0.02062499999999995,1,13.205468749999998,11.946093749999998,0,0,0,0
cEI,0.8,1,167,0.25,0.25,4.2388671874999995,0.3319921875,1,13.205468749999998,8.9666015625,0,0,0,0
cEI,0.8,1,168,0.5,0.25,6.536718749999999,0.90609375,1,13.205468749999998,6.668749999999999,0,0,0,0
cEI,0.8,1,169,0.25,0.75,9.212304687500001,1.2816796875,1,13.205468749999998,3.9931640624999964,0,0,0,0
cEI,0.8,1,170,0.75,0.5,12.123593750000001,1.9273437500000001,1,13.205468749999998,1.0818749999999966,0,0,0,1
cEI,0.8,1,171,0.25,0.5,6.889843749999999,0.76609375,1,13.205468749999998,6.315624999999999,0,0,0,0
cEI,0.8,1,172,0.5,0.75,13.205468749999998,1.6223437500000002,1,13.205468749999998,0.0,1,1,1,1
cEI,0.8,1,173,0.0,0.75,3.8737500000000002,1.369375,1,13.205468749999998,9.331718749999997,0,0,0,0
cEI,0.8,1,174,0.25,0.75,9.212304687500001,1.2816796875,1,13.205468749999998,3.9931640624999964,0,0,0,0
cEI,0.8,1,175,0.25,1.0,11.206249999999999,1.87875,1,13.205468749999998,1.999218749999999,0,0,0,1
cEI,0.8,1,176,0.5,0.5,10.089374999999997,1.189375,1,13.205468749999998,3.116093750000001,0,0,0,0
cEI,0.8,1,177,0.25,0.25,4.2388671874999995,0.3319921875,1,13.205468749999998,8.9666015625,0,0,0,0
cEI,0.8,1,178,0.25,0.75,9.212304687500001,1.2816796875,1,13.205468749999998,3.9931640624999964,0,0,0,0
cEI,0.8,1,179,0.5,0.5,10.089374999999997,1.189375,1,13.205468749999998,3.116093750000001,0,0,0,0
cEI,0.8,1,180,0.0,0.0,-1.05,-0.59,1,13.205468749999998,14.255468749999999,0,0,0,0
cEI,0.8,1,181,0.25,0.5,6.889843749999999,0.76609375,1,13.205468749999998,6.315624999999999,0,0,0,0
cEI,0.8,1,182,0.25,0.25,4.2388671874999995,0.3319921875,1,13.205468749999998,8.9666015625,0,0,0,0
cEI,0.8,1,183,0.5,0.5,10.089374999999997,1.189375,1,13.205468749999998,3.116093750000001,0,0,0,0
cEI,0.8,1,184,0.5,0.5,10.089374999999997,1.189375,1,13.205468749999998,3.116093750000001,0,0,0,0
cEI,0.8,1,185,0.75,0.25,7.777304687499998,1.7266796875000003,1,13.205468749999998,5.4281640625,0,0,0,0
cEI,0.8,1,186,0.25,1.0,11.206249999999999,1.87875,1,13.205468749999998,1.999218749999999,0,0,0,1
cEI,0.8,1,187,0.25,0.5,6.889843749999999,0.76609375,1,13.205468749999998,6.315624999999999,0,0,0,0
cEI,0.8,1,188,0.25,0.75,9.212304687500001,1.2816796875,1,13.205468749999998,3.9931640624999964,0,0,0,0
cEI,0.8,1,189,0.25,0.75,9.212304687500001,1.2816796875,1,13.205468749999998,3.9931640624999964,0,0,0,0
cEI,0.8,1,190,0.0,0.5,2.5250000000000004,0.6575,1,13.205468749999998,10.680468749999998,0,0,0,0
cEI,0.8,1,191,0.5,0.75,13.205468749999998,1.6223437500000002,1,13.205468749999998,0.0,1,1,1,1
cEI,0.8,1,192,0.5,0.5,10.089374999999997,1.189375,1,13.205468749999998,3.116093750000001,0,0,0,0
cEI,0.8,1,193,0.5,0.25,6.536718749999999,0.90609375,1,13.205468749999998,6.668749999999999,0,0,0,0
cEI,0.8,1,194,0.0,0.75,3.8737500000000002,1.369375,1,13.205468749999998,9.331718749999997,0,0,0,0
cEI,0.8,1,195,0.25,0.5,6.889843749999999,0.76609375,1,13.205468749999998,6.315624999999999,0,0,0,0
cEI,0.8,1,196,0.5,0.75,13.205468749999998,1.6223437500000002,1,13.205468749999998,0.0,1,1,1,1
cEI,0.8,1,197,0.25,0.75,9.212304687500001,1.2816796875,1,13.205468749999998,3.9931640624999964,0,0,0,0
cEI,0.8,1,198,0.25,0.75,9.212304687500001,1.2816796875,1,13.205468749999998,3.9931640624999964,0,0,0,0
cEI,0.8,1,199,0.25,0.75,9.212304687500001,1.2816796875,1,13.205468749999998,3.9931640624999964,0,0,0,0
cEI,0.9,0,0,0.25,0.5,4.9174999999999995,0.76609375,1,7.6792187499999995,2.76171875,0,0,0,0
cEI,0.9,0,1,0.0,0.5,3.4974999999999996,0.6575,1,7.6792187499999995,4.18171875,0,0,0,0
cEI,0.9,0,2,0.0,0.25,1.9693749999999999,0.004374999999999976,1,7.6792187499999995,5.709843749999999,0,0,0,0
cEI,0.9,0,3,0.0,0.25,1.9693749999999999,0.004374999999999976,1,7.6792187499999995,5.709843749999999,0,0,0,0
cEI,0.9,0,4,0.25,0.25,3.1067187499999993,0.3319921875,1,7.6792187499999995,4.5725,0,0,0,0
cEI,0.9,0,5,0.25,0.75,7.6792187499999995,1.2816796875,1,7.6792187499999995,0.0,1,1,1,1
cEI,0.9,0,6,0.0,0.25,1.9693749999999999,0.004374999999999976,1,7.6792187499999995,5.709843749999999,0,0,0,0
cEI,0.9,0,7,0.5,0.0,2.8075,0.7725000000000001,1,7.6792187499999995,4.871718749999999,0,0,0,0
cEI,0.9,0,8,0.0,0.5,3.4974999999999996,0.6575,1,7.6792187499999995,4.18171875,0,0,0,0
cEI,0.9,0,9,0.0,0.5,3.4974999999999996,0.6575,1,7.6792187499999995,4.18171875,0,0,0,0
cEI,0.9,0,10,0.25,0.75,7.6792187499999995,1.2816796875,1,7.6792187499999995,0.0,1,1,1,1
cEI,0.9,0,11,0.0,0.75,5.9643749999999995,1.369375,1,7.6792187499999995,1.71484375,0,0,0,1
cEI,0.9,0,12,0.25,0.5,4.9174999999999995,0.76609375,1,7.6792187499999995,2.76171875,0,0,0,0
cEI,0.9,0,13,0.0,0.0,1.38,-0.59,1,7.6792187499999995,6.29921875,0,0,0,0
cEI,0.9,0,14,0.75,0.25,4.499218749999999,1.7266796875000003,0,7.6792187499999995,3.1800000000000006,0,0,0,0
cEI,0.9,0,15,0.25,0.75,7.6792187499999995,1.2816796875,1,7.6792187499999995,0.0,1,1,1,1
cEI,0.9,0,16,0.25,0.5,4.9174999999999995,0.76609375,1,7.6792187499999995,2.76171875,0,0,0,0
cEI,0.9,0,17,0.25,0.5,4.9174999999999995,0.76609375,1,7.6792187499999995,2.76171875,0,0,0,0
cEI,0.9,0,18,0.0,0.5,3.4974999999999996,0.6575,1,7.6792187499999995,4.18171875,0,0,0,0
cEI,0.9,0,19,0.25,0.75,7.6792187499999995,1.2816796875,1,7.6792187499999995,0.0,1,1,1,1
cEI,0.9,0,20,0.0,0.5,3.4974999999999996,0.6575,1,7.6792187499999995,4.18171875,0,0,0,0
cEI,0.9,0,21,0.0,0.0,1.38,-0.59,1,7.6792187499999995,6.29921875,0,0,0,0
cEI,0.9,0,22,0.0,0.5,3.4974999999999996,0.6575,1,7.6792187499999995,4.18171875,0,0,0,0
cEI,0.9,0,23,0.5,0.5,6.08,1.189375,1,7.6792187499999995,1.5992187499999995,0,0,0,1
cEI,0.9,0,24,0.25,0.5,4.9174999999999995,0.76609375,1,7.6792187499999995,2.76171875,0,0,0,0
cEI,0.9,0,25,0.0,0.25,1.9693749999999999,0.004374999999999976,1,7.6792187499999995,5.709843749999999,0,0,0,0
cEI,0.9,0,26,0.0,0.0,1.38,-0.59,1,7.6792187499999995,6.29921875,0,0,0,0
cEI,0.9,0,27,0.5,0.25,3.9499999999999997,0.90609375,1,7.6792187499999995,3.72921875,0,0,0,0
cEI,0.9,0,28,0.25,0.5,4.9174999999999995,0.76609375,1,7.6792187499999995,2.76171875,0,0,0,0
cEI,0.9,0,29,0.5,0.0,2.8075,0.7725000000000001,1,7.6792187499999995,4.871718749999999,0,0,0,0
cEI,0.9,0,30,0.0,0.5,3.4974999999999996,0.6575,1,7.6792187499999995,4.18171875,0,0,0,0
cEI,0.9,0,31,0.25,0.5,4.9174999999999995,0.76609375,1,7.6792187499999995,2.76171875,0,0,0,0
cEI,0.9,0,32,0.25,0.0,2.2468749999999997,-0.02062499999999995,1,7.6792187499999995,5.432343749999999,0,0,0,0
cEI,0.9,0,33,0.25,0.5,4.9174999999999995,0.76609375,1,7.6792187499999995,2.76171875,0,0,0,0
cEI,0.9,0,34,0.25,0.5,4.9174999999999995,0.76609375,1,7.6792187499999995,2.76171875,0,0,0,0
cEI,0.9,0,35,0.25,0.0,2.2468749999999997,-0.02062499999999995,1,7.6792187499999995,5.432343749999999,0,0,0,0
cEI,0.9,0,36,0.0,0.5,3.4974999999999996,0.6575,1,7.6792187499999995,4.18171875,0,0,0,0
cEI,0.9,0,37,0.25,0.5,4.9174999999999995,0.76609375,1,7.6792187499999995,2.76171875,0,0,0,0
cEI,0.9,0,38,0.0,0.75,5.9643749999999995,1.369375,1,7.6792187499999995,1.71484375,0,0,0,1
cEI,0.9,0,39,0.0,1.0,9.37,2.1399999999999997,0,7.6792187499999995,-1.6907812499999997,0,0,0,0
cEI,0.9,0,40,0.0,0.25,1.9693749999999999,0.004374999999999976,1,7.6792187499999995,5.709843749999999,0,0,0,0
cEI,0.9,0,41,0.5,0.25,3.9499999999999997,0.90609375,1,7.6792187499999995,3.72921875,0,0,0,0
cEI,0.9,0,42,0.25,0.0,2.2468749999999997,-0.02062499999999995,1,7.6792187499999995,5.432343749999999,0,0,0,0
cEI,0.9,0,43,0.0,0.0,1.38,-0.59,1,7.6792187499999995,6.29921875,0,0,0,0
cEI,0.9,0,44,0.25,0.5,4.9174999999999995,0.76609375,1,7.6792187499999995,2.76171875,0,0,0,0
cEI,0.9,0,45,0.0,0.5,3.4974999999999996,0.6575,1,7.6792187499999995,4.18171875,0,0,0,0
cEI,0.9,0,46,0.5,0.0,2.8075,0.7725000000000001,1,7.6792187499999995,4.871718749999999,0,0,0,0
cEI,0.9,0,47,0.0,0.0,1.38,-0.59,1,7.6792187499999995,6.29921875,0,0,0,0
cEI,0.9,0,48,0.25,0.25,3.1067187499999993,0.3319921875,1,7.6792187499999995,4.5725,0,0,0,0
cEI,0.9,0,49,0.25,0.5,4.9174999999999995,0.76609375,1,7.6792187499999995,2.76171875,0,0,0,0
cEI,0.9,0,50,0.25,0.75,7.6792187499999995,1.2816796875,1,7.6792187499999995,0.0,1,1,1,1
cEI,0.9,0,51,0.0,0.5,3.4974999999999996,0.6575,1,7.6792187499999995,4.18171875,0,0,0,0
cEI,0.9,0,52,0.25,0.5,4.9174999999999995,0.76609375,1,7.6792187499999995,2.76171875,0,0,0,0
cEI,0.9,0,53,0.0,0.75,5.9643749999999995,1.369375,1,7.6792187499999995,1.71484375,0,0,0,1
cEI,0.9,0,54,0.0,0.0,1.38,-0.59,1,7.6792187499999995,6.29921875,0,0,0,0
cEI,0.9,0,55,0.25,0.75,7.6792187499999995,1.2816796875,1,7.6792187499999995,0.0,1,1,1,1
cEI,0.9,0,56,0.25,0.0,2.2468749999999997,-0.02062499999999995,1,7.6792187499999995,5.432343749999999,0,0,0,0
cEI,0.9,0,57,0.0,0.25,1.9693749999999999,0.004374999999999976,1,7.6792187499999995,5.709843749999999,0,0,0,0
cEI,0.9,0,58,0.5,0.5,6.08,1.189375,1,7.6792187499999995,1.5992187499999995,0,0,0,1
cEI,0.9,0,59,0.25,0.0,2.2468749999999997,-0.02062499999999995,1,7.6792187499999995,5.432343749999999,0,0,0,0
cEI,0.9,0,60,0.25,0.0,2.2468749999999997,-0.02062499999999995,1,7.6792187499999995,5.432343749999999,0,0,0,0
cEI,0.9,0,61,0.0,0.25,1.9693749999999999,0.004374999999999976,1,7.6792187499999995,5.709843749999999,0,0,0,0
cEI,0.9,0,62,0.5,0.5,6.08,1.189375,1,7.6792187499999995,1.5992187499999995,0,0,0,1
cEI,0.9,0,63,0.25,0.25,3.1067187499999993,0.3319921875,1,7.6792187499999995,4.5725,0,0,0,0
cEI,0.9,0,64,0.5,0.0,2.8075,0.7725000000000001,1,7.6792187499999995,4.871718749999999,0,0,0,0
cEI,0.9,0,65,0.0,0.5,3.4974999999999996,0.6575,1,7.6792187499999995,4.18171875,0,0,0,0
cEI,0.9,0,66,0.0,0.25,1.9693749999999999,0.004374999999999976,1,7.6792187499999995,5.709843749999999,0,0,0,0
cEI,0.9,0,67,0.25,0.0,2.2468749999999997,-0.02062499999999995,1,7.6792187499999995,5.432343749999999,0,0,0,0
cEI,0.9,0,68,0.0,0.5,3.4974999999999996,0.6575,1,7.6792187499999995,4.18171875,0,0,0,0
cEI,0.9,0,69,0.25,0.5,4.9174999999999995,0.76609375,1,7.6792187499999995,2.76171875,0,0,0,0
cEI,0.9,0,70,0.25,0.75,7.6792187499999995,1.2816796875,1,7.6792187499999995,0.0,1,1,1,1
cEI,0.9,0,71,0.25,0.0,2.2468749999999997,-0.02062499999999995,1,7.6792187499999995,5.432343749999999,0,0,0,0
cEI,0.9,0,72,0.25,0.0,2.2468749999999997,-0.02062499999999995,1,7.6792187499999995,5.432343749999999,0,0,0,0
cEI,0.9,0,73,0.0,0.25,1.9693749999999999,0.004374999999999976,1,7.6792187499999995,5.709843749999999,0,0,0,0
cEI,0.9,0,74,0.5,0.5,6.08,1.189375,1,7.6792187499999995,1.5992187499999995,0,0,0,1
cEI,0.9,0,75,0.5,0.0,2.8075,0.7725000000000001,1,7.6792187499999995,4.871718749999999,0,0,0,0
cEI,0.9,0,76,0.5,0.0,2.8075,0.7725000000000001,1,7.6792187499999995,4.871718749999999,0,0,0,0
cEI,0.9,0,77,0.25,0.5,4.9174999999999995,0.76609375,1,7.6792187499999995,2.76171875,0,0,0,0
cEI,0.9,0,78,0.0,0.0,1.38,-0.59,1,7.6792187499999995,6.29921875,0,0,0,0
cEI,0.9,0,79,0.25,0.25,3.1067187499999993,0.3319921875,1,7.6792187499999995,4.5725,0,0,0,0
cEI,0.9,0,80,0.0,0.0,1.38,-0.59,1,7.6792187499999995,6.29921875,0,0,0,0
cEI,0.9,0,81,0.0,0.0,1.38,-0.59,1,7.6792187499999995,6.29921875,0,0,0,0
cEI,0.9,0,82,0.5,0.0,2.8075,0.7725000000000001,1,7.6792187499999995,4.871718749999999,0,0,0,0
cEI,0.9,0,83,0.25,1.0,11.391874999999999,1.87875,0,7.6792187499999995,-3.7126562499999993,0,0,0,0
cEI,0.9,0,84,0.25,0.25,3.1067187499999993,0.3319921875,1,7.6792187499999995,4.5725,0,0,0,0
cEI,0.9,0,85,0.25,0.5,4.9174999999999995,0.76609375,1,7.6792187499999995,2.76171875,0,0,0,0
cEI,0.9,0,86,0.25,0.25,3.1067187499999993,0.3319921875,1,7.6792187499999995,4.5725,0,0,0,0
cEI,0.9,0,87,0.75,0.0,3.0618749999999992,1.7893750000000002,0,7.6792187499999995,4.61734375,0,0,0,0
cEI,0.9,0,88,0.5,0.25,3.9499999999999997,0.90609375,1,7.6792187499999995,3.72921875,0,0,0,0
cEI,0.9,0,89,0.0,0.5,3.4974999999999996,0.6575,1,7.6792187499999995,4.18171875,0,0,0,0
cEI,0.9,0,90,0.0,0.5,3.4974999999999996,0.6575,1,7.6792187499999995,4.18171875,0,0,0,0
cEI,0.9,0,91,0.0,0.75,5.9643749999999995,1.369375,1,7.6792187499999995,1.71484375,0,0,0,1
cEI,0.9,0,92,0.25,0.0,2.2468749999999997,-0.02062499999999995,1,7.6792187499999995,5.432343749999999,0,0,0,0
cEI,0.9,0,93,0.25,0.25,3.1067187499999993,0.3319921875,1,7.6792187499999995,4.5725,0,0,0,0
cEI,0.9,0,94,0.0,0.25,1.9693749999999999,0.004374999999999976,1,7.6792187499999995,5.709843749999999,0,0,0,0
cEI,0.9,0,95,0.25,0.5,4.9174999999999995,0.76609375,1,7.6792187499999995,2.76171875,0,0,0,0
cEI,0.9,0,96,0.0,0.0,1.38,-0.59,1,7.6792187499999995,6.29921875,0,0,0,0
cEI,0.9,0,97,0.25,0.5,4.9174999999999995,0.76609375,1,7.6792187499999995,2.76171875,0,0,0,0
cEI,0.9,0,98,0.5,0.0,2.8075,0.7725000000000001,1,7.6792187499999995,4.871718749999999,0,0,0,0
cEI,0.9,0,99,0.0,0.5,3.4974999999999996,0.6575,1,7.6792187499999995,4.18171875,0,0,0,0
cEI,0.9,0,100,0.5,0.25,3.9499999999999997,0.90609375,1,7.6792187499999995,3.72921875,0,0,0,0
cEI,0.9,0,101,0.25,0.0,2.2468749999999997,-0.02062499999999995,1,7.6792187499999995,5.432343749999999,0,0,0,0
cEI,0.9,0,102,0.0,0.5,3.4974999999999996,0.6575,1,7.6792187499999995,4.18171875,0,0,0,0
cEI,0.9,0,103,0.0,0.25,1.9693749999999999,0.004374999999999976,1,7.6792187499999995,5.709843749999999,0,0,0,0
cEI,0.9,0,104,0.0,0.5,3.4974999999999996,0.6575,1,7.6792187499999995,4.18171875,0,0,0,0
cEI,0.9,0,105,0.0,0.25,1.9693749999999999,0.004374999999999976,1,7.6792187499999995,5.709843749999999,0,0,0,0
cEI,0.9,0,106,0.25,0.25,3.1067187499999993,0.3319921875,1,7.6792187499999995,4.5725,0,0,0,0
cEI,0.9,0,107,0.0,0.0,1.38,-0.59,1,7.6792187499999995,6.29921875,0,0,0,0
cEI,0.9,0,108,0.25,0.5,4.9174999999999995,0.76609375,1,7.6792187499999995,2.76171875,0,0,0,0
cEI,0.9,0,109,0.5,0.0,2.8075,0.7725000000000001,1,7.6792187499999995,4.871718749999999,0,0,0,0
cEI,0.9,0,110,0.25,0.5,4.9174999999999995,0.76609375,1,7.6792187499999995,2.76171875,0,0,0,0
cEI,0.9,0,111,0.5,0.0,2.8075,0.7725000000000001,1,7.6792187499999995,4.871718749999999,0,0,0,0
cEI,0.9,0,112,0.0,0.0,1.38,-0.59,1,7.6792187499999995,6.29921875,0,0,0,0
cEI,0.9,0,113,0.0,0.5,3.4974999999999996,0.6575,1,7.6792187499999995,4.18171875,0,0,0,0
cEI,0.9,0,114,0.0,0.0,1.38,-0.59,1,7.6792187499999995,6.29921875,0,0,0,0
cEI,0.9,0,115,0.5,0.25,3.9499999999999997,0.90609375,1,7.6792187499999995,3.72921875,0,0,0,0
cEI,0.9,0,116,0.25,0.75,7.6792187499999995,1.2816796875,1,7.6792187499999995,0.0,1,1,1,1
cEI,0.9,0,117,0.25,0.5,4.9174999999999995,0.76609375,1,7.6792187499999995,2.76171875,0,0,0,0
cEI,0.9,0,118,0.25,0.5,4.9174999999999995,0.76609375,1,7.6792187499999995,2.76171875,0,0,0,0
cEI,0.9,0,119,0.5,0.0,2.8075,0.7725000000000001,1,7.6792187499999995,4.871718749999999,0,0,0,0
cEI,0.9,0,120,0.25,0.5,4.9174999999999995,0.76609375,1,7.6792187499999995,2.76171875,0,0,0,0
cEI,0.9,0,121,0.25,0.5,4.9174999999999995,0.76609375,1,7.6792187499999995,2.76171875,0,0,0,0
cEI,0.9,0,122,0.0,0.0,1.38,-0.59,1,7.6792187499999995,6.29921875,0,0,0,0
cEI,0.9,0,123,0.25,0.25,3.1067187499999993,0.3319921875,1,7.6792187499999995,4.5725,0,0,0,0
cEI,0.9,0,124,0.25,0.25,3.1067187499999993,0.3319921875,1,7.6792187499999995,4.5725,0,0,0,0
cEI,0.9,0,125,0.25,0.75,7.6792187499999995,1.2816796875,1,7.6792187499999995,0.0,1,1,1,1
cEI,0.9,0,126,0.25,0.0,2.2468749999999997,-0.02062499999999995,1,7.6792187499999995,5.432343749999999,0,0,0,0
cEI,0.9,0,127,0.0,0.5,3.4974999999999996,0.6575,1,7.6792187499999995,4.18171875,0,0,0,0
cEI,0.9,0,128,0.0,0.75,5.9643749999999995,1.369375,1,7.6792187499999995,1.71484375,0,0,0,1
cEI,0.9,0,129,0.0,0.25,1.9693749999999999,0.004374999999999976,1,7.6792187499999995,5.709843749999999,0,0,0,0
cEI,0.9,0,130,0.5,0.5,6.08,1.189375,1,7.6792187499999995,1.5992187499999995,0,0,0,1
cEI,0.9,0,131,1.0,0.5,7.632499999999999,2.9800000000000004,0,7.6792187499999995,0.04671875000000014,0,0,0,0
cEI,0.9,0,132,0.5,0.75,9.1975,1.6223437500000002,0,7.6792187499999995,-1.5182812500000002,0,0,0,0
cEI,0.9,0,133,0.5,0.5,6.08,1.189375,1,7.6792187499999995,1.5992187499999995,0,0,0,1
cEI,0.9,0,134,0.25,0.5,4.9174999999999995,0.76609375,1,7.6792187499999995,2.76171875,0,0,0,0
cEI,0.9,0,135,0.0,0.25,1.9693749999999999,0.004374999999999976,1,7.6792187499999995,5.709843749999999,0,0,0,0
cEI,0.9,0,136,0.0,0.25,1.9693749999999999,0.004374999999999976,1,7.6792187499999995,5.709843749999999,0,0,0,0
cEI,0.9,0,137,0.5,0.25,3.9499999999999997,0.90609375,1,7.6792187499999995,3.72921875,0,0,0,0
cEI,0.9,0,138,0.0,0.5,3.4974999999999996,0.6575,1,7.6792187499999995,4.18171875,0,0,0,0
cEI,0.9,0,139,0.25,0.5,4.9174999999999995,0.76609375,1,7.6792187499999995,2.76171875,0,0,0,0
cEI,0.9,0,140,0.0,0.0,1.38,-0.59,1,7.6792187499999995,6.29921875,0,0,0,0
cEI,0.9,0,141,0.0,0.0,1.38,-0.59,1,7.6792187499999995,6.29921875,0,0,0,0
cEI,0.9,0,142,0.5,1.0,13.302500000000002,2.205,0,7.6792187499999995,-5.6232812500000025,0,0,0,0
cEI,0.9,0,143,0.5,0.0,2.8075,0.7725000000000001,1,7.6792187499999995,4.871718749999999,0,0,0,0
cEI,0.9,0,144,1.0,0.0,3.01,3.0300000000000002,0,7.6792187499999995,4.66921875,0,0,0,0
cEI,0.9,0,145,0.5,0.25,3.9499999999999997,0.90609375,1,7.6792187499999995,3.72921875,0,0,0,0
cEI,0.9,0,146,0.5,0.25,3.9499999999999997,0.90609375,1,7.6792187499999995,3.72921875,0,0,0,0
cEI,0.9,0,147,0.0,0.0,1.38,-0.59,1,7.6792187499999995,6.29921875,0,0,0,0
cEI,0.9,0,148,0.25,0.5,4.9174999999999995,0.76609375,1,7.6792187499999995,2.76171875,0,0,0,0
cEI,0.9,0,149,0.25,0.5,4.9174999999999995,0.76609375,1,7.6792187499999995,2.76171875,0,0,0,0
cEI,0.9,0,150,0.5,0.25,3.9499999999999997,0.90609375,1,7.6792187499999995,3.72921875,0,0,0,0
cEI,0.9,0,151,0.0,0.0,1.38,-0.59,1,7.6792187499999995,6.29921875,0,0,0,0
cEI,0.9,0,152,0.5,0.0,2.8075,0.7725000000000001,1,7.6792187499999995,4.871718749999999,0,0,0,0
cEI,0.9,0,153,0.0,0.25,1.9693749999999999,0.004374999999999976,1,7.6792187499999995,5.709843749999999,0,0,0,0
cEI,0.9,0,154,0.25,0.75,7.6792187499999995,1.2816796875,1,7.6792187499999995,0.0,1,1,1,1
cEI,0.9,0,155,0.25,0.0,2.2468749999999997,-0.02062499999999995,1,7.6792187499999995,5.432343749999999,0,0,0,0
cEI,0.9,0,156,0.25,0.0,2.2468749999999997,-0.02062499999999995,1,7.6792187499999995,5.432343749999999,0,0,0,0
cEI,0.9,0,157,0.0,0.0,1.38,-0.59,1,7.6792187499999995,6.29921875,0,0,0,0
cEI,0.9,0,158,0.25,0.75,7.6792187499999995,1.2816796875,1,7.6792187499999995,0.0,1,1,1,1
cEI,0.9,0,159,0.5,0.75,9.1975,1.6223437500000002,0,7.6792187499999995,-1.5182812500000002,0,0,0,0
cEI,0.9,0,160,0.25,0.5,4.9174999999999995,0.76609375,1,7.6792187499999995,2.76171875,0,0,0,0
cEI,0.9,0,161,0.0,0.25,1.9693749999999999,0.004374999999999976,1,7.6792187499999995,5.709843749999999,0,0,0,0
cEI,0.9,0,162,0.25,0.25,3.1067187499999993,0.3319921875,1,7.6792187499999995,4.5725,0,0,0,0
cEI,0.9,0,163,0.0,0.5,3.4974999999999996,0.6575,1,7.6792187499999995,4.18171875,0,0,0,0
cEI,0.9,0,164,0.5,0.0,2.8075,0.7725000000000001,1,7.6792187499999995,4.871718749999999,0,0,0,0
cEI,0.9,0,165,0.25,0.5,4.9174999999999995,0.76609375,1,7.6792187499999995,2.76171875,0,0,0,0
cEI,0.9,0,166,0.0,0.25,1.9693749999999999,0.004374999999999976,1,7.6792187499999995,5.709843749999999,0,0,0,0
cEI,0.9,0,167,0.25,0.25,3.1067187499999993,0.3319921875,1,7.6792187499999995,4.5725,0,0,0,0
cEI,0.9,0,168,0.25,0.0,2.2468749999999997,-0.02062499999999995,1,7.6792187499999995,5.432343749999999,0,0,0,0
cEI,0.9,0,169,0.25,0.25,3.1067187499999993,0.3319921875,1,7.6792187499999995,4.5725,0,0,0,0
cEI,0.9,0,170,0.0,0.0,1.38,-0.59,1,7.6792187499999995,6.29921875,0,0,0,0
cEI,0.9,0,171,0.0,0.25,1.9693749999999999,0.004374999999999976,1,7.6792187499999995,5.709843749999999,0,0,0,0
cEI,0.9,0,172,0.25,0.5,4.9174999999999995,0.76609375,1,7.6792187499999995,2.76171875,0,0,0,0
cEI,0.9,0,173,0.0,0.5,3.4974999999999996,0.6575,1,7.6792187499999995,4.18171875,0,0,0,0
cEI,0.9,0,174,0.0,0.25,1.9693749999999999,0.004374999999999976,1,7.6792187499999995,5.709843749999999,0,0,0,0
cEI,0.9,0,175,0.25,0.5,4.9174999999999995,0.76609375,1,7.6792187499999995,2.76171875,0,0,0,0
cEI,0.9,0,176,0.5,0.25,3.9499999999999997,0.90609375,1,7.6792187499999995,3.72921875,0,0,0,0
cEI,0.9,0,177,0.0,0.25,1.9693749999999999,0.004374999999999976,1,7.6792187499999995,5.709843749999999,0,0,0,0
cEI,0.9,0,178,0.25,0.5,4.9174999999999995,0.76609375,1,7.6792187499999995,2.76171875,0,0,0,0
cEI,0.9,0,179,0.0,0.5,3.4974999999999996,0.6575,1,7.6792187499999995,4.18171875,0,0,0,0
cEI,0.9,0,180,0.5,0.25,3.9499999999999997,0.90609375,1,7.6792187499999995,3.72921875,0,0,0,0
cEI,0.9,0,181,0.25,0.5,4.9174999999999995,0.76609375,1,7.6792187499999995,2.76171875,0,0,0,0
cEI,0.9,0,182,0.0,0.25,1.9693749999999999,0.004374999999999976,1,7.6792187499999995,5.709843749999999,0,0,0,0
cEI,0.9,0,183,0.0,0.0,1.38,-0.59,1,7.6792187499999995,6.29921875,0,0,0,0
cEI,0.9,0,184,0.5,0.25,3.9499999999999997,0.90609375,1,7.6792187499999995,3.72921875,0,0,0,0
cEI,0.9,0,185,0.25,0.25,3.1067187499999993,0.3319921875,1,7.6792187499999995,4.5725,0,0,0,0
cEI,0.9,0,186,0.25,0.0,2.2468749999999997,-0.02062499999999995,1,7.6792187499999995,5.432343749999999,0,0,0,0
cEI,0.9,0,187,0.25,0.25,3.1067187499999993,0.3319921875,1,7.6792187499999995,4.5725,0,0,0,0
cEI,0.9,0,188,0.5,0.0,2.8075,0.7725000000000001,1,7.6792187499999995,4.871718749999999,0,0,0,0
cEI,0.9,0,189,0.0,0.5,3.4974999999999996,0.6575,1,7.6792187499999995,4.18171875,0,0,0,0
cEI,0.9,0,190,0.25,0.0,2.2468749999999997,-0.02062499999999995,1,7.6792187499999995,5.432343749999999,0,0,0,0
cEI,0.9,0,191,0.5,0.75,9.1975,1.6223437500000002,0,7.6792187499999995,-1.5182812500000002,0,0,0,0
cEI,0.9,0,192,0.25,0.75,7.6792187499999995,1.2816796875,1,7.6792187499999995,0.0,1,1,1,1
cEI,0.9,0,193,0.5,0.25,3.9499999999999997,0.90609375,1,7.6792187499999995,3.72921875,0,0,0,0
cEI,0.9,0,194,0.0,0.5,3.4974999999999996,0.6575,1,7.6792187499999995,4.18171875,0,0,0,0
cEI,0.9,0,195,0.25,0.0,2.2468749999999997,-0.02062499999999995,1,7.6792187499999995,5.432343749999999,0,0,0,0
cEI,0.9,0,196,0.25,0.25,3.1067187499999993,0.3319921875,1,7.6792187499999995,4.5725,0,0,0,0
cEI,0.9,0,197,0.25,0.0,2.2468749999999997,-0.02062499999999995,1,7.6792187499999995,5.432343749999999,0,0,0,0
cEI,0.9,0,198,0.25,0.5,4.9174999999999995,0.76609375,1,7.6792187499999995,2.76171875,0,0,0,0
cEI,0.9,0,199,0.25,0.0,2.2468749999999997,-0.02062499999999995,1,7.6792187499999995,5.432343749999999,0,0,0,0
cEI,0.9,1,0,0.25,0.75,9.212304687500001,1.2816796875,1,13.205468749999998,3.9931640624999964,0,0,0,0
cEI,0.9,1,1,0.25,0.75,9.212304687500001,1.2816796875,1,13.205468749999998,3.9931640624999964,0,0,0,0
cEI,0.9,1,2,0.25,1.0,11.206249999999999,1.87875,1,13.205468749999998,1.999218749999999,0,0,0,1
cEI,0.9,1,3,0.25,1.0,11.206249999999999,1.87875,1,13.205468749999998,1.999218749999999,0,0,0,1
cEI,0.9,1,4,0.25,0.75,9.212304687500001,1.2816796875,1,13.205468749999998,3.9931640624999964,0,0,0,0
cEI,0.9,1,5,0.25,1.0,11.206249999999999,1.87875,1,13.205468749999998,1.999218749999999,0,0,0,1
cEI,0.9,1,6,0.5,0.25,6.536718749999999,0.90609375,1,13.205468749999998,6.668749999999999,0,0,0,0
cEI,0.9,1,7,0.25,0.5,6.889843749999999,0.76609375,1,13.205468749999998,6.315624999999999,0,0,0,0
cEI,0.9,1,8,0.0,0.0,-1.05,-0.59,1,13.205468749999998,14.255468749999999,0,0,0,0
cEI,0.9,1,9,0.0,0.75,3.8737500000000002,1.369375,1,13.205468749999998,9.331718749999997,0,0,0,0
cEI,0.9,1,10,0.5,0.75,13.205468749999998,1.6223437500000002,1,13.205468749999998,0.0,1,1,1,1
cEI,0.9,1,11,0.0,0.75,3.8737500000000002,1.369375,1,13.205468749999998,9.331718749999997,0,0,0,0
cEI,0.9,1,12,0.25,0.75,9.212304687500001,1.2816796875,1,13.205468749999998,3.9931640624999964,0,0,0,0
cEI,0.9,1,13,0.5,0.5,10.089374999999997,1.189375,1,13.205468749999998,3.116093750000001,0,0,0,0
cEI,0.9,1,14,0.25,0.5,6.889843749999999,0.76609375,1,13.205468749999998,6.315624999999999,0,0,0,0
cEI,0.9,1,15,0.25,0.75,9.212304687500001,1.2816796875,1,13.205468749999998,3.9931640624999964,0,0,0,0
cEI,0.9,1,16,0.5,0.5,10.089374999999997,1.189375,1,13.205468749999998,3.116093750000001,0,0,0,0
cEI,0.9,1,17,0.5,0.5,10.089374999999997,1.189375,1,13.205468749999998,3.116093750000001,0,0,0,0
cEI,0.9,1,18,0.0,1.0,4.930000000000001,2.1399999999999997,0,13.205468749999998,8.275468749999998,0,0,0,0
cEI,0.9,1,19,0.25,0.75,9.212304687500001,1.2816796875,1,13.205468749999998,3.9931640624999964,0,0,0,0
cEI,0.9,1,20,0.0,0.75,3.8737500000000002,1.369375,1,13.205468749999998,9.331718749999997,0,0,0,0
cEI,0.9,1,21,0.0,0.0,-1.05,-0.59,1,13.205468749999998,14.255468749999999,0,0,0,0
cEI,0.9,1,22,0.0,0.5,2.5250000000000004,0.6575,1,13.205468749999998,10.680468749999998,0,0,0,0
cEI,0.9,1,23,0.5,0.5,10.089374999999997,1.189375,1,13.205468749999998,3.116093750000001,0,0,0,0
cEI,0.9,1,24,0.75,0.5,12.123593750000001,1.9273437500000001,1,13.205468749999998,1.0818749999999966,0,0,0,1
cEI,0.9,1,25,0.25,0.25,4.2388671874999995,0.3319921875,1,13.205468749999998,8.9666015625,0,0,0,0
cEI,0.9,1,26,0.75,0.5,12.123593750000001,1.9273437500000001,1,13.205468749999998,1.0818749999999966,0,0,0,1
cEI,0.9,1,27,0.5,0.25,6.536718749999999,0.90609375,1,13.205468749999998,6.668749999999999,0,0,0,0
cEI,0.9,1,28,0.25,0.5,6.889843749999999,0.76609375,1,13.205468749999998,6.315624999999999,0,0,0,0
cEI,0.9,1,29,0.5,0.25,6.536718749999999,0.90609375,1,13.205468749999998,6.668749999999999,0,0,0,0
cEI,0.9,1,30,0.0,0.75,3.8737500000000002,1.369375,1,13.205468749999998,9.331718749999997,0,0,0,0
cEI,0.9,1,31,0.25,0.75,9.212304687500001,1.2816796875,1,13.205468749999998,3.9931640624999964,0,0,0,0
cEI,0.9,1,32,0.25,0.0,1.259375,-0.02062499999999995,1,13.205468749999998,11.946093749999998,0,0,0,0
cEI,0.9,1,33,0.5,0.75,13.205468749999998,1.6223437500000002,1,13.205468749999998,0.0,1,1,1,1
cEI,0.9,1,34,0.25,0.5,6.889843749999999,0.76609375,1,13.205468749999998,6.315624999999999,0,0,0,0
cEI,0.9,1,35,0.25,0.75,9.212304687500001,1.2816796875,1,13.205468749999998,3.9931640624999964,0,0,0,0
cEI,0.9,1,36,0.25,0.75,9.212304687500001,1.2816796875,1,13.205468749999998,3.9931640624999964,0,0,0,0
cEI,0.9,1,37,0.25,0.5,6.889843749999999,0.76609375,1,13.205468749999998,6.315624999999999,0,0,0,0
cEI,0.9,1,38,0.0,0.5,2.5250000000000004,0.6575,1,13.205468749999998,10.680468749999998,0,0,0,0
cEI,0.9,1,39,0.25,0.5,6.889843749999999,0.76609375,1,13.205468749999998,6.315624999999999,0,0,0,0
cEI,0.9,1,40,0.5,0.0,2.5475,0.7725000000000001,1,13.205468749999998,10.657968749999998,0,0,0,0
cEI,0.9,1,41,0.25,0.75,9.212304687500001,1.2816796875,1,13.205468749999998,3.9931640624999964,0,0,0,0
cEI,0.9,1,42,0.5,0.0,2.5475,0.7725000000000001,1,13.205468749999998,10.657968749999998,0,0,0,0
cEI,0.9,1,43,0.5,0.5,10.089374999999997,1.189375,1,13.205468749999998,3.116093750000001,0,0,0,0
cEI,0.9,1,44,0.25,1.0,11.206249999999999,1.87875,1,13.205468749999998,1.999218749999999,0,0,0,1
cEI,0.9,1,45,0.75,0.25,7.777304687499998,1.7266796875000003,1,13.205468749999998,5.4281640625,0,0,0,0
cEI,0.9,1,46,0.25,1.0,11.206249999999999,1.87875,1,13.205468749999998,1.999218749999999,0,0,0,1
cEI,0.9,1,47,0.25,0.75,9.212304687500001,1.2816796875,1,13.205468749999998,3.9931640624999964,0,0,0,0
cEI,0.9,1,48,0.5,0.5,10.089374999999997,1.189375,1,13.205468749999998,3.116093750000001,0,0,0,0
cEI,0.9,1,49,0.5,0.25,6.536718749999999,0.90609375,1,13.205468749999998,6.668749999999999,0,0,0,0
cEI,0.9,1,50,0.25,0.75,9.212304687500001,1.2816796875,1,13.205468749999998,3.9931640624999964,0,0,0,0
cEI,0.9,1,51,0.25,0.25,4.2388671874999995,0.3319921875,1,13.205468749999998,8.9666015625,0,0,0,0
cEI,0.9,1,52,0.25,0.5,6.889843749999999,0.76609375,1,13.205468749999998,6.315624999999999,0,0,0,0
cEI,0.9,1,53,0.0,0.75,3.8737500000000002,1.369375,1,13.205468749999998,9.331718749999997,0,0,0,0
cEI,0.9,1,54,0.0,0.0,-1.05,-0.59,1,13.205468749999998,14.255468749999999,0,0,0,0
cEI,0.9,1,55,0.0,0.75,3.8737500000000002,1.369375,1,13.205468749999998,9.331718749999997,0,0,0,0
cEI,0.9,1,56,0.25,0.0,1.259375,-0.02062499999999995,1,13.205468749999998,11.946093749999998,0,0,0,0
cEI,0.9,1,57,0.75,0.25,7.777304687499998,1.7266796875000003,1,13.205468749999998,5.4281640625,0,0,0,0
cEI,0.9,1,58,0.5,0.5,10.089374999999997,1.189375,1,13.205468749999998,3.116093750000001,0,0,0,0
cEI,0.9,1,59,0.0,0.25,0.88375,0.004374999999999976,1,13.205468749999998,12.321718749999999,0,0,0,0
cEI,0.9,1,60,0.5,0.0,2.5475,0.7725000000000001,1,13.205468749999998,10.657968749999998,0,0,0,0
cEI,0.9,1,61,0.0,0.75,3.8737500000000002,1.369375,1,13.205468749999998,9.331718749999997,0,0,0,0
cEI,0.9,1,62,0.25,0.75,9.212304687500001,1.2816796875,1,13.205468749999998,3.9931640624999964,0,0,0,0
cEI,0.9,1,63,0.5,0.25,6.536718749999999,0.90609375,1,13.205468749999998,6.668749999999999,0,0,0,0
cEI,0.9,1,64,0.5,0.0,2.5475,0.7725000000000001,1,13.205468749999998,10.657968749999998,0,0,0,0
cEI,0.9,1,65,0.0,0.75,3.8737500000000002,1.369375,1,13.205468749999998,9.331718749999997,0,0,0,0
cEI,0.9,1,66,0.25,0.75,9.212304687500001,1.2816796875,1,13.205468749999998,3.9931640624999964,0,0,0,0
cEI,0.9,1,67,0.5,0.5,10.089374999999997,1.189375,1,13.205468749999998,3.116093750000001,0,0,0,0
cEI,0.9,1,68,0.25,0.0,1.259375,-0.02062499999999995,1,13.205468749999998,11.946093749999998,0,0,0,0
cEI,0.9,1,69,0.5,0.75,13.205468749999998,1.6223437500000002,1,13.205468749999998,0.0,1,1,1,1
cEI,0.9,1,70,0.25,0.5,6.889843749999999,0.76609375,1,13.205468749999998,6.315624999999999,0,0,0,0
cEI,0.9,1,71,0.25,0.5,6.889843749999999,0.76609375,1,13.205468749999998,6.315624999999999,0,0,0,0
cEI,0.9,1,72,0.5,1.0,15.885000000000002,2.205,0,13.205468749999998,-2.6795312500000037,0,0,0,0
cEI,0.9,1,73,0.25,0.5,6.889843749999999,0.76609375,1,13.205468749999998,6.315624999999999,0,0,0,0
cEI,0.9,1,74,0.25,0.5,6.889843749999999,0.76609375,1,13.205468749999998,6.315624999999999,0,0,0,0
cEI,0.9,1,75,0.25,0.5,6.889843749999999,0.76609375,1,13.205468749999998,6.315624999999999,0,0,0,0
cEI,0.9,1,76,0.25,0.0,1.259375,-0.02062499999999995,1,13.205468749999998,11.946093749999998,0,0,0,0
cEI,0.9,1,77,0.25,0.5,6.889843749999999,0.76609375,1,13.205468749999998,6.315624999999999,0,0,0,0
cEI,0.9,1,78,0.0,0.0,-1.05,-0.59,1,13.205468749999998,14.255468749999999,0,0,0,0
cEI,0.9,1,79,0.0,0.25,0.88375,0.004374999999999976,1,13.205468749999998,12.321718749999999,0,0,0,0
cEI,0.9,1,80,0.5,0.25,6.536718749999999,0.90609375,1,13.205468749999998,6.668749999999999,0,0,0,0
cEI,0.9,1,81,0.0,0.5,2.5250000000000004,0.6575,1,13.205468749999998,10.680468749999998,0,0,0,0
cEI,0.9,1,82,0.0,0.0,-1.05,-0.59,1,13.205468749999998,14.255468749999999,0,0,0,0
cEI,0.9,1,83,0.5,0.5,10.089374999999997,1.189375,1,13.205468749999998,3.116093750000001,0,0,0,0
cEI,0.9,1,84,0.0,0.0,-1.05,-0.59,1,13.205468749999998,14.255468749999999,0,0,0,0
cEI,0.9,1,85,0.75,0.5,12.123593750000001,1.9273437500000001,1,13.205468749999998,1.0818749999999966,0,0,0,1
cEI,0.9,1,86,0.25,0.5,6.889843749999999,0.76609375,1,13.205468749999998,6.315624999999999,0,0,0,0
cEI,0.9,1,87,0.25,0.25,4.2388671874999995,0.3319921875,1,13.205468749999998,8.9666015625,0,0,0,0
cEI,0.9,1,88,0.5,0.25,6.536718749999999,0.90609375,1,13.205468749999998,6.668749999999999,0,0,0,0
cEI,0.9,1,89,0.5,0.5,10.089374999999997,1.189375,1,13.205468749999998,3.116093750000001,0,0,0,0
cEI,0.9,1,90,0.0,0.75,3.8737500000000002,1.369375,1,13.205468749999998,9.331718749999997,0,0,0,0
cEI,0.9,1,91,0.25,0.75,9.212304687500001,1.2816796875,1,13.205468749999998,3.9931640624999964,0,0,0,0
cEI,0.9,1,92,0.25,0.75,9.212304687500001,1.2816796875,1,13.205468749999998,3.9931640624999964,0,0,0,0
cEI,0.9,1,93,0.5,0.25,6.536718749999999,0.90609375,1,13.205468749999998,6.668749999999999,0,0,0,0
cEI,0.9,1,94,0.25,0.25,4.2388671874999995,0.3319921875,1,13.205468749999998,8.9666015625,0,0,0,0
cEI,0.9,1,95,0.5,0.5,10.089374999999997,1.189375,1,13.205468749999998,3.116093750000001,0,0,0,0
cEI,0.9,1,96,0.0,0.75,3.8737500000000002,1.369375,1,13.205468749999998,9.331718749999997,0,0,0,0
cEI,0.9,1,97,0.25,0.75,9.212304687500001,1.2816796875,1,13.205468749999998,3.9931640624999964,0,0,0,0
cEI,0.9,1,98,0.25,0.25,4.2388671874999995,0.3319921875,1,13.205468749999998,8.9666015625,0,0,0,0
cEI,0.9,1,99,0.5,0.5,10.089374999999997,1.189375,1,13.205468749999998,3.116093750000001,0,0,0,0
cEI,0.9,1,100,0.5,0.25,6.536718749999999,0.90609375,1,13.205468749999998,6.668749999999999,0,0,0,0
cEI,0.9,1,101,0.25,0.25,4.2388671874999995,0.3319921875,1,13.205468749999998,8.9666015625,0,0,0,0
cEI,0.9,1,102,0.0,0.75,3.8737500000000002,1.369375,1,13.205468749999998,9.331718749999997,0,0,0,0
cEI,0.9,1,103,0.5,0.5,10.089374999999997,1.189375,1,13.205468749999998,3.116093750000001,0,0,0,0
cEI,0.9,1,104,0.25,0.75,9.212304687500001,1.2816796875,1,13.205468749999998,3.9931640624999964,0,0,0,0
cEI,0.9,1,105,0.75,0.25,7.777304687499998,1.7266796875000003,1,13.205468749999998,5.4281640625,0,0,0,0
cEI,0.9,1,106,0.25,0.5,6.889843749999999,0.76609375,1,13.205468749999998,6.315624999999999,0,0,0,0
cEI,0.9,1,107,0.0,0.0,-1.05,-0.59,1,13.205468749999998,14.255468749999999,0,0,0,0
cEI,0.9,1,108,0.25,0.5,6.889843749999999,0.76609375,1,13.205468749999998,6.315624999999999,0,0,0,0
cEI,0.9,1,109,0.25,0.75,9.212304687500001,1.2816796875,1,13.205468749999998,3.9931640624999964,0,0,0,0
cEI,0.9,1,110,0.25,1.0,11.206249999999999,1.87875,1,13.205468749999998,1.999218749999999,0,0,0,1
cEI,0.9,1,111,0.0,0.5,2.5250000000000004,0.6575,1,13.205468749999998,10.680468749999998,0,0,0,0
cEI,0.9,1,112,0.25,0.5,6.889843749999999,0.76609375,1,13.205468749999998,6.315624999999999,0,0,0,0
cEI,0.9,1,113,0.25,0.25,4.2388671874999995,0.3319921875,1,13.205468749999998,8.9666015625,0,0,0,0
cEI,0.9,1,114,0.5,0.75,13.205468749999998,1.6223437500000002,1,13.205468749999998,0.0,1,1,1,1
cEI,0.9,1,115,0.5,0.25,6.536718749999999,0.90609375,1,13.205468749999998,6.668749999999999,0,0,0,0
cEI,0.9,1,116,0.5,0.75,13.205468749999998,1.6223437500000002,1,13.205468749999998,0.0,1,1,1,1
cEI,0.9,1,117,0.5,0.25,6.536718749999999,0.90609375,1,13.205468749999998,6.668749999999999,0,0,0,0
cEI,0.9,1,118,0.25,0.5,6.889843749999999,0.76609375,1,13.205468749999998,6.315624999999999,0,0,0,0
cEI,0.9,1,119,0.5,0.5,10.089374999999997,1.189375,1,13.205468749999998,3.116093750000001,0,0,0,0
cEI,0.9,1,120,0.25,0.5,6.889843749999999,0.76609375,1,13.205468749999998,6.315624999999999,0,0,0,0
cEI,0.9,1,121,0.5,0.5,10.089374999999997,1.189375,1,13.205468749999998,3.116093750000001,0,0,0,0
cEI,0.9,1,122,0.0,0.0,-1.05,-0.59,1,13.205468749999998,14.255468749999999,0,0,0,0
cEI,0.9,1,123,0.25,0.0,1.259375,-0.02062499999999995,1,13.205468749999998,11.946093749999998,0,0,0,0
cEI,0.9,1,124,0.0,0.75,3.8737500000000002,1.369375,1,13.205468749999998,9.331718749999997,0,0,0,0
cEI,0.9,1,125,0.25,0.75,9.212304687500001,1.2816796875,1,13.205468749999998,3.9931640624999964,0,0,0,0
cEI,0.9,1,126,0.75,0.25,7.777304687499998,1.7266796875000003,1,13.205468749999998,5.4281640625,0,0,0,0
cEI,0.9,1,127,0.25,0.25,4.2388671874999995,0.3319921875,1,13.205468749999998,8.9666015625,0,0,0,0
cEI,0.9,1,128,0.25,0.75,9.212304687500001,1.2816796875,1,13.205468749999998,3.9931640624999964,0,0,0,0
cEI,0.9,1,129,0.0,0.5,2.5250000000000004,0.6575,1,13.205468749999998,10.680468749999998,0,0,0,0
cEI,0.9,1,130,0.5,0.5,10.089374999999997,1.189375,1,13.205468749999998,3.116093750000001,0,0,0,0
cEI,0.9,1,131,0.25,0.0,1.259375,-0.02062499999999995,1,13.205468749999998,11.946093749999998,0,0,0,0
cEI,0.9,1,132,0.5,0.75,13.205468749999998,1.6223437500000002,1,13.205468749999998,0.0,1,1,1,1
cEI,0.9,1,133,0.5,0.5,10.089374999999997,1.189375,1,13.205468749999998,3.116093750000001,0,0,0,0
cEI,0.9,1,134,0.25,0.75,9.212304687500001,1.2816796875,1,13.205468749999998,3.9931640624999964,0,0,0,0
cEI,0.9,1,135,0.25,1.0,11.206249999999999,1.87875,1,13.205468749999998,1.999218749999999,0,0,0,1
cEI,0.9,1,136,0.0,0.25,0.88375,0.004374999999999976,1,13.205468749999998,12.321718749999999,0,0,0,0
cEI,0.9,1,137,0.25,0.5,6.889843749999999,0.76609375,1,13.205468749999998,6.315624999999999,0,0,0,0
cEI,0.9,1,138,0.5,0.75,13.205468749999998,1.6223437500000002,1,13.205468749999998,0.0,1,1,1,1
cEI,0.9,1,139,0.5,0.5,10.089374999999997,1.189375,1,13.205468749999998,3.116093750000001,0,0,0,0
cEI,0.9,1,140,0.75,0.5,12.123593750000001,1.9273437500000001,1,13.205468749999998,1.0818749999999966,0,0,0,1
cEI,0.9,1,141,0.0,1.0,4.930000000000001,2.1399999999999997,0,13.205468749999998,8.275468749999998,0,0,0,0
cEI,0.9,1,142,0.25,0.0,1.259375,-0.02062499999999995,1,13.205468749999998,11.946093749999998,0,0,0,0
cEI,0.9,1,143,0.5,0.0,2.5475,0.7725000000000001,1,13.205468749999998,10.657968749999998,0,0,0,0
cEI,0.9,1,144,0.25,1.0,11.206249999999999,1.87875,1,13.205468749999998,1.999218749999999,0,0,0,1
cEI,0.9,1,145,0.75,0.25,7.777304687499998,1.7266796875000003,1,13.205468749999998,5.4281640625,0,0,0,0
cEI,0.9,1,146,0.5,0.5,10.089374999999997,1.189375,1,13.205468749999998,3.116093750000001,0,0,0,0
cEI,0.9,1,147,0.25,0.75,9.212304687500001,1.2816796875,1,13.205468749999998,3.9931640624999964,0,0,0,0
cEI,0.9,1,148,0.0,0.0,-1.05,-0.59,1,13.205468749999998,14.255468749999999,0,0,0,0
cEI,0.9,1,149,0.5,0.25,6.536718749999999,0.90609375,1,13.205468749999998,6.668749999999999,0,0,0,0
cEI,0.9,1,150,0.5,0.25,6.536718749999999,0.90609375,1,13.205468749999998,6.668749999999999,0,0,0,0
cEI,0.9,1,151,0.0,0.75,3.8737500000000002,1.369375,1,13.205468749999998,9.331718749999997,0,0,0,0
cEI,0.9,1,152,0.5,0.75,13.205468749999998,1.6223437500000002,1,13.205468749999998,0.0,1,1,1,1
cEI,0.9,1,153,0.25,0.5,6.889843749999999,0.76609375,1,13.205468749999998,6.315624999999999,0,0,0,0
cEI,0.9,1,154,0.25,0.75,9.212304687500001,1.2816796875,1,13.205468749999998,3.9931640624999964,0,0,0,0
cEI,0.9,1,155,0.5,0.5,10.089374999999997,1.189375,1,13.205468749999998,3.116093750000001,0,0,0,0
cEI,0.9,1,156,0.5,0.0,2.5475,0.7725000000000001,1,13.205468749999998,10.657968749999998,0,0,0,0
cEI,0.9,1,157,0.0,0.0,-1.05,-0.59,1,13.205468749999998,14.255468749999999,0,0,0,0
cEI,0.9,1,158,0.25,0.75,9.212304687500001,1.2816796875,1,13.205468749999998,3.9931640624999964,0,0,0,0
cEI,0.9,1,159,0.5,0.5,10.089374999999997,1.189375,1,13.205468749999998,3.116093750000001,0,0,0,0
cEI,0.9,1,160,0.5,0.5,10.089374999999997,1.189375,1,13.205468749999998,3.116093750000001,0,0,0,0
cEI,0.9,1,161,0.0,0.75,3.8737500000000002,1.369375,1,13.205468749999998,9.331718749999997,0,0,0,0
cEI,0.9,1,162,0.5,0.25,6.536718749999999,0.90609375,1,13.205468749999998,6.668749999999999,0,0,0,0
cEI,0.9,1,163,0.25,0.5,6.889843749999999,0.76609375,1,13.205468749999998,6.315624999999999,0,0,0,0
cEI,0.9,1,164,0.5,0.0,2.5475,0.7725000000000001,1,13.205468749999998,10.657968749999998,0,0,0,0
cEI,0.9,1,165,0.25,0.5,6.889843749999999,0.76609375,1,13.205468749999998,6.315624999999999,0,0,0,0
cEI,0.9,1,166,0.25,0.0,1.259375,-0.02062499999999995,1,13.205468749999998,11.946093749999998,0,0,0,0
cEI,0.9,1,167,0.25,0.25,4.2388671874999995,0.3319921875,1,13.205468749999998,8.9666015625,0,0,0,0
cEI,0.9,1,168,0.5,0.25,6.536718749999999,0.90609375,1,13.205468749999998,6.668749999999999,0,0,0,0
cEI,0.9,1,169,0.75,0.25,7.777304687499998,1.7266796875000003,1,13.205468749999998,5.4281640625,0,0,0,0
cEI,0.9,1,170,0.75,0.25,7.777304687499998,1.7266796875000003,1,13.205468749999998,5.4281640625,0,0,0,0
cEI,0.9,1,171,0.0,0.25,0.88375,0.004374999999999976,1,13.205468749999998,12.321718749999999,0,0,0,0
cEI,0.9,1,172,0.5,0.75,13.205468749999998,1.6223437500000002,1,13.205468749999998,0.0,1,1,1,1
cEI,0.9,1,173,0.0,0.75,3.8737500000000002,1.369375,1,13.205468749999998,9.331718749999997,0,0,0,0
cEI,0.9,1,174,0.25,0.75,9.212304687500001,1.2816796875,1,13.205468749999998,3.9931640624999964,0,0,0,0
cEI,0.9,1,175,0.25,1.0,11.206249999999999,1.87875,1,13.205468749999998,1.999218749999999,0,0,0,1
cEI,0.9,1,176,0.25,0.75,9.212304687500001,1.2816796875,1,13.205468749999998,3.9931640624999964,0,0,0,0
cEI,0.9,1,177,0.25,0.25,4.2388671874999995,0.3319921875,1,13.205468749999998,8.9666015625,0,0,0,0
cEI,0.9,1,178,0.25,0.0,1.259375,-0.02062499999999995,1,13.205468749999998,11.946093749999998,0,0,0,0
cEI,0.9,1,179,0.0,0.25,0.88375,0.004374999999999976,1,13.205468749999998,12.321718749999999,0,0,0,0
cEI,0.9,1,180,0.0,0.0,-1.05,-0.59,1,13.205468749999998,14.255468749999999,0,0,0,0
cEI,0.9,1,181,0.25,0.5,6.889843749999999,0.76609375,1,13.205468749999998,6.315624999999999,0,0,0,0
cEI,0.9,1,182,0.25,0.25,4.2388671874999995,0.3319921875,1,13.205468749999998,8.9666015625,0,0,0,0
cEI,0.9,1,183,0.25,0.0,1.259375,-0.02062499999999995,1,13.205468749999998,11.946093749999998,0,0,0,0
cEI,0.9,1,184,0.0,0.5,2.5250000000000004,0.6575,1,13.205468749999998,10.680468749999998,0,0,0,0
cEI,0.9,1,185,0.75,0.25,7.777304687499998,1.7266796875000003,1,13.205468749999998,5.4281640625,0,0,0,0
cEI,0.9,1,186,0.25,1.0,11.206249999999999,1.87875,1,13.205468749999998,1.999218749999999,0,0,0,1
cEI,0.9,1,187,0.25,0.5,6.889843749999999,0.76609375,1,13.205468749999998,6.315624999999999,0,0,0,0
cEI,0.9,1,188,0.25,0.5,6.889843749999999,0.76609375,1,13.205468749999998,6.315624999999999,0,0,0,0
cEI,0.9,1,189,0.25,0.75,9.212304687500001,1.2816796875,1,13.205468749999998,3.9931640624999964,0,0,0,0
cEI,0.9,1,190,0.5,0.0,2.5475,0.7725000000000001,1,13.205468749999998,10.657968749999998,0,0,0,0
cEI,0.9,1,191,0.25,0.75,9.212304687500001,1.2816796875,1,13.205468749999998,3.9931640624999964,0,0,0,0
cEI,0.9,1,192,0.5,0.5,10.089374999999997,1.189375,1,13.205468749999998,3.116093750000001,0,0,0,0
cEI,0.9,1,193,0.5,0.25,6.536718749999999,0.90609375,1,13.205468749999998,6.668749999999999,0,0,0,0
cEI,0.9,1,194,0.0,0.75,3.8737500000000002,1.369375,1,13.205468749999998,9.331718749999997,0,0,0,0
cEI,0.9,1,195,0.25,0.25,4.2388671874999995,0.3319921875,1,13.205468749999998,8.9666015625,0,0,0,0
cEI,0.9,1,196,0.5,0.75,13.205468749999998,1.6223437500000002,1,13.205468749999998,0.0,1,1,1,1
cEI,0.9,1,197,0.25,0.5,6.889843749999999,0.76609375,1,13.205468749999998,6.315624999999999,0,0,0,0
cEI,0.9,1,198,0.25,1.0,11.206249999999999,1.87875,1,13.205468749999998,1.999218749999999,0,0,0,1
cEI,0.9,1,199,0.25,0.75,9.212304687500001,1.2816796875,1,13.205468749999998,3.9931640624999964,0,0,0,0
cKG,0.5,0,0,0.5,0.5,6.08,1.189375,1,7.6792187499999995,1.5992187499999995,0,0,0,1
cKG,0.5,0,1,0.0,0.75,5.9643749999999995,1.369375,1,7.6792187499999995,1.71484375,0,0,0,1
cKG,0.5,0,2,1.0,0.25,4.7543750000000005,2.79375,0,7.6792187499999995,2.924843749999999,0,0,0,0
cKG,0.5,0,3,0.25,0.75,7.6792187499999995,1.2816796875,1,7.6792187499999995,0.0,1,1,1,1
cKG,0.5,0,4,0.25,0.75,7.6792187499999995,1.2816796875,1,7.6792187499999995,0.0,1,1,1,1
cKG,0.5,0,5,0.75,0.75,10.51921875,2.3913671875,0,7.6792187499999995,-2.8400000000000007,0,0,0,0
cKG,0.5,0,6,0.0,1.0,9.37,2.1399999999999997,0,7.6792187499999995,-1.6907812499999997,0,0,0,0
cKG,0.5,0,7,0.25,0.5,4.9174999999999995,0.76609375,1,7.6792187499999995,2.76171875,0,0,0,0
cKG,0.5,0,8,0.5,0.25,3.9499999999999997,0.90609375,1,7.6792187499999995,3.72921875,0,0,0,0
cKG,0.5,0,9,0.25,1.0,11.391874999999999,1.87875,0,7.6792187499999995,-3.7126562499999993,0,0,0,0
cKG,0.5,0,10,0.5,1.0,13.302500000000002,2.205,0,7.6792187499999995,-5.6232812500000025,0,0,0,0
cKG,0.5,0,11,0.5,0.5,6.08,1.189375,1,7.6792187499999995,1.5992187499999995,0,0,0,1
cKG,0.5,0,12,0.25,1.0,11.391874999999999,1.87875,0,7.6792187499999995,-3.7126562499999993,0,0,0,0
cKG,0.5,0,13,0.0,0.75,5.9643749999999995,1.369375,1,7.6792187499999995,1.71484375,0,0,0,1
cKG,0.5,0,14,0.5,0.5,6.08,1.189375,1,7.6792187499999995,1.5992187499999995,0,0,0,1
cKG,0.5,0,15,0.25,1.0,11.391874999999999,1.87875,0,7.6792187499999995,-3.7126562499999993,0,0,0,0
cKG,0.5,0,16,0.0,1.0,9.37,2.1399999999999997,0,7.6792187499999995,-1.6907812499999997,0,0,0,0
cKG,0.5,0,17,0.0,1.0,9.37,2.1399999999999997,0,7.6792187499999995,-1.6907812499999997,0,0,0,0
cKG,0.5,0,18,0.25,0.75,7.6792187499999995,1.2816796875,1,7.6792187499999995,0.0,1,1,1,1
cKG,0.5,0,19,0.0,0.0,1.38,-0.59,1,7.6792187499999995,6.29921875,0,0,0,0
cKG,0.5,0,20,0.5,1.0,13.302500000000002,2.205,0,7.6792187499999995,-5.6232812500000025,0,0,0,0
cKG,0.5,0,21,0.0,0.0,1.38,-0.59,1,7.6792187499999995,6.29921875,0,0,0,0
cKG,0.5,0,22,0.0,1.0,9.37,2.1399999999999997,0,7.6792187499999995,-1.6907812499999997,0,0,0,0
cKG,0.5,0,23,0.25,1.0,11.391874999999999,1.87875,0,7.6792187499999995,-3.7126562499999993,0,0,0,0
cKG,0.5,0,24,0.5,1.0,13.302500000000002,2.205,0,7.6792187499999995,-5.6232812500000025,0,0,0,0
cKG,0.5,0,25,0.25,0.5,4.9174999999999995,0.76609375,1,7.6792187499999995,2.76171875,0,0,0,0
cKG,0.5,0,26,0.75,0.0,3.0618749999999992,1.7893750000000002,0,7.6792187499999995,4.61734375,0,0,0,0
cKG,0.5,0,27,0.25,1.0,11.391874999999999,1.87875,0,7.6792187499999995,-3.7126562499999993,0,0,0,0
cKG,0.5,0,28,0.25,0.75,7.6792187499999995,1.2816796875,1,7.6792187499999995,0.0,1,1,1,1
cKG,0.5,0,29,0.25,0.5,4.9174999999999995,0.76609375,1,7.6792187499999995,2.76171875,0,0,0,0
cKG,0.5,0,30,0.0,0.75,5.9643749999999995,1.369375,1,7.6792187499999995,1.71484375,0,0,0,1
cKG,0.5,0,31,0.5,1.0,13.302500000000002,2.205,0,7.6792187499999995,-5.6232812500000025,0,0,0,0
cKG,0.5,0,32,0.0,1.0,9.37,2.1399999999999997,0,7.6792187499999995,-1.6907812499999997,0,0,0,0
cKG,0.5,0,33,0.0,0.5,3.4974999999999996,0.6575,1,7.6792187499999995,4.18171875,0,0,0,0
cKG,0.5,0,34,0.0,0.5,3.4974999999999996,0.6575,1,7.6792187499999995,4.18171875,0,0,0,0
cKG,0.5,0,35,0.75,0.75,10.51921875,2.3913671875,0,7.6792187499999995,-2.8400000000000007,0,0,0,0
cKG,0.5,0,36,0.75,0.0,3.0618749999999992,1.7893750000000002,0,7.6792187499999995,4.61734375,0,0,0,0
cKG,0.5,0,37,0.0,0.75,5.9643749999999995,1.369375,1,7.6792187499999995,1.71484375,0,0,0,1
cKG,0.5,0,38,0.25,1.0,11.391874999999999,1.87875,0,7.6792187499999995,-3.7126562499999993,0,0,0,0
cKG,0.5,0,39,0.5,0.75,9.1975,1.6223437500000002,0,7.6792187499999995,-1.5182812500000002,0,0,0,0
cKG,0.5,0,40,0.25,0.5,4.9174999999999995,0.76609375,1,7.6792187499999995,2.76171875,0,0,0,0
cKG,0.5,0,41,0.25,0.5,4.9174999999999995,0.76609375,1,7.6792187499999995,2.76171875,0,0,0,0
cKG,0.5,0,42,0.0,0.75,5.9643749999999995,1.369375,1,7.6792187499999995,1.71484375,0,0,0,1
cKG,0.5,0,43,0.5,0.5,6.08,1.189375,1,7.6792187499999995,1.5992187499999995,0,0,0,1
cKG,0.5,0,44,0.0,1.0,9.37,2.1399999999999997,0,7.6792187499999995,-1.6907812499999997,0,0,0,0
cKG,0.5,0,45,0.75,0.75,10.51921875,2.3913671875,0,7.6792187499999995,-2.8400000000000007,0,0,0,0
cKG,0.5,0,46,0.5,0.25,3.9499999999999997,0.90609375,1,7.6792187499999995,3.72921875,0,0,0,0
cKG,0.5,0,47,0.5,1.0,13.302500000000002,2.205,0,7.6792187499999995,-5.6232812500000025,0,0,0,0
cKG,0.5,0,48,0.25,0.75,7.6792187499999995,1.2816796875,1,7.6792187499999995,0.0,1,1,1,1
cKG,0.5,0,49,0.0,0.75,5.9643749999999995,1.369375,1,7.6792187499999995,1.71484375,0,0,0,1
cKG,0.5,0,50,0.25,0.75,7.6792187499999995,1.2816796875,1,7.6792187499999995,0.0,1,1,1,1
cKG,0.5,0,51,0.0,0.5,3.4974999999999996,0.6575,1,7.6792187499999995,4.18171875,0,0,0,0
cKG,0.5,0,52,0.0,1.0,9.37,2.1399999999999997,0,7.6792187499999995,-1.6907812499999997,0,0,0,0
cKG,0.5,0,53,0.0,0.75,5.9643749999999995,1.369375,1,7.6792187499999995,1.71484375,0,0,0,1
cKG,0.5,0,54,0.0,0.0,1.38,-0.59,1,7.6792187499999995,6.29921875,0,0,0,0
cKG,0.5,0,55,0.75,1.0,15.101875000000001,3.1187500000000004,0,7.6792187499999995,-7.422656250000002,0,0,0,0
cKG,0.5,0,56,0.25,0.0,2.2468749999999997,-0.02062499999999995,1,7.6792187499999995,5.432343749999999,0,0,0,0
cKG,0.5,0,57,0.5,0.75,9.1975,1.6223437500000002,0,7.6792187499999995,-1.5182812500000002,0,0,0,0
cKG,0.5,0,58,0.0,1.0,9.37,2.1399999999999997,0,7.6792187499999995,-1.6907812499999997,0,0,0,0
cKG,0.5,0,59,0.0,1.0,9.37,2.1399999999999997,0,7.6792187499999995,-1.6907812499999997,0,0,0,0
cKG,0.5,0,60,0.5,0.25,3.9499999999999997,0.90609375,1,7.6792187499999995,3.72921875,0,0,0,0
cKG,0.5,0,61,0.0,0.75,5.9643749999999995,1.369375,1,7.6792187499999995,1.71484375,0,0,0,1
cKG,0.5,0,62,0.5,1.0,13.302500000000002,2.205,0,7.6792187499999995,-5.6232812500000025,0,0,0,0
cKG,0.5,0,63,0.0,1.0,9.37,2.1399999999999997,0,7.6792187499999995,-1.6907812499999997,0,0,0,0
cKG,0.5,0,64,0.5,0.25,3.9499999999999997,0.90609375,1,7.6792187499999995,3.72921875,0,0,0,0
cKG,0.5,0,65,0.0,1.0,9.37,2.1399999999999997,0,7.6792187499999995,-1.6907812499999997,0,0,0,0
cKG,0.5,0,66,0.0,0.75,5.9643749999999995,1.369375,1,7.6792187499999995,1.71484375,0,0,0,1
cKG,0.5,0,67,0.25,1.0,11.391874999999999,1.87875,0,7.6792187499999995,-3.7126562499999993,0,0,0,0
cKG,0.5,0,68,0.5,0.5,6.08,1.189375,1,7.6792187499999995,1.5992187499999995,0,0,0,1
cKG,0.5,0,69,0.5,0.75,9.1975,1.6223437500000002,0,7.6792187499999995,-1.5182812500000002,0,0,0,0
cKG,0.5,0,70,0.25,0.75,7.6792187499999995,1.2816796875,1,7.6792187499999995,0.0,1,1,1,1
cKG,0.5,0,71,0.0,1.0,9.37,2.1399999999999997,0,7.6792187499999995,-1.6907812499999997,0,0,0,0
cKG,0.5,0,72,0.25,1.0,11.391874999999999,1.87875,0,7.6792187499999995,-3.7126562499999993,0,0,0,0
cKG,0.5,0,73,0.25,0.75,7.6792187499999995,1.2816796875,1,7.6792187499999995,0.0,1,1,1,1
cKG,0.5,0,74,0.25,0.75,7.6792187499999995,1.2816796875,1,7.6792187499999995,0.0,1,1,1,1
cKG,0.5,0,75,0.5,0.25,3.9499999999999997,0.90609375,1,7.6792187499999995,3.72921875,0,0,0,0
cKG,0.5,0,76,0.25,1.0,11.391874999999999,1.87875,0,7.6792187499999995,-3.7126562499999993,0,0,0,0
cKG,0.5,0,77,0.5,0.5,6.08,1.189375,1,7.6792187499999995,1.5992187499999995,0,0,0,1
cKG,0.5,0,78,0.0,0.0,1.38,-0.59,1,7.6792187499999995,6.29921875,0,0,0,0
cKG,0.5,0,79,0.0,1.0,9.37,2.1399999999999997,0,7.6792187499999995,-1.6907812499999997,0,0,0,0
cKG,0.5,0,80,0.0,0.5,3.4974999999999996,0.6575,1,7.6792187499999995,4.18171875,0,0,0,0
cKG,0.5,0,81,0.25,1.0,11.391874999999999,1.87875,0,7.6792187499999995,-3.7126562499999993,0,0,0,0
cKG,0.5,0,82,0.25,0.5,4.9174999999999995,0.76609375,1,7.6792187499999995,2.76171875,0,0,0,0
cKG,0.5,0,83,0.5,0.5,6.08,1.189375,1,7.6792187499999995,1.5992187499999995,0,0,0,1
cKG,0.5,0,84,0.25,0.25,3.1067187499999993,0.3319921875,1,7.6792187499999995,4.5725,0,0,0,0
cKG,0.5,0,85,0.25,0.75,7.6792187499999995,1.2816796875,1,7.6792187499999995,0.0,1,1,1,1
cKG,0.5,0,86,0.25,1.0,11.391874999999999,1.87875,0,7.6792187499999995,-3.7126562499999993,0,0,0,0
cKG,0.5,0,87,0.75,0.25,4.499218749999999,1.7266796875000003,0,7.6792187499999995,3.1800000000000006,0,0,0,0
cKG,0.5,0,88,0.5,0.5,6.08,1.189375,1,7.6792187499999995,1.5992187499999995,0,0,0,1
cKG,0.5,0,89,0.5,0.75,9.1975,1.6223437500000002,0,7.6792187499999995,-1.5182812500000002,0,0,0,0
cKG,0.5,0,90,0.5,0.75,9.1975,1.6223437500000002,0,7.6792187499999995,-1.5182812500000002,0,0,0,0
cKG,0.5,0,91,0.25,0.5,4.9174999999999995,0.76609375,1,7.6792187499999995,2.76171875,0,0,0,0
cKG,0.5,0,92,0.25,0.5,4.9174999999999995,0.76609375,1,7.6792187499999995,2.76171875,0,0,0,0
cKG,0.5,0,93,0.0,0.5,3.4974999999999996,0.6575,1,7.6792187499999995,4.18171875,0,0,0,0
cKG,0.5,0,94,0.5,0.25,3.9499999999999997,0.90609375,1,7.6792187499999995,3.72921875,0,0,0,0
cKG,0.5,0,95,0.0,0.25,1.9693749999999999,0.004374999999999976,1,7.6792187499999995,5.709843749999999,0,0,0,0
cKG,0.5,0,96,0.25,1.0,11.391874999999999,1.87875,0,7.6792187499999995,-3.7126562499999993,0,0,0,0
cKG,0.5,0,97,0.5,1.0,13.302500000000002,2.205,0,7.6792187499999995,-5.6232812500000025,0,0,0,0
cKG,0.5,0,98,0.25,0.5,4.9174999999999995,0.76609375,1,7.6792187499999995,2.76171875,0,0,0,0
cKG,0.5,0,99,0.0,0.75,5.9643749999999995,1.369375,1,7.6792187499999995,1.71484375,0,0,0,1
cKG,0.5,0,100,0.0,1.0,9.37,2.1399999999999997,0,7.6792187499999995,-1.6907812499999997,0,0,0,0
cKG,0.5,0,101,0.5,0.5,6.08,1.189375,1,7.6792187499999995,1.5992187499999995,0,0,0,1
cKG,0.5,0,102,0.0,0.75,5.9643749999999995,1.369375,1,7.6792187499999995,1.71484375,0,0,0,1
cKG,0.5,0,103,0.25,1.0,11.391874999999999,1.87875,0,7.6792187499999995,-3.7126562499999993,0,0,0,0
cKG,0.5,0,104,0.5,0.0,2.8075,0.7725000000000001,1,7.6792187499999995,4.871718749999999,0,0,0,0
cKG,0.5,0,105,0.5,0.5,6.08,1.189375,1,7.6792187499999995,1.5992187499999995,0,0,0,1
cKG,0.5,0,106,0.5,0.25,3.9499999999999997,0.90609375,1,7.6792187499999995,3.72921875,0,0,0,0
cKG,0.5,0,107,0.0,0.0,1.38,-0.59,1,7.6792187499999995,6.29921875,0,0,0,0
cKG,0.5,0,108,0.0,0.5,3.4974999999999996,0.6575,1,7.6792187499999995,4.18171875,0,0,0,0
cKG,0.5,0,109,0.25,1.0,11.391874999999999,1.87875,0,7.6792187499999995,-3.7126562499999993,0,0,0,0
cKG,0.5,0,110,0.25,1.0,11.391874999999999,1.87875,0,7.6792187499999995,-3.7126562499999993,0,0,0,0
cKG,0.5,0,111,0.25,0.25,3.1067187499999993,0.3319921875,1,7.6792187499999995,4.5725,0,0,0,0
cKG,0.5,0,112,0.0,0.75,5.9643749999999995,1.369375,1,7.6792187499999995,1.71484375,0,0,0,1
cKG,0.5,0,113,0.5,0.75,9.1975,1.6223437500000002,0,7.6792187499999995,-1.5182812500000002,0,0,0,0
cKG,0.5,0,114,0.5,1.0,13.302500000000002,2.205,0,7.6792187499999995,-5.6232812500000025,0,0,0,0
cKG,0.5,0,115,0.25,0.75,7.6792187499999995,1.2816796875,1,7.6792187499999995,0.0,1,1,1,1
cKG,0.5,0,116,0.5,1.0,13.302500000000002,2.205,0,7.6792187499999995,-5.6232812500000025,0,0,0,0
cKG,0.5,0,117,0.0,0.75,5.9643749999999995,1.369375,1,7.6792187499999995,1.71484375,0,0,0,1
cKG,0.5,0,118,0.0,1.0,9.37,2.1399999999999997,0,7.6792187499999995,-1.6907812499999997,0,0,0,0
cKG,0.5,0,119,0.5,0.5,6.08,1.189375,1,7.6792187499999995,1.5992187499999995,0,0,0,1
cKG,0.5,0,120,0.25,0.75,7.6792187499999995,1.2816796875,1,7.6792187499999995,0.0,1,1,1,1
cKG,0.5,0,121,0.25,0.75,7.6792187499999995,1.2816796875,1,7.6792187499999995,0.0,1,1,1,1
cKG,0.5,0,122,0.5,0.5,6.08,1.189375,1,7.6792187499999995,1.5992187499999995,0,0,0,1
cKG,0.5,0,123,0.25,1.0,11.391874999999999,1.87875,0,7.6792187499999995,-3.7126562499999993,0,0,0,0
cKG,0.5,0,124,0.25,0.75,7.6792187499999995,1.2816796875,1,7.6792187499999995,0.0,1,1,1,1
cKG,0.5,0,125,0.25,0.75,7.6792187499999995,1.2816796875,1,7.6792187499999995,0.0,1,1,1,1
cKG,0.5,0,126,0.5,0.25,3.9499999999999997,0.90609375,1,7.6792187499999995,3.72921875,0,0,0,0
cKG,0.5,0,127,0.25,0.5,4.9174999999999995,0.76609375,1,7.6792187499999995,2.76171875,0,0,0,0
cKG,0.5,0,128,0.5,0.0,2.8075,0.7725000000000001,1,7.6792187499999995,4.871718749999999,0,0,0,0
cKG,0.5,0,129,0.25,0.75,7.6792187499999995,1.2816796875,1,7.6792187499999995,0.0,1,1,1,1
cKG,0.5,0,130,0.5,0.75,9.1975,1.6223437500000002,0,7.6792187499999995,-1.5182812500000002,0,0,0,0
cKG,0.5,0,131,0.25,0.0,2.2468749999999997,-0.02062499999999995,1,7.6792187499999995,5.432343749999999,0,0,0,0
cKG,0.5,0,132,0.0,1.0,9.37,2.1399999999999997,0,7.6792187499999995,-1.6907812499999997,0,0,0,0
cKG,0.5,0,133,0.25,0.75,7.6792187499999995,1.2816796875,1,7.6792187499999995,0.0,1,1,1,1
cKG,0.5,0,134,0.25,0.75,7.6792187499999995,1.2816796875,1,7.6792187499999995,0.0,1,1,1,1
cKG,0.5,0,135,0.0,1.0,9.37,2.1399999999999997,0,7.6792187499999995,-1.6907812499999997,0,0,0,0
cKG,0.5,0,136,0.0,0.75,5.9643749999999995,1.369375,1,7.6792187499999995,1.71484375,0,0,0,1
cKG,0.5,0,137,0.25,0.5,4.9174999999999995,0.76609375,1,7.6792187499999995,2.76171875,0,0,0,0
cKG,0.5,0,138,0.25,0.75,7.6792187499999995,1.2816796875,1,7.6792187499999995,0.0,1,1,1,1
cKG,0.5,0,139,0.25,0.75,7.6792187499999995,1.2816796875,1,7.6792187499999995,0.0,1,1,1,1
cKG,0.5,0,140,0.5,0.5,6.08,1.189375,1,7.6792187499999995,1.5992187499999995,0,0,0,1
cKG,0.5,0,141,0.25,1.0,11.391874999999999,1.87875,0,7.6792187499999995,-3.7126562499999993,0,0,0,0
cKG,0.5,0,142,0.5,0.5,6.08,1.189375,1,7.6792187499999995,1.5992187499999995,0,0,0,1
cKG,0.5,0,143,0.5,0.25,3.9499999999999997,0.90609375,1,7.6792187499999995,3.72921875,0,0,0,0
cKG,0.5,0,144,0.25,1.0,11.391874999999999,1.87875,0,7.6792187499999995,-3.7126562499999993,0,0,0,0
cKG,0.5,0,145,0.25,0.75,7.6792187499999995,1.2816796875,1,7.6792187499999995,0.0,1,1,1,1
cKG,0.5,0,146,0.75,0.5,6.985,1.9273437500000001,0,7.6792187499999995,0.6942187499999992,0,0,0,0
cKG,0.5,0,147,0.25,0.75,7.6792187499999995,1.2816796875,1,7.6792187499999995,0.0,1,1,1,1
cKG,0.5,0,148,0.25,1.0,11.391874999999999,1.87875,0,7.6792187499999995,-3.7126562499999993,0,0,0,0
cKG,0.5,0,149,0.25,0.75,7.6792187499999995,1.2816796875,1,7.6792187499999995,0.0,1,1,1,1
cKG,0.5,0,150,0.75,0.0,3.0618749999999992,1.7893750000000002,0,7.6792187499999995,4.61734375,0,0,0,0
cKG,0.5,0,151,0.25,0.5,4.9174999999999995,0.76609375,1,7.6792187499999995,2.76171875,0,0,0,0
cKG,0.5,0,152,0.25,0.75,7.6792187499999995,1.2816796875,1,7.6792187499999995,0.0,1,1,1,1
cKG,0.5,0,153,0.25,1.0,11.391874999999999,1.87875,0,7.6792187499999995,-3.7126562499999993,0,0,0,0
cKG,0.5,0,154,0.25,0.75,7.6792187499999995,1.2816796875,1,7.6792187499999995,0.0,1,1,1,1
cKG,0.5,0,155,0.0,0.75,5.9643749999999995,1.369375,1,7.6792187499999995,1.71484375,0,0,0,1
cKG,0.5,0,156,0.0,0.5,3.4974999999999996,0.6575,1,7.6792187499999995,4.18171875,0,0,0,0
cKG,0.5,0,157,0.25,0.25,3.1067187499999993,0.3319921875,1,7.6792187499999995,4.5725,0,0,0,0
cKG,0.5,0,158,0.5,0.75,9.1975,1.6223437500000002,0,7.6792187499999995,-1.5182812500000002,0,0,0,0
cKG,0.5,0,159,0.25,0.5,4.9174999999999995,0.76609375,1,7.6792187499999995,2.76171875,0,0,0,0
cKG,0.5,0,160,0.5,0.25,3.9499999999999997,0.90609375,1,7.6792187499999995,3.72921875,0,0,0,0
cKG,0.5,0,161,0.0,0.25,1.9693749999999999,0.004374999999999976,1,7.6792187499999995,5.709843749999999,0,0,0,0
cKG,0.5,0,162,0.0,0.75,5.9643749999999995,1.369375,1,7.6792187499999995,1.71484375,0,0,0,1
cKG,0.5,0,163,0.5,0.5,6.08,1.189375,1,7.6792187499999995,1.5992187499999995,0,0,0,1
cKG,0.5,0,164,0.5,0.75,9.1975,1.6223437500000002,0,7.6792187499999995,-1.5182812500000002,0,0,0,0
cKG,0.5,0,165,0.25,0.75,7.6792187499999995,1.2816796875,1,7.6792187499999995,0.0,1,1,1,1
cKG,0.5,0,166,0.25,1.0,11.391874999999999,1.87875,0,7.6792187499999995,-3.7126562499999993,0,0,0,0
cKG,0.5,0,167,0.0,1.0,9.37,2.1399999999999997,0,7.6792187499999995,-1.6907812499999997,0,0,0,0
cKG,0.5,0,168,0.25,0.75,7.6792187499999995,1.2816796875,1,7.6792187499999995,0.0,1,1,1,1
cKG,0.5,0,169,0.25,0.5,4.9174999999999995,0.76609375,1,7.6792187499999995,2.76171875,0,0,0,0
cKG,0.5,0,170,0.5,0.0,2.8075,0.7725000000000001,1,7.6792187499999995,4.871718749999999,0,0,0,0
cKG,0.5,0,171,0.5,0.5,6.08,1.189375,1,7.6792187499999995,1.5992187499999995,0,0,0,1
cKG,0.5,0,172,0.0,0.0,1.38,-0.59,1,7.6792187499999995,6.29921875,0,0,0,0
cKG,0.5,0,173,0.0,0.5,3.4974999999999996,0.6575,1,7.6792187499999995,4.18171875,0,0,0,0
cKG,0.5,0,174,0.0,0.75,5.9643749999999995,1.369375,1,7.6792187499999995,1.71484375,0,0,0,1
cKG,0.5,0,175,0.25,0.5,4.9174999999999995,0.76609375,1,7.6792187499999995,2.76171875,0,0,0,0
cKG,0.5,0,176,0.5,0.25,3.9499999999999997,0.90609375,1,7.6792187499999995,3.72921875,0,0,0,0
cKG,0.5,0,177,0.5,0.0,2.8075,0.7725000000000001,1,7.6792187499999995,4.871718749999999,0,0,0,0
cKG,0.5,0,178,0.25,0.75,7.6792187499999995,1.2816796875,1,7.6792187499999995,0.0,1,1,1,1
cKG,0.5,0,179,0.5,0.25,3.9499999999999997,0.90609375,1,7.6792187499999995,3.72921875,0,0,0,0
cKG,0.5,0,180,0.75,0.25,4.499218749999999,1.7266796875000003,0,7.6792187499999995,3.1800000000000006,0,0,0,0
cKG,0.5,0,181,0.0,0.75,5.9643749999999995,1.369375,1,7.6792187499999995,1.71484375,0,0,0,1
cKG,0.5,0,182,0.0,1.0,9.37,2.1399999999999997,0,7.6792187499999995,-1.6907812499999997,0,0,0,0
cKG,0.5,0,183,0.75,0.5,6.985,1.9273437500000001,0,7.6792187499999995,0.6942187499999992,0,0,0,0
cKG,0.5,0,184,0.5,0.25,3.9499999999999997,0.90609375,1,7.6792187499999995,3.72921875,0,0,0,0
cKG,0.5,0,185,1.0,1.0,16.79,4.62,0,7.6792187499999995,-9.110781249999999,0,0,0,0
cKG,0.5,0,186,0.75,0.5,6.985,1.9273437500000001,0,7.6792187499999995,0.6942187499999992,0,0,0,0
cKG,0.5,0,187,0.25,0.5,4.9174999999999995,0.76609375,1,7.6792187499999995,2.76171875,0,0,0,0
cKG,0.5,0,188,0.5,0.25,3.9499999999999997,0.90609375,1,7.6792187499999995,3.72921875,0,0,0,0
cKG,0.5,0,189,0.25,0.75,7.6792187499999995,1.2816796875,1,7.6792187499999995,0.0,1,1,1,1
cKG,0.5,0,190,0.0,0.5,3.4974999999999996,0.6575,1,7.6792187499999995,4.18171875,0,0,0,0
cKG,0.5,0,191,0.5,1.0,13.302500000000002,2.205,0,7.6792187499999995,-5.6232812500000025,0,0,0,0
cKG,0.5,0,192,0.25,1.0,11.391874999999999,1.87875,0,7.6792187499999995,-3.7126562499999993,0,0,0,0
cKG,0.5,0,193,0.25,0.25,3.1067187499999993,0.3319921875,1,7.6792187499999995,4.5725,0,0,0,0
cKG,0.5,0,194,0.5,0.5,6.08,1.189375,1,7.6792187499999995,1.5992187499999995,0,0,0,1
cKG,0.5,0,195,0.25,0.75,7.6792187499999995,1.2816796875,1,7.6792187499999995,0.0,1,1,1,1
cKG,0.5,0,196,0.5,0.5,6.08,1.189375,1,7.6792187499999995,1.5992187499999995,0,0,0,1
cKG,0.5,0,197,0.25,0.75,7.6792187499999995,1.2816796875,1,7.6792187499999995,0.0,1,1,1,1
cKG,0.5,0,198,0.25,1.0,11.391874999999999,1.87875,0,7.6792187499999995,-3.7126562499999993,0,0,0,0
cKG,0.5,0,199,0.0,0.5,3.4974999999999996,0.6575,1,7.6792187499999995,4.18171875,0,0,0,0
cKG,0.5,1,0,0.0,1.0,4.930000000000001,2.1399999999999997,0,13.205468749999998,8.275468749999998,0,0,0,0
cKG,0.5,1,1,0.5,1.0,15.885000000000002,2.205,0,13.205468749999998,-2.6795312500000037,0,0,0,0
cKG,0.5,1,2,0.5,0.75,13.205468749999998,1.6223437500000002,1,13.205468749999998,0.0,1,1,1,1
cKG,0.5,1,3,0.75,0.25,7.777304687499998,1.7266796875000003,1,13.205468749999998,5.4281640625,0,0,0,0
cKG,0.5,1,4,0.5,0.5,10.089374999999997,1.189375,1,13.205468749999998,3.116093750000001,0,0,0,0
cKG,0.5,1,5,0.75,0.75,15.853242187500001,2.3913671875,0,13.205468749999998,-2.6477734375000033,0,0,0,0
cKG,0.5,1,6,0.5,0.75,13.205468749999998,1.6223437500000002,1,13.205468749999998,0.0,1,1,1,1
cKG,0.5,1,7,0.5,0.5,10.089374999999997,1.189375,1,13.205468749999998,3.116093750000001,0,0,0,0
cKG,0.5,1,8,0.5,1.0,15.885000000000002,2.205,0,13.205468749999998,-2.6795312500000037,0,0,0,0
cKG,0.5,1,9,0.75,0.25,7.777304687499998,1.7266796875000003,1,13.205468749999998,5.4281640625,0,0,0,0
cKG,0.5,1,10,0.5,1.0,15.885000000000002,2.205,0,13.205468749999998,-2.6795312500000037,0,0,0,0
cKG,0.5,1,11,0.5,0.75,13.205468749999998,1.6223437500000002,1,13.205468749999998,0.0,1,1,1,1
cKG,0.5,1,12,0.5,1.0,15.885000000000002,2.205,0,13.205468749999998,-2.6795312500000037,0,0,0,0
cKG,0.5,1,13,0.5,0.5,10.089374999999997,1.189375,1,13.205468749999998,3.116093750000001,0,0,0,0
cKG,0.5,1,14,0.5,0.75,13.205468749999998,1.6223437500000002,1,13.205468749999998,0.0,1,1,1,1
cKG,0.5,1,15,0.25,1.0,11.206249999999999,1.87875,1,13.205468749999998,1.999218749999999,0,0,0,1
cKG,0.5,1,16,0.75,0.5,12.123593750000001,1.9273437500000001,1,13.205468749999998,1.0818749999999966,0,0,0,1
cKG,0.5,1,17,1.0,1.0,20.45,4.62,0,13.205468749999998,-7.244531250000001,0,0,0,0
cKG,0.5,1,18,0.5,0.75,13.205468749999998,1.6223437500000002,1,13.205468749999998,0.0,1,1,1,1
cKG,0.5,1,19,0.5,0.75,13.205468749999998,1.6223437500000002,1,13.205468749999998,0.0,1,1,1,1
cKG,0.5,1,20,0.75,0.75,15.853242187500001,2.3913671875,0,13.205468749999998,-2.6477734375000033,0,0,0,0
cKG,0.5,1,21,0.0,1.0,4.930000000000001,2.1399999999999997,0,13.205468749999998,8.275468749999998,0,0,0,0
cKG,0.5,1,22,0.25,1.0,11.206249999999999,1.87875,1,13.205468749999998,1.999218749999999,0,0,0,1
cKG,0.5,1,23,0.5,1.0,15.885000000000002,2.205,0,13.205468749999998,-2.6795312500000037,0,0,0,0
cKG,0.5,1,24,0.5,0.5,10.089374999999997,1.189375,1,13.205468749999998,3.116093750000001,0,0,0,0
cKG,0.5,1,25,0.25,1.0,11.206249999999999,1.87875,1,13.205468749999998,1.999218749999999,0,0,0,1
cKG,0.5,1,26,0.5,0.25,6.536718749999999,0.90609375,1,13.205468749999998,6.668749999999999,0,0,0,0
cKG,0.5,1,27,0.25,1.0,11.206249999999999,1.87875,1,13.205468749999998,1.999218749999999,0,0,0,1
cKG,0.5,1,28,0.25,1.0,11.206249999999999,1.87875,1,13.205468749999998,1.999218749999999,0,0,0,1
cKG,0.5,1,29,0.25,1.0,11.206249999999999,1.87875,1,13.205468749999998,1.999218749999999,0,0,0,1
cKG,0.5,1,30,0.5,0.75,13.205468749999998,1.6223437500000002,1,13.205468749999998,0.0,1,1,1,1
cKG,0.5,1,31,0.5,1.0,15.885000000000002,2.205,0,13.205468749999998,-2.6795312500000037,0,0,0,0
cKG,0.5,1,32,0.5,0.75,13.205468749999998,1.6223437500000002,1,13.205468749999998,0.0,1,1,1,1
cKG,0.5,1,33,0.75,0.25,7.777304687499998,1.7266796875000003,1,13.205468749999998,5.4281640625,0,0,0,0
cKG,0.5,1,34,0.25,0.75,9.212304687500001,1.2816796875,1,13.205468749999998,3.9931640624999964,0,0,0,0
cKG,0.5,1,35,0.75,1.0,18.966250000000002,3.1187500000000004,0,13.205468749999998,-5.760781250000004,0,0,0,0
cKG,0.5,1,36,0.75,1.0,18.966250000000002,3.1187500000000004,0,13.205468749999998,-5.760781250000004,0,0,0,0
cKG,0.5,1,37,0.5,1.0,15.885000000000002,2.205,0,13.205468749999998,-2.6795312500000037,0,0,0,0
cKG,0.5,1,38,0.5,0.75,13.205468749999998,1.6223437500000002,1,13.205468749999998,0.0,1,1,1,1
cKG,0.5,1,39,0.25,0.75,9.212304687500001,1.2816796875,1,13.205468749999998,3.9931640624999964,0,0,0,0
cKG,0.5,1,40,0.75,0.5,12.123593750000001,1.9273437500000001,1,13.205468749999998,1.0818749999999966,0,0,0,1
cKG,0.5,1,41,0.25,0.75,9.212304687500001,1.2816796875,1,13.205468749999998,3.9931640624999964,0,0,0,0
cKG,0.5,1,42,0.5,0.5,10.089374999999997,1.189375,1,13.205468749999998,3.116093750000001,0,0,0,0
cKG,0.5,1,43,1.0,0.0,2.0599999999999987,3.0300000000000002,0,13.205468749999998,11.14546875,0,0,0,0
cKG,0.5,1,44,0.5,0.75,13.205468749999998,1.6223437500000002,1,13.205468749999998,0.0,1,1,1,1
cKG,0.5,1,45,0.75,0.75,15.853242187500001,2.3913671875,0,13.205468749999998,-2.6477734375000033,0,0,0,0
cKG,0.5,1,46,0.5,0.75,13.205468749999998,1.6223437500000002,1,13.205468749999998,0.0,1,1,1,1
cKG,0.5,1,47,0.75,0.5,12.123593750000001,1.9273437500000001,1,13.205468749999998,1.0818749999999966,0,0,0,1
cKG,0.5,1,48,0.5,0.75,13.205468749999998,1.6223437500000002,1,13.205468749999998,0.0,1,1,1,1
cKG,0.5,1,49,0.25,0.75,9.212304687500001,1.2816796875,1,13.205468749999998,3.9931640624999964,0,0,0,0
cKG,0.5,1,50,0.5,0.75,13.205468749999998,1.6223437500000002,1,13.205468749999998,0.0,1,1,1,1
cKG,0.5,1,51,0.5,0.75,13.205468749999998,1.6223437500000002,1,13.205468749999998,0.0,1,1,1,1
cKG,0.5,1,52,0.75,0.25,7.777304687499998,1.7266796875000003,1,13.205468749999998,5.4281640625,0,0,0,0
cKG,0.5,1,53,0.0,1.0,4.930000000000001,2.1399999999999997,0,13.205468749999998,8.275468749999998,0,0,0,0
cKG,0.5,1,54,0.5,0.75,13.205468749999998,1.6223437500000002,1,13.205468749999998,0.0,1,1,1,1
cKG,0.5,1,55,0.75,1.0,18.966250000000002,3.1187500000000004,0,13.205468749999998,-5.760781250000004,0,0,0,0
cKG,0.5,1,56,0.25,1.0,11.206249999999999,1.87875,1,13.205468749999998,1.999218749999999,0,0,0,1
cKG,0.5,1,57,0.5,1.0,15.885000000000002,2.205,0,13.205468749999998,-2.6795312500000037,0,0,0,0
cKG,0.5,1,58,0.5,1.0,15.885000000000002,2.205,0,13.205468749999998,-2.6795312500000037,0,0,0,0
cKG,0.5,1,59,0.25,0.75,9.212304687500001,1.2816796875,1,13.205468749999998,3.9931640624999964,0,0,0,0
cKG,0.5,1,60,0.5,0.25,6.536718749999999,0.90609375,1,13.205468749999998,6.668749999999999,0,0,0,0
cKG,0.5,1,61,0.25,0.75,9.212304687500001,1.2816796875,1,13.205468749999998,3.9931640624999964,0,0,0,0
cKG,0.5,1,62,0.5,1.0,15.885000000000002,2.205,0,13.205468749999998,-2.6795312500000037,0,0,0,0
cKG,0.5,1,63,0.5,0.75,13.205468749999998,1.6223437500000002,1,13.205468749999998,0.0,1,1,1,1
cKG,0.5,1,64,0.25,1.0,11.206249999999999,1.87875,1,13.205468749999998,1.999218749999999,0,0,0,1
cKG,0.5,1,65,0.25,0.5,6.889843749999999,0.76609375,1,13.205468749999998,6.315624999999999,0,0,0,0
cKG,0.5,1,66,0.5,0.75,13.205468749999998,1.6223437500000002,1,13.205468749999998,0.0,1,1,1,1
cKG,0.5,1,67,0.5,0.75,13.205468749999998,1.6223437500000002,1,13.205468749999998,0.0,1,1,1,1
cKG,0.5,1,68,0.75,0.75,15.853242187500001,2.3913671875,0,13.205468749999998,-2.6477734375000033,0,0,0,0
cKG,0.5,1,69,0.5,1.0,15.885000000000002,2.205,0,13.205468749999998,-2.6795312500000037,0,0,0,0
cKG,0.5,1,70,0.5,0.5,10.089374999999997,1.189375,1,13.205468749999998,3.116093750000001,0,0,0,0
cKG,0.5,1,71,0.5,0.75,13.205468749999998,1.6223437500000002,1,13.205468749999998,0.0,1,1,1,1
cKG,0.5,1,72,0.5,1.0,15.885000000000002,2.205,0,13.205468749999998,-2.6795312500000037,0,0,0,0
cKG,0.5,1,73,0.75,0.0,2.814374999999999,1.7893750000000002,1,13.205468749999998,10.39109375,0,0,0,0
cKG,0.5,1,74,0.25,0.75,9.212304687500001,1.2816796875,1,13.205468749999998,3.9931640624999964,0,0,0,0
cKG,0.5,1,75,0.5,0.75,13.205468749999998,1.6223437500000002,1,13.205468749999998,0.0,1,1,1,1
cKG,0.5,1,76,0.75,0.5,12.123593750000001,1.9273437500000001,1,13.205468749999998,1.0818749999999966,0,0,0,1
cKG,0.5,1,77,0.25,1.0,11.206249999999999,1.87875,1,13.205468749999998,1.999218749999999,0,0,0,1
cKG,0.5,1,78,0.0,0.5,2.5250000000000004,0.6575,1,13.205468749999998,10.680468749999998,0,0,0,0
cKG,0.5,1,79,0.5,0.5,10.089374999999997,1.189375,1,13.205468749999998,3.116093750000001,0,0,0,0
cKG,0.5,1,80,0.5,0.75,13.205468749999998,1.6223437500000002,1,13.205468749999998,0.0,1,1,1,1
cKG,0.5,1,81,0.5,0.5,10.089374999999997,1.189375,1,13.205468749999998,3.116093750000001,0,0,0,0
cKG,0.5,1,82,0.25,0.75,9.212304687500001,1.2816796875,1,13.205468749999998,3.9931640624999964,0,0,0,0
cKG,0.5,1,83,0.5,1.0,15.885000000000002,2.205,0,13.205468749999998,-2.6795312500000037,0,0,0,0
cKG,0.5,1,84,0.25,0.75,9.212304687500001,1.2816796875,1,13.205468749999998,3.9931640624999964,0,0,0,0
cKG,0.5,1,85,0.75,0.5,12.123593750000001,1.9273437500000001,1,13.205468749999998,1.0818749999999966,0,0,0,1
cKG,0.5,1,86,0.5,1.0,15.885000000000002,2.205,0,13.205468749999998,-2.6795312500000037,0,0,0,0
cKG,0.5,1,87,0.5,0.5,10.089374999999997,1.189375,1,13.205468749999998,3.116093750000001,0,0,0,0
cKG,0.5,1,88,0.75,0.75,15.853242187500001,2.3913671875,0,13.205468749999998,-2.6477734375000033,0,0,0,0
cKG,0.5,1,89,0.25,0.75,9.212304687500001,1.2816796875,1,13.205468749999998,3.9931640624999964,0,0,0,0
cKG,0.5,1,90,0.75,0.75,15.853242187500001,2.3913671875,0,13.205468749999998,-2.6477734375000033,0,0,0,0
cKG,0.5,1,91,0.5,0.75,13.205468749999998,1.6223437500000002,1,13.205468749999998,0.0,1,1,1,1
cKG,0.5,1,92,0.0,1.0,4.930000000000001,2.1399999999999997,0,13.205468749999998,8.275468749999998,0,0,0,0
cKG,0.5,1,93,0.25,1.0,11.206249999999999,1.87875,1,13.205468749999998,1.999218749999999,0,0,0,1
cKG,0.5,1,94,0.0,1.0,4.930000000000001,2.1399999999999997,0,13.205468749999998,8.275468749999998,0,0,0,0
cKG,0.5,1,95,0.5,0.75,13.205468749999998,1.6223437500000002,1,13.205468749999998,0.0,1,1,1,1
cKG,0.5,1,96,1.0,1.0,20.45,4.62,0,13.205468749999998,-7.244531250000001,0,0,0,0
cKG,0.5,1,97,0.5,0.75,13.205468749999998,1.6223437500000002,1,13.205468749999998,0.0,1,1,1,1
cKG,0.5,1,98,0.5,0.75,13.205468749999998,1.6223437500000002,1,13.205468749999998,0.0,1,1,1,1
cKG,0.5,1,99,0.5,0.75,13.205468749999998,1.6223437500000002,1,13.205468749999998,0.0,1,1,1,1
cKG,0.5,1,100,0.5,1.0,15.885000000000002,2.205,0,13.205468749999998,-2.6795312500000037,0,0,0,0
cKG,0.5,1,101,0.0,1.0,4.930000000000001,2.1399999999999997,0,13.205468749999998,8.275468749999998,0,0,0,0
cKG,0.5,1,102,0.5,0.25,6.536718749999999,0.90609375,1,13.205468749999998,6.668749999999999,0,0,0,0
cKG,0.5,1,103,0.5,0.75,13.205468749999998,1.6223437500000002,1,13.205468749999998,0.0,1,1,1,1
cKG,0.5,1,104,0.5,0.75,13.205468749999998,1.6223437500000002,1,13.205468749999998,0.0,1,1,1,1
cKG,0.5,1,105,0.5,0.75,13.205468749999998,1.6223437500000002,1,13.205468749999998,0.0,1,1,1,1
cKG,0.5,1,106,0.25,1.0,11.206249999999999,1.87875,1,13.205468749999998,1.999218749999999,0,0,0,1
cKG,0.5,1,107,0.5,0.5,10.089374999999997,1.189375,1,13.205468749999998,3.116093750000001,0,0,0,0
cKG,0.5,1,108,0.25,1.0,11.206249999999999,1.87875,1,13.205468749999998,1.999218749999999,0,0,0,1
cKG,0.5,1,109,0.5,0.75,13.205468749999998,1.6223437500000002,1,13.205468749999998,0.0,1,1,1,1
cKG,0.5,1,110,0.75,0.5,12.123593750000001,1.9273437500000001,1,13.205468749999998,1.0818749999999966,0,0,0,1
cKG,0.5,1,111,0.5,0.5,10.089374999999997,1.189375,1,13.205468749999998,3.116093750000001,0,0,0,0
cKG,0.5,1,112,0.25,1.0,11.206249999999999,1.87875,1,13.205468749999998,1.999218749999999,0,0,0,1
cKG,0.5,1,113,0.5,0.75,13.205468749999998,1.6223437500000002,1,13.205468749999998,0.0,1,1,1,1
cKG,0.5,1,114,0.5,0.75,13.205468749999998,1.6223437500000002,1,13.205468749999998,0.0,1,1,1,1
cKG,0.5,1,115,0.75,0.5,12.123593750000001,1.9273437500000001,1,13.205468749999998,1.0818749999999966,0,0,0,1
cKG,0.5,1,116,0.75,0.75,15.853242187500001,2.3913671875,0,13.205468749999998,-2.6477734375000033,0,0,0,0
cKG,0.5,1,117,0.5,0.5,10.089374999999997,1.189375,1,13.205468749999998,3.116093750000001,0,0,0,0
cKG,0.5,1,118,0.25,1.0,11.206249999999999,1.87875,1,13.205468749999998,1.999218749999999,0,0,0,1
cKG,0.5,1,119,0.25,1.0,11.206249999999999,1.87875,1,13.205468749999998,1.999218749999999,0,0,0,1
cKG,0.5,1,120,0.25,1.0,11.206249999999999,1.87875,1,13.205468749999998,1.999218749999999,0,0,0,1
cKG,0.5,1,121,0.5,1.0,15.885000000000002,2.205,0,13.205468749999998,-2.6795312500000037,0,0,0,0
cKG,0.5,1,122,0.5,1.0,15.885000000000002,2.205,0,13.205468749999998,-2.6795312500000037,0,0,0,0
cKG,0.5,1,123,0.75,1.0,18.966250000000002,3.1187500000000004,0,13.205468749999998,-5.760781250000004,0,0,0,0
cKG,0.5,1,124,0.0,1.0,4.930000000000001,2.1399999999999997,0,13.205468749999998,8.275468749999998,0,0,0,0
cKG,0.5,1,125,0.5,0.75,13.205468749999998,1.6223437500000002,1,13.205468749999998,0.0,1,1,1,1
cKG,0.5,1,126,0.5,0.75,13.205468749999998,1.6223437500000002,1,13.205468749999998,0.0,1,1,1,1
cKG,0.5,1,127,1.0,0.25,7.960624999999998,2.79375,0,13.205468749999998,5.24484375,0,0,0,0
cKG,0.5,1,128,0.75,0.5,12.123593750000001,1.9273437500000001,1,13.205468749999998,1.0818749999999966,0,0,0,1
cKG,0.5,1,129,0.5,0.75,13.205468749999998,1.6223437500000002,1,13.205468749999998,0.0,1,1,1,1
cKG,0.5,1,130,0.5,0.75,13.205468749999998,1.6223437500000002,1,13.205468749999998,0.0,1,1,1,1
cKG,0.5,1,131,0.75,1.0,18.966250000000002,3.1187500000000004,0,13.205468749999998,-5.760781250000004,0,0,0,0
cKG,0.5,1,132,0.5,0.75,13.205468749999998,1.6223437500000002,1,13.205468749999998,0.0,1,1,1,1
cKG,0.5,1,133,1.0,0.5,12.9925,2.9800000000000004,0,13.205468749999998,0.21296874999999815,0,0,0,0
cKG,0.5,1,134,0.25,0.75,9.212304687500001,1.2816796875,1,13.205468749999998,3.9931640624999964,0,0,0,0
cKG,0.5,1,135,0.5,0.75,13.205468749999998,1.6223437500000002,1,13.205468749999998,0.0,1,1,1,1
cKG,0.5,1,136,0.0,1.0,4.930000000000001,2.1399999999999997,0,13.205468749999998,8.275468749999998,0,0,0,0
cKG,0.5,1,137,0.25,1.0,11.206249999999999,1.87875,1,13.205468749999998,1.999218749999999,0,0,0,1
cKG,0.5,1,138,0.5,1.0,15.885000000000002,2.205,0,13.205468749999998,-2.6795312500000037,0,0,0,0
cKG,0.5,1,139,0.5,0.75,13.205468749999998,1.6223437500000002,1,13.205468749999998,0.0,1,1,1,1
cKG,0.5,1,140,0.5,0.75,13.205468749999998,1.6223437500000002,1,13.205468749999998,0.0,1,1,1,1
cKG,0.5,1,141,0.25,1.0,11.206249999999999,1.87875,1,13.205468749999998,1.999218749999999,0,0,0,1
cKG,0.5,1,142,0.5,0.75,13.205468749999998,1.6223437500000002,1,13.205468749999998,0.0,1,1,1,1
cKG,0.5,1,143,0.5,0.5,10.089374999999997,1.189375,1,13.205468749999998,3.116093750000001,0,0,0,0
cKG,0.5,1,144,0.75,0.75,15.853242187500001,2.3913671875,0,13.205468749999998,-2.6477734375000033,0,0,0,0
cKG,0.5,1,145,0.5,1.0,15.885000000000002,2.205,0,13.205468749999998,-2.6795312500000037,0,0,0,0
cKG,0.5,1,146,0.5,1.0,15.885000000000002,2.205,0,13.205468749999998,-2.6795312500000037,0,0,0,0
cKG,0.5,1,147,0.0,1.0,4.930000000000001,2.1399999999999997,0,13.205468749999998,8.275468749999998,0,0,0,0
cKG,0.5,1,148,0.25,0.75,9.212304687500001,1.2816796875,1,13.205468749999998,3.9931640624999964,0,0,0,0
cKG,0.5,1,149,0.5,0.75,13.205468749999998,1.6223437500000002,1,13.205468749999998,0.0,1,1,1,1
cKG,0.5,1,150,0.5,0.75,13.205468749999998,1.6223437500000002,1,13.205468749999998,0.0,1,1,1,1
cKG,0.5,1,151,0.75,0.25,7.777304687499998,1.7266796875000003,1,13.205468749999998,5.4281640625,0,0,0,0
cKG,0.5,1,152,1.0,0.5,12.9925,2.9800000000000004,0,13.205468749999998,0.21296874999999815,0,0,0,0
cKG,0.5,1,153,0.75,0.75,15.853242187500001,2.3913671875,0,13.205468749999998,-2.6477734375000033,0,0,0,0
cKG,0.5,1,154,0.5,0.75,13.205468749999998,1.6223437500000002,1,13.205468749999998,0.0,1,1,1,1
cKG,0.5,1,155,0.5,1.0,15.885000000000002,2.205,0,13.205468749999998,-2.6795312500000037,0,0,0,0
cKG,0.5,1,156,0.25,0.5,6.889843749999999,0.76609375,1,13.205468749999998,6.315624999999999,0,0,0,0
cKG,0.5,1,157,0.0,0.0,-1.05,-0.59,1,13.205468749999998,14.255468749999999,0,0,0,0
cKG,0.5,1,158,0.5,1.0,15.885000000000002,2.205,0,13.205468749999998,-2.6795312500000037,0,0,0,0
cKG,0.5,1,159,0.25,0.75,9.212304687500001,1.2816796875,1,13.205468749999998,3.9931640624999964,0,0,0,0
cKG,0.5,1,160,0.75,1.0,18.966250000000002,3.1187500000000004,0,13.205468749999998,-5.760781250000004,0,0,0,0
cKG,0.5,1,161,0.5,0.75,13.205468749999998,1.6223437500000002,1,13.205468749999998,0.0,1,1,1,1
cKG,0.5,1,162,0.5,1.0,15.885000000000002,2.205,0,13.205468749999998,-2.6795312500000037,0,0,0,0
cKG,0.5,1,163,0.0,1.0,4.930000000000001,2.1399999999999997,0,13.205468749999998,8.275468749999998,0,0,0,0
cKG,0.5,1,164,0.0,0.75,3.8737500000000002,1.369375,1,13.205468749999998,9.331718749999997,0,0,0,0
cKG,0.5,1,165,0.25,1.0,11.206249999999999,1.87875,1,13.205468749999998,1.999218749999999,0,0,0,1
cKG,0.5,1,166,0.25,1.0,11.206249999999999,1.87875,1,13.205468749999998,1.999218749999999,0,0,0,1
cKG,0.5,1,167,0.75,0.25,7.777304687499998,1.7266796875000003,1,13.205468749999998,5.4281640625,0,0,0,0
cKG,0.5,1,168,0.5,1.0,15.885000000000002,2.205,0,13.205468749999998,-2.6795312500000037,0,0,0,0
cKG,0.5,1,169,0.5,1.0,15.885000000000002,2.205,0,13.205468749999998,-2.6795312500000037,0,0,0,0
cKG,0.5,1,170,0.75,0.25,7.777304687499998,1.7266796875000003,1,13.205468749999998,5.4281640625,0,0,0,0
cKG,0.5,1,171,1.0,0.25,7.960624999999998,2.79375,0,13.205468749999998,5.24484375,0,0,0,0
cKG,0.5,1,172,0.25,0.75,9.212304687500001,1.2816796875,1,13.205468749999998,3.9931640624999964,0,0,0,0
cKG,0.5,1,173,0.5,0.75,13.205468749999998,1.6223437500000002,1,13.205468749999998,0.0,1,1,1,1
cKG,0.5,1,174,0.25,0.75,9.212304687500001,1.2816796875,1,13.205468749999998,3.9931640624999964,0,0,0,0
cKG,0.5,1,175,0.25,1.0,11.206249999999999,1.87875,1,13.205468749999998,1.999218749999999,0,0,0,1
cKG,0.5,1,176,0.5,0.5,10.089374999999997,1.189375,1,13.205468749999998,3.116093750000001,0,0,0,0
cKG,0.5,1,177,0.0,1.0,4.930000000000001,2.1399999999999997,0,13.205468749999998,8.275468749999998,0,0,0,0
cKG,0.5,1,178,0.5,0.75,13.205468749999998,1.6223437500000002,1,13.205468749999998,0.0,1,1,1,1
cKG,0.5,1,179,0.5,0.75,13.205468749999998,1.6223437500000002,1,13.205468749999998,0.0,1,1,1,1
cKG,0.5,1,180,0.75,0.25,7.777304687499998,1.7266796875000003,1,13.205468749999998,5.4281640625,0,0,0,0
cKG,0.5,1,181,0.75,0.5,12.123593750000001,1.9273437500000001,1,13.205468749999998,1.0818749999999966,0,0,0,1
cKG,0.5,1,182,1.0,0.0,2.0599999999999987,3.0300000000000002,0,13.205468749999998,11.14546875,0,0,0,0
cKG,0.5,1,183,0.5,0.5,10.089374999999997,1.189375,1,13.205468749999998,3.116093750000001,0,0,0,0
cKG,0.5,1,184,0.25,0.75,9.212304687500001,1.2816796875,1,13.205468749999998,3.9931640624999964,0,0,0,0
cKG,0.5,1,185,0.5,0.75,13.205468749999998,1.6223437500000002,1,13.205468749999998,0.0,1,1,1,1
cKG,0.5,1,186,0.75,0.25,7.777304687499998,1.7266796875000003,1,13.205468749999998,5.4281640625,0,0,0,0
cKG,0.5,1,187,0.5,0.25,6.536718749999999,0.90609375,1,13.205468749999998,6.668749999999999,0,0,0,0
cKG,0.5,1,188,0.5,0.75,13.205468749999998,1.6223437500000002,1,13.205468749999998,0.0,1,1,1,1
cKG,0.5,1,189,0.5,1.0,15.885000000000002,2.205,0,13.205468749999998,-2.6795312500000037,0,0,0,0
cKG,0.5,1,190,0.75,0.25,7.777304687499998,1.7266796875000003,1,13.205468749999998,5.4281640625,0,0,0,0
cKG,0.5,1,191,0.5,0.75,13.205468749999998,1.6223437500000002,1,13.205468749999998,0.0,1,1,1,1
cKG,0.5,1,192,0.75,0.5,12.123593750000001,1.9273437500000001,1,13.205468749999998,1.0818749999999966,0,0,0,1
cKG,0.5,1,193,0.5,0.75,13.205468749999998,1.6223437500000002,1,13.205468749999998,0.0,1,1,1,1
cKG,0.5,1,194,0.0,0.5,2.5250000000000004,0.6575,1,13.205468749999998,10.680468749999998,0,0,0,0
cKG,0.5,1,195,0.25,0.75,9.212304687500001,1.2816796875,1,13.205468749999998,3.9931640624999964,0,0,0,0
cKG,0.5,1,196,0.25,1.0,11.206249999999999,1.87875,1,13.205468749999998,1.999218749999999,0,0,0,1
cKG,0.5,1,197,0.5,0.75,13.205468749999998,1.6223437500000002,1,13.205468749999998,0.0,1,1,1,1
cKG,0.5,1,198,0.5,1.0,15.885000000000002,2.205,0,13.205468749999998,-2.6795312500000037,0,0,0,0
cKG,0.5,1,199,0.5,0.25,6.536718749999999,0.90609375,1,13.205468749999998,6.668749999999999,0,0,0,0
cKG,0.6,0,0,0.25,0.5,4.9174999999999995,0.76609375,1,7.6792187499999995,2.76171875,0,0,0,0
cKG,0.6,0,1,0.25,0.75,7.6792187499999995,1.2816796875,1,7.6792187499999995,0.0,1,1,1,1
cKG,0.6,0,2,0.75,0.25,4.499218749999999,1.7266796875000003,0,7.6792187499999995,3.1800000000000006,0,0,0,0
cKG,0.6,0,3,0.5,0.5,6.08,1.189375,1,7.6792187499999995,1.5992187499999995,0,0,0,1
cKG,0.6,0,4,0.0,0.25,1.9693749999999999,0.004374999999999976,1,7.6792187499999995,5.709843749999999,0,0,0,0
cKG,0.6,0,5,0.25,1.0,11.391874999999999,1.87875,0,7.6792187499999995,-3.7126562499999993,0,0,0,0
cKG,0.6,0,6,0.0,0.75,5.9643749999999995,1.369375,1,7.6792187499999995,1.71484375,0,0,0,1
cKG,0.6,0,7,0.25,0.5,4.9174999999999995,0.76609375,1,7.6792187499999995,2.76171875,0,0,0,0
cKG,0.6,0,8,0.0,0.5,3.4974999999999996,0.6575,1,7.6792187499999995,4.18171875,0,0,0,0
cKG,0.6,0,9,0.25,0.75,7.6792187499999995,1.2816796875,1,7.6792187499999995,0.0,1,1,1,1
cKG,0.6,0,10,0.25,1.0,11.391874999999999,1.87875,0,7.6792187499999995,-3.7126562499999993,0,0,0,0
cKG,0.6,0,11,1.0,0.75,11.644374999999998,3.58875,0,7.6792187499999995,-3.965156249999999,0,0,0,0
cKG,0.6,0,12,0.25,0.5,4.9174999999999995,0.76609375,1,7.6792187499999995,2.76171875,0,0,0,0
cKG,0.6,0,13,0.25,0.75,7.6792187499999995,1.2816796875,1,7.6792187499999995,0.0,1,1,1,1
cKG,0.6,0,14,0.5,0.5,6.08,1.189375,1,7.6792187499999995,1.5992187499999995,0,0,0,1
cKG,0.6,0,15,0.25,1.0,11.391874999999999,1.87875,0,7.6792187499999995,-3.7126562499999993,0,0,0,0
cKG,0.6,0,16,0.5,1.0,13.302500000000002,2.205,0,7.6792187499999995,-5.6232812500000025,0,0,0,0
cKG,0.6,0,17,0.0,1.0,9.37,2.1399999999999997,0,7.6792187499999995,-1.6907812499999997,0,0,0,0
cKG,0.6,0,18,0.25,0.75,7.6792187499999995,1.2816796875,1,7.6792187499999995,0.0,1,1,1,1
cKG,0.6,0,19,0.5,0.0,2.8075,0.7725000000000001,1,7.6792187499999995,4.871718749999999,0,0,0,0
cKG,0.6,0,20,0.25,1.0,11.391874999999999,1.87875,0,7.6792187499999995,-3.7126562499999993,0,0,0,0
cKG,0.6,0,21,0.0,0.0,1.38,-0.59,1,7.6792187499999995,6.29921875,0,0,0,0
cKG,0.6,0,22,0.0,0.5,3.4974999999999996,0.6575,1,7.6792187499999995,4.18171875,0,0,0,0
cKG,0.6,0,23,0.25,0.75,7.6792187499999995,1.2816796875,1,7.6792187499999995,0.0,1,1,1,1
cKG,0.6,0,24,0.5,0.75,9.1975,1.6223437500000002,0,7.6792187499999995,-1.5182812500000002,0,0,0,0
cKG,0.6,0,25,0.25,0.25,3.1067187499999993,0.3319921875,1,7.6792187499999995,4.5725,0,0,0,0
cKG,0.6,0,26,0.0,0.0,1.38,-0.59,1,7.6792187499999995,6.29921875,0,0,0,0
cKG,0.6,0,27,0.5,0.5,6.08,1.189375,1,7.6792187499999995,1.5992187499999995,0,0,0,1
cKG,0.6,0,28,0.0,0.75,5.9643749999999995,1.369375,1,7.6792187499999995,1.71484375,0,0,0,1
cKG,0.6,0,29,0.25,0.5,4.9174999999999995,0.76609375,1,7.6792187499999995,2.76171875,0,0,0,0
cKG,0.6,0,30,0.0,0.75,5.9643749999999995,1.369375,1,7.6792187499999995,1.71484375,0,0,0,1
cKG,0.6,0,31,0.25,1.0,11.391874999999999,1.87875,0,7.6792187499999995,-3.7126562499999993,0,0,0,0
cKG,0.6,0,32,0.0,0.75,5.9643749999999995,1.369375,1,7.6792187499999995,1.71484375,0,0,0,1
cKG,0.6,0,33,0.0,0.5,3.4974999999999996,0.6575,1,7.6792187499999995,4.18171875,0,0,0,0
cKG,0.6,0,34,0.75,0.0,3.0618749999999992,1.7893750000000002,0,7.6792187499999995,4.61734375,0,0,0,0
cKG,0.6,0,35,0.75,0.75,10.51921875,2.3913671875,0,7.6792187499999995,-2.8400000000000007,0,0,0,0
cKG,0.6,0,36,0.5,0.25,3.9499999999999997,0.90609375,1,7.6792187499999995,3.72921875,0,0,0,0
cKG,0.6,0,37,0.0,0.75,5.9643749999999995,1.369375,1,7.6792187499999995,1.71484375,0,0,0,1
cKG,0.6,0,38,0.25,1.0,11.391874999999999,1.87875,0,7.6792187499999995,-3.7126562499999993,0,0,0,0
cKG,0.6,0,39,0.75,0.5,6.985,1.9273437500000001,0,7.6792187499999995,0.6942187499999992,0,0,0,0
cKG,0.6,0,40,0.0,0.5,3.4974999999999996,0.6575,1,7.6792187499999995,4.18171875,0,0,0,0
cKG,0.6,0,41,0.5,0.5,6.08,1.189375,1,7.6792187499999995,1.5992187499999995,0,0,0,1
cKG,0.6,0,42,0.25,0.25,3.1067187499999993,0.3319921875,1,7.6792187499999995,4.5725,0,0,0,0
cKG,0.6,0,43,0.25,0.75,7.6792187499999995,1.2816796875,1,7.6792187499999995,0.0,1,1,1,1
cKG,0.6,0,44,0.25,0.75,7.6792187499999995,1.2816796875,1,7.6792187499999995,0.0,1,1,1,1
cKG,0.6,0,45,0.0,0.5,3.4974999999999996,0.6575,1,7.6792187499999995,4.18171875,0,0,0,0
cKG,0.6,0,46,0.25,1.0,11.391874999999999,1.87875,0,7.6792187499999995,-3.7126562499999993,0,0,0,0
cKG,0.6,0,47,0.25,1.0,11.391874999999999,1.87875,0,7.6792187499999995,-3.7126562499999993,0,0,0,0
cKG,0.6,0,48,0.5,0.25,3.9499999999999997,0.90609375,1,7.6792187499999995,3.72921875,0,0,0,0
cKG,0.6,0,49,0.0,0.5,3.4974999999999996,0.6575,1,7.6792187499999995,4.18171875,0,0,0,0
cKG,0.6,0,50,0.0,0.75,5.9643749999999995,1.369375,1,7.6792187499999995,1.71484375,0,0,0,1
cKG,0.6,0,51,0.25,0.5,4.9174999999999995,0.76609375,1,7.6792187499999995,2.76171875,0,0,0,0
cKG,0.6,0,52,0.25,0.5,4.9174999999999995,0.76609375,1,7.6792187499999995,2.76171875,0,0,0,0
cKG,0.6,0,53,0.0,0.75,5.9643749999999995,1.369375,1,7.6792187499999995,1.71484375,0,0,0,1
cKG,0.6,0,54,0.0,0.0,1.38,-0.59,1,7.6792187499999995,6.29921875,0,0,0,0
cKG,0.6,0,55,0.25,0.75,7.6792187499999995,1.2816796875,1,7.6792187499999995,0.0,1,1,1,1
cKG,0.6,0,56,0.25,0.0,2.2468749999999997,-0.02062499999999995,1,7.6792187499999995,5.432343749999999,0,0,0,0
cKG,0.6,0,57,0.25,0.5,4.9174999999999995,0.76609375,1,7.6792187499999995,2.76171875,0,0,0,0
cKG,0.6,0,58,0.0,0.75,5.9643749999999995,1.369375,1,7.6792187499999995,1.71484375,0,0,0,1
cKG,0.6,0,59,0.0,0.75,5.9643749999999995,1.369375,1,7.6792187499999995,1.71484375,0,0,0,1
cKG,0.6,0,60,0.5,0.25,3.9499999999999997,0.90609375,1,7.6792187499999995,3.72921875,0,0,0,0
cKG,0.6,0,61,0.0,0.75,5.9643749999999995,1.369375,1,7.6792187499999995,1.71484375,0,0,0,1
cKG,0.6,0,62,0.5,1.0,13.302500000000002,2.205,0,7.6792187499999995,-5.6232812500000025,0,0,0,0
cKG,0.6,0,63,0.25,1.0,11.391874999999999,1.87875,0,7.6792187499999995,-3.7126562499999993,0,0,0,0
cKG,0.6,0,64,0.5,0.5,6.08,1.189375,1,7.6792187499999995,1.5992187499999995,0,0,0,1
cKG,0.6,0,65,0.25,1.0,11.391874999999999,1.87875,0,7.6792187499999995,-3.7126562499999993,0,0,0,0
cKG,0.6,0,66,0.0,0.0,1.38,-0.59,1,7.6792187499999995,6.29921875,0,0,0,0
cKG,0.6,0,67,0.0,1.0,9.37,2.1399999999999997,0,7.6792187499999995,-1.6907812499999997,0,0,0,0
cKG,0.6,0,68,1.0,0.25,4.7543750000000005,2.79375,0,7.6792187499999995,2.924843749999999,0,0,0,0
cKG,0.6,0,69,0.25,0.75,7.6792187499999995,1.2816796875,1,7.6792187499999995,0.0,1,1,1,1
cKG,0.6,0,70,0.25,0.75,7.6792187499999995,1.2816796875,1,7.6792187499999995,0.0,1,1,1,1
cKG,0.6,0,71,0.75,0.5,6.985,1.9273437500000001,0,7.6792187499999995,0.6942187499999992,0,0,0,0
cKG,0.6,0,72,0.25,0.0,2.2468749999999997,-0.02062499999999995,1,7.6792187499999995,5.432343749999999,0,0,0,0
cKG,0.6,0,73,0.25,0.5,4.9174999999999995,0.76609375,1,7.6792187499999995,2.76171875,0,0,0,0
cKG,0.6,0,74,0.25,0.75,7.6792187499999995,1.2816796875,1,7.6792187499999995,0.0,1,1,1,1
cKG,0.6,0,75,0.0,1.0,9.37,2.1399999999999997,0,7.6792187499999995,-1.6907812499999997,0,0,0,0
cKG,0.6,0,76,0.25,0.25,3.1067187499999993,0.3319921875,1,7.6792187499999995,4.5725,0,0,0,0
cKG,0.6,0,77,0.25,0.75,7.6792187499999995,1.2816796875,1,7.6792187499999995,0.0,1,1,1,1
cKG,0.6,0,78,0.0,0.0,1.38,-0.59,1,7.6792187499999995,6.29921875,0,0,0,0
cKG,0.6,0,79,0.25,0.75,7.6792187499999995,1.2816796875,1,7.6792187499999995,0.0,1,1,1,1
cKG,0.6,0,80,0.25,0.5,4.9174999999999995,0.76609375,1,7.6792187499999995,2.76171875,0,0,0,0
cKG,0.6,0,81,0.0,0.5,3.4974999999999996,0.6575,1,7.6792187499999995,4.18171875,0,0,0,0
cKG,0.6,0,82,0.25,0.75,7.6792187499999995,1.2816796875,1,7.6792187499999995,0.0,1,1,1,1
cKG,0.6,0,83,0.25,1.0,11.391874999999999,1.87875,0,7.6792187499999995,-3.7126562499999993,0,0,0,0
cKG,0.6,0,84,0.25,0.25,3.1067187499999993,0.3319921875,1,7.6792187499999995,4.5725,0,0,0,0
cKG,0.6,0,85,0.25,0.75,7.6792187499999995,1.2816796875,1,7.6792187499999995,0.0,1,1,1,1
cKG,0.6,0,86,0.0,0.5,3.4974999999999996,0.6575,1,7.6792187499999995,4.18171875,0,0,0,0
cKG,0.6,0,87,0.0,0.5,3.4974999999999996,0.6575,1,7.6792187499999995,4.18171875,0,0,0,0
cKG,0.6,0,88,0.25,0.5,4.9174999999999995,0.76609375,1,7.6792187499999995,2.76171875,0,0,0,0
cKG,0.6,0,89,1.0,1.0,16.79,4.62,0,7.6792187499999995,-9.110781249999999,0,0,0,0
cKG,0.6,0,90,0.0,1.0,9.37,2.1399999999999997,0,7.6792187499999995,-1.6907812499999997,0,0,0,0
cKG,0.6,0,91,0.5,0.0,2.8075,0.7725000000000001,1,7.6792187499999995,4.871718749999999,0,0,0,0
cKG,0.6,0,92,0.25,0.75,7.6792187499999995,1.2816796875,1,7.6792187499999995,0.0,1,1,1,1
cKG,0.6,0,93,0.0,0.75,5.9643749999999995,1.369375,1,7.6792187499999995,1.71484375,0,0,0,1
cKG,0.6,0,94,0.5,0.25,3.9499999999999997,0.90609375,1,7.6792187499999995,3.72921875,0,0,0,0
cKG,0.6,0,95,0.0,0.75,5.9643749999999995,1.369375,1,7.6792187499999995,1.71484375,0,0,0,1
cKG,0.6,0,96,0.25,0.75,7.6792187499999995,1.2816796875,1,7.6792187499999995,0.0,1,1,1,1
cKG,0.6,0,97,0.75,0.5,6.985,1.9273437500000001,0,7.6792187499999995,0.6942187499999992,0,0,0,0
cKG,0.6,0,98,0.0,0.75,5.9643749999999995,1.369375,1,7.6792187499999995,1.71484375,0,0,0,1
cKG,0.6,0,99,0.25,0.75,7.6792187499999995,1.2816796875,1,7.6792187499999995,0.0,1,1,1,1
cKG,0.6,0,100,0.25,0.25,3.1067187499999993,0.3319921875,1,7.6792187499999995,4.5725,0,0,0,0
cKG,0.6,0,101,0.25,1.0,11.391874999999999,1.87875,0,7.6792187499999995,-3.7126562499999993,0,0,0,0
cKG,0.6,0,102,0.0,1.0,9.37,2.1399999999999997,0,7.6792187499999995,-1.6907812499999997,0,0,0,0
cKG,0.6,0,103,0.0,0.75,5.9643749999999995,1.369375,1,7.6792187499999995,1.71484375,0,0,0,1
cKG,0.6,0,104,0.25,0.75,7.6792187499999995,1.2816796875,1,7.6792187499999995,0.0,1,1,1,1
cKG,0.6,0,105,0.25,0.5,4.9174999999999995,0.76609375,1,7.6792187499999995,2.76171875,0,0,0,0
cKG,0.6,0,106,0.0,1.0,9.37,2.1399999999999997,0,7.6792187499999995,-1.6907812499999997,0,0,0,0
cKG,0.6,0,107,0.0,0.0,1.38,-0.59,1,7.6792187499999995,6.29921875,0,0,0,0
cKG,0.6,0,108,0.0,0.5,3.4974999999999996,0.6575,1,7.6792187499999995,4.18171875,0,0,0,0
cKG,0.6,0,109,0.25,1.0,11.391874999999999,1.87875,0,7.6792187499999995,-3.7126562499999993,0,0,0,0
cKG,0.6,0,110,0.5,0.5,6.08,1.189375,1,7.6792187499999995,1.5992187499999995,0,0,0,1
cKG,0.6,0,111,0.0,0.25,1.9693749999999999,0.004374999999999976,1,7.6792187499999995,5.709843749999999,0,0,0,0
cKG,0.6,0,112,0.5,0.75,9.1975,1.6223437500000002,0,7.6792187499999995,-1.5182812500000002,0,0,0,0
cKG,0.6,0,113,0.0,0.75,5.9643749999999995,1.369375,1,7.6792187499999995,1.71484375,0,0,0,1
cKG,0.6,0,114,0.5,0.75,9.1975,1.6223437500000002,0,7.6792187499999995,-1.5182812500000002,0,0,0,0
cKG,0.6,0,115,0.5,0.5,6.08,1.189375,1,7.6792187499999995,1.5992187499999995,0,0,0,1
cKG,0.6,0,116,0.25,1.0,11.391874999999999,1.87875,0,7.6792187499999995,-3.7126562499999993,0,0,0,0
cKG,0.6,0,117,0.25,0.75,7.6792187499999995,1.2816796875,1,7.6792187499999995,0.0,1,1,1,1
cKG,0.6,0,118,0.5,0.0,2.8075,0.7725000000000001,1,7.6792187499999995,4.871718749999999,0,0,0,0
cKG,0.6,0,119,0.5,0.0,2.8075,0.7725000000000001,1,7.6792187499999995,4.871718749999999,0,0,0,0
cKG,0.6,0,120,0.0,1.0,9.37,2.1399999999999997,0,7.6792187499999995,-1.6907812499999997,0,0,0,0
cKG,0.6,0,121,0.0,0.75,5.9643749999999995,1.369375,1,7.6792187499999995,1.71484375,0,0,0,1
cKG,0.6,0,122,0.25,0.75,7.6792187499999995,1.2816796875,1,7.6792187499999995,0.0,1,1,1,1
cKG,0.6,0,123,0.75,1.0,15.101875000000001,3.1187500000000004,0,7.6792187499999995,-7.422656250000002,0,0,0,0
cKG,0.6,0,124,0.0,0.75,5.9643749999999995,1.369375,1,7.6792187499999995,1.71484375,0,0,0,1
cKG,0.6,0,125,0.0,0.75,5.9643749999999995,1.369375,1,7.6792187499999995,1.71484375,0,0,0,1
cKG,0.6,0,126,0.75,0.0,3.0618749999999992,1.7893750000000002,0,7.6792187499999995,4.61734375,0,0,0,0
cKG,0.6,0,127,0.5,0.5,6.08,1.189375,1,7.6792187499999995,1.5992187499999995,0,0,0,1
cKG,0.6,0,128,0.25,0.25,3.1067187499999993,0.3319921875,1,7.6792187499999995,4.5725,0,0,0,0
cKG,0.6,0,129,0.0,1.0,9.37,2.1399999999999997,0,7.6792187499999995,-1.6907812499999997,0,0,0,0
cKG,0.6,0,130,0.5,0.75,9.1975,1.6223437500000002,0,7.6792187499999995,-1.5182812500000002,0,0,0,0
cKG,0.6,0,131,0.5,0.75,9.1975,1.6223437500000002,0,7.6792187499999995,-1.5182812500000002,0,0,0,0
cKG,0.6,0,132,0.25,0.5,4.9174999999999995,0.76609375,1,7.6792187499999995,2.76171875,0,0,0,0
cKG,0.6,0,133,0.25,0.75,7.6792187499999995,1.2816796875,1,7.6792187499999995,0.0,1,1,1,1
cKG,0.6,0,134,0.25,1.0,11.391874999999999,1.87875,0,7.6792187499999995,-3.7126562499999993,0,0,0,0
cKG,0.6,0,135,0.0,0.5,3.4974999999999996,0.6575,1,7.6792187499999995,4.18171875,0,0,0,0
cKG,0.6,0,136,0.0,0.75,5.9643749999999995,1.369375,1,7.6792187499999995,1.71484375,0,0,0,1
cKG,0.6,0,137,0.75,0.25,4.499218749999999,1.7266796875000003,0,7.6792187499999995,3.1800000000000006,0,0,0,0
cKG,0.6,0,138,0.25,0.75,7.6792187499999995,1.2816796875,1,7.6792187499999995,0.0,1,1,1,1
cKG,0.6,0,139,0.25,0.75,7.6792187499999995,1.2816796875,1,7.6792187499999995,0.0,1,1,1,1
cKG,0.6,0,140,0.5,0.5,6.08,1.189375,1,7.6792187499999995,1.5992187499999995,0,0,0,1
cKG,0.6,0,141,0.25,0.75,7.6792187499999995,1.2816796875,1,7.6792187499999995,0.0,1,1,1,1
cKG,0.6,0,142,0.25,0.25,3.1067187499999993,0.3319921875,1,7.6792187499999995,4.5725,0,0,0,0
cKG,0.6,0,143,0.5,0.0,2.8075,0.7725000000000001,1,7.6792187499999995,4.871718749999999,0,0,0,0
cKG,0.6,0,144,0.5,0.0,2.8075,0.7725000000000001,1,7.6792187499999995,4.871718749999999,0,0,0,0
cKG,0.6,0,145,0.25,0.75,7.6792187499999995,1.2816796875,1,7.6792187499999995,0.0,1,1,1,1
cKG,0.6,0,146,0.75,0.5,6.985,1.9273437500000001,0,7.6792187499999995,0.6942187499999992,0,0,0,0
cKG,0.6,0,147,0.0,0.5,3.4974999999999996,0.6575,1,7.6792187499999995,4.18171875,0,0,0,0
cKG,0.6,0,148,0.25,0.5,4.9174999999999995,0.76609375,1,7.6792187499999995,2.76171875,0,0,0,0
cKG,0.6,0,149,0.25,0.75,7.6792187499999995,1.2816796875,1,7.6792187499999995,0.0,1,1,1,1
cKG,0.6,0,150,1.0,0.5,7.632499999999999,2.9800000000000004,0,7.6792187499999995,0.04671875000000014,0,0,0,0
cKG,0.6,0,151,0.0,0.5,3.4974999999999996,0.6575,1,7.6792187499999995,4.18171875,0,0,0,0
cKG,0.6,0,152,0.5,1.0,13.302500000000002,2.205,0,7.6792187499999995,-5.6232812500000025,0,0,0,0
cKG,0.6,0,153,0.5,0.75,9.1975,1.6223437500000002,0,7.6792187499999995,-1.5182812500000002,0,0,0,0
cKG,0.6,0,154,0.25,0.75,7.6792187499999995,1.2816796875,1,7.6792187499999995,0.0,1,1,1,1
cKG,0.6,0,155,0.25,0.75,7.6792187499999995,1.2816796875,1,7.6792187499999995,0.0,1,1,1,1
cKG,0.6,0,156,0.0,0.75,5.9643749999999995,1.369375,1,7.6792187499999995,1.71484375,0,0,0,1
cKG,0.6,0,157,0.0,0.25,1.9693749999999999,0.004374999999999976,1,7.6792187499999995,5.709843749999999,0,0,0,0
cKG,0.6,0,158,0.5,1.0,13.302500000000002,2.205,0,7.6792187499999995,-5.6232812500000025,0,0,0,0
cKG,0.6,0,159,0.25,0.5,4.9174999999999995,0.76609375,1,7.6792187499999995,2.76171875,0,0,0,0
cKG,0.6,0,160,0.0,0.75,5.9643749999999995,1.369375,1,7.6792187499999995,1.71484375,0,0,0,1
cKG,0.6,0,161,0.0,0.5,3.4974999999999996,0.6575,1,7.6792187499999995,4.18171875,0,0,0,0
cKG,0.6,0,162,0.5,0.25,3.9499999999999997,0.90609375,1,7.6792187499999995,3.72921875,0,0,0,0
cKG,0.6,0,163,0.0,0.5,3.4974999999999996,0.6575,1,7.6792187499999995,4.18171875,0,0,0,0
cKG,0.6,0,164,0.25,0.75,7.6792187499999995,1.2816796875,1,7.6792187499999995,0.0,1,1,1,1
cKG,0.6,0,165,0.0,1.0,9.37,2.1399999999999997,0,7.6792187499999995,-1.6907812499999997,0,0,0,0
cKG,0.6,0,166,0.0,0.25,1.9693749999999999,0.004374999999999976,1,7.6792187499999995,5.709843749999999,0,0,0,0
cKG,0.6,0,167,0.0,0.5,3.4974999999999996,0.6575,1,7.6792187499999995,4.18171875,0,0,0,0
cKG,0.6,0,168,0.75,0.25,4.499218749999999,1.7266796875000003,0,7.6792187499999995,3.1800000000000006,0,0,0,0
cKG,0.6,0,169,0.0,0.75,5.9643749999999995,1.369375,1,7.6792187499999995,1.71484375,0,0,0,1
cKG,0.6,0,170,0.5,1.0,13.302500000000002,2.205,0,7.6792187499999995,-5.6232812500000025,0,0,0,0
cKG,0.6,0,171,0.25,0.75,7.6792187499999995,1.2816796875,1,7.6792187499999995,0.0,1,1,1,1
cKG,0.6,0,172,0.0,0.0,1.38,-0.59,1,7.6792187499999995,6.29921875,0,0,0,0
cKG,0.6,0,173,0.0,0.5,3.4974999999999996,0.6575,1,7.6792187499999995,4.18171875,0,0,0,0
cKG,0.6,0,174,0.5,0.0,2.8075,0.7725000000000001,1,7.6792187499999995,4.871718749999999,0,0,0,0
cKG,0.6,0,175,0.25,0.5,4.9174999999999995,0.76609375,1,7.6792187499999995,2.76171875,0,0,0,0
cKG,0.6,0,176,0.5,0.5,6.08,1.189375,1,7.6792187499999995,1.5992187499999995,0,0,0,1
cKG,0.6,0,177,0.25,0.5,4.9174999999999995,0.76609375,1,7.6792187499999995,2.76171875,0,0,0,0
cKG,0.6,0,178,0.25,0.75,7.6792187499999995,1.2816796875,1,7.6792187499999995,0.0,1,1,1,1
cKG,0.6,0,179,0.25,0.5,4.9174999999999995,0.76609375,1,7.6792187499999995,2.76171875,0,0,0,0
cKG,0.6,0,180,0.5,0.25,3.9499999999999997,0.90609375,1,7.6792187499999995,3.72921875,0,0,0,0
cKG,0.6,0,181,0.25,0.5,4.9174999999999995,0.76609375,1,7.6792187499999995,2.76171875,0,0,0,0
cKG,0.6,0,182,0.0,0.5,3.4974999999999996,0.6575,1,7.6792187499999995,4.18171875,0,0,0,0
cKG,0.6,0,183,0.5,0.5,6.08,1.189375,1,7.6792187499999995,1.5992187499999995,0,0,0,1
cKG,0.6,0,184,0.0,0.5,3.4974999999999996,0.6575,1,7.6792187499999995,4.18171875,0,0,0,0
cKG,0.6,0,185,0.75,1.0,15.101875000000001,3.1187500000000004,0,7.6792187499999995,-7.422656250000002,0,0,0,0
cKG,0.6,0,186,0.0,0.0,1.38,-0.59,1,7.6792187499999995,6.29921875,0,0,0,0
cKG,0.6,0,187,0.25,1.0,11.391874999999999,1.87875,0,7.6792187499999995,-3.7126562499999993,0,0,0,0
cKG,0.6,0,188,0.5,0.25,3.9499999999999997,0.90609375,1,7.6792187499999995,3.72921875,0,0,0,0
cKG,0.6,0,189,0.25,0.75,7.6792187499999995,1.2816796875,1,7.6792187499999995,0.0,1,1,1,1
cKG,0.6,0,190,0.5,0.25,3.9499999999999997,0.90609375,1,7.6792187499999995,3.72921875,0,0,0,0
cKG,0.6,0,191,0.25,0.75,7.6792187499999995,1.2816796875,1,7.6792187499999995,0.0,1,1,1,1
cKG,0.6,0,192,0.0,0.75,5.9643749999999995,1.369375,1,7.6792187499999995,1.71484375,0,0,0,1
cKG,0.6,0,193,0.75,0.25,4.499218749999999,1.7266796875000003,0,7.6792187499999995,3.1800000000000006,0,0,0,0
cKG,0.6,0,194,0.0,0.5,3.4974999999999996,0.6575,1,7.6792187499999995,4.18171875,0,0,0,0
cKG,0.6,0,195,0.25,0.75,7.6792187499999995,1.2816796875,1,7.6792187499999995,0.0,1,1,1,1
cKG,0.6,0,196,0.5,0.0,2.8075,0.7725000000000001,1,7.6792187499999995,4.871718749999999,0,0,0,0
cKG,0.6,0,197,0.25,0.25,3.1067187499999993,0.3319921875,1,7.6792187499999995,4.5725,0,0,0,0
cKG,0.6,0,198,0.25,1.0,11.391874999999999,1.87875,0,7.6792187499999995,-3.7126562499999993,0,0,0,0
cKG,0.6,0,199,0.0,1.0,9.37,2.1399999999999997,0,7.6792187499999995,-1.6907812499999997,0,0,0,0
cKG,0.6,1,0,0.5,0.5,10.089374999999997,1.189375,1,13.205468749999998,3.116093750000001,0,0,0,0
cKG,0.6,1,1,0.5,0.75,13.205468749999998,1.6223437500000002,1,13.205468749999998,0.0,1,1,1,1
cKG,0.6,1,2,0.25,0.75,9.212304687500001,1.2816796875,1,13.205468749999998,3.9931640624999964,0,0,0,0
cKG,0.6,1,3,1.0,0.0,2.0599999999999987,3.0300000000000002,0,13.205468749999998,11.14546875,0,0,0,0
cKG,0.6,1,4,0.25,0.75,9.212304687500001,1.2816796875,1,13.205468749999998,3.9931640624999964,0,0,0,0
cKG,0.6,1,5,0.5,1.0,15.885000000000002,2.205,0,13.205468749999998,-2.6795312500000037,0,0,0,0
cKG,0.6,1,6,0.25,0.75,9.212304687500001,1.2816796875,1,13.205468749999998,3.9931640624999964,0,0,0,0
cKG,0.6,1,7,0.5,0.5,10.089374999999997,1.189375,1,13.205468749999998,3.116093750000001,0,0,0,0
cKG,0.6,1,8,0.0,0.25,0.88375,0.004374999999999976,1,13.205468749999998,12.321718749999999,0,0,0,0
cKG,0.6,1,9,0.75,0.25,7.777304687499998,1.7266796875000003,1,13.205468749999998,5.4281640625,0,0,0,0
cKG,0.6,1,10,0.5,1.0,15.885000000000002,2.205,0,13.205468749999998,-2.6795312500000037,0,0,0,0
cKG,0.6,1,11,0.5,0.75,13.205468749999998,1.6223437500000002,1,13.205468749999998,0.0,1,1,1,1
cKG,0.6,1,12,0.5,0.5,10.089374999999997,1.189375,1,13.205468749999998,3.116093750000001,0,0,0,0
cKG,0.6,1,13,0.0,1.0,4.930000000000001,2.1399999999999997,0,13.205468749999998,8.275468749999998,0,0,0,0
cKG,0.6,1,14,0.5,0.75,13.205468749999998,1.6223437500000002,1,13.205468749999998,0.0,1,1,1,1
cKG,0.6,1,15,0.25,1.0,11.206249999999999,1.87875,1,13.205468749999998,1.999218749999999,0,0,0,1
cKG,0.6,1,16,0.5,0.5,10.089374999999997,1.189375,1,13.205468749999998,3.116093750000001,0,0,0,0
cKG,0.6,1,17,0.5,0.75,13.205468749999998,1.6223437500000002,1,13.205468749999998,0.0,1,1,1,1
cKG,0.6,1,18,0.25,0.75,9.212304687500001,1.2816796875,1,13.205468749999998,3.9931640624999964,0,0,0,0
cKG,0.6,1,19,0.25,1.0,11.206249999999999,1.87875,1,13.205468749999998,1.999218749999999,0,0,0,1
cKG,0.6,1,20,0.75,0.5,12.123593750000001,1.9273437500000001,1,13.205468749999998,1.0818749999999966,0,0,0,1
cKG,0.6,1,21,0.0,0.0,-1.05,-0.59,1,13.205468749999998,14.255468749999999,0,0,0,0
cKG,0.6,1,22,0.5,0.25,6.536718749999999,0.90609375,1,13.205468749999998,6.668749999999999,0,0,0,0
cKG,0.6,1,23,0.75,0.5,12.123593750000001,1.9273437500000001,1,13.205468749999998,1.0818749999999966,0,0,0,1
cKG,0.6,1,24,0.5,0.75,13.205468749999998,1.6223437500000002,1,13.205468749999998,0.0,1,1,1,1
cKG,0.6,1,25,0.5,0.25,6.536718749999999,0.90609375,1,13.205468749999998,6.668749999999999,0,0,0,0
cKG,0.6,1,26,0.5,0.75,13.205468749999998,1.6223437500000002,1,13.205468749999998,0.0,1,1,1,1
cKG,0.6,1,27,0.25,1.0,11.206249999999999,1.87875,1,13.205468749999998,1.999218749999999,0,0,0,1
cKG,0.6,1,28,0.25,1.0,11.206249999999999,1.87875,1,13.205468749999998,1.999218749999999,0,0,0,1
cKG,0.6,1,29,0.5,0.5,10.089374999999997,1.189375,1,13.205468749999998,3.116093750000001,0,0,0,0
cKG,0.6,1,30,0.75,0.25,7.777304687499998,1.7266796875000003,1,13.205468749999998,5.4281640625,0,0,0,0
cKG,0.6,1,31,0.5,0.75,13.205468749999998,1.6223437500000002,1,13.205468749999998,0.0,1,1,1,1
cKG,0.6,1,32,0.5,0.5,10.089374999999997,1.189375,1,13.205468749999998,3.116093750000001,0,0,0,0
cKG,0.6,1,33,0.75,0.25,7.777304687499998,1.7266796875000003,1,13.205468749999998,5.4281640625,0,0,0,0
cKG,0.6,1,34,0.25,0.75,9.212304687500001,1.2816796875,1,13.205468749999998,3.9931640624999964,0,0,0,0
cKG,0.6,1,35,0.75,0.75,15.853242187500001,2.3913671875,0,13.205468749999998,-2.6477734375000033,0,0,0,0
cKG,0.6,1,36,0.75,0.75,15.853242187500001,2.3913671875,0,13.205468749999998,-2.6477734375000033,0,0,0,0
cKG,0.6,1,37,0.75,1.0,18.966250000000002,3.1187500000000004,0,13.205468749999998,-5.760781250000004,0,0,0,0
cKG,0.6,1,38,0.25,1.0,11.206249999999999,1.87875,1,13.205468749999998,1.999218749999999,0,0,0,1
cKG,0.6,1,39,0.5,0.5,10.089374999999997,1.189375,1,13.205468749999998,3.116093750000001,0,0,0,0
cKG,0.6,1,40,0.75,0.5,12.123593750000001,1.9273437500000001,1,13.205468749999998,1.0818749999999966,0,0,0,1
cKG,0.6,1,41,0.25,0.75,9.212304687500001,1.2816796875,1,13.205468749999998,3.9931640624999964,0,0,0,0
cKG,0.6,1,42,0.25,1.0,11.206249999999999,1.87875,1,13.205468749999998,1.999218749999999,0,0,0,1
cKG,0.6,1,43,0.5,0.75,13.205468749999998,1.6223437500000002,1,13.205468749999998,0.0,1,1,1,1
cKG,0.6,1,44,0.5,1.0,15.885000000000002,2.205,0,13.205468749999998,-2.6795312500000037,0,0,0,0
cKG,0.6,1,45,0.75,0.5,12.123593750000001,1.9273437500000001,1,13.205468749999998,1.0818749999999966,0,0,0,1
cKG,0.6,1,46,0.5,0.75,13.205468749999998,1.6223437500000002,1,13.205468749999998,0.0,1,1,1,1
cKG,0.6,1,47,0.5,1.0,15.885000000000002,2.205,0,13.205468749999998,-2.6795312500000037,0,0,0,0
cKG,0.6,1,48,0.5,0.75,13.205468749999998,1.6223437500000002,1,13.205468749999998,0.0,1,1,1,1
cKG,0.6,1,49,0.5,0.75,13.205468749999998,1.6223437500000002,1,13.205468749999998,0.0,1,1,1,1
cKG,0.6,1,50,0.5,0.5,10.089374999999997,1.189375,1,13.205468749999998,3.116093750000001,0,0,0,0
cKG,0.6,1,51,0.5,0.75,13.205468749999998,1.6223437500000002,1,13.205468749999998,0.0,1,1,1,1
cKG,0.6,1,52,0.5,0.5,10.089374999999997,1.189375,1,13.205468749999998,3.116093750000001,0,0,0,0
cKG,0.6,1,53,0.5,0.5,10.089374999999997,1.189375,1,13.205468749999998,3.116093750000001,0,0,0,0
cKG,0.6,1,54,0.5,0.5,10.089374999999997,1.189375,1,13.205468749999998,3.116093750000001,0,0,0,0
cKG,0.6,1,55,0.0,1.0,4.930000000000001,2.1399999999999997,0,13.205468749999998,8.275468749999998,0,0,0,0
cKG,0.6,1,56,0.25,0.0,1.259375,-0.02062499999999995,1,13.205468749999998,11.946093749999998,0,0,0,0
cKG,0.6,1,57,0.25,0.75,9.212304687500001,1.2816796875,1,13.205468749999998,3.9931640624999964,0,0,0,0
cKG,0.6,1,58,0.75,0.5,12.123593750000001,1.9273437500000001,1,13.205468749999998,1.0818749999999966,0,0,0,1
cKG,0.6,1,59,0.5,0.75,13.205468749999998,1.6223437500000002,1,13.205468749999998,0.0,1,1,1,1
cKG,0.6,1,60,0.5,0.25,6.536718749999999,0.90609375,1,13.205468749999998,6.668749999999999,0,0,0,0
cKG,0.6,1,61,0.25,0.75,9.212304687500001,1.2816796875,1,13.205468749999998,3.9931640624999964,0,0,0,0
cKG,0.6,1,62,0.75,0.5,12.123593750000001,1.9273437500000001,1,13.205468749999998,1.0818749999999966,0,0,0,1
cKG,0.6,1,63,1.0,0.0,2.0599999999999987,3.0300000000000002,0,13.205468749999998,11.14546875,0,0,0,0
cKG,0.6,1,64,0.0,0.75,3.8737500000000002,1.369375,1,13.205468749999998,9.331718749999997,0,0,0,0
cKG,0.6,1,65,0.25,0.75,9.212304687500001,1.2816796875,1,13.205468749999998,3.9931640624999964,0,0,0,0
cKG,0.6,1,66,0.25,1.0,11.206249999999999,1.87875,1,13.205468749999998,1.999218749999999,0,0,0,1
cKG,0.6,1,67,0.5,0.75,13.205468749999998,1.6223437500000002,1,13.205468749999998,0.0,1,1,1,1
cKG,0.6,1,68,0.5,1.0,15.885000000000002,2.205,0,13.205468749999998,-2.6795312500000037,0,0,0,0
cKG,0.6,1,69,0.75,0.0,2.814374999999999,1.7893750000000002,1,13.205468749999998,10.39109375,0,0,0,0
cKG,0.6,1,70,0.5,0.75,13.205468749999998,1.6223437500000002,1,13.205468749999998,0.0,1,1,1,1
cKG,0.6,1,71,0.5,1.0,15.885000000000002,2.205,0,13.205468749999998,-2.6795312500000037,0,0,0,0
cKG,0.6,1,72,0.5,1.0,15.885000000000002,2.205,0,13.205468749999998,-2.6795312500000037,0,0,0,0
cKG,0.6,1,73,0.5,0.25,6.536718749999999,0.90609375,1,13.205468749999998,6.668749999999999,0,0,0,0
cKG,0.6,1,74,0.5,0.75,13.205468749999998,1.6223437500000002,1,13.205468749999998,0.0,1,1,1,1
cKG,0.6,1,75,0.5,0.5,10.089374999999997,1.189375,1,13.205468749999998,3.116093750000001,0,0,0,0
cKG,0.6,1,76,0.25,0.75,9.212304687500001,1.2816796875,1,13.205468749999998,3.9931640624999964,0,0,0,0
cKG,0.6,1,77,0.0,0.75,3.8737500000000002,1.369375,1,13.205468749999998,9.331718749999997,0,0,0,0
cKG,0.6,1,78,0.25,0.75,9.212304687500001,1.2816796875,1,13.205468749999998,3.9931640624999964,0,0,0,0
cKG,0.6,1,79,0.5,0.5,10.089374999999997,1.189375,1,13.205468749999998,3.116093750000001,0,0,0,0
cKG,0.6,1,80,0.5,0.5,10.089374999999997,1.189375,1,13.205468749999998,3.116093750000001,0,0,0,0
cKG,0.6,1,81,0.25,0.75,9.212304687500001,1.2816796875,1,13.205468749999998,3.9931640624999964,0,0,0,0
cKG,0.6,1,82,0.5,0.5,10.089374999999997,1.189375,1,13.205468749999998,3.116093750000001,0,0,0,0
cKG,0.6,1,83,0.5,0.75,13.205468749999998,1.6223437500000002,1,13.205468749999998,0.0,1,1,1,1
cKG,0.6,1,84,0.75,0.5,12.123593750000001,1.9273437500000001,1,13.205468749999998,1.0818749999999966,0,0,0,1
cKG,0.6,1,85,1.0,0.25,7.960624999999998,2.79375,0,13.205468749999998,5.24484375,0,0,0,0
cKG,0.6,1,86,0.5,0.75,13.205468749999998,1.6223437500000002,1,13.205468749999998,0.0,1,1,1,1
cKG,0.6,1,87,0.75,0.25,7.777304687499998,1.7266796875000003,1,13.205468749999998,5.4281640625,0,0,0,0
cKG,0.6,1,88,0.25,1.0,11.206249999999999,1.87875,1,13.205468749999998,1.999218749999999,0,0,0,1
cKG,0.6,1,89,0.25,0.75,9.212304687500001,1.2816796875,1,13.205468749999998,3.9931640624999964,0,0,0,0
cKG,0.6,1,90,0.25,1.0,11.206249999999999,1.87875,1,13.205468749999998,1.999218749999999,0,0,0,1
cKG,0.6,1,91,0.75,0.5,12.123593750000001,1.9273437500000001,1,13.205468749999998,1.0818749999999966,0,0,0,1
cKG,0.6,1,92,0.5,0.5,10.089374999999997,1.189375,1,13.205468749999998,3.116093750000001,0,0,0,0
cKG,0.6,1,93,0.25,0.75,9.212304687500001,1.2816796875,1,13.205468749999998,3.9931640624999964,0,0,0,0
cKG,0.6,1,94,0.5,0.5,10.089374999999997,1.189375,1,13.205468749999998,3.116093750000001,0,0,0,0
cKG,0.6,1,95,0.5,0.75,13.205468749999998,1.6223437500000002,1,13.205468749999998,0.0,1,1,1,1
cKG,0.6,1,96,0.5,0.75,13.205468749999998,1.6223437500000002,1,13.205468749999998,0.0,1,1,1,1
cKG,0.6,1,97,0.5,0.75,13.205468749999998,1.6223437500000002,1,13.205468749999998,0.0,1,1,1,1
cKG,0.6,1,98,0.25,0.75,9.212304687500001,1.2816796875,1,13.205468749999998,3.9931640624999964,0,0,0,0
cKG,0.6,1,99,0.5,0.75,13.205468749999998,1.6223437500000002,1,13.205468749999998,0.0,1,1,1,1
cKG,0.6,1,100,0.5,0.75,13.205468749999998,1.6223437500000002,1,13.205468749999998,0.0,1,1,1,1
cKG,0.6,1,101,0.25,0.75,9.212304687500001,1.2816796875,1,13.205468749999998,3.9931640624999964,0,0,0,0
cKG,0.6,1,102,0.75,0.0,2.814374999999999,1.7893750000000002,1,13.205468749999998,10.39109375,0,0,0,0
cKG,0.6,1,103,0.25,0.5,6.889843749999999,0.76609375,1,13.205468749999998,6.315624999999999,0,0,0,0
cKG,0.6,1,104,0.25,0.75,9.212304687500001,1.2816796875,1,13.205468749999998,3.9931640624999964,0,0,0,0
cKG,0.6,1,105,0.5,1.0,15.885000000000002,2.205,0,13.205468749999998,-2.6795312500000037,0,0,0,0
cKG,0.6,1,106,0.5,0.5,10.089374999999997,1.189375,1,13.205468749999998,3.116093750000001,0,0,0,0
cKG,0.6,1,107,0.0,0.0,-1.05,-0.59,1,13.205468749999998,14.255468749999999,0,0,0,0
cKG,0.6,1,108,0.0,0.5,2.5250000000000004,0.6575,1,13.205468749999998,10.680468749999998,0,0,0,0
cKG,0.6,1,109,0.5,0.75,13.205468749999998,1.6223437500000002,1,13.205468749999998,0.0,1,1,1,1
cKG,0.6,1,110,0.5,0.75,13.205468749999998,1.6223437500000002,1,13.205468749999998,0.0,1,1,1,1
cKG,0.6,1,111,0.0,0.75,3.8737500000000002,1.369375,1,13.205468749999998,9.331718749999997,0,0,0,0
cKG,0.6,1,112,0.5,1.0,15.885000000000002,2.205,0,13.205468749999998,-2.6795312500000037,0,0,0,0
cKG,0.6,1,113,0.25,1.0,11.206249999999999,1.87875,1,13.205468749999998,1.999218749999999,0,0,0,1
cKG,0.6,1,114,0.5,0.75,13.205468749999998,1.6223437500000002,1,13.205468749999998,0.0,1,1,1,1
cKG,0.6,1,115,0.75,0.5,12.123593750000001,1.9273437500000001,1,13.205468749999998,1.0818749999999966,0,0,0,1
cKG,0.6,1,116,0.75,0.75,15.853242187500001,2.3913671875,0,13.205468749999998,-2.6477734375000033,0,0,0,0
cKG,0.6,1,117,0.75,0.25,7.777304687499998,1.7266796875000003,1,13.205468749999998,5.4281640625,0,0,0,0
cKG,0.6,1,118,0.5,0.5,10.089374999999997,1.189375,1,13.205468749999998,3.116093750000001,0,0,0,0
cKG,0.6,1,119,0.0,1.0,4.930000000000001,2.1399999999999997,0,13.205468749999998,8.275468749999998,0,0,0,0
cKG,0.6,1,120,0.25,1.0,11.206249999999999,1.87875,1,13.205468749999998,1.999218749999999,0,0,0,1
cKG,0.6,1,121,0.0,1.0,4.930000000000001,2.1399999999999997,0,13.205468749999998,8.275468749999998,0,0,0,0
cKG,0.6,1,122,0.75,0.25,7.777304687499998,1.7266796875000003,1,13.205468749999998,5.4281640625,0,0,0,0
cKG,0.6,1,123,0.75,0.75,15.853242187500001,2.3913671875,0,13.205468749999998,-2.6477734375000033,0,0,0,0
cKG,0.6,1,124,0.5,1.0,15.885000000000002,2.205,0,13.205468749999998,-2.6795312500000037,0,0,0,0
cKG,0.6,1,125,0.5,0.75,13.205468749999998,1.6223437500000002,1,13.205468749999998,0.0,1,1,1,1
cKG,0.6,1,126,0.5,0.5,10.089374999999997,1.189375,1,13.205468749999998,3.116093750000001,0,0,0,0
cKG,0.6,1,127,0.75,0.5,12.123593750000001,1.9273437500000001,1,13.205468749999998,1.0818749999999966,0,0,0,1
cKG,0.6,1,128,0.5,1.0,15.885000000000002,2.205,0,13.205468749999998,-2.6795312500000037,0,0,0,0
cKG,0.6,1,129,0.5,1.0,15.885000000000002,2.205,0,13.205468749999998,-2.6795312500000037,0,0,0,0
cKG,0.6,1,130,0.5,0.75,13.205468749999998,1.6223437500000002,1,13.205468749999998,0.0,1,1,1,1
cKG,0.6,1,131,0.5,0.75,13.205468749999998,1.6223437500000002,1,13.205468749999998,0.0,1,1,1,1
cKG,0.6,1,132,0.5,0.75,13.205468749999998,1.6223437500000002,1,13.205468749999998,0.0,1,1,1,1
cKG,0.6,1,133,0.75,0.5,12.123593750000001,1.9273437500000001,1,13.205468749999998,1.0818749999999966,0,0,0,1
cKG,0.6,1,134,0.5,0.5,10.089374999999997,1.189375,1,13.205468749999998,3.116093750000001,0,0,0,0
cKG,0.6,1,135,0.75,0.5,12.123593750000001,1.9273437500000001,1,13.205468749999998,1.0818749999999966,0,0,0,1
cKG,0.6,1,136,0.0,1.0,4.930000000000001,2.1399999999999997,0,13.205468749999998,8.275468749999998,0,0,0,0
cKG,0.6,1,137,0.5,0.5,10.089374999999997,1.189375,1,13.205468749999998,3.116093750000001,0,0,0,0
cKG,0.6,1,138,0.5,1.0,15.885000000000002,2.205,0,13.205468749999998,-2.6795312500000037,0,0,0,0
cKG,0.6,1,139,0.5,0.75,13.205468749999998,1.6223437500000002,1,13.205468749999998,0.0,1,1,1,1
cKG,0.6,1,140,0.5,0.5,10.089374999999997,1.189375,1,13.205468749999998,3.116093750000001,0,0,0,0
cKG,0.6,1,141,0.25,1.0,11.206249999999999,1.87875,1,13.205468749999998,1.999218749999999,0,0,0,1
cKG,0.6,1,142,0.75,0.25,7.777304687499998,1.7266796875000003,1,13.205468749999998,5.4281640625,0,0,0,0
cKG,0.6,1,143,0.25,0.5,6.889843749999999,0.76609375,1,13.205468749999998,6.315624999999999,0,0,0,0
cKG,0.6,1,144,0.25,1.0,11.206249999999999,1.87875,1,13.205468749999998,1.999218749999999,0,0,0,1
cKG,0.6,1,145,0.5,0.75,13.205468749999998,1.6223437500000002,1,13.205468749999998,0.0,1,1,1,1
cKG,0.6,1,146,0.25,1.0,11.206249999999999,1.87875,1,13.205468749999998,1.999218749999999,0,0,0,1
cKG,0.6,1,147,0.5,0.75,13.205468749999998,1.6223437500000002,1,13.205468749999998,0.0,1,1,1,1
cKG,0.6,1,148,0.0,0.0,-1.05,-0.59,1,13.205468749999998,14.255468749999999,0,0,0,0
cKG,0.6,1,149,0.5,0.5,10.089374999999997,1.189375,1,13.205468749999998,3.116093750000001,0,0,0,0
cKG,0.6,1,150,0.5,1.0,15.885000000000002,2.205,0,13.205468749999998,-2.6795312500000037,0,0,0,0
cKG,0.6,1,151,0.5,0.75,13.205468749999998,1.6223437500000002,1,13.205468749999998,0.0,1,1,1,1
cKG,0.6,1,152,0.25,1.0,11.206249999999999,1.87875,1,13.205468749999998,1.999218749999999,0,0,0,1
cKG,0.6,1,153,1.0,0.5,12.9925,2.9800000000000004,0,13.205468749999998,0.21296874999999815,0,0,0,0
cKG,0.6,1,154,1.0,0.25,7.960624999999998,2.79375,0,13.205468749999998,5.24484375,0,0,0,0
cKG,0.6,1,155,0.75,0.75,15.853242187500001,2.3913671875,0,13.205468749999998,-2.6477734375000033,0,0,0,0
cKG,0.6,1,156,0.25,0.75,9.212304687500001,1.2816796875,1,13.205468749999998,3.9931640624999964,0,0,0,0
cKG,0.6,1,157,0.0,0.0,-1.05,-0.59,1,13.205468749999998,14.255468749999999,0,0,0,0
cKG,0.6,1,158,0.5,1.0,15.885000000000002,2.205,0,13.205468749999998,-2.6795312500000037,0,0,0,0
cKG,0.6,1,159,0.5,1.0,15.885000000000002,2.205,0,13.205468749999998,-2.6795312500000037,0,0,0,0
cKG,0.6,1,160,0.0,1.0,4.930000000000001,2.1399999999999997,0,13.205468749999998,8.275468749999998,0,0,0,0
cKG,0.6,1,161,0.75,0.75,15.853242187500001,2.3913671875,0,13.205468749999998,-2.6477734375000033,0,0,0,0
cKG,0.6,1,162,0.0,0.75,3.8737500000000002,1.369375,1,13.205468749999998,9.331718749999997,0,0,0,0
cKG,0.6,1,163,0.5,0.5,10.089374999999997,1.189375,1,13.205468749999998,3.116093750000001,0,0,0,0
cKG,0.6,1,164,0.75,0.25,7.777304687499998,1.7266796875000003,1,13.205468749999998,5.4281640625,0,0,0,0
cKG,0.6,1,165,0.25,1.0,11.206249999999999,1.87875,1,13.205468749999998,1.999218749999999,0,0,0,1
cKG,0.6,1,166,0.0,1.0,4.930000000000001,2.1399999999999997,0,13.205468749999998,8.275468749999998,0,0,0,0
cKG,0.6,1,167,0.5,0.25,6.536718749999999,0.90609375,1,13.205468749999998,6.668749999999999,0,0,0,0
cKG,0.6,1,168,0.25,1.0,11.206249999999999,1.87875,1,13.205468749999998,1.999218749999999,0,0,0,1
cKG,0.6,1,169,0.5,1.0,15.885000000000002,2.205,0,13.205468749999998,-2.6795312500000037,0,0,0,0
cKG,0.6,1,170,0.75,0.25,7.777304687499998,1.7266796875000003,1,13.205468749999998,5.4281640625,0,0,0,0
cKG,0.6,1,171,0.5,0.5,10.089374999999997,1.189375,1,13.205468749999998,3.116093750000001,0,0,0,0
cKG,0.6,1,172,0.25,0.75,9.212304687500001,1.2816796875,1,13.205468749999998,3.9931640624999964,0,0,0,0
cKG,0.6,1,173,0.0,0.75,3.8737500000000002,1.369375,1,13.205468749999998,9.331718749999997,0,0,0,0
cKG,0.6,1,174,0.5,1.0,15.885000000000002,2.205,0,13.205468749999998,-2.6795312500000037,0,0,0,0
cKG,0.6,1,175,0.5,0.5,10.089374999999997,1.189375,1,13.205468749999998,3.116093750000001,0,0,0,0
cKG,0.6,1,176,0.5,0.5,10.089374999999997,1.189375,1,13.205468749999998,3.116093750000001,0,0,0,0
cKG,0.6,1,177,0.75,0.0,2.814374999999999,1.7893750000000002,1,13.205468749999998,10.39109375,0,0,0,0
cKG,0.6,1,178,0.5,0.75,13.205468749999998,1.6223437500000002,1,13.205468749999998,0.0,1,1,1,1
cKG,0.6,1,179,0.75,0.0,2.814374999999999,1.7893750000000002,1,13.205468749999998,10.39109375,0,0,0,0
cKG,0.6,1,180,0.0,1.0,4.930000000000001,2.1399999999999997,0,13.205468749999998,8.275468749999998,0,0,0,0
cKG,0.6,1,181,0.5,0.25,6.536718749999999,0.90609375,1,13.205468749999998,6.668749999999999,0,0,0,0
cKG,0.6,1,182,0.5,0.5,10.089374999999997,1.189375,1,13.205468749999998,3.116093750000001,0,0,0,0
cKG,0.6,1,183,0.5,0.5,10.089374999999997,1.189375,1,13.205468749999998,3.116093750000001,0,0,0,0
cKG,0.6,1,184,0.0,0.75,3.8737500000000002,1.369375,1,13.205468749999998,9.331718749999997,0,0,0,0
cKG,0.6,1,185,0.5,1.0,15.885000000000002,2.205,0,13.205468749999998,-2.6795312500000037,0,0,0,0
cKG,0.6,1,186,0.75,0.25,7.777304687499998,1.7266796875000003,1,13.205468749999998,5.4281640625,0,0,0,0
cKG,0.6,1,187,0.25,0.5,6.889843749999999,0.76609375,1,13.205468749999998,6.315624999999999,0,0,0,0
cKG,0.6,1,188,0.25,1.0,11.206249999999999,1.87875,1,13.205468749999998,1.999218749999999,0,0,0,1
cKG,0.6,1,189,0.5,0.75,13.205468749999998,1.6223437500000002,1,13.205468749999998,0.0,1,1,1,1
cKG,0.6,1,190,0.75,0.25,7.777304687499998,1.7266796875000003,1,13.205468749999998,5.4281640625,0,0,0,0
cKG,0.6,1,191,0.75,1.0,18.966250000000002,3.1187500000000004,0,13.205468749999998,-5.760781250000004,0,0,0,0
cKG,0.6,1,192,0.5,0.75,13.205468749999998,1.6223437500000002,1,13.205468749999998,0.0,1,1,1,1
cKG,0.6,1,193,1.0,0.25,7.960624999999998,2.79375,0,13.205468749999998,5.24484375,0,0,0,0
cKG,0.6,1,194,0.0,0.0,-1.05,-0.59,1,13.205468749999998,14.255468749999999,0,0,0,0
cKG,0.6,1,195,0.25,0.75,9.212304687500001,1.2816796875,1,13.205468749999998,3.9931640624999964,0,0,0,0
cKG,0.6,1,196,0.25,1.0,11.206249999999999,1.87875,1,13.205468749999998,1.999218749999999,0,0,0,1
cKG,0.6,1,197,0.5,0.75,13.205468749999998,1.6223437500000002,1,13.205468749999998,0.0,1,1,1,1
cKG,0.6,1,198,0.5,1.0,15.885000000000002,2.205,0,13.205468749999998,-2.6795312500000037,0,0,0,0
cKG,0.6,1,199,0.5,0.5,10.089374999999997,1.189375,1,13.205468749999998,3.116093750000001,0,0,0,0
cKG,0.7,0,0,0.0,0.0,1.38,-0.59,1,7.6792187499999995,6.29921875,0,0,0,0
cKG,0.7,0,1,0.0,0.75,5.9643749999999995,1.369375,1,7.6792187499999995,1.71484375,0,0,0,1
cKG,0.7,0,2,0.5,0.5,6.08,1.189375,1,7.6792187499999995,1.5992187499999995,0,0,0,1
cKG,0.7,0,3,0.5,0.25,3.9499999999999997,0.90609375,1,7.6792187499999995,3.72921875,0,0,0,0
cKG,0.7,0,4,0.25,0.75,7.6792187499999995,1.2816796875,1,7.6792187499999995,0.0,1,1,1,1
cKG,0.7,0,5,0.25,0.5,4.9174999999999995,0.76609375,1,7.6792187499999995,2.76171875,0,0,0,0
cKG,0.7,0,6,0.0,0.75,5.9643749999999995,1.369375,1,7.6792187499999995,1.71484375,0,0,0,1
cKG,0.7,0,7,0.25,0.5,4.9174999999999995,0.76609375,1,7.6792187499999995,2.76171875,0,0,0,0
cKG,0.7,0,8,0.0,0.75,5.9643749999999995,1.369375,1,7.6792187499999995,1.71484375,0,0,0,1
cKG,0.7,0,9,0.25,0.75,7.6792187499999995,1.2816796875,1,7.6792187499999995,0.0,1,1,1,1
cKG,0.7,0,10,0.25,1.0,11.391874999999999,1.87875,0,7.6792187499999995,-3.7126562499999993,0,0,0,0
cKG,0.7,0,11,0.25,0.5,4.9174999999999995,0.76609375,1,7.6792187499999995,2.76171875,0,0,0,0
cKG,0.7,0,12,0.25,1.0,11.391874999999999,1.87875,0,7.6792187499999995,-3.7126562499999993,0,0,0,0
cKG,0.7,0,13,0.25,0.5,4.9174999999999995,0.76609375,1,7.6792187499999995,2.76171875,0,0,0,0
cKG,0.7,0,14,0.0,0.25,1.9693749999999999,0.004374999999999976,1,7.6792187499999995,5.709843749999999,0,0,0,0
cKG,0.7,0,15,0.25,0.75,7.6792187499999995,1.2816796875,1,7.6792187499999995,0.0,1,1,1,1
cKG,0.7,0,16,0.5,0.0,2.8075,0.7725000000000001,1,7.6792187499999995,4.871718749999999,0,0,0,0
cKG,0.7,0,17,0.75,0.5,6.985,1.9273437500000001,0,7.6792187499999995,0.6942187499999992,0,0,0,0
cKG,0.7,0,18,0.25,0.75,7.6792187499999995,1.2816796875,1,7.6792187499999995,0.0,1,1,1,1
cKG,0.7,0,19,0.25,0.75,7.6792187499999995,1.2816796875,1,7.6792187499999995,0.0,1,1,1,1
cKG,0.7,0,20,0.0,1.0,9.37,2.1399999999999997,0,7.6792187499999995,-1.6907812499999997,0,0,0,0
cKG,0.7,0,21,0.0,0.0,1.38,-0.59,1,7.6792187499999995,6.29921875,0,0,0,0
cKG,0.7,0,22,0.5,0.0,2.8075,0.7725000000000001,1,7.6792187499999995,4.871718749999999,0,0,0,0
cKG,0.7,0,23,0.25,1.0,11.391874999999999,1.87875,0,7.6792187499999995,-3.7126562499999993,0,0,0,0
cKG,0.7,0,24,0.75,0.25,4.499218749999999,1.7266796875000003,0,7.6792187499999995,3.1800000000000006,0,0,0,0
cKG,0.7,0,25,0.25,0.25,3.1067187499999993,0.3319921875,1,7.6792187499999995,4.5725,0,0,0,0
cKG,0.7,0,26,0.0,0.0,1.38,-0.59,1,7.6792187499999995,6.29921875,0,0,0,0
cKG,0.7,0,27,0.5,0.0,2.8075,0.7725000000000001,1,7.6792187499999995,4.871718749999999,0,0,0,0
cKG,0.7,0,28,0.25,0.75,7.6792187499999995,1.2816796875,1,7.6792187499999995,0.0,1,1,1,1
cKG,0.7,0,29,0.5,0.25,3.9499999999999997,0.90609375,1,7.6792187499999995,3.72921875,0,0,0,0
cKG,0.7,0,30,0.0,0.75,5.9643749999999995,1.369375,1,7.6792187499999995,1.71484375,0,0,0,1
cKG,0.7,0,31,0.25,0.5,4.9174999999999995,0.76609375,1,7.6792187499999995,2.76171875,0,0,0,0
cKG,0.7,0,32,0.25,0.5,4.9174999999999995,0.76609375,1,7.6792187499999995,2.76171875,0,0,0,0
cKG,0.7,0,33,0.25,0.5,4.9174999999999995,0.76609375,1,7.6792187499999995,2.76171875,0,0,0,0
cKG,0.7,0,34,0.0,1.0,9.37,2.1399999999999997,0,7.6792187499999995,-1.6907812499999997,0,0,0,0
cKG,0.7,0,35,0.75,0.75,10.51921875,2.3913671875,0,7.6792187499999995,-2.8400000000000007,0,0,0,0
cKG,0.7,0,36,0.0,0.75,5.9643749999999995,1.369375,1,7.6792187499999995,1.71484375,0,0,0,1
cKG,0.7,0,37,0.25,0.5,4.9174999999999995,0.76609375,1,7.6792187499999995,2.76171875,0,0,0,0
cKG,0.7,0,38,0.0,1.0,9.37,2.1399999999999997,0,7.6792187499999995,-1.6907812499999997,0,0,0,0
cKG,0.7,0,39,1.0,0.5,7.632499999999999,2.9800000000000004,0,7.6792187499999995,0.04671875000000014,0,0,0,0
cKG,0.7,0,40,0.5,0.5,6.08,1.189375,1,7.6792187499999995,1.5992187499999995,0,0,0,1
cKG,0.7,0,41,0.5,0.25,3.9499999999999997,0.90609375,1,7.6792187499999995,3.72921875,0,0,0,0
cKG,0.7,0,42,0.0,0.5,3.4974999999999996,0.6575,1,7.6792187499999995,4.18171875,0,0,0,0
cKG,0.7,0,43,0.25,0.0,2.2468749999999997,-0.02062499999999995,1,7.6792187499999995,5.432343749999999,0,0,0,0
cKG,0.7,0,44,0.25,0.5,4.9174999999999995,0.76609375,1,7.6792187499999995,2.76171875,0,0,0,0
cKG,0.7,0,45,0.0,0.5,3.4974999999999996,0.6575,1,7.6792187499999995,4.18171875,0,0,0,0
cKG,0.7,0,46,0.0,1.0,9.37,2.1399999999999997,0,7.6792187499999995,-1.6907812499999997,0,0,0,0
cKG,0.7,0,47,0.25,0.75,7.6792187499999995,1.2816796875,1,7.6792187499999995,0.0,1,1,1,1
cKG,0.7,0,48,0.25,0.5,4.9174999999999995,0.76609375,1,7.6792187499999995,2.76171875,0,0,0,0
cKG,0.7,0,49,0.0,0.75,5.9643749999999995,1.369375,1,7.6792187499999995,1.71484375,0,0,0,1
cKG,0.7,0,50,0.5,0.75,9.1975,1.6223437500000002,0,7.6792187499999995,-1.5182812500000002,0,0,0,0
cKG,0.7,0,51,0.25,0.5,4.9174999999999995,0.76609375,1,7.6792187499999995,2.76171875,0,0,0,0
cKG,0.7,0,52,0.5,0.5,6.08,1.189375,1,7.6792187499999995,1.5992187499999995,0,0,0,1
cKG,0.7,0,53,0.0,0.75,5.9643749999999995,1.369375,1,7.6792187499999995,1.71484375,0,0,0,1
cKG,0.7,0,54,0.25,0.0,2.2468749999999997,-0.02062499999999995,1,7.6792187499999995,5.432343749999999,0,0,0,0
cKG,0.7,0,55,0.25,0.75,7.6792187499999995,1.2816796875,1,7.6792187499999995,0.0,1,1,1,1
cKG,0.7,0,56,0.25,0.0,2.2468749999999997,-0.02062499999999995,1,7.6792187499999995,5.432343749999999,0,0,0,0
cKG,0.7,0,57,0.25,0.5,4.9174999999999995,0.76609375,1,7.6792187499999995,2.76171875,0,0,0,0
cKG,0.7,0,58,0.25,0.5,4.9174999999999995,0.76609375,1,7.6792187499999995,2.76171875,0,0,0,0
cKG,0.7,0,59,0.25,0.75,7.6792187499999995,1.2816796875,1,7.6792187499999995,0.0,1,1,1,1
cKG,0.7,0,60,1.0,0.25,4.7543750000000005,2.79375,0,7.6792187499999995,2.924843749999999,0,0,0,0
cKG,0.7,0,61,0.0,0.5,3.4974999999999996,0.6575,1,7.6792187499999995,4.18171875,0,0,0,0
cKG,0.7,0,62,0.25,0.0,2.2468749999999997,-0.02062499999999995,1,7.6792187499999995,5.432343749999999,0,0,0,0
cKG,0.7,0,63,0.25,1.0,11.391874999999999,1.87875,0,7.6792187499999995,-3.7126562499999993,0,0,0,0
cKG,0.7,0,64,0.5,0.25,3.9499999999999997,0.90609375,1,7.6792187499999995,3.72921875,0,0,0,0
cKG,0.7,0,65,0.25,1.0,11.391874999999999,1.87875,0,7.6792187499999995,-3.7126562499999993,0,0,0,0
cKG,0.7,0,66,0.0,0.75,5.9643749999999995,1.369375,1,7.6792187499999995,1.71484375,0,0,0,1
cKG,0.7,0,67,0.0,0.75,5.9643749999999995,1.369375,1,7.6792187499999995,1.71484375,0,0,0,1
cKG,0.7,0,68,0.0,0.5,3.4974999999999996,0.6575,1,7.6792187499999995,4.18171875,0,0,0,0
cKG,0.7,0,69,0.25,0.75,7.6792187499999995,1.2816796875,1,7.6792187499999995,0.0,1,1,1,1
cKG,0.7,0,70,0.25,1.0,11.391874999999999,1.87875,0,7.6792187499999995,-3.7126562499999993,0,0,0,0
cKG,0.7,0,71,0.5,0.0,2.8075,0.7725000000000001,1,7.6792187499999995,4.871718749999999,0,0,0,0
cKG,0.7,0,72,0.25,0.0,2.2468749999999997,-0.02062499999999995,1,7.6792187499999995,5.432343749999999,0,0,0,0
cKG,0.7,0,73,0.25,0.75,7.6792187499999995,1.2816796875,1,7.6792187499999995,0.0,1,1,1,1
cKG,0.7,0,74,0.0,0.75,5.9643749999999995,1.369375,1,7.6792187499999995,1.71484375,0,0,0,1
cKG,0.7,0,75,0.0,0.5,3.4974999999999996,0.6575,1,7.6792187499999995,4.18171875,0,0,0,0
cKG,0.7,0,76,0.0,1.0,9.37,2.1399999999999997,0,7.6792187499999995,-1.6907812499999997,0,0,0,0
cKG,0.7,0,77,0.25,0.5,4.9174999999999995,0.76609375,1,7.6792187499999995,2.76171875,0,0,0,0
cKG,0.7,0,78,0.0,0.0,1.38,-0.59,1,7.6792187499999995,6.29921875,0,0,0,0
cKG,0.7,0,79,0.25,0.5,4.9174999999999995,0.76609375,1,7.6792187499999995,2.76171875,0,0,0,0
cKG,0.7,0,80,0.75,0.25,4.499218749999999,1.7266796875000003,0,7.6792187499999995,3.1800000000000006,0,0,0,0
cKG,0.7,0,81,0.25,0.25,3.1067187499999993,0.3319921875,1,7.6792187499999995,4.5725,0,0,0,0
cKG,0.7,0,82,0.25,0.0,2.2468749999999997,-0.02062499999999995,1,7.6792187499999995,5.432343749999999,0,0,0,0
cKG,0.7,0,83,0.5,0.5,6.08,1.189375,1,7.6792187499999995,1.5992187499999995,0,0,0,1
cKG,0.7,0,84,0.25,0.25,3.1067187499999993,0.3319921875,1,7.6792187499999995,4.5725,0,0,0,0
cKG,0.7,0,85,0.5,0.5,6.08,1.189375,1,7.6792187499999995,1.5992187499999995,0,0,0,1
cKG,0.7,0,86,0.25,0.5,4.9174999999999995,0.76609375,1,7.6792187499999995,2.76171875,0,0,0,0
cKG,0.7,0,87,0.75,0.25,4.499218749999999,1.7266796875000003,0,7.6792187499999995,3.1800000000000006,0,0,0,0
cKG,0.7,0,88,0.0,0.5,3.4974999999999996,0.6575,1,7.6792187499999995,4.18171875,0,0,0,0
cKG,0.7,0,89,0.5,0.5,6.08,1.189375,1,7.6792187499999995,1.5992187499999995,0,0,0,1
cKG,0.7,0,90,0.0,0.75,5.9643749999999995,1.369375,1,7.6792187499999995,1.71484375,0,0,0,1
cKG,0.7,0,91,0.5,0.25,3.9499999999999997,0.90609375,1,7.6792187499999995,3.72921875,0,0,0,0
cKG,0.7,0,92,0.25,1.0,11.391874999999999,1.87875,0,7.6792187499999995,-3.7126562499999993,0,0,0,0
cKG,0.7,0,93,0.25,0.5,4.9174999999999995,0.76609375,1,7.6792187499999995,2.76171875,0,0,0,0
cKG,0.7,0,94,0.25,0.25,3.1067187499999993,0.3319921875,1,7.6792187499999995,4.5725,0,0,0,0
cKG,0.7,0,95,0.25,0.75,7.6792187499999995,1.2816796875,1,7.6792187499999995,0.0,1,1,1,1
cKG,0.7,0,96,0.0,0.5,3.4974999999999996,0.6575,1,7.6792187499999995,4.18171875,0,0,0,0
cKG,0.7,0,97,0.25,1.0,11.391874999999999,1.87875,0,7.6792187499999995,-3.7126562499999993,0,0,0,0
cKG,0.7,0,98,0.25,0.5,4.9174999999999995,0.76609375,1,7.6792187499999995,2.76171875,0,0,0,0
cKG,0.7,0,99,0.0,0.75,5.9643749999999995,1.369375,1,7.6792187499999995,1.71484375,0,0,0,1
cKG,0.7,0,100,0.25,0.5,4.9174999999999995,0.76609375,1,7.6792187499999995,2.76171875,0,0,0,0
cKG,0.7,0,101,0.0,0.0,1.38,-0.59,1,7.6792187499999995,6.29921875,0,0,0,0
cKG,0.7,0,102,0.0,0.75,5.9643749999999995,1.369375,1,7.6792187499999995,1.71484375,0,0,0,1
cKG,0.7,0,103,0.5,1.0,13.302500000000002,2.205,0,7.6792187499999995,-5.6232812500000025,0,0,0,0
cKG,0.7,0,104,0.0,0.5,3.4974999999999996,0.6575,1,7.6792187499999995,4.18171875,0,0,0,0
cKG,0.7,0,105,0.5,0.0,2.8075,0.7725000000000001,1,7.6792187499999995,4.871718749999999,0,0,0,0
cKG,0.7,0,106,0.0,0.75,5.9643749999999995,1.369375,1,7.6792187499999995,1.71484375,0,0,0,1
cKG,0.7,0,107,0.0,0.0,1.38,-0.59,1,7.6792187499999995,6.29921875,0,0,0,0
cKG,0.7,0,108,0.25,0.5,4.9174999999999995,0.76609375,1,7.6792187499999995,2.76171875,0,0,0,0
cKG,0.7,0,109,0.0,0.25,1.9693749999999999,0.004374999999999976,1,7.6792187499999995,5.709843749999999,0,0,0,0
cKG,0.7,0,110,0.5,1.0,13.302500000000002,2.205,0,7.6792187499999995,-5.6232812500000025,0,0,0,0
cKG,0.7,0,111,0.25,0.25,3.1067187499999993,0.3319921875,1,7.6792187499999995,4.5725,0,0,0,0
cKG,0.7,0,112,0.25,0.75,7.6792187499999995,1.2816796875,1,7.6792187499999995,0.0,1,1,1,1
cKG,0.7,0,113,0.0,0.5,3.4974999999999996,0.6575,1,7.6792187499999995,4.18171875,0,0,0,0
cKG,0.7,0,114,0.5,0.75,9.1975,1.6223437500000002,0,7.6792187499999995,-1.5182812500000002,0,0,0,0
cKG,0.7,0,115,0.25,0.75,7.6792187499999995,1.2816796875,1,7.6792187499999995,0.0,1,1,1,1
cKG,0.7,0,116,0.25,1.0,11.391874999999999,1.87875,0,7.6792187499999995,-3.7126562499999993,0,0,0,0
cKG,0.7,0,117,0.25,0.5,4.9174999999999995,0.76609375,1,7.6792187499999995,2.76171875,0,0,0,0
cKG,0.7,0,118,0.0,0.0,1.38,-0.59,1,7.6792187499999995,6.29921875,0,0,0,0
cKG,0.7,0,119,0.25,0.5,4.9174999999999995,0.76609375,1,7.6792187499999995,2.76171875,0,0,0,0
cKG,0.7,0,120,0.25,0.75,7.6792187499999995,1.2816796875,1,7.6792187499999995,0.0,1,1,1,1
cKG,0.7,0,121,0.25,0.5,4.9174999999999995,0.76609375,1,7.6792187499999995,2.76171875,0,0,0,0
cKG,0.7,0,122,0.0,0.0,1.38,-0.59,1,7.6792187499999995,6.29921875,0,0,0,0
cKG,0.7,0,123,0.25,0.75,7.6792187499999995,1.2816796875,1,7.6792187499999995,0.0,1,1,1,1
cKG,0.7,0,124,0.0,0.75,5.9643749999999995,1.369375,1,7.6792187499999995,1.71484375,0,0,0,1
cKG,0.7,0,125,0.5,0.75,9.1975,1.6223437500000002,0,7.6792187499999995,-1.5182812500000002,0,0,0,0
cKG,0.7,0,126,0.5,0.5,6.08,1.189375,1,7.6792187499999995,1.5992187499999995,0,0,0,1
cKG,0.7,0,127,0.0,0.25,1.9693749999999999,0.004374999999999976,1,7.6792187499999995,5.709843749999999,0,0,0,0
cKG,0.7,0,128,0.5,0.0,2.8075,0.7725000000000001,1,7.6792187499999995,4.871718749999999,0,0,0,0
cKG,0.7,0,129,0.0,0.5,3.4974999999999996,0.6575,1,7.6792187499999995,4.18171875,0,0,0,0
cKG,0.7,0,130,0.5,0.75,9.1975,1.6223437500000002,0,7.6792187499999995,-1.5182812500000002,0,0,0,0
cKG,0.7,0,131,0.5,0.0,2.8075,0.7725000000000001,1,7.6792187499999995,4.871718749999999,0,0,0,0
cKG,0.7,0,132,0.5,0.25,3.9499999999999997,0.90609375,1,7.6792187499999995,3.72921875,0,0,0,0
cKG,0.7,0,133,0.25,1.0,11.391874999999999,1.87875,0,7.6792187499999995,-3.7126562499999993,0,0,0,0
cKG,0.7,0,134,0.25,0.0,2.2468749999999997,-0.02062499999999995,1,7.6792187499999995,5.432343749999999,0,0,0,0
cKG,0.7,0,135,0.0,0.25,1.9693749999999999,0.004374999999999976,1,7.6792187499999995,5.709843749999999,0,0,0,0
cKG,0.7,0,136,0.0,0.75,5.9643749999999995,1.369375,1,7.6792187499999995,1.71484375,0,0,0,1
cKG,0.7,0,137,0.75,0.0,3.0618749999999992,1.7893750000000002,0,7.6792187499999995,4.61734375,0,0,0,0
cKG,0.7,0,138,0.0,1.0,9.37,2.1399999999999997,0,7.6792187499999995,-1.6907812499999997,0,0,0,0
cKG,0.7,0,139,0.0,0.75,5.9643749999999995,1.369375,1,7.6792187499999995,1.71484375,0,0,0,1
cKG,0.7,0,140,0.0,0.0,1.38,-0.59,1,7.6792187499999995,6.29921875,0,0,0,0
cKG,0.7,0,141,0.25,0.75,7.6792187499999995,1.2816796875,1,7.6792187499999995,0.0,1,1,1,1
cKG,0.7,0,142,0.0,0.0,1.38,-0.59,1,7.6792187499999995,6.29921875,0,0,0,0
cKG,0.7,0,143,0.5,0.0,2.8075,0.7725000000000001,1,7.6792187499999995,4.871718749999999,0,0,0,0
cKG,0.7,0,144,0.25,1.0,11.391874999999999,1.87875,0,7.6792187499999995,-3.7126562499999993,0,0,0,0
cKG,0.7,0,145,0.5,0.0,2.8075,0.7725000000000001,1,7.6792187499999995,4.871718749999999,0,0,0,0
cKG,0.7,0,146,0.75,0.5,6.985,1.9273437500000001,0,7.6792187499999995,0.6942187499999992,0,0,0,0
cKG,0.7,0,147,0.0,0.25,1.9693749999999999,0.004374999999999976,1,7.6792187499999995,5.709843749999999,0,0,0,0
cKG,0.7,0,148,0.25,0.5,4.9174999999999995,0.76609375,1,7.6792187499999995,2.76171875,0,0,0,0
cKG,0.7,0,149,0.0,0.75,5.9643749999999995,1.369375,1,7.6792187499999995,1.71484375,0,0,0,1
cKG,0.7,0,150,0.0,0.25,1.9693749999999999,0.004374999999999976,1,7.6792187499999995,5.709843749999999,0,0,0,0
cKG,0.7,0,151,0.25,0.5,4.9174999999999995,0.76609375,1,7.6792187499999995,2.76171875,0,0,0,0
cKG,0.7,0,152,0.0,0.5,3.4974999999999996,0.6575,1,7.6792187499999995,4.18171875,0,0,0,0
cKG,0.7,0,153,0.75,0.0,3.0618749999999992,1.7893750000000002,0,7.6792187499999995,4.61734375,0,0,0,0
cKG,0.7,0,154,0.5,0.25,3.9499999999999997,0.90609375,1,7.6792187499999995,3.72921875,0,0,0,0
cKG,0.7,0,155,0.0,0.75,5.9643749999999995,1.369375,1,7.6792187499999995,1.71484375,0,0,0,1
cKG,0.7,0,156,0.5,0.25,3.9499999999999997,0.90609375,1,7.6792187499999995,3.72921875,0,0,0,0
cKG,0.7,0,157,0.0,0.25,1.9693749999999999,0.004374999999999976,1,7.6792187499999995,5.709843749999999,0,0,0,0
cKG,0.7,0,158,0.5,0.75,9.1975,1.6223437500000002,0,7.6792187499999995,-1.5182812500000002,0,0,0,0
cKG,0.7,0,159,0.5,1.0,13.302500000000002,2.205,0,7.6792187499999995,-5.6232812500000025,0,0,0,0
cKG,0.7,0,160,0.25,1.0,11.391874999999999,1.87875,0,7.6792187499999995,-3.7126562499999993,0,0,0,0
cKG,0.7,0,161,0.0,0.0,1.38,-0.59,1,7.6792187499999995,6.29921875,0,0,0,0
cKG,0.7,0,162,0.5,0.25,3.9499999999999997,0.90609375,1,7.6792187499999995,3.72921875,0,0,0,0
cKG,0.7,0,163,0.0,0.75,5.9643749999999995,1.369375,1,7.6792187499999995,1.71484375,0,0,0,1
cKG,0.7,0,164,0.5,0.25,3.9499999999999997,0.90609375,1,7.6792187499999995,3.72921875,0,0,0,0
cKG,0.7,0,165,0.0,0.75,5.9643749999999995,1.369375,1,7.6792187499999995,1.71484375,0,0,0,1
cKG,0.7,0,166,0.0,0.75,5.9643749999999995,1.369375,1,7.6792187499999995,1.71484375,0,0,0,1
cKG,0.7,0,167,0.0,0.5,3.4974999999999996,0.6575,1,7.6792187499999995,4.18171875,0,0,0,0
cKG,0.7,0,168,0.75,0.25,4.499218749999999,1.7266796875000003,0,7.6792187499999995,3.1800000000000006,0,0,0,0
cKG,0.7,0,169,0.0,0.5,3.4974999999999996,0.6575,1,7.6792187499999995,4.18171875,0,0,0,0
cKG,0.7,0,170,0.5,0.0,2.8075,0.7725000000000001,1,7.6792187499999995,4.871718749999999,0,0,0,0
cKG,0.7,0,171,0.0,0.25,1.9693749999999999,0.004374999999999976,1,7.6792187499999995,5.709843749999999,0,0,0,0
cKG,0.7,0,172,0.0,0.0,1.38,-0.59,1,7.6792187499999995,6.29921875,0,0,0,0
cKG,0.7,0,173,0.0,0.5,3.4974999999999996,0.6575,1,7.6792187499999995,4.18171875,0,0,0,0
cKG,0.7,0,174,0.25,0.25,3.1067187499999993,0.3319921875,1,7.6792187499999995,4.5725,0,0,0,0
cKG,0.7,0,175,0.25,0.5,4.9174999999999995,0.76609375,1,7.6792187499999995,2.76171875,0,0,0,0
cKG,0.7,0,176,0.5,0.5,6.08,1.189375,1,7.6792187499999995,1.5992187499999995,0,0,0,1
cKG,0.7,0,177,0.25,0.25,3.1067187499999993,0.3319921875,1,7.6792187499999995,4.5725,0,0,0,0
cKG,0.7,0,178,0.25,0.75,7.6792187499999995,1.2816796875,1,7.6792187499999995,0.0,1,1,1,1
cKG,0.7,0,179,0.0,1.0,9.37,2.1399999999999997,0,7.6792187499999995,-1.6907812499999997,0,0,0,0
cKG,0.7,0,180,0.5,0.25,3.9499999999999997,0.90609375,1,7.6792187499999995,3.72921875,0,0,0,0
cKG,0.7,0,181,0.25,0.5,4.9174999999999995,0.76609375,1,7.6792187499999995,2.76171875,0,0,0,0
cKG,0.7,0,182,0.5,0.25,3.9499999999999997,0.90609375,1,7.6792187499999995,3.72921875,0,0,0,0
cKG,0.7,0,183,0.0,0.0,1.38,-0.59,1,7.6792187499999995,6.29921875,0,0,0,0
cKG,0.7,0,184,0.5,0.25,3.9499999999999997,0.90609375,1,7.6792187499999995,3.72921875,0,0,0,0
cKG,0.7,0,185,0.5,0.25,3.9499999999999997,0.90609375,1,7.6792187499999995,3.72921875,0,0,0,0
cKG,0.7,0,186,0.0,0.25,1.9693749999999999,0.004374999999999976,1,7.6792187499999995,5.709843749999999,0,0,0,0
cKG,0.7,0,187,0.5,0.5,6.08,1.189375,1,7.6792187499999995,1.5992187499999995,0,0,0,1
cKG,0.7,0,188,0.5,0.25,3.9499999999999997,0.90609375,1,7.6792187499999995,3.72921875,0,0,0,0
cKG,0.7,0,189,0.5,0.25,3.9499999999999997,0.90609375,1,7.6792187499999995,3.72921875,0,0,0,0
cKG,0.7,0,190,0.0,0.5,3.4974999999999996,0.6575,1,7.6792187499999995,4.18171875,0,0,0,0
cKG,0.7,0,191,0.25,1.0,11.391874999999999,1.87875,0,7.6792187499999995,-3.7126562499999993,0,0,0,0
cKG,0.7,0,192,0.0,0.0,1.38,-0.59,1,7.6792187499999995,6.29921875,0,0,0,0
cKG,0.7,0,193,0.5,0.25,3.9499999999999997,0.90609375,1,7.6792187499999995,3.72921875,0,0,0,0
cKG,0.7,0,194,0.0,0.5,3.4974999999999996,0.6575,1,7.6792187499999995,4.18171875,0,0,0,0
cKG,0.7,0,195,0.25,0.5,4.9174999999999995,0.76609375,1,7.6792187499999995,2.76171875,0,0,0,0
cKG,0.7,0,196,0.25,0.5,4.9174999999999995,0.76609375,1,7.6792187499999995,2.76171875,0,0,0,0
cKG,0.7,0,197,0.25,0.75,7.6792187499999995,1.2816796875,1,7.6792187499999995,0.0,1,1,1,1
cKG,0.7,0,198,0.25,1.0,11.391874999999999,1.87875,0,7.6792187499999995,-3.7126562499999993,0,0,0,0
cKG,0.7,0,199,0.0,1.0,9.37,2.1399999999999997,0,7.6792187499999995,-1.6907812499999997,0,0,0,0
cKG,0.7,1,0,0.5,0.75,13.205468749999998,1.6223437500000002,1,13.205468749999998,0.0,1,1,1,1
cKG,0.7,1,1,0.25,0.75,9.212304687500001,1.2816796875,1,13.205468749999998,3.9931640624999964,0,0,0,0
cKG,0.7,1,2,0.5,0.5,10.089374999999997,1.189375,1,13.205468749999998,3.116093750000001,0,0,0,0
cKG,0.7,1,3,0.75,0.25,7.777304687499998,1.7266796875000003,1,13.205468749999998,5.4281640625,0,0,0,0
cKG,0.7,1,4,0.0,0.25,0.88375,0.004374999999999976,1,13.205468749999998,12.321718749999999,0,0,0,0
cKG,0.7,1,5,0.5,1.0,15.885000000000002,2.205,0,13.205468749999998,-2.6795312500000037,0,0,0,0
cKG,0.7,1,6,0.5,0.25,6.536718749999999,0.90609375,1,13.205468749999998,6.668749999999999,0,0,0,0
cKG,0.7,1,7,0.25,0.75,9.212304687500001,1.2816796875,1,13.205468749999998,3.9931640624999964,0,0,0,0
cKG,0.7,1,8,0.5,0.5,10.089374999999997,1.189375,1,13.205468749999998,3.116093750000001,0,0,0,0
cKG,0.7,1,9,0.25,1.0,11.206249999999999,1.87875,1,13.205468749999998,1.999218749999999,0,0,0,1
cKG,0.7,1,10,0.5,1.0,15.885000000000002,2.205,0,13.205468749999998,-2.6795312500000037,0,0,0,0
cKG,0.7,1,11,0.25,0.75,9.212304687500001,1.2816796875,1,13.205468749999998,3.9931640624999964,0,0,0,0
cKG,0.7,1,12,0.25,0.75,9.212304687500001,1.2816796875,1,13.205468749999998,3.9931640624999964,0,0,0,0
cKG,0.7,1,13,0.25,0.75,9.212304687500001,1.2816796875,1,13.205468749999998,3.9931640624999964,0,0,0,0
cKG,0.7,1,14,0.5,1.0,15.885000000000002,2.205,0,13.205468749999998,-2.6795312500000037,0,0,0,0
cKG,0.7,1,15,0.5,0.75,13.205468749999998,1.6223437500000002,1,13.205468749999998,0.0,1,1,1,1
cKG,0.7,1,16,0.5,0.0,2.5475,0.7725000000000001,1,13.205468749999998,10.657968749999998,0,0,0,0
cKG,0.7,1,17,0.25,0.75,9.212304687500001,1.2816796875,1,13.205468749999998,3.9931640624999964,0,0,0,0
cKG,0.7,1,18,0.25,0.75,9.212304687500001,1.2816796875,1,13.205468749999998,3.9931640624999964,0,0,0,0
cKG,0.7,1,19,0.25,1.0,11.206249999999999,1.87875,1,13.205468749999998,1.999218749999999,0,0,0,1
cKG,0.7,1,20,0.25,1.0,11.206249999999999,1.87875,1,13.205468749999998,1.999218749999999,0,0,0,1
cKG,0.7,1,21,0.0,0.0,-1.05,-0.59,1,13.205468749999998,14.255468749999999,0,0,0,0
cKG,0.7,1,22,0.0,0.75,3.8737500000000002,1.369375,1,13.205468749999998,9.331718749999997,0,0,0,0
cKG,0.7,1,23,0.5,0.75,13.205468749999998,1.6223437500000002,1,13.205468749999998,0.0,1,1,1,1
cKG,0.7,1,24,0.75,0.75,15.853242187500001,2.3913671875,0,13.205468749999998,-2.6477734375000033,0,0,0,0
cKG,0.7,1,25,0.5,0.25,6.536718749999999,0.90609375,1,13.205468749999998,6.668749999999999,0,0,0,0
cKG,0.7,1,26,0.5,0.75,13.205468749999998,1.6223437500000002,1,13.205468749999998,0.0,1,1,1,1
cKG,0.7,1,27,0.5,0.75,13.205468749999998,1.6223437500000002,1,13.205468749999998,0.0,1,1,1,1
cKG,0.7,1,28,0.5,0.75,13.205468749999998,1.6223437500000002,1,13.205468749999998,0.0,1,1,1,1
cKG,0.7,1,29,0.25,1.0,11.206249999999999,1.87875,1,13.205468749999998,1.999218749999999,0,0,0,1
cKG,0.7,1,30,0.75,0.5,12.123593750000001,1.9273437500000001,1,13.205468749999998,1.0818749999999966,0,0,0,1
cKG,0.7,1,31,0.5,0.75,13.205468749999998,1.6223437500000002,1,13.205468749999998,0.0,1,1,1,1
cKG,0.7,1,32,0.25,0.5,6.889843749999999,0.76609375,1,13.205468749999998,6.315624999999999,0,0,0,0
cKG,0.7,1,33,0.5,0.5,10.089374999999997,1.189375,1,13.205468749999998,3.116093750000001,0,0,0,0
cKG,0.7,1,34,0.25,0.75,9.212304687500001,1.2816796875,1,13.205468749999998,3.9931640624999964,0,0,0,0
cKG,0.7,1,35,0.75,1.0,18.966250000000002,3.1187500000000004,0,13.205468749999998,-5.760781250000004,0,0,0,0
cKG,0.7,1,36,0.5,1.0,15.885000000000002,2.205,0,13.205468749999998,-2.6795312500000037,0,0,0,0
cKG,0.7,1,37,0.5,0.5,10.089374999999997,1.189375,1,13.205468749999998,3.116093750000001,0,0,0,0
cKG,0.7,1,38,0.25,0.75,9.212304687500001,1.2816796875,1,13.205468749999998,3.9931640624999964,0,0,0,0
cKG,0.7,1,39,0.75,0.0,2.814374999999999,1.7893750000000002,1,13.205468749999998,10.39109375,0,0,0,0
cKG,0.7,1,40,0.0,0.75,3.8737500000000002,1.369375,1,13.205468749999998,9.331718749999997,0,0,0,0
cKG,0.7,1,41,0.5,0.75,13.205468749999998,1.6223437500000002,1,13.205468749999998,0.0,1,1,1,1
cKG,0.7,1,42,0.0,1.0,4.930000000000001,2.1399999999999997,0,13.205468749999998,8.275468749999998,0,0,0,0
cKG,0.7,1,43,0.5,0.25,6.536718749999999,0.90609375,1,13.205468749999998,6.668749999999999,0,0,0,0
cKG,0.7,1,44,0.5,0.75,13.205468749999998,1.6223437500000002,1,13.205468749999998,0.0,1,1,1,1
cKG,0.7,1,45,0.75,0.5,12.123593750000001,1.9273437500000001,1,13.205468749999998,1.0818749999999966,0,0,0,1
cKG,0.7,1,46,0.75,0.5,12.123593750000001,1.9273437500000001,1,13.205468749999998,1.0818749999999966,0,0,0,1
cKG,0.7,1,47,0.5,1.0,15.885000000000002,2.205,0,13.205468749999998,-2.6795312500000037,0,0,0,0
cKG,0.7,1,48,0.5,0.75,13.205468749999998,1.6223437500000002,1,13.205468749999998,0.0,1,1,1,1
cKG,0.7,1,49,0.25,0.75,9.212304687500001,1.2816796875,1,13.205468749999998,3.9931640624999964,0,0,0,0
cKG,0.7,1,50,0.25,0.75,9.212304687500001,1.2816796875,1,13.205468749999998,3.9931640624999964,0,0,0,0
cKG,0.7,1,51,0.25,0.75,9.212304687500001,1.2816796875,1,13.205468749999998,3.9931640624999964,0,0,0,0
cKG,0.7,1,52,0.5,0.75,13.205468749999998,1.6223437500000002,1,13.205468749999998,0.0,1,1,1,1
cKG,0.7,1,53,0.25,0.5,6.889843749999999,0.76609375,1,13.205468749999998,6.315624999999999,0,0,0,0
cKG,0.7,1,54,0.0,0.0,-1.05,-0.59,1,13.205468749999998,14.255468749999999,0,0,0,0
cKG,0.7,1,55,0.25,0.5,6.889843749999999,0.76609375,1,13.205468749999998,6.315624999999999,0,0,0,0
cKG,0.7,1,56,0.25,0.0,1.259375,-0.02062499999999995,1,13.205468749999998,11.946093749999998,0,0,0,0
cKG,0.7,1,57,0.25,1.0,11.206249999999999,1.87875,1,13.205468749999998,1.999218749999999,0,0,0,1
cKG,0.7,1,58,0.5,0.5,10.089374999999997,1.189375,1,13.205468749999998,3.116093750000001,0,0,0,0
cKG,0.7,1,59,0.25,0.5,6.889843749999999,0.76609375,1,13.205468749999998,6.315624999999999,0,0,0,0
cKG,0.7,1,60,0.5,0.25,6.536718749999999,0.90609375,1,13.205468749999998,6.668749999999999,0,0,0,0
cKG,0.7,1,61,0.25,0.5,6.889843749999999,0.76609375,1,13.205468749999998,6.315624999999999,0,0,0,0
cKG,0.7,1,62,0.5,1.0,15.885000000000002,2.205,0,13.205468749999998,-2.6795312500000037,0,0,0,0
cKG,0.7,1,63,0.5,0.5,10.089374999999997,1.189375,1,13.205468749999998,3.116093750000001,0,0,0,0
cKG,0.7,1,64,0.0,1.0,4.930000000000001,2.1399999999999997,0,13.205468749999998,8.275468749999998,0,0,0,0
cKG,0.7,1,65,0.25,1.0,11.206249999999999,1.87875,1,13.205468749999998,1.999218749999999,0,0,0,1
cKG,0.7,1,66,0.25,0.75,9.212304687500001,1.2816796875,1,13.205468749999998,3.9931640624999964,0,0,0,0
cKG,0.7,1,67,0.75,0.25,7.777304687499998,1.7266796875000003,1,13.205468749999998,5.4281640625,0,0,0,0
cKG,0.7,1,68,0.0,0.5,2.5250000000000004,0.6575,1,13.205468749999998,10.680468749999998,0,0,0,0
cKG,0.7,1,69,0.25,1.0,11.206249999999999,1.87875,1,13.205468749999998,1.999218749999999,0,0,0,1
cKG,0.7,1,70,1.0,0.5,12.9925,2.9800000000000004,0,13.205468749999998,0.21296874999999815,0,0,0,0
cKG,0.7,1,71,0.75,0.25,7.777304687499998,1.7266796875000003,1,13.205468749999998,5.4281640625,0,0,0,0
cKG,0.7,1,72,0.5,0.75,13.205468749999998,1.6223437500000002,1,13.205468749999998,0.0,1,1,1,1
cKG,0.7,1,73,0.5,0.5,10.089374999999997,1.189375,1,13.205468749999998,3.116093750000001,0,0,0,0
cKG,0.7,1,74,0.0,1.0,4.930000000000001,2.1399999999999997,0,13.205468749999998,8.275468749999998,0,0,0,0
cKG,0.7,1,75,0.5,0.75,13.205468749999998,1.6223437500000002,1,13.205468749999998,0.0,1,1,1,1
cKG,0.7,1,76,0.25,0.0,1.259375,-0.02062499999999995,1,13.205468749999998,11.946093749999998,0,0,0,0
cKG,0.7,1,77,0.25,1.0,11.206249999999999,1.87875,1,13.205468749999998,1.999218749999999,0,0,0,1
cKG,0.7,1,78,0.0,0.0,-1.05,-0.59,1,13.205468749999998,14.255468749999999,0,0,0,0
cKG,0.7,1,79,0.5,0.75,13.205468749999998,1.6223437500000002,1,13.205468749999998,0.0,1,1,1,1
cKG,0.7,1,80,0.5,0.75,13.205468749999998,1.6223437500000002,1,13.205468749999998,0.0,1,1,1,1
cKG,0.7,1,81,0.0,1.0,4.930000000000001,2.1399999999999997,0,13.205468749999998,8.275468749999998,0,0,0,0
cKG,0.7,1,82,0.0,1.0,4.930000000000001,2.1399999999999997,0,13.205468749999998,8.275468749999998,0,0,0,0
cKG,0.7,1,83,0.5,0.75,13.205468749999998,1.6223437500000002,1,13.205468749999998,0.0,1,1,1,1
cKG,0.7,1,84,0.5,0.5,10.089374999999997,1.189375,1,13.205468749999998,3.116093750000001,0,0,0,0
cKG,0.7,1,85,0.5,0.75,13.205468749999998,1.6223437500000002,1,13.205468749999998,0.0,1,1,1,1
cKG,0.7,1,86,0.5,0.75,13.205468749999998,1.6223437500000002,1,13.205468749999998,0.0,1,1,1,1
cKG,0.7,1,87,0.0,0.5,2.5250000000000004,0.6575,1,13.205468749999998,10.680468749999998,0,0,0,0
cKG,0.7,1,88,0.5,1.0,15.885000000000002,2.205,0,13.205468749999998,-2.6795312500000037,0,0,0,0
cKG,0.7,1,89,0.25,0.75,9.212304687500001,1.2816796875,1,13.205468749999998,3.9931640624999964,0,0,0,0
cKG,0.7,1,90,0.25,0.25,4.2388671874999995,0.3319921875,1,13.205468749999998,8.9666015625,0,0,0,0
cKG,0.7,1,91,0.25,0.5,6.889843749999999,0.76609375,1,13.205468749999998,6.315624999999999,0,0,0,0
cKG,0.7,1,92,0.25,0.75,9.212304687500001,1.2816796875,1,13.205468749999998,3.9931640624999964,0,0,0,0
cKG,0.7,1,93,0.25,0.75,9.212304687500001,1.2816796875,1,13.205468749999998,3.9931640624999964,0,0,0,0
cKG,0.7,1,94,0.25,0.25,4.2388671874999995,0.3319921875,1,13.205468749999998,8.9666015625,0,0,0,0
cKG,0.7,1,95,0.25,0.75,9.212304687500001,1.2816796875,1,13.205468749999998,3.9931640624999964,0,0,0,0
cKG,0.7,1,96,0.25,1.0,11.206249999999999,1.87875,1,13.205468749999998,1.999218749999999,0,0,0,1
cKG,0.7,1,97,0.5,0.75,13.205468749999998,1.6223437500000002,1,13.205468749999998,0.0,1,1,1,1
cKG,0.7,1,98,0.0,1.0,4.930000000000001,2.1399999999999997,0,13.205468749999998,8.275468749999998,0,0,0,0
cKG,0.7,1,99,0.5,0.5,10.089374999999997,1.189375,1,13.205468749999998,3.116093750000001,0,0,0,0
cKG,0.7,1,100,0.5,0.75,13.205468749999998,1.6223437500000002,1,13.205468749999998,0.0,1,1,1,1
cKG,0.7,1,101,0.25,1.0,11.206249999999999,1.87875,1,13.205468749999998,1.999218749999999,0,0,0,1
cKG,0.7,1,102,0.75,0.25,7.777304687499998,1.7266796875000003,1,13.205468749999998,5.4281640625,0,0,0,0
cKG,0.7,1,103,0.0,0.25,0.88375,0.004374999999999976,1,13.205468749999998,12.321718749999999,0,0,0,0
cKG,0.7,1,104,0.5,0.75,13.205468749999998,1.6223437500000002,1,13.205468749999998,0.0,1,1,1,1
cKG,0.7,1,105,0.5,0.75,13.205468749999998,1.6223437500000002,1,13.205468749999998,0.0,1,1,1,1
cKG,0.7,1,106,0.25,1.0,11.206249999999999,1.87875,1,13.205468749999998,1.999218749999999,0,0,0,1
cKG,0.7,1,107,0.0,0.0,-1.05,-0.59,1,13.205468749999998,14.255468749999999,0,0,0,0
cKG,0.7,1,108,0.0,0.5,2.5250000000000004,0.6575,1,13.205468749999998,10.680468749999998,0,0,0,0
cKG,0.7,1,109,0.5,1.0,15.885000000000002,2.205,0,13.205468749999998,-2.6795312500000037,0,0,0,0
cKG,0.7,1,110,0.5,0.5,10.089374999999997,1.189375,1,13.205468749999998,3.116093750000001,0,0,0,0
cKG,0.7,1,111,0.5,0.25,6.536718749999999,0.90609375,1,13.205468749999998,6.668749999999999,0,0,0,0
cKG,0.7,1,112,0.5,1.0,15.885000000000002,2.205,0,13.205468749999998,-2.6795312500000037,0,0,0,0
cKG,0.7,1,113,0.5,0.5,10.089374999999997,1.189375,1,13.205468749999998,3.116093750000001,0,0,0,0
cKG,0.7,1,114,0.25,1.0,11.206249999999999,1.87875,1,13.205468749999998,1.999218749999999,0,0,0,1
cKG,0.7,1,115,0.75,0.25,7.777304687499998,1.7266796875000003,1,13.205468749999998,5.4281640625,0,0,0,0
cKG,0.7,1,116,0.75,0.75,15.853242187500001,2.3913671875,0,13.205468749999998,-2.6477734375000033,0,0,0,0
cKG,0.7,1,117,0.0,1.0,4.930000000000001,2.1399999999999997,0,13.205468749999998,8.275468749999998,0,0,0,0
cKG,0.7,1,118,0.0,0.75,3.8737500000000002,1.369375,1,13.205468749999998,9.331718749999997,0,0,0,0
cKG,0.7,1,119,0.75,0.5,12.123593750000001,1.9273437500000001,1,13.205468749999998,1.0818749999999966,0,0,0,1
cKG,0.7,1,120,0.25,1.0,11.206249999999999,1.87875,1,13.205468749999998,1.999218749999999,0,0,0,1
cKG,0.7,1,121,0.25,1.0,11.206249999999999,1.87875,1,13.205468749999998,1.999218749999999,0,0,0,1
cKG,0.7,1,122,0.0,0.5,2.5250000000000004,0.6575,1,13.205468749999998,10.680468749999998,0,0,0,0
cKG,0.7,1,123,0.75,1.0,18.966250000000002,3.1187500000000004,0,13.205468749999998,-5.760781250000004,0,0,0,0
cKG,0.7,1,124,0.25,0.75,9.212304687500001,1.2816796875,1,13.205468749999998,3.9931640624999964,0,0,0,0
cKG,0.7,1,125,0.25,0.75,9.212304687500001,1.2816796875,1,13.205468749999998,3.9931640624999964,0,0,0,0
cKG,0.7,1,126,0.5,0.5,10.089374999999997,1.189375,1,13.205468749999998,3.116093750000001,0,0,0,0
cKG,0.7,1,127,0.5,0.5,10.089374999999997,1.189375,1,13.205468749999998,3.116093750000001,0,0,0,0
cKG,0.7,1,128,0.25,0.5,6.889843749999999,0.76609375,1,13.205468749999998,6.315624999999999,0,0,0,0
cKG,0.7,1,129,0.25,0.5,6.889843749999999,0.76609375,1,13.205468749999998,6.315624999999999,0,0,0,0
cKG,0.7,1,130,0.5,0.75,13.205468749999998,1.6223437500000002,1,13.205468749999998,0.0,1,1,1,1
cKG,0.7,1,131,0.75,1.0,18.966250000000002,3.1187500000000004,0,13.205468749999998,-5.760781250000004,0,0,0,0
cKG,0.7,1,132,0.75,0.5,12.123593750000001,1.9273437500000001,1,13.205468749999998,1.0818749999999966,0,0,0,1
cKG,0.7,1,133,0.75,0.5,12.123593750000001,1.9273437500000001,1,13.205468749999998,1.0818749999999966,0,0,0,1
cKG,0.7,1,134,0.25,0.75,9.212304687500001,1.2816796875,1,13.205468749999998,3.9931640624999964,0,0,0,0
cKG,0.7,1,135,0.25,0.75,9.212304687500001,1.2816796875,1,13.205468749999998,3.9931640624999964,0,0,0,0
cKG,0.7,1,136,0.0,0.75,3.8737500000000002,1.369375,1,13.205468749999998,9.331718749999997,0,0,0,0
cKG,0.7,1,137,1.0,0.5,12.9925,2.9800000000000004,0,13.205468749999998,0.21296874999999815,0,0,0,0
cKG,0.7,1,138,0.5,1.0,15.885000000000002,2.205,0,13.205468749999998,-2.6795312500000037,0,0,0,0
cKG,0.7,1,139,0.5,0.75,13.205468749999998,1.6223437500000002,1,13.205468749999998,0.0,1,1,1,1
cKG,0.7,1,140,0.5,1.0,15.885000000000002,2.205,0,13.205468749999998,-2.6795312500000037,0,0,0,0
cKG,0.7,1,141,0.25,1.0,11.206249999999999,1.87875,1,13.205468749999998,1.999218749999999,0,0,0,1
cKG,0.7,1,142,0.5,0.5,10.089374999999997,1.189375,1,13.205468749999998,3.116093750000001,0,0,0,0
cKG,0.7,1,143,0.5,0.25,6.536718749999999,0.90609375,1,13.205468749999998,6.668749999999999,0,0,0,0
cKG,0.7,1,144,0.5,0.75,13.205468749999998,1.6223437500000002,1,13.205468749999998,0.0,1,1,1,1
cKG,0.7,1,145,0.5,0.75,13.205468749999998,1.6223437500000002,1,13.205468749999998,0.0,1,1,1,1
cKG,0.7,1,146,0.5,1.0,15.885000000000002,2.205,0,13.205468749999998,-2.6795312500000037,0,0,0,0
cKG,0.7,1,147,0.25,0.75,9.212304687500001,1.2816796875,1,13.205468749999998,3.9931640624999964,0,0,0,0
cKG,0.7,1,148,0.25,1.0,11.206249999999999,1.87875,1,13.205468749999998,1.999218749999999,0,0,0,1
cKG,0.7,1,149,0.25,0.75,9.212304687500001,1.2816796875,1,13.205468749999998,3.9931640624999964,0,0,0,0
cKG,0.7,1,150,0.5,1.0,15.885000000000002,2.205,0,13.205468749999998,-2.6795312500000037,0,0,0,0
cKG,0.7,1,151,0.25,0.5,6.889843749999999,0.76609375,1,13.205468749999998,6.315624999999999,0,0,0,0
cKG,0.7,1,152,0.5,0.75,13.205468749999998,1.6223437500000002,1,13.205468749999998,0.0,1,1,1,1
cKG,0.7,1,153,1.0,0.75,17.155624999999997,3.58875,0,13.205468749999998,-3.950156249999999,0,0,0,0
cKG,0.7,1,154,0.5,0.75,13.205468749999998,1.6223437500000002,1,13.205468749999998,0.0,1,1,1,1
cKG,0.7,1,155,0.5,0.75,13.205468749999998,1.6223437500000002,1,13.205468749999998,0.0,1,1,1,1
cKG,0.7,1,156,0.75,0.5,12.123593750000001,1.9273437500000001,1,13.205468749999998,1.0818749999999966,0,0,0,1
cKG,0.7,1,157,0.0,0.0,-1.05,-0.59,1,13.205468749999998,14.255468749999999,0,0,0,0
cKG,0.7,1,158,0.5,1.0,15.885000000000002,2.205,0,13.205468749999998,-2.6795312500000037,0,0,0,0
cKG,0.7,1,159,0.25,0.5,6.889843749999999,0.76609375,1,13.205468749999998,6.315624999999999,0,0,0,0
cKG,0.7,1,160,0.5,0.5,10.089374999999997,1.189375,1,13.205468749999998,3.116093750000001,0,0,0,0
cKG,0.7,1,161,0.5,0.0,2.5475,0.7725000000000001,1,13.205468749999998,10.657968749999998,0,0,0,0
cKG,0.7,1,162,0.0,0.75,3.8737500000000002,1.369375,1,13.205468749999998,9.331718749999997,0,0,0,0
cKG,0.7,1,163,0.25,0.75,9.212304687500001,1.2816796875,1,13.205468749999998,3.9931640624999964,0,0,0,0
cKG,0.7,1,164,0.5,1.0,15.885000000000002,2.205,0,13.205468749999998,-2.6795312500000037,0,0,0,0
cKG,0.7,1,165,0.0,0.75,3.8737500000000002,1.369375,1,13.205468749999998,9.331718749999997,0,0,0,0
cKG,0.7,1,166,0.5,0.5,10.089374999999997,1.189375,1,13.205468749999998,3.116093750000001,0,0,0,0
cKG,0.7,1,167,0.5,0.75,13.205468749999998,1.6223437500000002,1,13.205468749999998,0.0,1,1,1,1
cKG,0.7,1,168,0.25,1.0,11.206249999999999,1.87875,1,13.205468749999998,1.999218749999999,0,0,0,1
cKG,0.7,1,169,0.5,0.5,10.089374999999997,1.189375,1,13.205468749999998,3.116093750000001,0,0,0,0
cKG,0.7,1,170,0.75,0.25,7.777304687499998,1.7266796875000003,1,13.205468749999998,5.4281640625,0,0,0,0
cKG,0.7,1,171,0.5,1.0,15.885000000000002,2.205,0,13.205468749999998,-2.6795312500000037,0,0,0,0
cKG,0.7,1,172,0.25,0.75,9.212304687500001,1.2816796875,1,13.205468749999998,3.9931640624999964,0,0,0,0
cKG,0.7,1,173,0.25,0.75,9.212304687500001,1.2816796875,1,13.205468749999998,3.9931640624999964,0,0,0,0
cKG,0.7,1,174,0.75,0.0,2.814374999999999,1.7893750000000002,1,13.205468749999998,10.39109375,0,0,0,0
cKG,0.7,1,175,0.25,0.5,6.889843749999999,0.76609375,1,13.205468749999998,6.315624999999999,0,0,0,0
cKG,0.7,1,176,0.5,1.0,15.885000000000002,2.205,0,13.205468749999998,-2.6795312500000037,0,0,0,0
cKG,0.7,1,177,0.75,0.0,2.814374999999999,1.7893750000000002,1,13.205468749999998,10.39109375,0,0,0,0
cKG,0.7,1,178,0.25,0.75,9.212304687500001,1.2816796875,1,13.205468749999998,3.9931640624999964,0,0,0,0
cKG,0.7,1,179,0.5,0.75,13.205468749999998,1.6223437500000002,1,13.205468749999998,0.0,1,1,1,1
cKG,0.7,1,180,0.0,1.0,4.930000000000001,2.1399999999999997,0,13.205468749999998,8.275468749999998,0,0,0,0
cKG,0.7,1,181,0.25,1.0,11.206249999999999,1.87875,1,13.205468749999998,1.999218749999999,0,0,0,1
cKG,0.7,1,182,0.5,0.75,13.205468749999998,1.6223437500000002,1,13.205468749999998,0.0,1,1,1,1
cKG,0.7,1,183,0.75,0.5,12.123593750000001,1.9273437500000001,1,13.205468749999998,1.0818749999999966,0,0,0,1
cKG,0.7,1,184,0.25,1.0,11.206249999999999,1.87875,1,13.205468749999998,1.999218749999999,0,0,0,1
cKG,0.7,1,185,1.0,0.25,7.960624999999998,2.79375,0,13.205468749999998,5.24484375,0,0,0,0
cKG,0.7,1,186,0.0,1.0,4.930000000000001,2.1399999999999997,0,13.205468749999998,8.275468749999998,0,0,0,0
cKG,0.7,1,187,0.5,0.0,2.5475,0.7725000000000001,1,13.205468749999998,10.657968749999998,0,0,0,0
cKG,0.7,1,188,0.0,0.75,3.8737500000000002,1.369375,1,13.205468749999998,9.331718749999997,0,0,0,0
cKG,0.7,1,189,0.5,0.75,13.205468749999998,1.6223437500000002,1,13.205468749999998,0.0,1,1,1,1
cKG,0.7,1,190,1.0,0.25,7.960624999999998,2.79375,0,13.205468749999998,5.24484375,0,0,0,0
cKG,0.7,1,191,0.5,0.75,13.205468749999998,1.6223437500000002,1,13.205468749999998,0.0,1,1,1,1
cKG,0.7,1,192,0.5,0.75,13.205468749999998,1.6223437500000002,1,13.205468749999998,0.0,1,1,1,1
cKG,0.7,1,193,0.25,0.25,4.2388671874999995,0.3319921875,1,13.205468749999998,8.9666015625,0,0,0,0
cKG,0.7,1,194,0.75,0.75,15.853242187500001,2.3913671875,0,13.205468749999998,-2.6477734375000033,0,0,0,0
cKG,0.7,1,195,0.5,0.75,13.205468749999998,1.6223437500000002,1,13.205468749999998,0.0,1,1,1,1
cKG,0.7,1,196,0.25,0.75,9.212304687500001,1.2816796875,1,13.205468749999998,3.9931640624999964,0,0,0,0
cKG,0.7,1,197,0.5,0.75,13.205468749999998,1.6223437500000002,1,13.205468749999998,0.0,1,1,1,1
cKG,0.7,1,198,0.5,0.75,13.205468749999998,1.6223437500000002,1,13.205468749999998,0.0,1,1,1,1
cKG,0.7,1,199,0.25,0.5,6.889843749999999,0.76609375,1,13.205468749999998,6.315624999999999,0,0,0,0
cKG,0.8,0,0,0.25,0.25,3.1067187499999993,0.3319921875,1,7.6792187499999995,4.5725,0,0,0,0
cKG,0.8,0,1,0.0,0.75,5.9643749999999995,1.369375,1,7.6792187499999995,1.71484375,0,0,0,1
cKG,0.8,0,2,0.5,0.25,3.9499999999999997,0.90609375,1,7.6792187499999995,3.72921875,0,0,0,0
cKG,0.8,0,3,0.5,0.0,2.8075,0.7725000000000001,1,7.6792187499999995,4.871718749999999,0,0,0,0
cKG,0.8,0,4,0.5,0.25,3.9499999999999997,0.90609375,1,7.6792187499999995,3.72921875,0,0,0,0
cKG,0.8,0,5,0.5,1.0,13.302500000000002,2.205,0,7.6792187499999995,-5.6232812500000025,0,0,0,0
cKG,0.8,0,6,0.0,0.75,5.9643749999999995,1.369375,1,7.6792187499999995,1.71484375,0,0,0,1
cKG,0.8,0,7,0.0,0.5,3.4974999999999996,0.6575,1,7.6792187499999995,4.18171875,0,0,0,0
cKG,0.8,0,8,0.25,0.25,3.1067187499999993,0.3319921875,1,7.6792187499999995,4.5725,0,0,0,0
cKG,0.8,0,9,0.0,0.75,5.9643749999999995,1.369375,1,7.6792187499999995,1.71484375,0,0,0,1
cKG,0.8,0,10,0.0,0.75,5.9643749999999995,1.369375,1,7.6792187499999995,1.71484375,0,0,0,1
cKG,0.8,0,11,0.25,0.5,4.9174999999999995,0.76609375,1,7.6792187499999995,2.76171875,0,0,0,0
cKG,0.8,0,12,0.25,0.75,7.6792187499999995,1.2816796875,1,7.6792187499999995,0.0,1,1,1,1
cKG,0.8,0,13,0.0,0.0,1.38,-0.59,1,7.6792187499999995,6.29921875,0,0,0,0
cKG,0.8,0,14,0.5,0.25,3.9499999999999997,0.90609375,1,7.6792187499999995,3.72921875,0,0,0,0
cKG,0.8,0,15,0.25,0.75,7.6792187499999995,1.2816796875,1,7.6792187499999995,0.0,1,1,1,1
cKG,0.8,0,16,0.5,1.0,13.302500000000002,2.205,0,7.6792187499999995,-5.6232812500000025,0,0,0,0
cKG,0.8,0,17,0.25,1.0,11.391874999999999,1.87875,0,7.6792187499999995,-3.7126562499999993,0,0,0,0
cKG,0.8,0,18,0.25,0.5,4.9174999999999995,0.76609375,1,7.6792187499999995,2.76171875,0,0,0,0
cKG,0.8,0,19,0.25,0.75,7.6792187499999995,1.2816796875,1,7.6792187499999995,0.0,1,1,1,1
cKG,0.8,0,20,0.5,0.75,9.1975,1.6223437500000002,0,7.6792187499999995,-1.5182812500000002,0,0,0,0
cKG,0.8,0,21,0.0,0.0,1.38,-0.59,1,7.6792187499999995,6.29921875,0,0,0,0
cKG,0.8,0,22,0.5,0.25,3.9499999999999997,0.90609375,1,7.6792187499999995,3.72921875,0,0,0,0
cKG,0.8,0,23,0.25,0.75,7.6792187499999995,1.2816796875,1,7.6792187499999995,0.0,1,1,1,1
cKG,0.8,0,24,0.25,1.0,11.391874999999999,1.87875,0,7.6792187499999995,-3.7126562499999993,0,0,0,0
cKG,0.8,0,25,0.25,0.25,3.1067187499999993,0.3319921875,1,7.6792187499999995,4.5725,0,0,0,0
cKG,0.8,0,26,0.0,0.0,1.38,-0.59,1,7.6792187499999995,6.29921875,0,0,0,0
cKG,0.8,0,27,0.5,0.25,3.9499999999999997,0.90609375,1,7.6792187499999995,3.72921875,0,0,0,0
cKG,0.8,0,28,0.25,0.5,4.9174999999999995,0.76609375,1,7.6792187499999995,2.76171875,0,0,0,0
cKG,0.8,0,29,0.25,0.5,4.9174999999999995,0.76609375,1,7.6792187499999995,2.76171875,0,0,0,0
cKG,0.8,0,30,0.0,0.75,5.9643749999999995,1.369375,1,7.6792187499999995,1.71484375,0,0,0,1
cKG,0.8,0,31,0.25,0.5,4.9174999999999995,0.76609375,1,7.6792187499999995,2.76171875,0,0,0,0
cKG,0.8,0,32,0.0,0.5,3.4974999999999996,0.6575,1,7.6792187499999995,4.18171875,0,0,0,0
cKG,0.8,0,33,0.0,0.5,3.4974999999999996,0.6575,1,7.6792187499999995,4.18171875,0,0,0,0
cKG,0.8,0,34,0.0,0.5,3.4974999999999996,0.6575,1,7.6792187499999995,4.18171875,0,0,0,0
cKG,0.8,0,35,0.0,0.5,3.4974999999999996,0.6575,1,7.6792187499999995,4.18171875,0,0,0,0
cKG,0.8,0,36,0.5,0.5,6.08,1.189375,1,7.6792187499999995,1.5992187499999995,0,0,0,1
cKG,0.8,0,37,0.5,0.5,6.08,1.189375,1,7.6792187499999995,1.5992187499999995,0,0,0,1
cKG,0.8,0,38,0.0,0.75,5.9643749999999995,1.369375,1,7.6792187499999995,1.71484375,0,0,0,1
cKG,0.8,0,39,0.0,0.5,3.4974999999999996,0.6575,1,7.6792187499999995,4.18171875,0,0,0,0
cKG,0.8,0,40,0.5,0.25,3.9499999999999997,0.90609375,1,7.6792187499999995,3.72921875,0,0,0,0
cKG,0.8,0,41,0.5,0.5,6.08,1.189375,1,7.6792187499999995,1.5992187499999995,0,0,0,1
cKG,0.8,0,42,0.5,0.0,2.8075,0.7725000000000001,1,7.6792187499999995,4.871718749999999,0,0,0,0
cKG,0.8,0,43,0.5,0.5,6.08,1.189375,1,7.6792187499999995,1.5992187499999995,0,0,0,1
cKG,0.8,0,44,0.25,0.75,7.6792187499999995,1.2816796875,1,7.6792187499999995,0.0,1,1,1,1
cKG,0.8,0,45,0.0,0.25,1.9693749999999999,0.004374999999999976,1,7.6792187499999995,5.709843749999999,0,0,0,0
cKG,0.8,0,46,0.5,0.0,2.8075,0.7725000000000001,1,7.6792187499999995,4.871718749999999,0,0,0,0
cKG,0.8,0,47,0.25,0.75,7.6792187499999995,1.2816796875,1,7.6792187499999995,0.0,1,1,1,1
cKG,0.8,0,48,0.5,0.0,2.8075,0.7725000000000001,1,7.6792187499999995,4.871718749999999,0,0,0,0
cKG,0.8,0,49,0.0,0.75,5.9643749999999995,1.369375,1,7.6792187499999995,1.71484375,0,0,0,1
cKG,0.8,0,50,0.5,0.25,3.9499999999999997,0.90609375,1,7.6792187499999995,3.72921875,0,0,0,0
cKG,0.8,0,51,0.25,0.5,4.9174999999999995,0.76609375,1,7.6792187499999995,2.76171875,0,0,0,0
cKG,0.8,0,52,0.5,0.5,6.08,1.189375,1,7.6792187499999995,1.5992187499999995,0,0,0,1
cKG,0.8,0,53,0.0,0.75,5.9643749999999995,1.369375,1,7.6792187499999995,1.71484375,0,0,0,1
cKG,0.8,0,54,0.0,0.0,1.38,-0.59,1,7.6792187499999995,6.29921875,0,0,0,0
cKG,0.8,0,55,0.25,0.75,7.6792187499999995,1.2816796875,1,7.6792187499999995,0.0,1,1,1,1
cKG,0.8,0,56,0.25,0.0,2.2468749999999997,-0.02062499999999995,1,7.6792187499999995,5.432343749999999,0,0,0,0
cKG,0.8,0,57,0.5,0.5,6.08,1.189375,1,7.6792187499999995,1.5992187499999995,0,0,0,1
cKG,0.8,0,58,0.0,0.75,5.9643749999999995,1.369375,1,7.6792187499999995,1.71484375,0,0,0,1
cKG,0.8,0,59,0.25,0.5,4.9174999999999995,0.76609375,1,7.6792187499999995,2.76171875,0,0,0,0
cKG,0.8,0,60,0.0,0.25,1.9693749999999999,0.004374999999999976,1,7.6792187499999995,5.709843749999999,0,0,0,0
cKG,0.8,0,61,0.0,0.5,3.4974999999999996,0.6575,1,7.6792187499999995,4.18171875,0,0,0,0
cKG,0.8,0,62,0.5,0.25,3.9499999999999997,0.90609375,1,7.6792187499999995,3.72921875,0,0,0,0
cKG,0.8,0,63,0.0,0.75,5.9643749999999995,1.369375,1,7.6792187499999995,1.71484375,0,0,0,1
cKG,0.8,0,64,0.5,0.0,2.8075,0.7725000000000001,1,7.6792187499999995,4.871718749999999,0,0,0,0
cKG,0.8,0,65,0.25,1.0,11.391874999999999,1.87875,0,7.6792187499999995,-3.7126562499999993,0,0,0,0
cKG,0.8,0,66,0.0,0.5,3.4974999999999996,0.6575,1,7.6792187499999995,4.18171875,0,0,0,0
cKG,0.8,0,67,0.25,1.0,11.391874999999999,1.87875,0,7.6792187499999995,-3.7126562499999993,0,0,0,0
cKG,0.8,0,68,0.0,0.5,3.4974999999999996,0.6575,1,7.6792187499999995,4.18171875,0,0,0,0
cKG,0.8,0,69,0.5,0.5,6.08,1.189375,1,7.6792187499999995,1.5992187499999995,0,0,0,1
cKG,0.8,0,70,0.25,0.5,4.9174999999999995,0.76609375,1,7.6792187499999995,2.76171875,0,0,0,0
cKG,0.8,0,71,0.25,0.5,4.9174999999999995,0.76609375,1,7.6792187499999995,2.76171875,0,0,0,0
cKG,0.8,0,72,0.25,0.0,2.2468749999999997,-0.02062499999999995,1,7.6792187499999995,5.432343749999999,0,0,0,0
cKG,0.8,0,73,0.25,0.5,4.9174999999999995,0.76609375,1,7.6792187499999995,2.76171875,0,0,0,0
cKG,0.8,0,74,0.25,0.75,7.6792187499999995,1.2816796875,1,7.6792187499999995,0.0,1,1,1,1
cKG,0.8,0,75,0.75,0.0,3.0618749999999992,1.7893750000000002,0,7.6792187499999995,4.61734375,0,0,0,0
cKG,0.8,0,76,0.25,0.25,3.1067187499999993,0.3319921875,1,7.6792187499999995,4.5725,0,0,0,0
cKG,0.8,0,77,0.25,0.5,4.9174999999999995,0.76609375,1,7.6792187499999995,2.76171875,0,0,0,0
cKG,0.8,0,78,0.0,0.0,1.38,-0.59,1,7.6792187499999995,6.29921875,0,0,0,0
cKG,0.8,0,79,0.75,0.0,3.0618749999999992,1.7893750000000002,0,7.6792187499999995,4.61734375,0,0,0,0
cKG,0.8,0,80,0.0,0.75,5.9643749999999995,1.369375,1,7.6792187499999995,1.71484375,0,0,0,1
cKG,0.8,0,81,0.0,0.75,5.9643749999999995,1.369375,1,7.6792187499999995,1.71484375,0,0,0,1
cKG,0.8,0,82,0.0,0.5,3.4974999999999996,0.6575,1,7.6792187499999995,4.18171875,0,0,0,0
cKG,0.8,0,83,0.25,0.5,4.9174999999999995,0.76609375,1,7.6792187499999995,2.76171875,0,0,0,0
cKG,0.8,0,84,0.25,0.25,3.1067187499999993,0.3319921875,1,7.6792187499999995,4.5725,0,0,0,0
cKG,0.8,0,85,0.25,1.0,11.391874999999999,1.87875,0,7.6792187499999995,-3.7126562499999993,0,0,0,0
cKG,0.8,0,86,0.25,0.25,3.1067187499999993,0.3319921875,1,7.6792187499999995,4.5725,0,0,0,0
cKG,0.8,0,87,0.5,0.5,6.08,1.189375,1,7.6792187499999995,1.5992187499999995,0,0,0,1
cKG,0.8,0,88,0.5,0.25,3.9499999999999997,0.90609375,1,7.6792187499999995,3.72921875,0,0,0,0
cKG,0.8,0,89,0.0,0.5,3.4974999999999996,0.6575,1,7.6792187499999995,4.18171875,0,0,0,0
cKG,0.8,0,90,0.0,0.5,3.4974999999999996,0.6575,1,7.6792187499999995,4.18171875,0,0,0,0
cKG,0.8,0,91,0.0,1.0,9.37,2.1399999999999997,0,7.6792187499999995,-1.6907812499999997,0,0,0,0
cKG,0.8,0,92,0.75,1.0,15.101875000000001,3.1187500000000004,0,7.6792187499999995,-7.422656250000002,0,0,0,0
cKG,0.8,0,93,0.25,0.5,4.9174999999999995,0.76609375,1,7.6792187499999995,2.76171875,0,0,0,0
cKG,0.8,0,94,0.5,0.0,2.8075,0.7725000000000001,1,7.6792187499999995,4.871718749999999,0,0,0,0
cKG,0.8,0,95,0.0,0.75,5.9643749999999995,1.369375,1,7.6792187499999995,1.71484375,0,0,0,1
cKG,0.8,0,96,0.0,0.25,1.9693749999999999,0.004374999999999976,1,7.6792187499999995,5.709843749999999,0,0,0,0
cKG,0.8,0,97,0.25,0.75,7.6792187499999995,1.2816796875,1,7.6792187499999995,0.0,1,1,1,1
cKG,0.8,0,98,0.25,0.25,3.1067187499999993,0.3319921875,1,7.6792187499999995,4.5725,0,0,0,0
cKG,0.8,0,99,0.25,0.5,4.9174999999999995,0.76609375,1,7.6792187499999995,2.76171875,0,0,0,0
cKG,0.8,0,100,0.25,0.5,4.9174999999999995,0.76609375,1,7.6792187499999995,2.76171875,0,0,0,0
cKG,0.8,0,101,0.0,0.0,1.38,-0.59,1,7.6792187499999995,6.29921875,0,0,0,0
cKG,0.8,0,102,0.0,0.75,5.9643749999999995,1.369375,1,7.6792187499999995,1.71484375,0,0,0,1
cKG,0.8,0,103,0.25,0.25,3.1067187499999993,0.3319921875,1,7.6792187499999995,4.5725,0,0,0,0
cKG,0.8,0,104,0.25,0.75,7.6792187499999995,1.2816796875,1,7.6792187499999995,0.0,1,1,1,1
cKG,0.8,0,105,0.5,1.0,13.302500000000002,2.205,0,7.6792187499999995,-5.6232812500000025,0,0,0,0
cKG,0.8,0,106,0.5,0.0,2.8075,0.7725000000000001,1,7.6792187499999995,4.871718749999999,0,0,0,0
cKG,0.8,0,107,0.0,0.0,1.38,-0.59,1,7.6792187499999995,6.29921875,0,0,0,0
cKG,0.8,0,108,0.25,0.5,4.9174999999999995,0.76609375,1,7.6792187499999995,2.76171875,0,0,0,0
cKG,0.8,0,109,0.0,0.5,3.4974999999999996,0.6575,1,7.6792187499999995,4.18171875,0,0,0,0
cKG,0.8,0,110,0.25,0.75,7.6792187499999995,1.2816796875,1,7.6792187499999995,0.0,1,1,1,1
cKG,0.8,0,111,0.5,0.25,3.9499999999999997,0.90609375,1,7.6792187499999995,3.72921875,0,0,0,0
cKG,0.8,0,112,1.0,0.0,3.01,3.0300000000000002,0,7.6792187499999995,4.66921875,0,0,0,0
cKG,0.8,0,113,0.0,0.5,3.4974999999999996,0.6575,1,7.6792187499999995,4.18171875,0,0,0,0
cKG,0.8,0,114,0.5,0.75,9.1975,1.6223437500000002,0,7.6792187499999995,-1.5182812500000002,0,0,0,0
cKG,0.8,0,115,0.25,0.5,4.9174999999999995,0.76609375,1,7.6792187499999995,2.76171875,0,0,0,0
cKG,0.8,0,116,0.0,1.0,9.37,2.1399999999999997,0,7.6792187499999995,-1.6907812499999997,0,0,0,0
cKG,0.8,0,117,0.25,0.5,4.9174999999999995,0.76609375,1,7.6792187499999995,2.76171875,0,0,0,0
cKG,0.8,0,118,0.25,0.0,2.2468749999999997,-0.02062499999999995,1,7.6792187499999995,5.432343749999999,0,0,0,0
cKG,0.8,0,119,0.0,0.25,1.9693749999999999,0.004374999999999976,1,7.6792187499999995,5.709843749999999,0,0,0,0
cKG,0.8,0,120,0.25,0.75,7.6792187499999995,1.2816796875,1,7.6792187499999995,0.0,1,1,1,1
cKG,0.8,0,121,0.25,0.25,3.1067187499999993,0.3319921875,1,7.6792187499999995,4.5725,0,0,0,0
cKG,0.8,0,122,0.0,0.0,1.38,-0.59,1,7.6792187499999995,6.29921875,0,0,0,0
cKG,0.8,0,123,0.25,0.5,4.9174999999999995,0.76609375,1,7.6792187499999995,2.76171875,0,0,0,0
cKG,0.8,0,124,0.0,0.75,5.9643749999999995,1.369375,1,7.6792187499999995,1.71484375,0,0,0,1
cKG,0.8,0,125,0.25,0.5,4.9174999999999995,0.76609375,1,7.6792187499999995,2.76171875,0,0,0,0
cKG,0.8,0,126,0.0,0.25,1.9693749999999999,0.004374999999999976,1,7.6792187499999995,5.709843749999999,0,0,0,0
cKG,0.8,0,127,0.0,0.25,1.9693749999999999,0.004374999999999976,1,7.6792187499999995,5.709843749999999,0,0,0,0
cKG,0.8,0,128,0.25,0.25,3.1067187499999993,0.3319921875,1,7.6792187499999995,4.5725,0,0,0,0
cKG,0.8,0,129,0.0,0.5,3.4974999999999996,0.6575,1,7.6792187499999995,4.18171875,0,0,0,0
cKG,0.8,0,130,0.0,0.75,5.9643749999999995,1.369375,1,7.6792187499999995,1.71484375,0,0,0,1
cKG,0.8,0,131,0.25,0.25,3.1067187499999993,0.3319921875,1,7.6792187499999995,4.5725,0,0,0,0
cKG,0.8,0,132,0.5,0.25,3.9499999999999997,0.90609375,1,7.6792187499999995,3.72921875,0,0,0,0
cKG,0.8,0,133,0.25,1.0,11.391874999999999,1.87875,0,7.6792187499999995,-3.7126562499999993,0,0,0,0
cKG,0.8,0,134,0.25,0.0,2.2468749999999997,-0.02062499999999995,1,7.6792187499999995,5.432343749999999,0,0,0,0
cKG,0.8,0,135,0.25,0.25,3.1067187499999993,0.3319921875,1,7.6792187499999995,4.5725,0,0,0,0
cKG,0.8,0,136,0.0,0.75,5.9643749999999995,1.369375,1,7.6792187499999995,1.71484375,0,0,0,1
cKG,0.8,0,137,0.5,0.75,9.1975,1.6223437500000002,0,7.6792187499999995,-1.5182812500000002,0,0,0,0
cKG,0.8,0,138,0.25,0.5,4.9174999999999995,0.76609375,1,7.6792187499999995,2.76171875,0,0,0,0
cKG,0.8,0,139,0.0,0.5,3.4974999999999996,0.6575,1,7.6792187499999995,4.18171875,0,0,0,0
cKG,0.8,0,140,0.0,0.0,1.38,-0.59,1,7.6792187499999995,6.29921875,0,0,0,0
cKG,0.8,0,141,0.0,0.75,5.9643749999999995,1.369375,1,7.6792187499999995,1.71484375,0,0,0,1
cKG,0.8,0,142,0.25,0.25,3.1067187499999993,0.3319921875,1,7.6792187499999995,4.5725,0,0,0,0
cKG,0.8,0,143,0.5,0.0,2.8075,0.7725000000000001,1,7.6792187499999995,4.871718749999999,0,0,0,0
cKG,0.8,0,144,0.0,0.0,1.38,-0.59,1,7.6792187499999995,6.29921875,0,0,0,0
cKG,0.8,0,145,0.25,0.75,7.6792187499999995,1.2816796875,1,7.6792187499999995,0.0,1,1,1,1
cKG,0.8,0,146,0.25,0.5,4.9174999999999995,0.76609375,1,7.6792187499999995,2.76171875,0,0,0,0
cKG,0.8,0,147,0.0,0.25,1.9693749999999999,0.004374999999999976,1,7.6792187499999995,5.709843749999999,0,0,0,0
cKG,0.8,0,148,0.25,0.5,4.9174999999999995,0.76609375,1,7.6792187499999995,2.76171875,0,0,0,0
cKG,0.8,0,149,0.0,0.25,1.9693749999999999,0.004374999999999976,1,7.6792187499999995,5.709843749999999,0,0,0,0
cKG,0.8,0,150,0.5,0.25,3.9499999999999997,0.90609375,1,7.6792187499999995,3.72921875,0,0,0,0
cKG,0.8,0,151,0.25,0.25,3.1067187499999993,0.3319921875,1,7.6792187499999995,4.5725,0,0,0,0
cKG,0.8,0,152,0.25,1.0,11.391874999999999,1.87875,0,7.6792187499999995,-3.7126562499999993,0,0,0,0
cKG,0.8,0,153,0.5,0.0,2.8075,0.7725000000000001,1,7.6792187499999995,4.871718749999999,0,0,0,0
cKG,0.8,0,154,0.5,0.25,3.9499999999999997,0.90609375,1,7.6792187499999995,3.72921875,0,0,0,0
cKG,0.8,0,155,0.5,0.25,3.9499999999999997,0.90609375,1,7.6792187499999995,3.72921875,0,0,0,0
cKG,0.8,0,156,0.5,0.0,2.8075,0.7725000000000001,1,7.6792187499999995,4.871718749999999,0,0,0,0
cKG,0.8,0,157,0.25,0.0,2.2468749999999997,-0.02062499999999995,1,7.6792187499999995,5.432343749999999,0,0,0,0
cKG,0.8,0,158,0.25,0.5,4.9174999999999995,0.76609375,1,7.6792187499999995,2.76171875,0,0,0,0
cKG,0.8,0,159,0.5,0.0,2.8075,0.7725000000000001,1,7.6792187499999995,4.871718749999999,0,0,0,0
cKG,0.8,0,160,0.5,0.0,2.8075,0.7725000000000001,1,7.6792187499999995,4.871718749999999,0,0,0,0
cKG,0.8,0,161,0.0,0.25,1.9693749999999999,0.004374999999999976,1,7.6792187499999995,5.709843749999999,0,0,0,0
cKG,0.8,0,162,0.0,0.25,1.9693749999999999,0.004374999999999976,1,7.6792187499999995,5.709843749999999,0,0,0,0
cKG,0.8,0,163,0.0,0.75,5.9643749999999995,1.369375,1,7.6792187499999995,1.71484375,0,0,0,1
cKG,0.8,0,164,0.5,0.25,3.9499999999999997,0.90609375,1,7.6792187499999995,3.72921875,0,0,0,0
cKG,0.8,0,165,0.25,0.75,7.6792187499999995,1.2816796875,1,7.6792187499999995,0.0,1,1,1,1
cKG,0.8,0,166,0.0,0.0,1.38,-0.59,1,7.6792187499999995,6.29921875,0,0,0,0
cKG,0.8,0,167,0.5,0.25,3.9499999999999997,0.90609375,1,7.6792187499999995,3.72921875,0,0,0,0
cKG,0.8,0,168,0.25,0.75,7.6792187499999995,1.2816796875,1,7.6792187499999995,0.0,1,1,1,1
cKG,0.8,0,169,0.0,0.5,3.4974999999999996,0.6575,1,7.6792187499999995,4.18171875,0,0,0,0
cKG,0.8,0,170,0.25,0.25,3.1067187499999993,0.3319921875,1,7.6792187499999995,4.5725,0,0,0,0
cKG,0.8,0,171,0.0,0.5,3.4974999999999996,0.6575,1,7.6792187499999995,4.18171875,0,0,0,0
cKG,0.8,0,172,0.0,0.0,1.38,-0.59,1,7.6792187499999995,6.29921875,0,0,0,0
cKG,0.8,0,173,0.0,0.5,3.4974999999999996,0.6575,1,7.6792187499999995,4.18171875,0,0,0,0
cKG,0.8,0,174,0.5,0.25,3.9499999999999997,0.90609375,1,7.6792187499999995,3.72921875,0,0,0,0
cKG,0.8,0,175,0.25,0.5,4.9174999999999995,0.76609375,1,7.6792187499999995,2.76171875,0,0,0,0
cKG,0.8,0,176,0.5,0.75,9.1975,1.6223437500000002,0,7.6792187499999995,-1.5182812500000002,0,0,0,0
cKG,0.8,0,177,0.0,0.25,1.9693749999999999,0.004374999999999976,1,7.6792187499999995,5.709843749999999,0,0,0,0
cKG,0.8,0,178,0.25,0.75,7.6792187499999995,1.2816796875,1,7.6792187499999995,0.0,1,1,1,1
cKG,0.8,0,179,0.0,0.0,1.38,-0.59,1,7.6792187499999995,6.29921875,0,0,0,0
cKG,0.8,0,180,0.5,0.25,3.9499999999999997,0.90609375,1,7.6792187499999995,3.72921875,0,0,0,0
cKG,0.8,0,181,0.25,0.5,4.9174999999999995,0.76609375,1,7.6792187499999995,2.76171875,0,0,0,0
cKG,0.8,0,182,1.0,0.25,4.7543750000000005,2.79375,0,7.6792187499999995,2.924843749999999,0,0,0,0
cKG,0.8,0,183,0.0,0.0,1.38,-0.59,1,7.6792187499999995,6.29921875,0,0,0,0
cKG,0.8,0,184,0.25,0.25,3.1067187499999993,0.3319921875,1,7.6792187499999995,4.5725,0,0,0,0
cKG,0.8,0,185,0.75,0.0,3.0618749999999992,1.7893750000000002,0,7.6792187499999995,4.61734375,0,0,0,0
cKG,0.8,0,186,0.0,0.0,1.38,-0.59,1,7.6792187499999995,6.29921875,0,0,0,0
cKG,0.8,0,187,0.0,0.25,1.9693749999999999,0.004374999999999976,1,7.6792187499999995,5.709843749999999,0,0,0,0
cKG,0.8,0,188,0.5,0.25,3.9499999999999997,0.90609375,1,7.6792187499999995,3.72921875,0,0,0,0
cKG,0.8,0,189,0.0,0.25,1.9693749999999999,0.004374999999999976,1,7.6792187499999995,5.709843749999999,0,0,0,0
cKG,0.8,0,190,0.25,0.25,3.1067187499999993,0.3319921875,1,7.6792187499999995,4.5725,0,0,0,0
cKG,0.8,0,191,0.5,0.5,6.08,1.189375,1,7.6792187499999995,1.5992187499999995,0,0,0,1
cKG,0.8,0,192,0.0,0.0,1.38,-0.59,1,7.6792187499999995,6.29921875,0,0,0,0
cKG,0.8,0,193,0.75,0.25,4.499218749999999,1.7266796875000003,0,7.6792187499999995,3.1800000000000006,0,0,0,0
cKG,0.8,0,194,0.0,0.75,5.9643749999999995,1.369375,1,7.6792187499999995,1.71484375,0,0,0,1
cKG,0.8,0,195,0.75,0.0,3.0618749999999992,1.7893750000000002,0,7.6792187499999995,4.61734375,0,0,0,0
cKG,0.8,0,196,0.25,0.5,4.9174999999999995,0.76609375,1,7.6792187499999995,2.76171875,0,0,0,0
cKG,0.8,0,197,0.25,0.25,3.1067187499999993,0.3319921875,1,7.6792187499999995,4.5725,0,0,0,0
cKG,0.8,0,198,0.25,0.75,7.6792187499999995,1.2816796875,1,7.6792187499999995,0.0,1,1,1,1
cKG,0.8,0,199,0.25,0.0,2.2468749999999997,-0.02062499999999995,1,7.6792187499999995,5.432343749999999,0,0,0,0
cKG,0.8,1,0,0.25,1.0,11.206249999999999,1.87875,1,13.205468749999998,1.999218749999999,0,0,0,1
cKG,0.8,1,1,0.25,0.75,9.212304687500001,1.2816796875,1,13.205468749999998,3.9931640624999964,0,0,0,0
cKG,0.8,1,2,0.5,0.5,10.089374999999997,1.189375,1,13.205468749999998,3.116093750000001,0,0,0,0
cKG,0.8,1,3,1.0,0.0,2.0599999999999987,3.0300000000000002,0,13.205468749999998,11.14546875,0,0,0,0
cKG,0.8,1,4,0.25,1.0,11.206249999999999,1.87875,1,13.205468749999998,1.999218749999999,0,0,0,1
cKG,0.8,1,5,0.25,0.75,9.212304687500001,1.2816796875,1,13.205468749999998,3.9931640624999964,0,0,0,0
cKG,0.8,1,6,0.5,0.25,6.536718749999999,0.90609375,1,13.205468749999998,6.668749999999999,0,0,0,0
cKG,0.8,1,7,0.75,0.25,7.777304687499998,1.7266796875000003,1,13.205468749999998,5.4281640625,0,0,0,0
cKG,0.8,1,8,0.5,0.5,10.089374999999997,1.189375,1,13.205468749999998,3.116093750000001,0,0,0,0
cKG,0.8,1,9,0.25,1.0,11.206249999999999,1.87875,1,13.205468749999998,1.999218749999999,0,0,0,1
cKG,0.8,1,10,0.5,1.0,15.885000000000002,2.205,0,13.205468749999998,-2.6795312500000037,0,0,0,0
cKG,0.8,1,11,0.25,0.75,9.212304687500001,1.2816796875,1,13.205468749999998,3.9931640624999964,0,0,0,0
cKG,0.8,1,12,0.25,0.75,9.212304687500001,1.2816796875,1,13.205468749999998,3.9931640624999964,0,0,0,0
cKG,0.8,1,13,0.0,0.5,2.5250000000000004,0.6575,1,13.205468749999998,10.680468749999998,0,0,0,0
cKG,0.8,1,14,0.5,0.75,13.205468749999998,1.6223437500000002,1,13.205468749999998,0.0,1,1,1,1
cKG,0.8,1,15,0.25,0.75,9.212304687500001,1.2816796875,1,13.205468749999998,3.9931640624999964,0,0,0,0
cKG,0.8,1,16,0.5,0.5,10.089374999999997,1.189375,1,13.205468749999998,3.116093750000001,0,0,0,0
cKG,0.8,1,17,0.5,0.5,10.089374999999997,1.189375,1,13.205468749999998,3.116093750000001,0,0,0,0
cKG,0.8,1,18,0.25,1.0,11.206249999999999,1.87875,1,13.205468749999998,1.999218749999999,0,0,0,1
cKG,0.8,1,19,0.25,1.0,11.206249999999999,1.87875,1,13.205468749999998,1.999218749999999,0,0,0,1
cKG,0.8,1,20,0.75,0.25,7.777304687499998,1.7266796875000003,1,13.205468749999998,5.4281640625,0,0,0,0
cKG,0.8,1,21,0.0,0.0,-1.05,-0.59,1,13.205468749999998,14.255468749999999,0,0,0,0
cKG,0.8,1,22,0.25,0.25,4.2388671874999995,0.3319921875,1,13.205468749999998,8.9666015625,0,0,0,0
cKG,0.8,1,23,0.5,0.75,13.205468749999998,1.6223437500000002,1,13.205468749999998,0.0,1,1,1,1
cKG,0.8,1,24,0.5,0.75,13.205468749999998,1.6223437500000002,1,13.205468749999998,0.0,1,1,1,1
cKG,0.8,1,25,0.5,0.25,6.536718749999999,0.90609375,1,13.205468749999998,6.668749999999999,0,0,0,0
cKG,0.8,1,26,0.5,0.5,10.089374999999997,1.189375,1,13.205468749999998,3.116093750000001,0,0,0,0
cKG,0.8,1,27,0.25,0.75,9.212304687500001,1.2816796875,1,13.205468749999998,3.9931640624999964,0,0,0,0
cKG,0.8,1,28,0.5,0.5,10.089374999999997,1.189375,1,13.205468749999998,3.116093750000001,0,0,0,0
cKG,0.8,1,29,0.5,0.25,6.536718749999999,0.90609375,1,13.205468749999998,6.668749999999999,0,0,0,0
cKG,0.8,1,30,0.75,0.25,7.777304687499998,1.7266796875000003,1,13.205468749999998,5.4281640625,0,0,0,0
cKG,0.8,1,31,0.0,0.0,-1.05,-0.59,1,13.205468749999998,14.255468749999999,0,0,0,0
cKG,0.8,1,32,0.5,0.75,13.205468749999998,1.6223437500000002,1,13.205468749999998,0.0,1,1,1,1
cKG,0.8,1,33,0.5,0.75,13.205468749999998,1.6223437500000002,1,13.205468749999998,0.0,1,1,1,1
cKG,0.8,1,34,0.5,0.25,6.536718749999999,0.90609375,1,13.205468749999998,6.668749999999999,0,0,0,0
cKG,0.8,1,35,0.75,1.0,18.966250000000002,3.1187500000000004,0,13.205468749999998,-5.760781250000004,0,0,0,0
cKG,0.8,1,36,0.75,0.25,7.777304687499998,1.7266796875000003,1,13.205468749999998,5.4281640625,0,0,0,0
cKG,0.8,1,37,0.0,0.5,2.5250000000000004,0.6575,1,13.205468749999998,10.680468749999998,0,0,0,0
cKG,0.8,1,38,0.25,0.75,9.212304687500001,1.2816796875,1,13.205468749999998,3.9931640624999964,0,0,0,0
cKG,0.8,1,39,0.5,0.5,10.089374999999997,1.189375,1,13.205468749999998,3.116093750000001,0,0,0,0
cKG,0.8,1,40,0.5,0.0,2.5475,0.7725000000000001,1,13.205468749999998,10.657968749999998,0,0,0,0
cKG,0.8,1,41,0.25,0.75,9.212304687500001,1.2816796875,1,13.205468749999998,3.9931640624999964,0,0,0,0
cKG,0.8,1,42,0.25,0.75,9.212304687500001,1.2816796875,1,13.205468749999998,3.9931640624999964,0,0,0,0
cKG,0.8,1,43,0.5,0.25,6.536718749999999,0.90609375,1,13.205468749999998,6.668749999999999,0,0,0,0
cKG,0.8,1,44,0.5,0.75,13.205468749999998,1.6223437500000002,1,13.205468749999998,0.0,1,1,1,1
cKG,0.8,1,45,0.75,0.5,12.123593750000001,1.9273437500000001,1,13.205468749999998,1.0818749999999966,0,0,0,1
cKG,0.8,1,46,0.5,0.5,10.089374999999997,1.189375,1,13.205468749999998,3.116093750000001,0,0,0,0
cKG,0.8,1,47,0.5,0.75,13.205468749999998,1.6223437500000002,1,13.205468749999998,0.0,1,1,1,1
cKG,0.8,1,48,0.5,1.0,15.885000000000002,2.205,0,13.205468749999998,-2.6795312500000037,0,0,0,0
cKG,0.8,1,49,0.0,0.75,3.8737500000000002,1.369375,1,13.205468749999998,9.331718749999997,0,0,0,0
cKG,0.8,1,50,0.5,0.5,10.089374999999997,1.189375,1,13.205468749999998,3.116093750000001,0,0,0,0
cKG,0.8,1,51,0.0,1.0,4.930000000000001,2.1399999999999997,0,13.205468749999998,8.275468749999998,0,0,0,0
cKG,0.8,1,52,0.5,0.5,10.089374999999997,1.189375,1,13.205468749999998,3.116093750000001,0,0,0,0
cKG,0.8,1,53,0.0,0.75,3.8737500000000002,1.369375,1,13.205468749999998,9.331718749999997,0,0,0,0
cKG,0.8,1,54,0.0,0.0,-1.05,-0.59,1,13.205468749999998,14.255468749999999,0,0,0,0
cKG,0.8,1,55,0.25,0.75,9.212304687500001,1.2816796875,1,13.205468749999998,3.9931640624999964,0,0,0,0
cKG,0.8,1,56,0.25,0.0,1.259375,-0.02062499999999995,1,13.205468749999998,11.946093749999998,0,0,0,0
cKG,0.8,1,57,0.75,0.25,7.777304687499998,1.7266796875000003,1,13.205468749999998,5.4281640625,0,0,0,0
cKG,0.8,1,58,0.75,0.0,2.814374999999999,1.7893750000000002,1,13.205468749999998,10.39109375,0,0,0,0
cKG,0.8,1,59,0.25,0.75,9.212304687500001,1.2816796875,1,13.205468749999998,3.9931640624999964,0,0,0,0
cKG,0.8,1,60,0.5,0.0,2.5475,0.7725000000000001,1,13.205468749999998,10.657968749999998,0,0,0,0
cKG,0.8,1,61,0.0,0.75,3.8737500000000002,1.369375,1,13.205468749999998,9.331718749999997,0,0,0,0
cKG,0.8,1,62,0.25,0.5,6.889843749999999,0.76609375,1,13.205468749999998,6.315624999999999,0,0,0,0
cKG,0.8,1,63,0.5,0.5,10.089374999999997,1.189375,1,13.205468749999998,3.116093750000001,0,0,0,0
cKG,0.8,1,64,0.25,0.5,6.889843749999999,0.76609375,1,13.205468749999998,6.315624999999999,0,0,0,0
cKG,0.8,1,65,0.25,0.5,6.889843749999999,0.76609375,1,13.205468749999998,6.315624999999999,0,0,0,0
cKG,0.8,1,66,0.25,0.75,9.212304687500001,1.2816796875,1,13.205468749999998,3.9931640624999964,0,0,0,0
cKG,0.8,1,67,0.5,0.75,13.205468749999998,1.6223437500000002,1,13.205468749999998,0.0,1,1,1,1
cKG,0.8,1,68,0.5,0.5,10.089374999999997,1.189375,1,13.205468749999998,3.116093750000001,0,0,0,0
cKG,0.8,1,69,0.25,0.75,9.212304687500001,1.2816796875,1,13.205468749999998,3.9931640624999964,0,0,0,0
cKG,0.8,1,70,0.25,1.0,11.206249999999999,1.87875,1,13.205468749999998,1.999218749999999,0,0,0,1
cKG,0.8,1,71,0.5,0.75,13.205468749999998,1.6223437500000002,1,13.205468749999998,0.0,1,1,1,1
cKG,0.8,1,72,0.25,0.5,6.889843749999999,0.76609375,1,13.205468749999998,6.315624999999999,0,0,0,0
cKG,0.8,1,73,0.25,0.75,9.212304687500001,1.2816796875,1,13.205468749999998,3.9931640624999964,0,0,0,0
cKG,0.8,1,74,0.5,0.5,10.089374999999997,1.189375,1,13.205468749999998,3.116093750000001,0,0,0,0
cKG,0.8,1,75,0.5,0.5,10.089374999999997,1.189375,1,13.205468749999998,3.116093750000001,0,0,0,0
cKG,0.8,1,76,0.25,0.0,1.259375,-0.02062499999999995,1,13.205468749999998,11.946093749999998,0,0,0,0
cKG,0.8,1,77,0.0,0.75,3.8737500000000002,1.369375,1,13.205468749999998,9.331718749999997,0,0,0,0
cKG,0.8,1,78,0.0,0.0,-1.05,-0.59,1,13.205468749999998,14.255468749999999,0,0,0,0
cKG,0.8,1,79,0.5,0.25,6.536718749999999,0.90609375,1,13.205468749999998,6.668749999999999,0,0,0,0
cKG,0.8,1,80,0.25,0.75,9.212304687500001,1.2816796875,1,13.205468749999998,3.9931640624999964,0,0,0,0
cKG,0.8,1,81,0.25,0.25,4.2388671874999995,0.3319921875,1,13.205468749999998,8.9666015625,0,0,0,0
cKG,0.8,1,82,0.0,0.0,-1.05,-0.59,1,13.205468749999998,14.255468749999999,0,0,0,0
cKG,0.8,1,83,0.25,0.75,9.212304687500001,1.2816796875,1,13.205468749999998,3.9931640624999964,0,0,0,0
cKG,0.8,1,84,0.75,0.25,7.777304687499998,1.7266796875000003,1,13.205468749999998,5.4281640625,0,0,0,0
cKG,0.8,1,85,0.5,0.75,13.205468749999998,1.6223437500000002,1,13.205468749999998,0.0,1,1,1,1
cKG,0.8,1,86,0.0,0.5,2.5250000000000004,0.6575,1,13.205468749999998,10.680468749999998,0,0,0,0
cKG,0.8,1,87,0.25,0.5,6.889843749999999,0.76609375,1,13.205468749999998,6.315624999999999,0,0,0,0
cKG,0.8,1,88,0.25,0.75,9.212304687500001,1.2816796875,1,13.205468749999998,3.9931640624999964,0,0,0,0
cKG,0.8,1,89,0.25,0.75,9.212304687500001,1.2816796875,1,13.205468749999998,3.9931640624999964,0,0,0,0
cKG,0.8,1,90,0.0,1.0,4.930000000000001,2.1399999999999997,0,13.205468749999998,8.275468749999998,0,0,0,0
cKG,0.8,1,91,0.0,1.0,4.930000000000001,2.1399999999999997,0,13.205468749999998,8.275468749999998,0,0,0,0
cKG,0.8,1,92,0.25,0.75,9.212304687500001,1.2816796875,1,13.205468749999998,3.9931640624999964,0,0,0,0
cKG,0.8,1,93,0.25,1.0,11.206249999999999,1.87875,1,13.205468749999998,1.999218749999999,0,0,0,1
cKG,0.8,1,94,0.0,0.75,3.8737500000000002,1.369375,1,13.205468749999998,9.331718749999997,0,0,0,0
cKG,0.8,1,95,0.0,0.75,3.8737500000000002,1.369375,1,13.205468749999998,9.331718749999997,0,0,0,0
cKG,0.8,1,96,0.25,1.0,11.206249999999999,1.87875,1,13.205468749999998,1.999218749999999,0,0,0,1
cKG,0.8,1,97,0.5,0.75,13.205468749999998,1.6223437500000002,1,13.205468749999998,0.0,1,1,1,1
cKG,0.8,1,98,0.5,0.25,6.536718749999999,0.90609375,1,13.205468749999998,6.668749999999999,0,0,0,0
cKG,0.8,1,99,0.25,0.75,9.212304687500001,1.2816796875,1,13.205468749999998,3.9931640624999964,0,0,0,0
cKG,0.8,1,100,0.5,0.75,13.205468749999998,1.6223437500000002,1,13.205468749999998,0.0,1,1,1,1
cKG,0.8,1,101,0.0,1.0,4.930000000000001,2.1399999999999997,0,13.205468749999998,8.275468749999998,0,0,0,0
cKG,0.8,1,102,0.75,0.25,7.777304687499998,1.7266796875000003,1,13.205468749999998,5.4281640625,0,0,0,0
cKG,0.8,1,103,0.5,0.5,10.089374999999997,1.189375,1,13.205468749999998,3.116093750000001,0,0,0,0
cKG,0.8,1,104,0.25,0.0,1.259375,-0.02062499999999995,1,13.205468749999998,11.946093749999998,0,0,0,0
cKG,0.8,1,105,0.0,1.0,4.930000000000001,2.1399999999999997,0,13.205468749999998,8.275468749999998,0,0,0,0
cKG,0.8,1,106,0.25,0.75,9.212304687500001,1.2816796875,1,13.205468749999998,3.9931640624999964,0,0,0,0
cKG,0.8,1,107,0.0,0.0,-1.05,-0.59,1,13.205468749999998,14.255468749999999,0,0,0,0
cKG,0.8,1,108,0.25,0.75,9.212304687500001,1.2816796875,1,13.205468749999998,3.9931640624999964,0,0,0,0
cKG,0.8,1,109,0.25,0.75,9.212304687500001,1.2816796875,1,13.205468749999998,3.9931640624999964,0,0,0,0
cKG,0.8,1,110,0.5,0.5,10.089374999999997,1.189375,1,13.205468749999998,3.116093750000001,0,0,0,0
cKG,0.8,1,111,0.5,0.25,6.536718749999999,0.90609375,1,13.205468749999998,6.668749999999999,0,0,0,0
cKG,0.8,1,112,0.5,0.75,13.205468749999998,1.6223437500000002,1,13.205468749999998,0.0,1,1,1,1
cKG,0.8,1,113,0.75,0.5,12.123593750000001,1.9273437500000001,1,13.205468749999998,1.0818749999999966,0,0,0,1
cKG,0.8,1,114,0.5,0.75,13.205468749999998,1.6223437500000002,1,13.205468749999998,0.0,1,1,1,1
cKG,0.8,1,115,0.75,0.5,12.123593750000001,1.9273437500000001,1,13.205468749999998,1.0818749999999966,0,0,0,1
cKG,0.8,1,116,0.5,0.75,13.205468749999998,1.6223437500000002,1,13.205468749999998,0.0,1,1,1,1
cKG,0.8,1,117,0.75,0.25,7.777304687499998,1.7266796875000003,1,13.205468749999998,5.4281640625,0,0,0,0
cKG,0.8,1,118,0.25,0.5,6.889843749999999,0.76609375,1,13.205468749999998,6.315624999999999,0,0,0,0
cKG,0.8,1,119,0.25,0.75,9.212304687500001,1.2816796875,1,13.205468749999998,3.9931640624999964,0,0,0,0
cKG,0.8,1,120,0.25,0.75,9.212304687500001,1.2816796875,1,13.205468749999998,3.9931640624999964,0,0,0,0
cKG,0.8,1,121,0.25,0.75,9.212304687500001,1.2816796875,1,13.205468749999998,3.9931640624999964,0,0,0,0
cKG,0.8,1,122,0.5,0.5,10.089374999999997,1.189375,1,13.205468749999998,3.116093750000001,0,0,0,0
cKG,0.8,1,123,0.75,0.25,7.777304687499998,1.7266796875000003,1,13.205468749999998,5.4281640625,0,0,0,0
cKG,0.8,1,124,0.25,0.75,9.212304687500001,1.2816796875,1,13.205468749999998,3.9931640624999964,0,0,0,0
cKG,0.8,1,125,0.5,0.5,10.089374999999997,1.189375,1,13.205468749999998,3.116093750000001,0,0,0,0
cKG,0.8,1,126,0.75,0.25,7.777304687499998,1.7266796875000003,1,13.205468749999998,5.4281640625,0,0,0,0
cKG,0.8,1,127,0.5,0.5,10.089374999999997,1.189375,1,13.205468749999998,3.116093750000001,0,0,0,0
cKG,0.8,1,128,0.25,0.25,4.2388671874999995,0.3319921875,1,13.205468749999998,8.9666015625,0,0,0,0
cKG,0.8,1,129,0.0,0.5,2.5250000000000004,0.6575,1,13.205468749999998,10.680468749999998,0,0,0,0
cKG,0.8,1,130,0.5,0.5,10.089374999999997,1.189375,1,13.205468749999998,3.116093750000001,0,0,0,0
cKG,0.8,1,131,0.5,0.25,6.536718749999999,0.90609375,1,13.205468749999998,6.668749999999999,0,0,0,0
cKG,0.8,1,132,0.5,0.75,13.205468749999998,1.6223437500000002,1,13.205468749999998,0.0,1,1,1,1
cKG,0.8,1,133,0.75,0.5,12.123593750000001,1.9273437500000001,1,13.205468749999998,1.0818749999999966,0,0,0,1
cKG,0.8,1,134,0.25,1.0,11.206249999999999,1.87875,1,13.205468749999998,1.999218749999999,0,0,0,1
cKG,0.8,1,135,0.25,0.75,9.212304687500001,1.2816796875,1,13.205468749999998,3.9931640624999964,0,0,0,0
cKG,0.8,1,136,0.25,0.0,1.259375,-0.02062499999999995,1,13.205468749999998,11.946093749999998,0,0,0,0
cKG,0.8,1,137,0.0,1.0,4.930000000000001,2.1399999999999997,0,13.205468749999998,8.275468749999998,0,0,0,0
cKG,0.8,1,138,0.25,1.0,11.206249999999999,1.87875,1,13.205468749999998,1.999218749999999,0,0,0,1
cKG,0.8,1,139,0.75,0.25,7.777304687499998,1.7266796875000003,1,13.205468749999998,5.4281640625,0,0,0,0
cKG,0.8,1,140,0.75,0.75,15.853242187500001,2.3913671875,0,13.205468749999998,-2.6477734375000033,0,0,0,0
cKG,0.8,1,141,0.25,0.25,4.2388671874999995,0.3319921875,1,13.205468749999998,8.9666015625,0,0,0,0
cKG,0.8,1,142,0.5,0.5,10.089374999999997,1.189375,1,13.205468749999998,3.116093750000001,0,0,0,0
cKG,0.8,1,143,0.25,1.0,11.206249999999999,1.87875,1,13.205468749999998,1.999218749999999,0,0,0,1
cKG,0.8,1,144,0.5,0.5,10.089374999999997,1.189375,1,13.205468749999998,3.116093750000001,0,0,0,0
cKG,0.8,1,145,0.25,0.75,9.212304687500001,1.2816796875,1,13.205468749999998,3.9931640624999964,0,0,0,0
cKG,0.8,1,146,0.75,0.5,12.123593750000001,1.9273437500000001,1,13.205468749999998,1.0818749999999966,0,0,0,1
cKG,0.8,1,147,0.25,0.75,9.212304687500001,1.2816796875,1,13.205468749999998,3.9931640624999964,0,0,0,0
cKG,0.8,1,148,0.25,0.5,6.889843749999999,0.76609375,1,13.205468749999998,6.315624999999999,0,0,0,0
cKG,0.8,1,149,0.0,0.75,3.8737500000000002,1.369375,1,13.205468749999998,9.331718749999997,0,0,0,0
cKG,0.8,1,150,0.5,0.75,13.205468749999998,1.6223437500000002,1,13.205468749999998,0.0,1,1,1,1
cKG,0.8,1,151,0.25,0.5,6.889843749999999,0.76609375,1,13.205468749999998,6.315624999999999,0,0,0,0
cKG,0.8,1,152,0.0,0.75,3.8737500000000002,1.369375,1,13.205468749999998,9.331718749999997,0,0,0,0
cKG,0.8,1,153,0.0,0.5,2.5250000000000004,0.6575,1,13.205468749999998,10.680468749999998,0,0,0,0
cKG,0.8,1,154,0.25,0.75,9.212304687500001,1.2816796875,1,13.205468749999998,3.9931640624999964,0,0,0,0
cKG,0.8,1,155,0.5,1.0,15.885000000000002,2.205,0,13.205468749999998,-2.6795312500000037,0,0,0,0
cKG,0.8,1,156,0.0,0.75,3.8737500000000002,1.369375,1,13.205468749999998,9.331718749999997,0,0,0,0
cKG,0.8,1,157,0.0,0.0,-1.05,-0.59,1,13.205468749999998,14.255468749999999,0,0,0,0
cKG,0.8,1,158,0.75,0.75,15.853242187500001,2.3913671875,0,13.205468749999998,-2.6477734375000033,0,0,0,0
cKG,0.8,1,159,0.5,0.5,10.089374999999997,1.189375,1,13.205468749999998,3.116093750000001,0,0,0,0
cKG,0.8,1,160,0.25,1.0,11.206249999999999,1.87875,1,13.205468749999998,1.999218749999999,0,0,0,1
cKG,0.8,1,161,0.0,0.5,2.5250000000000004,0.6575,1,13.205468749999998,10.680468749999998,0,0,0,0
cKG,0.8,1,162,0.0,0.0,-1.05,-0.59,1,13.205468749999998,14.255468749999999,0,0,0,0
cKG,0.8,1,163,0.25,1.0,11.206249999999999,1.87875,1,13.205468749999998,1.999218749999999,0,0,0,1
cKG,0.8,1,164,0.25,1.0,11.206249999999999,1.87875,1,13.205468749999998,1.999218749999999,0,0,0,1
cKG,0.8,1,165,0.0,0.75,3.8737500000000002,1.369375,1,13.205468749999998,9.331718749999997,0,0,0,0
cKG,0.8,1,166,0.25,0.75,9.212304687500001,1.2816796875,1,13.205468749999998,3.9931640624999964,0,0,0,0
cKG,0.8,1,167,0.0,1.0,4.930000000000001,2.1399999999999997,0,13.205468749999998,8.275468749999998,0,0,0,0
cKG,0.8,1,168,0.75,0.5,12.123593750000001,1.9273437500000001,1,13.205468749999998,1.0818749999999966,0,0,0,1
cKG,0.8,1,169,0.5,0.0,2.5475,0.7725000000000001,1,13.205468749999998,10.657968749999998,0,0,0,0
cKG,0.8,1,170,0.75,0.25,7.777304687499998,1.7266796875000003,1,13.205468749999998,5.4281640625,0,0,0,0
cKG,0.8,1,171,0.5,0.5,10.089374999999997,1.189375,1,13.205468749999998,3.116093750000001,0,0,0,0
cKG,0.8,1,172,0.25,0.75,9.212304687500001,1.2816796875,1,13.205468749999998,3.9931640624999964,0,0,0,0
cKG,0.8,1,173,0.0,0.5,2.5250000000000004,0.6575,1,13.205468749999998,10.680468749999998,0,0,0,0
cKG,0.8,1,174,0.5,0.75,13.205468749999998,1.6223437500000002,1,13.205468749999998,0.0,1,1,1,1
cKG,0.8,1,175,0.25,0.5,6.889843749999999,0.76609375,1,13.205468749999998,6.315624999999999,0,0,0,0
cKG,0.8,1,176,0.5,0.75,13.205468749999998,1.6223437500000002,1,13.205468749999998,0.0,1,1,1,1
cKG,0.8,1,177,0.25,0.5,6.889843749999999,0.76609375,1,13.205468749999998,6.315624999999999,0,0,0,0
cKG,0.8,1,178,0.5,0.75,13.205468749999998,1.6223437500000002,1,13.205468749999998,0.0,1,1,1,1
cKG,0.8,1,179,0.0,0.0,-1.05,-0.59,1,13.205468749999998,14.255468749999999,0,0,0,0
cKG,0.8,1,180,0.75,0.25,7.777304687499998,1.7266796875000003,1,13.205468749999998,5.4281640625,0,0,0,0
cKG,0.8,1,181,0.25,0.5,6.889843749999999,0.76609375,1,13.205468749999998,6.315624999999999,0,0,0,0
cKG,0.8,1,182,0.0,1.0,4.930000000000001,2.1399999999999997,0,13.205468749999998,8.275468749999998,0,0,0,0
cKG,0.8,1,183,0.5,0.5,10.089374999999997,1.189375,1,13.205468749999998,3.116093750000001,0,0,0,0
cKG,0.8,1,184,0.25,1.0,11.206249999999999,1.87875,1,13.205468749999998,1.999218749999999,0,0,0,1
cKG,0.8,1,185,0.5,0.75,13.205468749999998,1.6223437500000002,1,13.205468749999998,0.0,1,1,1,1
cKG,0.8,1,186,0.5,0.25,6.536718749999999,0.90609375,1,13.205468749999998,6.668749999999999,0,0,0,0
cKG,0.8,1,187,0.75,0.25,7.777304687499998,1.7266796875000003,1,13.205468749999998,5.4281640625,0,0,0,0
cKG,0.8,1,188,0.25,0.75,9.212304687500001,1.2816796875,1,13.205468749999998,3.9931640624999964,0,0,0,0
cKG,0.8,1,189,0.5,0.75,13.205468749999998,1.6223437500000002,1,13.205468749999998,0.0,1,1,1,1
cKG,0.8,1,190,0.25,0.25,4.2388671874999995,0.3319921875,1,13.205468749999998,8.9666015625,0,0,0,0
cKG,0.8,1,191,0.0,1.0,4.930000000000001,2.1399999999999997,0,13.205468749999998,8.275468749999998,0,0,0,0
cKG,0.8,1,192,0.75,0.5,12.123593750000001,1.9273437500000001,1,13.205468749999998,1.0818749999999966,0,0,0,1
cKG,0.8,1,193,0.75,0.25,7.777304687499998,1.7266796875000003,1,13.205468749999998,5.4281640625,0,0,0,0
cKG,0.8,1,194,0.75,0.75,15.853242187500001,2.3913671875,0,13.205468749999998,-2.6477734375000033,0,0,0,0
cKG,0.8,1,195,0.25,0.75,9.212304687500001,1.2816796875,1,13.205468749999998,3.9931640624999964,0,0,0,0
cKG,0.8,1,196,0.25,1.0,11.206249999999999,1.87875,1,13.205468749999998,1.999218749999999,0,0,0,1
cKG,0.8,1,197,0.25,1.0,11.206249999999999,1.87875,1,13.205468749999998,1.999218749999999,0,0,0,1
cKG,0.8,1,198,0.25,0.75,9.212304687500001,1.2816796875,1,13.205468749999998,3.9931640624999964,0,0,0,0
cKG,0.8,1,199,0.25,1.0,11.206249999999999,1.87875,1,13.205468749999998,1.999218749999999,0,0,0,1
cKG,0.9,0,0,0.25,0.25,3.1067187499999993,0.3319921875,1,7.6792187499999995,4.5725,0,0,0,0
cKG,0.9,0,1,0.0,0.5,3.4974999999999996,0.6575,1,7.6792187499999995,4.18171875,0,0,0,0
cKG,0.9,0,2,0.0,0.75,5.9643749999999995,1.369375,1,7.6792187499999995,1.71484375,0,0,0,1
cKG,0.9,0,3,0.75,0.0,3.0618749999999992,1.7893750000000002,0,7.6792187499999995,4.61734375,0,0,0,0
cKG,0.9,0,4,0.25,0.25,3.1067187499999993,0.3319921875,1,7.6792187499999995,4.5725,0,0,0,0
cKG,0.9,0,5,0.5,0.5,6.08,1.189375,1,7.6792187499999995,1.5992187499999995,0,0,0,1
cKG,0.9,0,6,0.0,0.0,1.38,-0.59,1,7.6792187499999995,6.29921875,0,0,0,0
cKG,0.9,0,7,0.25,0.5,4.9174999999999995,0.76609375,1,7.6792187499999995,2.76171875,0,0,0,0
cKG,0.9,0,8,0.25,0.0,2.2468749999999997,-0.02062499999999995,1,7.6792187499999995,5.432343749999999,0,0,0,0
cKG,0.9,0,9,0.0,0.75,5.9643749999999995,1.369375,1,7.6792187499999995,1.71484375,0,0,0,1
cKG,0.9,0,10,0.0,0.5,3.4974999999999996,0.6575,1,7.6792187499999995,4.18171875,0,0,0,0
cKG,0.9,0,11,0.25,0.5,4.9174999999999995,0.76609375,1,7.6792187499999995,2.76171875,0,0,0,0
cKG,0.9,0,12,0.25,0.75,7.6792187499999995,1.2816796875,1,7.6792187499999995,0.0,1,1,1,1
cKG,0.9,0,13,0.0,0.5,3.4974999999999996,0.6575,1,7.6792187499999995,4.18171875,0,0,0,0
cKG,0.9,0,14,0.25,0.25,3.1067187499999993,0.3319921875,1,7.6792187499999995,4.5725,0,0,0,0
cKG,0.9,0,15,0.25,0.75,7.6792187499999995,1.2816796875,1,7.6792187499999995,0.0,1,1,1,1
cKG,0.9,0,16,0.5,1.0,13.302500000000002,2.205,0,7.6792187499999995,-5.6232812500000025,0,0,0,0
cKG,0.9,0,17,0.25,0.75,7.6792187499999995,1.2816796875,1,7.6792187499999995,0.0,1,1,1,1
cKG,0.9,0,18,0.0,0.5,3.4974999999999996,0.6575,1,7.6792187499999995,4.18171875,0,0,0,0
cKG,0.9,0,19,0.25,1.0,11.391874999999999,1.87875,0,7.6792187499999995,-3.7126562499999993,0,0,0,0
cKG,0.9,0,20,0.5,0.25,3.9499999999999997,0.90609375,1,7.6792187499999995,3.72921875,0,0,0,0
cKG,0.9,0,21,0.0,0.0,1.38,-0.59,1,7.6792187499999995,6.29921875,0,0,0,0
cKG,0.9,0,22,0.0,0.5,3.4974999999999996,0.6575,1,7.6792187499999995,4.18171875,0,0,0,0
cKG,0.9,0,23,1.0,0.0,3.01,3.0300000000000002,0,7.6792187499999995,4.66921875,0,0,0,0
cKG,0.9,0,24,0.25,1.0,11.391874999999999,1.87875,0,7.6792187499999995,-3.7126562499999993,0,0,0,0
cKG,0.9,0,25,0.25,0.25,3.1067187499999993,0.3319921875,1,7.6792187499999995,4.5725,0,0,0,0
cKG,0.9,0,26,0.0,0.0,1.38,-0.59,1,7.6792187499999995,6.29921875,0,0,0,0
cKG,0.9,0,27,0.0,0.25,1.9693749999999999,0.004374999999999976,1,7.6792187499999995,5.709843749999999,0,0,0,0
cKG,0.9,0,28,0.25,0.25,3.1067187499999993,0.3319921875,1,7.6792187499999995,4.5725,0,0,0,0
cKG,0.9,0,29,0.25,0.0,2.2468749999999997,-0.02062499999999995,1,7.6792187499999995,5.432343749999999,0,0,0,0
cKG,0.9,0,30,0.5,0.0,2.8075,0.7725000000000001,1,7.6792187499999995,4.871718749999999,0,0,0,0
cKG,0.9,0,31,0.25,0.75,7.6792187499999995,1.2816796875,1,7.6792187499999995,0.0,1,1,1,1
cKG,0.9,0,32,0.25,0.25,3.1067187499999993,0.3319921875,1,7.6792187499999995,4.5725,0,0,0,0
cKG,0.9,0,33,1.0,0.25,4.7543750000000005,2.79375,0,7.6792187499999995,2.924843749999999,0,0,0,0
cKG,0.9,0,34,0.5,0.0,2.8075,0.7725000000000001,1,7.6792187499999995,4.871718749999999,0,0,0,0
cKG,0.9,0,35,0.25,0.25,3.1067187499999993,0.3319921875,1,7.6792187499999995,4.5725,0,0,0,0
cKG,0.9,0,36,0.25,0.5,4.9174999999999995,0.76609375,1,7.6792187499999995,2.76171875,0,0,0,0
cKG,0.9,0,37,0.25,0.5,4.9174999999999995,0.76609375,1,7.6792187499999995,2.76171875,0,0,0,0
cKG,0.9,0,38,0.0,0.5,3.4974999999999996,0.6575,1,7.6792187499999995,4.18171875,0,0,0,0
cKG,0.9,0,39,0.25,0.25,3.1067187499999993,0.3319921875,1,7.6792187499999995,4.5725,0,0,0,0
cKG,0.9,0,40,0.25,0.25,3.1067187499999993,0.3319921875,1,7.6792187499999995,4.5725,0,0,0,0
cKG,0.9,0,41,0.5,0.25,3.9499999999999997,0.90609375,1,7.6792187499999995,3.72921875,0,0,0,0
cKG,0.9,0,42,0.0,0.0,1.38,-0.59,1,7.6792187499999995,6.29921875,0,0,0,0
cKG,0.9,0,43,0.25,0.5,4.9174999999999995,0.76609375,1,7.6792187499999995,2.76171875,0,0,0,0
cKG,0.9,0,44,0.0,0.5,3.4974999999999996,0.6575,1,7.6792187499999995,4.18171875,0,0,0,0
cKG,0.9,0,45,0.25,0.25,3.1067187499999993,0.3319921875,1,7.6792187499999995,4.5725,0,0,0,0
cKG,0.9,0,46,0.0,0.25,1.9693749999999999,0.004374999999999976,1,7.6792187499999995,5.709843749999999,0,0,0,0
cKG,0.9,0,47,0.5,0.25,3.9499999999999997,0.90609375,1,7.6792187499999995,3.72921875,0,0,0,0
cKG,0.9,0,48,0.25,0.0,2.2468749999999997,-0.02062499999999995,1,7.6792187499999995,5.432343749999999,0,0,0,0
cKG,0.9,0,49,0.25,0.0,2.2468749999999997,-0.02062499999999995,1,7.6792187499999995,5.432343749999999,0,0,0,0
cKG,0.9,0,50,0.5,0.25,3.9499999999999997,0.90609375,1,7.6792187499999995,3.72921875,0,0,0,0
cKG,0.9,0,51,0.0,0.5,3.4974999999999996,0.6575,1,7.6792187499999995,4.18171875,0,0,0,0
cKG,0.9,0,52,0.25,0.5,4.9174999999999995,0.76609375,1,7.6792187499999995,2.76171875,0,0,0,0
cKG,0.9,0,53,0.0,0.75,5.9643749999999995,1.369375,1,7.6792187499999995,1.71484375,0,0,0,1
cKG,0.9,0,54,0.0,0.0,1.38,-0.59,1,7.6792187499999995,6.29921875,0,0,0,0
cKG,0.9,0,55,0.25,0.75,7.6792187499999995,1.2816796875,1,7.6792187499999995,0.0,1,1,1,1
cKG,0.9,0,56,0.25,0.0,2.2468749999999997,-0.02062499999999995,1,7.6792187499999995,5.432343749999999,0,0,0,0
cKG,0.9,0,57,0.5,0.25,3.9499999999999997,0.90609375,1,7.6792187499999995,3.72921875,0,0,0,0
cKG,0.9,0,58,0.25,0.25,3.1067187499999993,0.3319921875,1,7.6792187499999995,4.5725,0,0,0,0
cKG,0.9,0,59,0.25,0.25,3.1067187499999993,0.3319921875,1,7.6792187499999995,4.5725,0,0,0,0
cKG,0.9,0,60,0.0,0.0,1.38,-0.59,1,7.6792187499999995,6.29921875,0,0,0,0
cKG,0.9,0,61,0.0,0.5,3.4974999999999996,0.6575,1,7.6792187499999995,4.18171875,0,0,0,0
cKG,0.9,0,62,0.5,0.0,2.8075,0.7725000000000001,1,7.6792187499999995,4.871718749999999,0,0,0,0
cKG,0.9,0,63,0.25,0.25,3.1067187499999993,0.3319921875,1,7.6792187499999995,4.5725,0,0,0,0
cKG,0.9,0,64,0.5,0.0,2.8075,0.7725000000000001,1,7.6792187499999995,4.871718749999999,0,0,0,0
cKG,0.9,0,65,0.0,0.5,3.4974999999999996,0.6575,1,7.6792187499999995,4.18171875,0,0,0,0
cKG,0.9,0,66,0.0,0.0,1.38,-0.59,1,7.6792187499999995,6.29921875,0,0,0,0
cKG,0.9,0,67,0.25,0.75,7.6792187499999995,1.2816796875,1,7.6792187499999995,0.0,1,1,1,1
cKG,0.9,0,68,0.5,0.25,3.9499999999999997,0.90609375,1,7.6792187499999995,3.72921875,0,0,0,0
cKG,0.9,0,69,0.25,0.5,4.9174999999999995,0.76609375,1,7.6792187499999995,2.76171875,0,0,0,0
cKG,0.9,0,70,0.25,0.25,3.1067187499999993,0.3319921875,1,7.6792187499999995,4.5725,0,0,0,0
cKG,0.9,0,71,0.25,0.0,2.2468749999999997,-0.02062499999999995,1,7.6792187499999995,5.432343749999999,0,0,0,0
cKG,0.9,0,72,0.25,0.0,2.2468749999999997,-0.02062499999999995,1,7.6792187499999995,5.432343749999999,0,0,0,0
cKG,0.9,0,73,0.25,0.5,4.9174999999999995,0.76609375,1,7.6792187499999995,2.76171875,0,0,0,0
cKG,0.9,0,74,0.25,0.5,4.9174999999999995,0.76609375,1,7.6792187499999995,2.76171875,0,0,0,0
cKG,0.9,0,75,0.0,0.0,1.38,-0.59,1,7.6792187499999995,6.29921875,0,0,0,0
cKG,0.9,0,76,0.5,0.0,2.8075,0.7725000000000001,1,7.6792187499999995,4.871718749999999,0,0,0,0
cKG,0.9,0,77,0.25,0.5,4.9174999999999995,0.76609375,1,7.6792187499999995,2.76171875,0,0,0,0
cKG,0.9,0,78,0.0,0.0,1.38,-0.59,1,7.6792187499999995,6.29921875,0,0,0,0
cKG,0.9,0,79,0.0,0.25,1.9693749999999999,0.004374999999999976,1,7.6792187499999995,5.709843749999999,0,0,0,0
cKG,0.9,0,80,0.0,0.0,1.38,-0.59,1,7.6792187499999995,6.29921875,0,0,0,0
cKG,0.9,0,81,0.0,0.75,5.9643749999999995,1.369375,1,7.6792187499999995,1.71484375,0,0,0,1
cKG,0.9,0,82,0.5,0.25,3.9499999999999997,0.90609375,1,7.6792187499999995,3.72921875,0,0,0,0
cKG,0.9,0,83,0.75,0.0,3.0618749999999992,1.7893750000000002,0,7.6792187499999995,4.61734375,0,0,0,0
cKG,0.9,0,84,0.25,0.25,3.1067187499999993,0.3319921875,1,7.6792187499999995,4.5725,0,0,0,0
cKG,0.9,0,85,0.0,0.75,5.9643749999999995,1.369375,1,7.6792187499999995,1.71484375,0,0,0,1
cKG,0.9,0,86,0.25,0.25,3.1067187499999993,0.3319921875,1,7.6792187499999995,4.5725,0,0,0,0
cKG,0.9,0,87,0.0,0.25,1.9693749999999999,0.004374999999999976,1,7.6792187499999995,5.709843749999999,0,0,0,0
cKG,0.9,0,88,0.5,0.25,3.9499999999999997,0.90609375,1,7.6792187499999995,3.72921875,0,0,0,0
cKG,0.9,0,89,0.25,0.5,4.9174999999999995,0.76609375,1,7.6792187499999995,2.76171875,0,0,0,0
cKG,0.9,0,90,0.0,0.25,1.9693749999999999,0.004374999999999976,1,7.6792187499999995,5.709843749999999,0,0,0,0
cKG,0.9,0,91,0.0,0.75,5.9643749999999995,1.369375,1,7.6792187499999995,1.71484375,0,0,0,1
cKG,0.9,0,92,0.25,0.0,2.2468749999999997,-0.02062499999999995,1,7.6792187499999995,5.432343749999999,0,0,0,0
cKG,0.9,0,93,0.25,0.25,3.1067187499999993,0.3319921875,1,7.6792187499999995,4.5725,0,0,0,0
cKG,0.9,0,94,0.5,0.0,2.8075,0.7725000000000001,1,7.6792187499999995,4.871718749999999,0,0,0,0
cKG,0.9,0,95,0.0,0.5,3.4974999999999996,0.6575,1,7.6792187499999995,4.18171875,0,0,0,0
cKG,0.9,0,96,0.0,0.0,1.38,-0.59,1,7.6792187499999995,6.29921875,0,0,0,0
cKG,0.9,0,97,0.5,0.5,6.08,1.189375,1,7.6792187499999995,1.5992187499999995,0,0,0,1
cKG,0.9,0,98,0.5,0.0,2.8075,0.7725000000000001,1,7.6792187499999995,4.871718749999999,0,0,0,0
cKG,0.9,0,99,0.25,0.5,4.9174999999999995,0.76609375,1,7.6792187499999995,2.76171875,0,0,0,0
cKG,0.9,0,100,0.0,0.25,1.9693749999999999,0.004374999999999976,1,7.6792187499999995,5.709843749999999,0,0,0,0
cKG,0.9,0,101,0.0,0.0,1.38,-0.59,1,7.6792187499999995,6.29921875,0,0,0,0
cKG,0.9,0,102,0.0,0.75,5.9643749999999995,1.369375,1,7.6792187499999995,1.71484375,0,0,0,1
cKG,0.9,0,103,0.0,0.75,5.9643749999999995,1.369375,1,7.6792187499999995,1.71484375,0,0,0,1
cKG,0.9,0,104,0.25,0.0,2.2468749999999997,-0.02062499999999995,1,7.6792187499999995,5.432343749999999,0,0,0,0
cKG,0.9,0,105,0.5,0.5,6.08,1.189375,1,7.6792187499999995,1.5992187499999995,0,0,0,1
cKG,0.9,0,106,0.25,0.0,2.2468749999999997,-0.02062499999999995,1,7.6792187499999995,5.432343749999999,0,0,0,0
cKG,0.9,0,107,0.0,0.0,1.38,-0.59,1,7.6792187499999995,6.29921875,0,0,0,0
cKG,0.9,0,108,0.25,0.25,3.1067187499999993,0.3319921875,1,7.6792187499999995,4.5725,0,0,0,0
cKG,0.9,0,109,0.0,0.5,3.4974999999999996,0.6575,1,7.6792187499999995,4.18171875,0,0,0,0
cKG,0.9,0,110,0.25,0.5,4.9174999999999995,0.76609375,1,7.6792187499999995,2.76171875,0,0,0,0
cKG,0.9,0,111,0.0,0.25,1.9693749999999999,0.004374999999999976,1,7.6792187499999995,5.709843749999999,0,0,0,0
cKG,0.9,0,112,1.0,0.0,3.01,3.0300000000000002,0,7.6792187499999995,4.66921875,0,0,0,0
cKG,0.9,0,113,0.0,0.25,1.9693749999999999,0.004374999999999976,1,7.6792187499999995,5.709843749999999,0,0,0,0
cKG,0.9,0,114,0.5,0.75,9.1975,1.6223437500000002,0,7.6792187499999995,-1.5182812500000002,0,0,0,0
cKG,0.9,0,115,0.25,0.5,4.9174999999999995,0.76609375,1,7.6792187499999995,2.76171875,0,0,0,0
cKG,0.9,0,116,0.0,1.0,9.37,2.1399999999999997,0,7.6792187499999995,-1.6907812499999997,0,0,0,0
cKG,0.9,0,117,0.25,0.5,4.9174999999999995,0.76609375,1,7.6792187499999995,2.76171875,0,0,0,0
cKG,0.9,0,118,0.25,0.5,4.9174999999999995,0.76609375,1,7.6792187499999995,2.76171875,0,0,0,0
cKG,0.9,0,119,0.0,0.0,1.38,-0.59,1,7.6792187499999995,6.29921875,0,0,0,0
cKG,0.9,0,120,0.25,0.75,7.6792187499999995,1.2816796875,1,7.6792187499999995,0.0,1,1,1,1
cKG,0.9,0,121,0.25,0.5,4.9174999999999995,0.76609375,1,7.6792187499999995,2.76171875,0,0,0,0
cKG,0.9,0,122,0.0,0.0,1.38,-0.59,1,7.6792187499999995,6.29921875,0,0,0,0
cKG,0.9,0,123,0.5,0.0,2.8075,0.7725000000000001,1,7.6792187499999995,4.871718749999999,0,0,0,0
cKG,0.9,0,124,0.0,0.75,5.9643749999999995,1.369375,1,7.6792187499999995,1.71484375,0,0,0,1
cKG,0.9,0,125,0.25,0.75,7.6792187499999995,1.2816796875,1,7.6792187499999995,0.0,1,1,1,1
cKG,0.9,0,126,0.0,0.0,1.38,-0.59,1,7.6792187499999995,6.29921875,0,0,0,0
cKG,0.9,0,127,0.0,0.25,1.9693749999999999,0.004374999999999976,1,7.6792187499999995,5.709843749999999,0,0,0,0
cKG,0.9,0,128,0.0,0.5,3.4974999999999996,0.6575,1,7.6792187499999995,4.18171875,0,0,0,0
cKG,0.9,0,129,0.0,0.0,1.38,-0.59,1,7.6792187499999995,6.29921875,0,0,0,0
cKG,0.9,0,130,0.5,0.5,6.08,1.189375,1,7.6792187499999995,1.5992187499999995,0,0,0,1
cKG,0.9,0,131,0.0,0.5,3.4974999999999996,0.6575,1,7.6792187499999995,4.18171875,0,0,0,0
cKG,0.9,0,132,0.5,1.0,13.302500000000002,2.205,0,7.6792187499999995,-5.6232812500000025,0,0,0,0
cKG,0.9,0,133,0.5,0.5,6.08,1.189375,1,7.6792187499999995,1.5992187499999995,0,0,0,1
cKG,0.9,0,134,0.25,1.0,11.391874999999999,1.87875,0,7.6792187499999995,-3.7126562499999993,0,0,0,0
cKG,0.9,0,135,0.0,0.25,1.9693749999999999,0.004374999999999976,1,7.6792187499999995,5.709843749999999,0,0,0,0
cKG,0.9,0,136,0.0,0.75,5.9643749999999995,1.369375,1,7.6792187499999995,1.71484375,0,0,0,1
cKG,0.9,0,137,0.25,0.5,4.9174999999999995,0.76609375,1,7.6792187499999995,2.76171875,0,0,0,0
cKG,0.9,0,138,0.0,0.5,3.4974999999999996,0.6575,1,7.6792187499999995,4.18171875,0,0,0,0
cKG,0.9,0,139,0.5,0.25,3.9499999999999997,0.90609375,1,7.6792187499999995,3.72921875,0,0,0,0
cKG,0.9,0,140,0.0,0.0,1.38,-0.59,1,7.6792187499999995,6.29921875,0,0,0,0
cKG,0.9,0,141,0.0,0.75,5.9643749999999995,1.369375,1,7.6792187499999995,1.71484375,0,0,0,1
cKG,0.9,0,142,0.0,0.5,3.4974999999999996,0.6575,1,7.6792187499999995,4.18171875,0,0,0,0
cKG,0.9,0,143,0.5,0.0,2.8075,0.7725000000000001,1,7.6792187499999995,4.871718749999999,0,0,0,0
cKG,0.9,0,144,0.25,0.0,2.2468749999999997,-0.02062499999999995,1,7.6792187499999995,5.432343749999999,0,0,0,0
cKG,0.9,0,145,0.5,0.25,3.9499999999999997,0.90609375,1,7.6792187499999995,3.72921875,0,0,0,0
cKG,0.9,0,146,0.5,0.25,3.9499999999999997,0.90609375,1,7.6792187499999995,3.72921875,0,0,0,0
cKG,0.9,0,147,0.0,0.0,1.38,-0.59,1,7.6792187499999995,6.29921875,0,0,0,0
cKG,0.9,0,148,0.25,0.5,4.9174999999999995,0.76609375,1,7.6792187499999995,2.76171875,0,0,0,0
cKG,0.9,0,149,0.25,0.25,3.1067187499999993,0.3319921875,1,7.6792187499999995,4.5725,0,0,0,0
cKG,0.9,0,150,0.5,0.25,3.9499999999999997,0.90609375,1,7.6792187499999995,3.72921875,0,0,0,0
cKG,0.9,0,151,0.25,0.25,3.1067187499999993,0.3319921875,1,7.6792187499999995,4.5725,0,0,0,0
cKG,0.9,0,152,0.0,0.25,1.9693749999999999,0.004374999999999976,1,7.6792187499999995,5.709843749999999,0,0,0,0
cKG,0.9,0,153,0.0,0.25,1.9693749999999999,0.004374999999999976,1,7.6792187499999995,5.709843749999999,0,0,0,0
cKG,0.9,0,154,0.5,0.5,6.08,1.189375,1,7.6792187499999995,1.5992187499999995,0,0,0,1
cKG,0.9,0,155,0.25,0.5,4.9174999999999995,0.76609375,1,7.6792187499999995,2.76171875,0,0,0,0
cKG,0.9,0,156,0.0,0.0,1.38,-0.59,1,7.6792187499999995,6.29921875,0,0,0,0
cKG,0.9,0,157,0.25,0.0,2.2468749999999997,-0.02062499999999995,1,7.6792187499999995,5.432343749999999,0,0,0,0
cKG,0.9,0,158,0.25,0.75,7.6792187499999995,1.2816796875,1,7.6792187499999995,0.0,1,1,1,1
cKG,0.9,0,159,0.5,1.0,13.302500000000002,2.205,0,7.6792187499999995,-5.6232812500000025,0,0,0,0
cKG,0.9,0,160,0.25,0.25,3.1067187499999993,0.3319921875,1,7.6792187499999995,4.5725,0,0,0,0
cKG,0.9,0,161,0.0,0.25,1.9693749999999999,0.004374999999999976,1,7.6792187499999995,5.709843749999999,0,0,0,0
cKG,0.9,0,162,0.0,0.25,1.9693749999999999,0.004374999999999976,1,7.6792187499999995,5.709843749999999,0,0,0,0
cKG,0.9,0,163,0.25,0.5,4.9174999999999995,0.76609375,1,7.6792187499999995,2.76171875,0,0,0,0
cKG,0.9,0,164,0.5,0.0,2.8075,0.7725000000000001,1,7.6792187499999995,4.871718749999999,0,0,0,0
cKG,0.9,0,165,0.0,0.25,1.9693749999999999,0.004374999999999976,1,7.6792187499999995,5.709843749999999,0,0,0,0
cKG,0.9,0,166,0.0,0.0,1.38,-0.59,1,7.6792187499999995,6.29921875,0,0,0,0
cKG,0.9,0,167,0.5,0.25,3.9499999999999997,0.90609375,1,7.6792187499999995,3.72921875,0,0,0,0
cKG,0.9,0,168,0.25,0.75,7.6792187499999995,1.2816796875,1,7.6792187499999995,0.0,1,1,1,1
cKG,0.9,0,169,0.25,0.25,3.1067187499999993,0.3319921875,1,7.6792187499999995,4.5725,0,0,0,0
cKG,0.9,0,170,0.5,0.0,2.8075,0.7725000000000001,1,7.6792187499999995,4.871718749999999,0,0,0,0
cKG,0.9,0,171,0.5,0.0,2.8075,0.7725000000000001,1,7.6792187499999995,4.871718749999999,0,0,0,0
cKG,0.9,0,172,0.5,0.5,6.08,1.189375,1,7.6792187499999995,1.5992187499999995,0,0,0,1
cKG,0.9,0,173,0.0,0.5,3.4974999999999996,0.6575,1,7.6792187499999995,4.18171875,0,0,0,0
cKG,0.9,0,174,0.0,0.25,1.9693749999999999,0.004374999999999976,1,7.6792187499999995,5.709843749999999,0,0,0,0
cKG,0.9,0,175,0.25,0.5,4.9174999999999995,0.76609375,1,7.6792187499999995,2.76171875,0,0,0,0
cKG,0.9,0,176,0.5,0.5,6.08,1.189375,1,7.6792187499999995,1.5992187499999995,0,0,0,1
cKG,0.9,0,177,0.0,0.25,1.9693749999999999,0.004374999999999976,1,7.6792187499999995,5.709843749999999,0,0,0,0
cKG,0.9,0,178,0.25,0.5,4.9174999999999995,0.76609375,1,7.6792187499999995,2.76171875,0,0,0,0
cKG,0.9,0,179,0.0,0.0,1.38,-0.59,1,7.6792187499999995,6.29921875,0,0,0,0
cKG,0.9,0,180,0.5,0.25,3.9499999999999997,0.90609375,1,7.6792187499999995,3.72921875,0,0,0,0
cKG,0.9,0,181,0.25,0.5,4.9174999999999995,0.76609375,1,7.6792187499999995,2.76171875,0,0,0,0
cKG,0.9,0,182,0.25,0.25,3.1067187499999993,0.3319921875,1,7.6792187499999995,4.5725,0,0,0,0
cKG,0.9,0,183,0.0,0.0,1.38,-0.59,1,7.6792187499999995,6.29921875,0,0,0,0
cKG,0.9,0,184,0.5,0.25,3.9499999999999997,0.90609375,1,7.6792187499999995,3.72921875,0,0,0,0
cKG,0.9,0,185,0.5,0.0,2.8075,0.7725000000000001,1,7.6792187499999995,4.871718749999999,0,0,0,0
cKG,0.9,0,186,0.25,0.0,2.2468749999999997,-0.02062499999999995,1,7.6792187499999995,5.432343749999999,0,0,0,0
cKG,0.9,0,187,0.0,0.5,3.4974999999999996,0.6575,1,7.6792187499999995,4.18171875,0,0,0,0
cKG,0.9,0,188,0.5,0.0,2.8075,0.7725000000000001,1,7.6792187499999995,4.871718749999999,0,0,0,0
cKG,0.9,0,189,0.0,0.5,3.4974999999999996,0.6575,1,7.6792187499999995,4.18171875,0,0,0,0
cKG,0.9,0,190,0.25,0.0,2.2468749999999997,-0.02062499999999995,1,7.6792187499999995,5.432343749999999,0,0,0,0
cKG,0.9,0,191,0.5,0.5,6.08,1.189375,1,7.6792187499999995,1.5992187499999995,0,0,0,1
cKG,0.9,0,192,0.5,0.5,6.08,1.189375,1,7.6792187499999995,1.5992187499999995,0,0,0,1
cKG,0.9,0,193,0.25,0.25,3.1067187499999993,0.3319921875,1,7.6792187499999995,4.5725,0,0,0,0
cKG,0.9,0,194,0.0,0.5,3.4974999999999996,0.6575,1,7.6792187499999995,4.18171875,0,0,0,0
cKG,0.9,0,195,0.25,0.25,3.1067187499999993,0.3319921875,1,7.6792187499999995,4.5725,0,0,0,0
cKG,0.9,0,196,0.25,0.25,3.1067187499999993,0.3319921875,1,7.6792187499999995,4.5725,0,0,0,0
cKG,0.9,0,197,0.5,0.0,2.8075,0.7725000000000001,1,7.6792187499999995,4.871718749999999,0,0,0,0
cKG,0.9,0,198,0.0,0.0,1.38,-0.59,1,7.6792187499999995,6.29921875,0,0,0,0
cKG,0.9,0,199,0.25,0.0,2.2468749999999997,-0.02062499999999995,1,7.6792187499999995,5.432343749999999,0,0,0,0
cKG,0.9,1,0,0.25,0.25,4.2388671874999995,0.3319921875,1,13.205468749999998,8.9666015625,0,0,0,0
cKG,0.9,1,1,0.25,0.75,9.212304687500001,1.2816796875,1,13.205468749999998,3.9931640624999964,0,0,0,0
cKG,0.9,1,2,0.5,0.25,6.536718749999999,0.90609375,1,13.205468749999998,6.668749999999999,0,0,0,0
cKG,0.9,1,3,0.75,0.0,2.814374999999999,1.7893750000000002,1,13.205468749999998,10.39109375,0,0,0,0
cKG,0.9,1,4,0.25,0.75,9.212304687500001,1.2816796875,1,13.205468749999998,3.9931640624999964,0,0,0,0
cKG,0.9,1,5,0.25,1.0,11.206249999999999,1.87875,1,13.205468749999998,1.999218749999999,0,0,0,1
cKG,0.9,1,6,0.5,0.25,6.536718749999999,0.90609375,1,13.205468749999998,6.668749999999999,0,0,0,0
cKG,0.9,1,7,0.75,1.0,18.966250000000002,3.1187500000000004,0,13.205468749999998,-5.760781250000004,0,0,0,0
cKG,0.9,1,8,0.0,0.0,-1.05,-0.59,1,13.205468749999998,14.255468749999999,0,0,0,0
cKG,0.9,1,9,0.25,0.75,9.212304687500001,1.2816796875,1,13.205468749999998,3.9931640624999964,0,0,0,0
cKG,0.9,1,10,0.5,1.0,15.885000000000002,2.205,0,13.205468749999998,-2.6795312500000037,0,0,0,0
cKG,0.9,1,11,0.0,1.0,4.930000000000001,2.1399999999999997,0,13.205468749999998,8.275468749999998,0,0,0,0
cKG,0.9,1,12,0.25,0.75,9.212304687500001,1.2816796875,1,13.205468749999998,3.9931640624999964,0,0,0,0
cKG,0.9,1,13,0.0,0.0,-1.05,-0.59,1,13.205468749999998,14.255468749999999,0,0,0,0
cKG,0.9,1,14,0.25,0.5,6.889843749999999,0.76609375,1,13.205468749999998,6.315624999999999,0,0,0,0
cKG,0.9,1,15,0.5,0.75,13.205468749999998,1.6223437500000002,1,13.205468749999998,0.0,1,1,1,1
cKG,0.9,1,16,0.5,0.0,2.5475,0.7725000000000001,1,13.205468749999998,10.657968749999998,0,0,0,0
cKG,0.9,1,17,0.25,0.75,9.212304687500001,1.2816796875,1,13.205468749999998,3.9931640624999964,0,0,0,0
cKG,0.9,1,18,0.25,0.75,9.212304687500001,1.2816796875,1,13.205468749999998,3.9931640624999964,0,0,0,0
cKG,0.9,1,19,0.25,0.75,9.212304687500001,1.2816796875,1,13.205468749999998,3.9931640624999964,0,0,0,0
cKG,0.9,1,20,0.25,0.5,6.889843749999999,0.76609375,1,13.205468749999998,6.315624999999999,0,0,0,0
cKG,0.9,1,21,0.0,0.0,-1.05,-0.59,1,13.205468749999998,14.255468749999999,0,0,0,0
cKG,0.9,1,22,0.5,0.25,6.536718749999999,0.90609375,1,13.205468749999998,6.668749999999999,0,0,0,0
cKG,0.9,1,23,0.5,0.0,2.5475,0.7725000000000001,1,13.205468749999998,10.657968749999998,0,0,0,0
cKG,0.9,1,24,0.25,1.0,11.206249999999999,1.87875,1,13.205468749999998,1.999218749999999,0,0,0,1
cKG,0.9,1,25,0.25,0.25,4.2388671874999995,0.3319921875,1,13.205468749999998,8.9666015625,0,0,0,0
cKG,0.9,1,26,0.5,0.5,10.089374999999997,1.189375,1,13.205468749999998,3.116093750000001,0,0,0,0
cKG,0.9,1,27,0.5,0.5,10.089374999999997,1.189375,1,13.205468749999998,3.116093750000001,0,0,0,0
cKG,0.9,1,28,0.0,1.0,4.930000000000001,2.1399999999999997,0,13.205468749999998,8.275468749999998,0,0,0,0
cKG,0.9,1,29,0.25,0.5,6.889843749999999,0.76609375,1,13.205468749999998,6.315624999999999,0,0,0,0
cKG,0.9,1,30,0.5,0.5,10.089374999999997,1.189375,1,13.205468749999998,3.116093750000001,0,0,0,0
cKG,0.9,1,31,0.25,0.75,9.212304687500001,1.2816796875,1,13.205468749999998,3.9931640624999964,0,0,0,0
cKG,0.9,1,32,0.75,0.0,2.814374999999999,1.7893750000000002,1,13.205468749999998,10.39109375,0,0,0,0
cKG,0.9,1,33,0.5,0.5,10.089374999999997,1.189375,1,13.205468749999998,3.116093750000001,0,0,0,0
cKG,0.9,1,34,0.0,0.5,2.5250000000000004,0.6575,1,13.205468749999998,10.680468749999998,0,0,0,0
cKG,0.9,1,35,0.25,0.25,4.2388671874999995,0.3319921875,1,13.205468749999998,8.9666015625,0,0,0,0
cKG,0.9,1,36,0.5,0.75,13.205468749999998,1.6223437500000002,1,13.205468749999998,0.0,1,1,1,1
cKG,0.9,1,37,0.25,1.0,11.206249999999999,1.87875,1,13.205468749999998,1.999218749999999,0,0,0,1
cKG,0.9,1,38,0.0,0.75,3.8737500000000002,1.369375,1,13.205468749999998,9.331718749999997,0,0,0,0
cKG,0.9,1,39,0.75,0.0,2.814374999999999,1.7893750000000002,1,13.205468749999998,10.39109375,0,0,0,0
cKG,0.9,1,40,0.5,0.0,2.5475,0.7725000000000001,1,13.205468749999998,10.657968749999998,0,0,0,0
cKG,0.9,1,41,0.25,0.75,9.212304687500001,1.2816796875,1,13.205468749999998,3.9931640624999964,0,0,0,0
cKG,0.9,1,42,0.25,0.5,6.889843749999999,0.76609375,1,13.205468749999998,6.315624999999999,0,0,0,0
cKG,0.9,1,43,0.75,0.0,2.814374999999999,1.7893750000000002,1,13.205468749999998,10.39109375,0,0,0,0
cKG,0.9,1,44,0.25,0.75,9.212304687500001,1.2816796875,1,13.205468749999998,3.9931640624999964,0,0,0,0
cKG,0.9,1,45,0.25,0.5,6.889843749999999,0.76609375,1,13.205468749999998,6.315624999999999,0,0,0,0
cKG,0.9,1,46,0.75,0.25,7.777304687499998,1.7266796875000003,1,13.205468749999998,5.4281640625,0,0,0,0
cKG,0.9,1,47,0.5,0.5,10.089374999999997,1.189375,1,13.205468749999998,3.116093750000001,0,0,0,0
cKG,0.9,1,48,0.5,0.5,10.089374999999997,1.189375,1,13.205468749999998,3.116093750000001,0,0,0,0
cKG,0.9,1,49,0.0,0.75,3.8737500000000002,1.369375,1,13.205468749999998,9.331718749999997,0,0,0,0
cKG,0.9,1,50,0.0,0.75,3.8737500000000002,1.369375,1,13.205468749999998,9.331718749999997,0,0,0,0
cKG,0.9,1,51,0.25,0.75,9.212304687500001,1.2816796875,1,13.205468749999998,3.9931640624999964,0,0,0,0
cKG,0.9,1,52,0.5,0.25,6.536718749999999,0.90609375,1,13.205468749999998,6.668749999999999,0,0,0,0
cKG,0.9,1,53,0.0,0.75,3.8737500000000002,1.369375,1,13.205468749999998,9.331718749999997,0,0,0,0
cKG,0.9,1,54,0.0,0.0,-1.05,-0.59,1,13.205468749999998,14.255468749999999,0,0,0,0
cKG,0.9,1,55,0.0,0.0,-1.05,-0.59,1,13.205468749999998,14.255468749999999,0,0,0,0
cKG,0.9,1,56,0.25,0.0,1.259375,-0.02062499999999995,1,13.205468749999998,11.946093749999998,0,0,0,0
cKG,0.9,1,57,0.25,0.5,6.889843749999999,0.76609375,1,13.205468749999998,6.315624999999999,0,0,0,0
cKG,0.9,1,58,0.25,1.0,11.206249999999999,1.87875,1,13.205468749999998,1.999218749999999,0,0,0,1
cKG,0.9,1,59,0.25,0.25,4.2388671874999995,0.3319921875,1,13.205468749999998,8.9666015625,0,0,0,0
cKG,0.9,1,60,0.75,0.25,7.777304687499998,1.7266796875000003,1,13.205468749999998,5.4281640625,0,0,0,0
cKG,0.9,1,61,0.0,0.75,3.8737500000000002,1.369375,1,13.205468749999998,9.331718749999997,0,0,0,0
cKG,0.9,1,62,0.5,0.5,10.089374999999997,1.189375,1,13.205468749999998,3.116093750000001,0,0,0,0
cKG,0.9,1,63,0.75,0.0,2.814374999999999,1.7893750000000002,1,13.205468749999998,10.39109375,0,0,0,0
cKG,0.9,1,64,0.5,0.0,2.5475,0.7725000000000001,1,13.205468749999998,10.657968749999998,0,0,0,0
cKG,0.9,1,65,0.0,0.75,3.8737500000000002,1.369375,1,13.205468749999998,9.331718749999997,0,0,0,0
cKG,0.9,1,66,0.25,0.75,9.212304687500001,1.2816796875,1,13.205468749999998,3.9931640624999964,0,0,0,0
cKG,0.9,1,67,0.5,0.75,13.205468749999998,1.6223437500000002,1,13.205468749999998,0.0,1,1,1,1
cKG,0.9,1,68,0.5,0.25,6.536718749999999,0.90609375,1,13.205468749999998,6.668749999999999,0,0,0,0
cKG,0.9,1,69,0.25,0.75,9.212304687500001,1.2816796875,1,13.205468749999998,3.9931640624999964,0,0,0,0
cKG,0.9,1,70,0.0,0.75,3.8737500000000002,1.369375,1,13.205468749999998,9.331718749999997,0,0,0,0
cKG,0.9,1,71,0.5,0.25,6.536718749999999,0.90609375,1,13.205468749999998,6.668749999999999,0,0,0,0
cKG,0.9,1,72,0.25,0.0,1.259375,-0.02062499999999995,1,13.205468749999998,11.946093749999998,0,0,0,0
cKG,0.9,1,73,0.5,0.0,2.5475,0.7725000000000001,1,13.205468749999998,10.657968749999998,0,0,0,0
cKG,0.9,1,74,0.0,0.75,3.8737500000000002,1.369375,1,13.205468749999998,9.331718749999997,0,0,0,0
cKG,0.9,1,75,0.5,0.5,10.089374999999997,1.189375,1,13.205468749999998,3.116093750000001,0,0,0,0
cKG,0.9,1,76,0.25,0.0,1.259375,-0.02062499999999995,1,13.205468749999998,11.946093749999998,0,0,0,0
cKG,0.9,1,77,0.25,0.5,6.889843749999999,0.76609375,1,13.205468749999998,6.315624999999999,0,0,0,0
cKG,0.9,1,78,0.0,0.0,-1.05,-0.59,1,13.205468749999998,14.255468749999999,0,0,0,0
cKG,0.9,1,79,0.25,0.0,1.259375,-0.02062499999999995,1,13.205468749999998,11.946093749999998,0,0,0,0
cKG,0.9,1,80,0.5,0.25,6.536718749999999,0.90609375,1,13.205468749999998,6.668749999999999,0,0,0,0
cKG,0.9,1,81,0.25,0.25,4.2388671874999995,0.3319921875,1,13.205468749999998,8.9666015625,0,0,0,0
cKG,0.9,1,82,0.0,0.0,-1.05,-0.59,1,13.205468749999998,14.255468749999999,0,0,0,0
cKG,0.9,1,83,0.5,0.5,10.089374999999997,1.189375,1,13.205468749999998,3.116093750000001,0,0,0,0
cKG,0.9,1,84,0.5,0.25,6.536718749999999,0.90609375,1,13.205468749999998,6.668749999999999,0,0,0,0
cKG,0.9,1,85,0.5,0.0,2.5475,0.7725000000000001,1,13.205468749999998,10.657968749999998,0,0,0,0
cKG,0.9,1,86,0.25,1.0,11.206249999999999,1.87875,1,13.205468749999998,1.999218749999999,0,0,0,1
cKG,0.9,1,87,0.5,0.5,10.089374999999997,1.189375,1,13.205468749999998,3.116093750000001,0,0,0,0
cKG,0.9,1,88,0.5,0.5,10.089374999999997,1.189375,1,13.205468749999998,3.116093750000001,0,0,0,0
cKG,0.9,1,89,0.25,0.75,9.212304687500001,1.2816796875,1,13.205468749999998,3.9931640624999964,0,0,0,0
cKG,0.9,1,90,0.0,1.0,4.930000000000001,2.1399999999999997,0,13.205468749999998,8.275468749999998,0,0,0,0
cKG,0.9,1,91,0.25,0.5,6.889843749999999,0.76609375,1,13.205468749999998,6.315624999999999,0,0,0,0
cKG,0.9,1,92,0.25,0.75,9.212304687500001,1.2816796875,1,13.205468749999998,3.9931640624999964,0,0,0,0
cKG,0.9,1,93,0.25,0.25,4.2388671874999995,0.3319921875,1,13.205468749999998,8.9666015625,0,0,0,0
cKG,0.9,1,94,0.25,0.75,9.212304687500001,1.2816796875,1,13.205468749999998,3.9931640624999964,0,0,0,0
cKG,0.9,1,95,0.5,0.0,2.5475,0.7725000000000001,1,13.205468749999998,10.657968749999998,0,0,0,0
cKG,0.9,1,96,0.0,0.75,3.8737500000000002,1.369375,1,13.205468749999998,9.331718749999997,0,0,0,0
cKG,0.9,1,97,0.25,0.75,9.212304687500001,1.2816796875,1,13.205468749999998,3.9931640624999964,0,0,0,0
cKG,0.9,1,98,0.5,0.25,6.536718749999999,0.90609375,1,13.205468749999998,6.668749999999999,0,0,0,0
cKG,0.9,1,99,0.0,0.25,0.88375,0.004374999999999976,1,13.205468749999998,12.321718749999999,0,0,0,0
cKG,0.9,1,100,0.75,0.25,7.777304687499998,1.7266796875000003,1,13.205468749999998,5.4281640625,0,0,0,0
cKG,0.9,1,101,0.25,0.0,1.259375,-0.02062499999999995,1,13.205468749999998,11.946093749999998,0,0,0,0
cKG,0.9,1,102,0.0,1.0,4.930000000000001,2.1399999999999997,0,13.205468749999998,8.275468749999998,0,0,0,0
cKG,0.9,1,103,0.5,0.5,10.089374999999997,1.189375,1,13.205468749999998,3.116093750000001,0,0,0,0
cKG,0.9,1,104,0.25,0.75,9.212304687500001,1.2816796875,1,13.205468749999998,3.9931640624999964,0,0,0,0
cKG,0.9,1,105,0.0,1.0,4.930000000000001,2.1399999999999997,0,13.205468749999998,8.275468749999998,0,0,0,0
cKG,0.9,1,106,0.25,0.5,6.889843749999999,0.76609375,1,13.205468749999998,6.315624999999999,0,0,0,0
cKG,0.9,1,107,0.0,0.0,-1.05,-0.59,1,13.205468749999998,14.255468749999999,0,0,0,0
cKG,0.9,1,108,0.25,0.5,6.889843749999999,0.76609375,1,13.205468749999998,6.315624999999999,0,0,0,0
cKG,0.9,1,109,0.25,0.5,6.889843749999999,0.76609375,1,13.205468749999998,6.315624999999999,0,0,0,0
cKG,0.9,1,110,0.25,0.5,6.889843749999999,0.76609375,1,13.205468749999998,6.315624999999999,0,0,0,0
cKG,0.9,1,111,0.5,0.25,6.536718749999999,0.90609375,1,13.205468749999998,6.668749999999999,0,0,0,0
cKG,0.9,1,112,0.5,0.75,13.205468749999998,1.6223437500000002,1,13.205468749999998,0.0,1,1,1,1
cKG,0.9,1,113,0.75,0.25,7.777304687499998,1.7266796875000003,1,13.205468749999998,5.4281640625,0,0,0,0
cKG,0.9,1,114,0.5,0.75,13.205468749999998,1.6223437500000002,1,13.205468749999998,0.0,1,1,1,1
cKG,0.9,1,115,0.5,0.5,10.089374999999997,1.189375,1,13.205468749999998,3.116093750000001,0,0,0,0
cKG,0.9,1,116,0.5,0.75,13.205468749999998,1.6223437500000002,1,13.205468749999998,0.0,1,1,1,1
cKG,0.9,1,117,0.5,0.25,6.536718749999999,0.90609375,1,13.205468749999998,6.668749999999999,0,0,0,0
cKG,0.9,1,118,0.0,0.5,2.5250000000000004,0.6575,1,13.205468749999998,10.680468749999998,0,0,0,0
cKG,0.9,1,119,0.75,0.5,12.123593750000001,1.9273437500000001,1,13.205468749999998,1.0818749999999966,0,0,0,1
cKG,0.9,1,120,0.25,0.75,9.212304687500001,1.2816796875,1,13.205468749999998,3.9931640624999964,0,0,0,0
cKG,0.9,1,121,0.25,0.75,9.212304687500001,1.2816796875,1,13.205468749999998,3.9931640624999964,0,0,0,0
cKG,0.9,1,122,0.0,0.0,-1.05,-0.59,1,13.205468749999998,14.255468749999999,0,0,0,0
cKG,0.9,1,123,0.25,0.25,4.2388671874999995,0.3319921875,1,13.205468749999998,8.9666015625,0,0,0,0
cKG,0.9,1,124,0.5,0.0,2.5475,0.7725000000000001,1,13.205468749999998,10.657968749999998,0,0,0,0
cKG,0.9,1,125,0.25,0.75,9.212304687500001,1.2816796875,1,13.205468749999998,3.9931640624999964,0,0,0,0
cKG,0.9,1,126,0.75,0.25,7.777304687499998,1.7266796875000003,1,13.205468749999998,5.4281640625,0,0,0,0
cKG,0.9,1,127,0.25,0.5,6.889843749999999,0.76609375,1,13.205468749999998,6.315624999999999,0,0,0,0
cKG,0.9,1,128,0.25,1.0,11.206249999999999,1.87875,1,13.205468749999998,1.999218749999999,0,0,0,1
cKG,0.9,1,129,0.0,0.5,2.5250000000000004,0.6575,1,13.205468749999998,10.680468749999998,0,0,0,0
cKG,0.9,1,130,0.25,0.75,9.212304687500001,1.2816796875,1,13.205468749999998,3.9931640624999964,0,0,0,0
cKG,0.9,1,131,0.25,0.25,4.2388671874999995,0.3319921875,1,13.205468749999998,8.9666015625,0,0,0,0
cKG,0.9,1,132,0.25,0.75,9.212304687500001,1.2816796875,1,13.205468749999998,3.9931640624999964,0,0,0,0
cKG,0.9,1,133,0.5,0.5,10.089374999999997,1.189375,1,13.205468749999998,3.116093750000001,0,0,0,0
cKG,0.9,1,134,0.25,0.75,9.212304687500001,1.2816796875,1,13.205468749999998,3.9931640624999964,0,0,0,0
cKG,0.9,1,135,0.25,0.75,9.212304687500001,1.2816796875,1,13.205468749999998,3.9931640624999964,0,0,0,0
cKG,0.9,1,136,0.5,0.0,2.5475,0.7725000000000001,1,13.205468749999998,10.657968749999998,0,0,0,0
cKG,0.9,1,137,0.75,0.25,7.777304687499998,1.7266796875000003,1,13.205468749999998,5.4281640625,0,0,0,0
cKG,0.9,1,138,0.5,0.75,13.205468749999998,1.6223437500000002,1,13.205468749999998,0.0,1,1,1,1
cKG,0.9,1,139,0.75,0.25,7.777304687499998,1.7266796875000003,1,13.205468749999998,5.4281640625,0,0,0,0
cKG,0.9,1,140,0.75,0.25,7.777304687499998,1.7266796875000003,1,13.205468749999998,5.4281640625,0,0,0,0
cKG,0.9,1,141,0.0,0.5,2.5250000000000004,0.6575,1,13.205468749999998,10.680468749999998,0,0,0,0
cKG,0.9,1,142,0.5,0.5,10.089374999999997,1.189375,1,13.205468749999998,3.116093750000001,0,0,0,0
cKG,0.9,1,143,0.25,0.25,4.2388671874999995,0.3319921875,1,13.205468749999998,8.9666015625,0,0,0,0
cKG,0.9,1,144,1.0,0.25,7.960624999999998,2.79375,0,13.205468749999998,5.24484375,0,0,0,0
cKG,0.9,1,145,0.5,0.25,6.536718749999999,0.90609375,1,13.205468749999998,6.668749999999999,0,0,0,0
cKG,0.9,1,146,0.25,0.75,9.212304687500001,1.2816796875,1,13.205468749999998,3.9931640624999964,0,0,0,0
cKG,0.9,1,147,0.5,0.5,10.089374999999997,1.189375,1,13.205468749999998,3.116093750000001,0,0,0,0
cKG,0.9,1,148,0.25,0.0,1.259375,-0.02062499999999995,1,13.205468749999998,11.946093749999998,0,0,0,0
cKG,0.9,1,149,0.5,0.25,6.536718749999999,0.90609375,1,13.205468749999998,6.668749999999999,0,0,0,0
cKG,0.9,1,150,0.5,0.5,10.089374999999997,1.189375,1,13.205468749999998,3.116093750000001,0,0,0,0
cKG,0.9,1,151,0.0,0.25,0.88375,0.004374999999999976,1,13.205468749999998,12.321718749999999,0,0,0,0
cKG,0.9,1,152,0.5,0.75,13.205468749999998,1.6223437500000002,1,13.205468749999998,0.0,1,1,1,1
cKG,0.9,1,153,0.75,0.25,7.777304687499998,1.7266796875000003,1,13.205468749999998,5.4281640625,0,0,0,0
cKG,0.9,1,154,0.5,0.5,10.089374999999997,1.189375,1,13.205468749999998,3.116093750000001,0,0,0,0
cKG,0.9,1,155,0.25,0.75,9.212304687500001,1.2816796875,1,13.205468749999998,3.9931640624999964,0,0,0,0
cKG,0.9,1,156,0.5,0.0,2.5475,0.7725000000000001,1,13.205468749999998,10.657968749999998,0,0,0,0
cKG,0.9,1,157,0.0,0.0,-1.05,-0.59,1,13.205468749999998,14.255468749999999,0,0,0,0
cKG,0.9,1,158,0.5,0.75,13.205468749999998,1.6223437500000002,1,13.205468749999998,0.0,1,1,1,1
cKG,0.9,1,159,0.5,1.0,15.885000000000002,2.205,0,13.205468749999998,-2.6795312500000037,0,0,0,0
cKG,0.9,1,160,0.25,0.5,6.889843749999999,0.76609375,1,13.205468749999998,6.315624999999999,0,0,0,0
cKG,0.9,1,161,0.25,0.5,6.889843749999999,0.76609375,1,13.205468749999998,6.315624999999999,0,0,0,0
cKG,0.9,1,162,0.0,0.75,3.8737500000000002,1.369375,1,13.205468749999998,9.331718749999997,0,0,0,0
cKG,0.9,1,163,0.0,1.0,4.930000000000001,2.1399999999999997,0,13.205468749999998,8.275468749999998,0,0,0,0
cKG,0.9,1,164,0.5,0.5,10.089374999999997,1.189375,1,13.205468749999998,3.116093750000001,0,0,0,0
cKG,0.9,1,165,0.25,0.75,9.212304687500001,1.2816796875,1,13.205468749999998,3.9931640624999964,0,0,0,0
cKG,0.9,1,166,0.0,1.0,4.930000000000001,2.1399999999999997,0,13.205468749999998,8.275468749999998,0,0,0,0
cKG,0.9,1,167,0.5,0.75,13.205468749999998,1.6223437500000002,1,13.205468749999998,0.0,1,1,1,1
cKG,0.9,1,168,0.5,0.5,10.089374999999997,1.189375,1,13.205468749999998,3.116093750000001,0,0,0,0
cKG,0.9,1,169,0.0,0.5,2.5250000000000004,0.6575,1,13.205468749999998,10.680468749999998,0,0,0,0
cKG,0.9,1,170,0.75,0.25,7.777304687499998,1.7266796875000003,1,13.205468749999998,5.4281640625,0,0,0,0
cKG,0.9,1,171,0.5,0.5,10.089374999999997,1.189375,1,13.205468749999998,3.116093750000001,0,0,0,0
cKG,0.9,1,172,0.25,0.75,9.212304687500001,1.2816796875,1,13.205468749999998,3.9931640624999964,0,0,0,0
cKG,0.9,1,173,0.25,0.5,6.889843749999999,0.76609375,1,13.205468749999998,6.315624999999999,0,0,0,0
cKG,0.9,1,174,0.25,1.0,11.206249999999999,1.87875,1,13.205468749999998,1.999218749999999,0,0,0,1
cKG,0.9,1,175,0.25,0.75,9.212304687500001,1.2816796875,1,13.205468749999998,3.9931640624999964,0,0,0,0
cKG,0.9,1,176,0.5,0.75,13.205468749999998,1.6223437500000002,1,13.205468749999998,0.0,1,1,1,1
cKG,0.9,1,177,0.0,0.25,0.88375,0.004374999999999976,1,13.205468749999998,12.321718749999999,0,0,0,0
cKG,0.9,1,178,0.25,0.75,9.212304687500001,1.2816796875,1,13.205468749999998,3.9931640624999964,0,0,0,0
cKG,0.9,1,179,0.25,0.75,9.212304687500001,1.2816796875,1,13.205468749999998,3.9931640624999964,0,0,0,0
cKG,0.9,1,180,0.5,0.0,2.5475,0.7725000000000001,1,13.205468749999998,10.657968749999998,0,0,0,0
cKG,0.9,1,181,0.25,0.5,6.889843749999999,0.76609375,1,13.205468749999998,6.315624999999999,0,0,0,0
cKG,0.9,1,182,0.25,1.0,11.206249999999999,1.87875,1,13.205468749999998,1.999218749999999,0,0,0,1
cKG,0.9,1,183,0.25,0.0,1.259375,-0.02062499999999995,1,13.205468749999998,11.946093749999998,0,0,0,0
cKG,0.9,1,184,0.0,0.75,3.8737500000000002,1.369375,1,13.205468749999998,9.331718749999997,0,0,0,0
cKG,0.9,1,185,0.75,0.25,7.777304687499998,1.7266796875000003,1,13.205468749999998,5.4281640625,0,0,0,0
cKG,0.9,1,186,0.5,0.25,6.536718749999999,0.90609375,1,13.205468749999998,6.668749999999999,0,0,0,0
cKG,0.9,1,187,0.5,0.5,10.089374999999997,1.189375,1,13.205468749999998,3.116093750000001,0,0,0,0
cKG,0.9,1,188,0.25,0.5,6.889843749999999,0.76609375,1,13.205468749999998,6.315624999999999,0,0,0,0
cKG,0.9,1,189,0.5,0.5,10.089374999999997,1.189375,1,13.205468749999998,3.116093750000001,0,0,0,0
cKG,0.9,1,190,0.5,0.0,2.5475,0.7725000000000001,1,13.205468749999998,10.657968749999998,0,0,0,0
cKG,0.9,1,191,0.5,0.75,13.205468749999998,1.6223437500000002,1,13.205468749999998,0.0,1,1,1,1
cKG,0.9,1,192,0.25,1.0,11.206249999999999,1.87875,1,13.205468749999998,1.999218749999999,0,0,0,1
cKG,0.9,1,193,0.5,0.25,6.536718749999999,0.90609375,1,13.205468749999998,6.668749999999999,0,0,0,0
cKG,0.9,1,194,0.5,0.75,13.205468749999998,1.6223437500000002,1,13.205468749999998,0.0,1,1,1,1
cKG,0.9,1,195,0.5,0.0,2.5475,0.7725000000000001,1,13.205468749999998,10.657968749999998,0,0,0,0
cKG,0.9,1,196,0.25,0.5,6.889843749999999,0.76609375,1,13.205468749999998,6.315624999999999,0,0,0,0
cKG,0.9,1,197,0.25,0.75,9.212304687500001,1.2816796875,1,13.205468749999998,3.9931640624999964,0,0,0,0
cKG,0.9,1,198,0.25,0.75,9.212304687500001,1.2816796875,1,13.205468749999998,3.9931640624999964,0,0,0,0
cKG,0.9,1,199,0.25,0.75,9.212304687500001,1.2816796875,1,13.205468749999998,3.9931640624999964,0,0,0,0
qBIG,0.5,0,0,0.25,0.5,4.9174999999999995,0.76609375,1,7.6792187499999995,2.76171875,0,0,0,0
qBIG,0.5,0,1,0.25,0.75,7.6792187499999995,1.2816796875,1,7.6792187499999995,0.0,1,1,1,1
qBIG,0.5,0,2,0.25,1.0,11.391874999999999,1.87875,0,7.6792187499999995,-3.7126562499999993,0,0,0,0
qBIG,0.5,0,3,0.5,0.5,6.08,1.189375,1,7.6792187499999995,1.5992187499999995,0,0,0,1
qBIG,0.5,0,4,0.25,0.75,7.6792187499999995,1.2816796875,1,7.6792187499999995,0.0,1,1,1,1
qBIG,0.5,0,5,0.75,0.75,10.51921875,2.3913671875,0,7.6792187499999995,-2.8400000000000007,0,0,0,0
qBIG,0.5,0,6,0.25,1.0,11.391874999999999,1.87875,0,7.6792187499999995,-3.7126562499999993,0,0,0,0
qBIG,0.5,0,7,0.5,0.5,6.08,1.189375,1,7.6792187499999995,1.5992187499999995,0,0,0,1
qBIG,0.5,0,8,0.0,0.75,5.9643749999999995,1.369375,1,7.6792187499999995,1.71484375,0,0,0,1
qBIG,0.5,0,9,0.25,0.75,7.6792187499999995,1.2816796875,1,7.6792187499999995,0.0,1,1,1,1
qBIG,0.5,0,10,0.5,1.0,13.302500000000002,2.205,0,7.6792187499999995,-5.6232812500000025,0,0,0,0
qBIG,0.5,0,11,0.75,0.5,6.985,1.9273437500000001,0,7.6792187499999995,0.6942187499999992,0,0,0,0
qBIG,0.5,0,12,0.25,0.75,7.6792187499999995,1.2816796875,1,7.6792187499999995,0.0,1,1,1,1
qBIG,0.5,0,13,0.25,0.5,4.9174999999999995,0.76609375,1,7.6792187499999995,2.76171875,0,0,0,0
qBIG,0.5,0,14,0.5,0.5,6.08,1.189375,1,7.6792187499999995,1.5992187499999995,0,0,0,1
qBIG,0.5,0,15,0.25,0.75,7.6792187499999995,1.2816796875,1,7.6792187499999995,0.0,1,1,1,1
qBIG,0.5,0,16,0.75,0.75,10.51921875,2.3913671875,0,7.6792187499999995,-2.8400000000000007,0,0,0,0
qBIG,0.5,0,17,0.0,1.0,9.37,2.1399999999999997,0,7.6792187499999995,-1.6907812499999997,0,0,0,0
qBIG,0.5,0,18,0.25,0.75,7.6792187499999995,1.2816796875,1,7.6792187499999995,0.0,1,1,1,1
qBIG,0.5,0,19,0.25,0.75,7.6792187499999995,1.2816796875,1,7.6792187499999995,0.0,1,1,1,1
qBIG,0.5,0,20,0.5,0.75,9.1975,1.6223437500000002,0,7.6792187499999995,-1.5182812500000002,0,0,0,0
qBIG,0.5,0,21,0.0,0.0,1.38,-0.59,1,7.6792187499999995,6.29921875,0,0,0,0
qBIG,0.5,0,22,0.25,0.5,4.9174999999999995,0.76609375,1,7.6792187499999995,2.76171875,0,0,0,0
qBIG,0.5,0,23,0.5,1.0,13.302500000000002,2.205,0,7.6792187499999995,-5.6232812500000025,0,0,0,0
qBIG,0.5,0,24,0.25,1.0,11.391874999999999,1.87875,0,7.6792187499999995,-3.7126562499999993,0,0,0,0
qBIG,0.5,0,25,0.0,0.25,1.9693749999999999,0.004374999999999976,1,7.6792187499999995,5.709843749999999,0,0,0,0
qBIG,0.5,0,26,0.5,0.25,3.9499999999999997,0.90609375,1,7.6792187499999995,3.72921875,0,0,0,0
qBIG,0.5,0,27,0.25,0.75,7.6792187499999995,1.2816796875,1,7.6792187499999995,0.0,1,1,1,1
qBIG,0.5,0,28,0.25,0.5,4.9174999999999995,0.76609375,1,7.6792187499999995,2.76171875,0,0,0,0
qBIG,0.5,0,29,0.5,0.25,3.9499999999999997,0.90609375,1,7.6792187499999995,3.72921875,0,0,0,0
qBIG,0.5,0,30,0.0,1.0,9.37,2.1399999999999997,0,7.6792187499999995,-1.6907812499999997,0,0,0,0
qBIG,0.5,0,31,0.0,0.5,3.4974999999999996,0.6575,1,7.6792187499999995,4.18171875,0,0,0,0
qBIG,0.5,0,32,0.25,0.5,4.9174999999999995,0.76609375,1,7.6792187499999995,2.76171875,0,0,0,0
qBIG,0.5,0,33,0.0,0.75,5.9643749999999995,1.369375,1,7.6792187499999995,1.71484375,0,0,0,1
qBIG,0.5,0,34,0.75,0.25,4.499218749999999,1.7266796875000003,0,7.6792187499999995,3.1800000000000006,0,0,0,0
qBIG,0.5,0,35,0.75,1.0,15.101875000000001,3.1187500000000004,0,7.6792187499999995,-7.422656250000002,0,0,0,0
qBIG,0.5,0,36,0.25,0.75,7.6792187499999995,1.2816796875,1,7.6792187499999995,0.0,1,1,1,1
qBIG,0.5,0,37,0.0,0.75,5.9643749999999995,1.369375,1,7.6792187499999995,1.71484375,0,0,0,1
qBIG,0.5,0,38,0.25,0.75,7.6792187499999995,1.2816796875,1,7.6792187499999995,0.0,1,1,1,1
qBIG,0.5,0,39,0.0,0.5,3.4974999999999996,0.6575,1,7.6792187499999995,4.18171875,0,0,0,0
qBIG,0.5,0,40,0.0,0.75,5.9643749999999995,1.369375,1,7.6792187499999995,1.71484375,0,0,0,1
qBIG,0.5,0,41,0.0,1.0,9.37,2.1399999999999997,0,7.6792187499999995,-1.6907812499999997,0,0,0,0
qBIG,0.5,0,42,0.5,0.5,6.08,1.189375,1,7.6792187499999995,1.5992187499999995,0,0,0,1
qBIG,0.5,0,43,0.5,0.5,6.08,1.189375,1,7.6792187499999995,1.5992187499999995,0,0,0,1
qBIG,0.5,0,44,0.5,1.0,13.302500000000002,2.205,0,7.6792187499999995,-5.6232812500000025,0,0,0,0
qBIG,0.5,0,45,0.25,0.5,4.9174999999999995,0.76609375,1,7.6792187499999995,2.76171875,0,0,0,0
qBIG,0.5,0,46,0.5,0.5,6.08,1.189375,1,7.6792187499999995,1.5992187499999995,0,0,0,1
qBIG,0.5,0,47,0.25,0.75,7.6792187499999995,1.2816796875,1,7.6792187499999995,0.0,1,1,1,1
qBIG,0.5,0,48,0.25,0.75,7.6792187499999995,1.2816796875,1,7.6792187499999995,0.0,1,1,1,1
qBIG,0.5,0,49,0.25,0.5,4.9174999999999995,0.76609375,1,7.6792187499999995,2.76171875,0,0,0,0
qBIG,0.5,0,50,0.25,0.75,7.6792187499999995,1.2816796875,1,7.6792187499999995,0.0,1,1,1,1
qBIG,0.5,0,51,0.5,0.5,6.08,1.189375,1,7.6792187499999995,1.5992187499999995,0,0,0,1
qBIG,0.5,0,52,0.25,0.75,7.6792187499999995,1.2816796875,1,7.6792187499999995,0.0,1,1,1,1
qBIG,0.5,0,53,0.0,0.75,5.9643749999999995,1.369375,1,7.6792187499999995,1.71484375,0,0,0,1
qBIG,0.5,0,54,0.5,0.75,9.1975,1.6223437500000002,0,7.6792187499999995,-1.5182812500000002,0,0,0,0
qBIG,0.5,0,55,0.75,0.0,3.0618749999999992,1.7893750000000002,0,7.6792187499999995,4.61734375,0,0,0,0
qBIG,0.5,0,56,0.25,0.0,2.2468749999999997,-0.02062499999999995,1,7.6792187499999995,5.432343749999999,0,0,0,0
qBIG,0.5,0,57,0.0,0.75,5.9643749999999995,1.369375,1,7.6792187499999995,1.71484375,0,0,0,1
qBIG,0.5,0,58,0.75,0.25,4.499218749999999,1.7266796875000003,0,7.6792187499999995,3.1800000000000006,0,0,0,0
qBIG,0.5,0,59,0.5,0.5,6.08,1.189375,1,7.6792187499999995,1.5992187499999995,0,0,0,1
qBIG,0.5,0,60,0.0,0.25,1.9693749999999999,0.004374999999999976,1,7.6792187499999995,5.709843749999999,0,0,0,0
qBIG,0.5,0,61,0.0,1.0,9.37,2.1399999999999997,0,7.6792187499999995,-1.6907812499999997,0,0,0,0
qBIG,0.5,0,62,0.75,1.0,15.101875000000001,3.1187500000000004,0,7.6792187499999995,-7.422656250000002,0,0,0,0
qBIG,0.5,0,63,0.0,0.25,1.9693749999999999,0.004374999999999976,1,7.6792187499999995,5.709843749999999,0,0,0,0
qBIG,0.5,0,64,0.25,0.5,4.9174999999999995,0.76609375,1,7.6792187499999995,2.76171875,0,0,0,0
qBIG,0.5,0,65,0.25,0.75,7.6792187499999995,1.2816796875,1,7.6792187499999995,0.0,1,1,1,1
qBIG,0.5,0,66,0.0,0.75,5.9643749999999995,1.369375,1,7.6792187499999995,1.71484375,0,0,0,1
qBIG,0.5,0,67,0.0,0.75,5.9643749999999995,1.369375,1,7.6792187499999995,1.71484375,0,0,0,1
qBIG,0.5,0,68,0.5,0.5,6.08,1.189375,1,7.6792187499999995,1.5992187499999995,0,0,0,1
qBIG,0.5,0,69,0.5,1.0,13.302500000000002,2.205,0,7.6792187499999995,-5.6232812500000025,0,0,0,0
qBIG,0.5,0,70,0.0,0.75,5.9643749999999995,1.369375,1,7.6792187499999995,1.71484375,0,0,0,1
qBIG,0.5,0,71,0.25,0.0,2.2468749999999997,-0.02062499999999995,1,7.6792187499999995,5.432343749999999,0,0,0,0
qBIG,0.5,0,72,0.5,0.0,2.8075,0.7725000000000001,1,7.6792187499999995,4.871718749999999,0,0,0,0
qBIG,0.5,0,73,0.0,0.0,1.38,-0.59,1,7.6792187499999995,6.29921875,0,0,0,0
qBIG,0.5,0,74,0.5,0.5,6.08,1.189375,1,7.6792187499999995,1.5992187499999995,0,0,0,1
qBIG,0.5,0,75,0.5,0.5,6.08,1.189375,1,7.6792187499999995,1.5992187499999995,0,0,0,1
qBIG,0.5,0,76,0.0,1.0,9.37,2.1399999999999997,0,7.6792187499999995,-1.6907812499999997,0,0,0,0
qBIG,0.5,0,77,0.0,0.5,3.4974999999999996,0.6575,1,7.6792187499999995,4.18171875,0,0,0,0
qBIG,0.5,0,78,0.25,0.5,4.9174999999999995,0.76609375,1,7.6792187499999995,2.76171875,0,0,0,0
qBIG,0.5,0,79,0.0,1.0,9.37,2.1399999999999997,0,7.6792187499999995,-1.6907812499999997,0,0,0,0
qBIG,0.5,0,80,0.5,0.25,3.9499999999999997,0.90609375,1,7.6792187499999995,3.72921875,0,0,0,0
qBIG,0.5,0,81,0.25,0.75,7.6792187499999995,1.2816796875,1,7.6792187499999995,0.0,1,1,1,1
qBIG,0.5,0,82,0.5,1.0,13.302500000000002,2.205,0,7.6792187499999995,-5.6232812500000025,0,0,0,0
qBIG,0.5,0,83,0.25,0.75,7.6792187499999995,1.2816796875,1,7.6792187499999995,0.0,1,1,1,1
qBIG,0.5,0,84,0.25,0.25,3.1067187499999993,0.3319921875,1,7.6792187499999995,4.5725,0,0,0,0
qBIG,0.5,0,85,0.5,0.5,6.08,1.189375,1,7.6792187499999995,1.5992187499999995,0,0,0,1
qBIG,0.5,0,86,0.0,0.5,3.4974999999999996,0.6575,1,7.6792187499999995,4.18171875,0,0,0,0
qBIG,0.5,0,87,0.75,0.5,6.985,1.9273437500000001,0,7.6792187499999995,0.6942187499999992,0,0,0,0
qBIG,0.5,0,88,0.25,0.75,7.6792187499999995,1.2816796875,1,7.6792187499999995,0.0,1,1,1,1
qBIG,0.5,0,89,0.25,0.75,7.6792187499999995,1.2816796875,1,7.6792187499999995,0.0,1,1,1,1
qBIG,0.5,0,90,0.25,0.75,7.6792187499999995,1.2816796875,1,7.6792187499999995,0.0,1,1,1,1
qBIG,0.5,0,91,0.0,1.0,9.37,2.1399999999999997,0,7.6792187499999995,-1.6907812499999997,0,0,0,0
qBIG,0.5,0,92,0.0,0.5,3.4974999999999996,0.6575,1,7.6792187499999995,4.18171875,0,0,0,0
qBIG,0.5,0,93,0.25,0.75,7.6792187499999995,1.2816796875,1,7.6792187499999995,0.0,1,1,1,1
qBIG,0.5,0,94,0.25,0.75,7.6792187499999995,1.2816796875,1,7.6792187499999995,0.0,1,1,1,1
qBIG,0.5,0,95,0.0,0.75,5.9643749999999995,1.369375,1,7.6792187499999995,1.71484375,0,0,0,1
qBIG,0.5,0,96,0.25,1.0,11.391874999999999,1.87875,0,7.6792187499999995,-3.7126562499999993,0,0,0,0
qBIG,0.5,0,97,0.5,0.75,9.1975,1.6223437500000002,0,7.6792187499999995,-1.5182812500000002,0,0,0,0
qBIG,0.5,0,98,0.0,0.75,5.9643749999999995,1.369375,1,7.6792187499999995,1.71484375,0,0,0,1
qBIG,0.5,0,99,0.25,0.75,7.6792187499999995,1.2816796875,1,7.6792187499999995,0.0,1,1,1,1
qBIG,0.5,0,100,0.25,1.0,11.391874999999999,1.87875,0,7.6792187499999995,-3.7126562499999993,0,0,0,0
qBIG,0.5,0,101,0.25,0.25,3.1067187499999993,0.3319921875,1,7.6792187499999995,4.5725,0,0,0,0
qBIG,0.5,0,102,0.0,0.75,5.9643749999999995,1.369375,1,7.6792187499999995,1.71484375,0,0,0,1
qBIG,0.5,0,103,0.75,0.5,6.985,1.9273437500000001,0,7.6792187499999995,0.6942187499999992,0,0,0,0
qBIG,0.5,0,104,0.25,0.5,4.9174999999999995,0.76609375,1,7.6792187499999995,2.76171875,0,0,0,0
qBIG,0.5,0,105,0.25,0.75,7.6792187499999995,1.2816796875,1,7.6792187499999995,0.0,1,1,1,1
qBIG,0.5,0,106,0.0,0.5,3.4974999999999996,0.6575,1,7.6792187499999995,4.18171875,0,0,0,0
qBIG,0.5,0,107,0.0,0.0,1.38,-0.59,1,7.6792187499999995,6.29921875,0,0,0,0
qBIG,0.5,0,108,0.0,0.5,3.4974999999999996,0.6575,1,7.6792187499999995,4.18171875,0,0,0,0
qBIG,0.5,0,109,0.25,0.75,7.6792187499999995,1.2816796875,1,7.6792187499999995,0.0,1,1,1,1
qBIG,0.5,0,110,0.5,0.5,6.08,1.189375,1,7.6792187499999995,1.5992187499999995,0,0,0,1
qBIG,0.5,0,111,0.0,1.0,9.37,2.1399999999999997,0,7.6792187499999995,-1.6907812499999997,0,0,0,0
qBIG,0.5,0,112,0.5,0.75,9.1975,1.6223437500000002,0,7.6792187499999995,-1.5182812500000002,0,0,0,0
qBIG,0.5,0,113,0.5,0.5,6.08,1.189375,1,7.6792187499999995,1.5992187499999995,0,0,0,1
qBIG,0.5,0,114,0.25,0.75,7.6792187499999995,1.2816796875,1,7.6792187499999995,0.0,1,1,1,1
qBIG,0.5,0,115,0.0,0.75,5.9643749999999995,1.369375,1,7.6792187499999995,1.71484375,0,0,0,1
qBIG,0.5,0,116,0.5,1.0,13.302500000000002,2.205,0,7.6792187499999995,-5.6232812500000025,0,0,0,0
qBIG,0.5,0,117,0.0,0.5,3.4974999999999996,0.6575,1,7.6792187499999995,4.18171875,0,0,0,0
qBIG,0.5,0,118,0.25,1.0,11.391874999999999,1.87875,0,7.6792187499999995,-3.7126562499999993,0,0,0,0
qBIG,0.5,0,119,0.0,1.0,9.37,2.1399999999999997,0,7.6792187499999995,-1.6907812499999997,0,0,0,0
qBIG,0.5,0,120,0.0,0.5,3.4974999999999996,0.6575,1,7.6792187499999995,4.18171875,0,0,0,0
qBIG,0.5,0,121,0.25,0.75,7.6792187499999995,1.2816796875,1,7.6792187499999995,0.0,1,1,1,1
qBIG,0.5,0,122,0.0,0.75,5.9643749999999995,1.369375,1,7.6792187499999995,1.71484375,0,0,0,1
qBIG,0.5,0,123,0.5,0.75,9.1975,1.6223437500000002,0,7.6792187499999995,-1.5182812500000002,0,0,0,0
qBIG,0.5,0,124,0.5,0.25,3.9499999999999997,0.90609375,1,7.6792187499999995,3.72921875,0,0,0,0
qBIG,0.5,0,125,0.0,0.75,5.9643749999999995,1.369375,1,7.6792187499999995,1.71484375,0,0,0,1
qBIG,0.5,0,126,0.25,0.5,4.9174999999999995,0.76609375,1,7.6792187499999995,2.76171875,0,0,0,0
qBIG,0.5,0,127,1.0,1.0,16.79,4.62,0,7.6792187499999995,-9.110781249999999,0,0,0,0
qBIG,0.5,0,128,0.5,0.25,3.9499999999999997,0.90609375,1,7.6792187499999995,3.72921875,0,0,0,0
qBIG,0.5,0,129,0.25,0.75,7.6792187499999995,1.2816796875,1,7.6792187499999995,0.0,1,1,1,1
qBIG,0.5,0,130,0.5,0.5,6.08,1.189375,1,7.6792187499999995,1.5992187499999995,0,0,0,1
qBIG,0.5,0,131,0.75,1.0,15.101875000000001,3.1187500000000004,0,7.6792187499999995,-7.422656250000002,0,0,0,0
qBIG,0.5,0,132,0.5,0.5,6.08,1.189375,1,7.6792187499999995,1.5992187499999995,0,0,0,1
qBIG,0.5,0,133,0.25,1.0,11.391874999999999,1.87875,0,7.6792187499999995,-3.7126562499999993,0,0,0,0
qBIG,0.5,0,134,0.5,0.5,6.08,1.189375,1,7.6792187499999995,1.5992187499999995,0,0,0,1
qBIG,0.5,0,135,0.25,0.5,4.9174999999999995,0.76609375,1,7.6792187499999995,2.76171875,0,0,0,0
qBIG,0.5,0,136,0.0,0.75,5.9643749999999995,1.369375,1,7.6792187499999995,1.71484375,0,0,0,1
qBIG,0.5,0,137,0.75,0.5,6.985,1.9273437500000001,0,7.6792187499999995,0.6942187499999992,0,0,0,0
qBIG,0.5,0,138,0.25,1.0,11.391874999999999,1.87875,0,7.6792187499999995,-3.7126562499999993,0,0,0,0
qBIG,0.5,0,139,0.0,0.75,5.9643749999999995,1.369375,1,7.6792187499999995,1.71484375,0,0,0,1
qBIG,0.5,0,140,0.5,0.75,9.1975,1.6223437500000002,0,7.6792187499999995,-1.5182812500000002,0,0,0,0
qBIG,0.5,0,141,0.25,0.75,7.6792187499999995,1.2816796875,1,7.6792187499999995,0.0,1,1,1,1
qBIG,0.5,0,142,0.75,1.0,15.101875000000001,3.1187500000000004,0,7.6792187499999995,-7.422656250000002,0,0,0,0
qBIG,0.5,0,143,0.5,0.0,2.8075,0.7725000000000001,1,7.6792187499999995,4.871718749999999,0,0,0,0
qBIG,0.5,0,144,0.25,1.0,11.391874999999999,1.87875,0,7.6792187499999995,-3.7126562499999993,0,0,0,0
qBIG,0.5,0,145,0.75,0.5,6.985,1.9273437500000001,0,7.6792187499999995,0.6942187499999992,0,0,0,0
qBIG,0.5,0,146,1.0,1.0,16.79,4.62,0,7.6792187499999995,-9.110781249999999,0,0,0,0
qBIG,0.5,0,147,0.25,1.0,11.391874999999999,1.87875,0,7.6792187499999995,-3.7126562499999993,0,0,0,0
qBIG,0.5,0,148,0.0,0.0,1.38,-0.59,1,7.6792187499999995,6.29921875,0,0,0,0
qBIG,0.5,0,149,0.25,0.75,7.6792187499999995,1.2816796875,1,7.6792187499999995,0.0,1,1,1,1
qBIG,0.5,0,150,0.5,0.5,6.08,1.189375,1,7.6792187499999995,1.5992187499999995,0,0,0,1
qBIG,0.5,0,151,0.25,0.75,7.6792187499999995,1.2816796875,1,7.6792187499999995,0.0,1,1,1,1
qBIG,0.5,0,152,0.5,0.75,9.1975,1.6223437500000002,0,7.6792187499999995,-1.5182812500000002,0,0,0,0
qBIG,0.5,0,153,0.25,0.75,7.6792187499999995,1.2816796875,1,7.6792187499999995,0.0,1,1,1,1
qBIG,0.5,0,154,0.25,0.75,7.6792187499999995,1.2816796875,1,7.6792187499999995,0.0,1,1,1,1
qBIG,0.5,0,155,0.5,0.5,6.08,1.189375,1,7.6792187499999995,1.5992187499999995,0,0,0,1
qBIG,0.5,0,156,0.0,0.5,3.4974999999999996,0.6575,1,7.6792187499999995,4.18171875,0,0,0,0
qBIG,0.5,0,157,0.5,0.5,6.08,1.189375,1,7.6792187499999995,1.5992187499999995,0,0,0,1
qBIG,0.5,0,158,0.5,1.0,13.302500000000002,2.205,0,7.6792187499999995,-5.6232812500000025,0,0,0,0
qBIG,0.5,0,159,0.5,0.5,6.08,1.189375,1,7.6792187499999995,1.5992187499999995,0,0,0,1
qBIG,0.5,0,160,0.25,1.0,11.391874999999999,1.87875,0,7.6792187499999995,-3.7126562499999993,0,0,0,0
qBIG,0.5,0,161,0.25,0.0,2.2468749999999997,-0.02062499999999995,1,7.6792187499999995,5.432343749999999,0,0,0,0
qBIG,0.5,0,162,0.5,0.0,2.8075,0.7725000000000001,1,7.6792187499999995,4.871718749999999,0,0,0,0
qBIG,0.5,0,163,0.25,0.75,7.6792187499999995,1.2816796875,1,7.6792187499999995,0.0,1,1,1,1
qBIG,0.5,0,164,1.0,0.25,4.7543750000000005,2.79375,0,7.6792187499999995,2.924843749999999,0,0,0,0
qBIG,0.5,0,165,0.25,0.75,7.6792187499999995,1.2816796875,1,7.6792187499999995,0.0,1,1,1,1
qBIG,0.5,0,166,0.25,1.0,11.391874999999999,1.87875,0,7.6792187499999995,-3.7126562499999993,0,0,0,0
qBIG,0.5,0,167,0.0,1.0,9.37,2.1399999999999997,0,7.6792187499999995,-1.6907812499999997,0,0,0,0
qBIG,0.5,0,168,0.75,0.25,4.499218749999999,1.7266796875000003,0,7.6792187499999995,3.1800000000000006,0,0,0,0
qBIG,0.5,0,169,0.5,1.0,13.302500000000002,2.205,0,7.6792187499999995,-5.6232812500000025,0,0,0,0
qBIG,0.5,0,170,0.0,0.5,3.4974999999999996,0.6575,1,7.6792187499999995,4.18171875,0,0,0,0
qBIG,0.5,0,171,0.5,0.5,6.08,1.189375,1,7.6792187499999995,1.5992187499999995,0,0,0,1
qBIG,0.5,0,172,0.25,0.75,7.6792187499999995,1.2816796875,1,7.6792187499999995,0.0,1,1,1,1
qBIG,0.5,0,173,0.25,0.5,4.9174999999999995,0.76609375,1,7.6792187499999995,2.76171875,0,0,0,0
qBIG,0.5,0,174,0.5,0.25,3.9499999999999997,0.90609375,1,7.6792187499999995,3.72921875,0,0,0,0
qBIG,0.5,0,175,0.25,0.5,4.9174999999999995,0.76609375,1,7.6792187499999995,2.76171875,0,0,0,0
qBIG,0.5,0,176,0.25,0.5,4.9174999999999995,0.76609375,1,7.6792187499999995,2.76171875,0,0,0,0
qBIG,0.5,0,177,0.0,1.0,9.37,2.1399999999999997,0,7.6792187499999995,-1.6907812499999997,0,0,0,0
qBIG,0.5,0,178,0.0,0.5,3.4974999999999996,0.6575,1,7.6792187499999995,4.18171875,0,0,0,0
qBIG,0.5,0,179,0.0,0.75,5.9643749999999995,1.369375,1,7.6792187499999995,1.71484375,0,0,0,1
qBIG,0.5,0,180,0.5,0.25,3.9499999999999997,0.90609375,1,7.6792187499999995,3.72921875,0,0,0,0
qBIG,0.5,0,181,0.0,0.75,5.9643749999999995,1.369375,1,7.6792187499999995,1.71484375,0,0,0,1
qBIG,0.5,0,182,0.0,0.5,3.4974999999999996,0.6575,1,7.6792187499999995,4.18171875,0,0,0,0
qBIG,0.5,0,183,0.0,0.75,5.9643749999999995,1.369375,1,7.6792187499999995,1.71484375,0,0,0,1
qBIG,0.5,0,184,0.0,0.75,5.9643749999999995,1.369375,1,7.6792187499999995,1.71484375,0,0,0,1
qBIG,0.5,0,185,0.25,1.0,11.391874999999999,1.87875,0,7.6792187499999995,-3.7126562499999993,0,0,0,0
qBIG,0.5,0,186,0.0,0.75,5.9643749999999995,1.369375,1,7.6792187499999995,1.71484375,0,0,0,1
qBIG,0.5,0,187,0.25,0.5,4.9174999999999995,0.76609375,1,7.6792187499999995,2.76171875,0,0,0,0
qBIG,0.5,0,188,0.5,0.25,3.9499999999999997,0.90609375,1,7.6792187499999995,3.72921875,0,0,0,0
qBIG,0.5,0,189,0.0,0.75,5.9643749999999995,1.369375,1,7.6792187499999995,1.71484375,0,0,0,1
qBIG,0.5,0,190,0.5,0.25,3.9499999999999997,0.90609375,1,7.6792187499999995,3.72921875,0,0,0,0
qBIG,0.5,0,191,0.25,0.75,7.6792187499999995,1.2816796875,1,7.6792187499999995,0.0,1,1,1,1
qBIG,0.5,0,192,0.5,0.5,6.08,1.189375,1,7.6792187499999995,1.5992187499999995,0,0,0,1
qBIG,0.5,0,193,0.0,1.0,9.37,2.1399999999999997,0,7.6792187499999995,-1.6907812499999997,0,0,0,0
qBIG,0.5,0,194,0.0,0.75,5.9643749999999995,1.369375,1,7.6792187499999995,1.71484375,0,0,0,1
qBIG,0.5,0,195,0.0,0.5,3.4974999999999996,0.6575,1,7.6792187499999995,4.18171875,0,0,0,0
qBIG,0.5,0,196,0.25,0.5,4.9174999999999995,0.76609375,1,7.6792187499999995,2.76171875,0,0,0,0
qBIG,0.5,0,197,0.25,0.5,4.9174999999999995,0.76609375,1,7.6792187499999995,2.76171875,0,0,0,0
qBIG,0.5,0,198,0.5,0.75,9.1975,1.6223437500000002,0,7.6792187499999995,-1.5182812500000002,0,0,0,0
qBIG,0.5,0,199,0.25,1.0,11.391874999999999,1.87875,0,7.6792187499999995,-3.7126562499999993,0,0,0,0
qBIG,0.5,1,0,0.25,0.75,9.212304687500001,1.2816796875,1,13.205468749999998,3.9931640624999964,0,0,0,0
qBIG,0.5,1,1,0.5,1.0,15.885000000000002,2.205,0,13.205468749999998,-2.6795312500000037,0,0,0,0
qBIG,0.5,1,2,0.5,0.75,13.205468749999998,1.6223437500000002,1,13.205468749999998,0.0,1,1,1,1
qBIG,0.5,1,3,0.5,0.75,13.205468749999998,1.6223437500000002,1,13.205468749999998,0.0,1,1,1,1
qBIG,0.5,1,4,0.25,1.0,11.206249999999999,1.87875,1,13.205468749999998,1.999218749999999,0,0,0,1
qBIG,0.5,1,5,0.75,0.5,12.123593750000001,1.9273437500000001,1,13.205468749999998,1.0818749999999966,0,0,0,1
qBIG,0.5,1,6,0.25,0.75,9.212304687500001,1.2816796875,1,13.205468749999998,3.9931640624999964,0,0,0,0
qBIG,0.5,1,7,0.75,0.75,15.853242187500001,2.3913671875,0,13.205468749999998,-2.6477734375000033,0,0,0,0
qBIG,0.5,1,8,0.75,0.25,7.777304687499998,1.7266796875000003,1,13.205468749999998,5.4281640625,0,0,0,0
qBIG,0.5,1,9,0.5,1.0,15.885000000000002,2.205,0,13.205468749999998,-2.6795312500000037,0,0,0,0
qBIG,0.5,1,10,0.5,1.0,15.885000000000002,2.205,0,13.205468749999998,-2.6795312500000037,0,0,0,0
qBIG,0.5,1,11,0.5,0.75,13.205468749999998,1.6223437500000002,1,13.205468749999998,0.0,1,1,1,1
qBIG,0.5,1,12,0.5,0.75,13.205468749999998,1.6223437500000002,1,13.205468749999998,0.0,1,1,1,1
qBIG,0.5,1,13,0.25,0.75,9.212304687500001,1.2816796875,1,13.205468749999998,3.9931640624999964,0,0,0,0
qBIG,0.5,1,14,0.5,0.75,13.205468749999998,1.6223437500000002,1,13.205468749999998,0.0,1,1,1,1
qBIG,0.5,1,15,0.75,0.5,12.123593750000001,1.9273437500000001,1,13.205468749999998,1.0818749999999966,0,0,0,1
qBIG,0.5,1,16,0.25,1.0,11.206249999999999,1.87875,1,13.205468749999998,1.999218749999999,0,0,0,1
qBIG,0.5,1,17,0.5,1.0,15.885000000000002,2.205,0,13.205468749999998,-2.6795312500000037,0,0,0,0
qBIG,0.5,1,18,0.5,0.5,10.089374999999997,1.189375,1,13.205468749999998,3.116093750000001,0,0,0,0
qBIG,0.5,1,19,0.25,1.0,11.206249999999999,1.87875,1,13.205468749999998,1.999218749999999,0,0,0,1
qBIG,0.5,1,20,0.5,0.75,13.205468749999998,1.6223437500000002,1,13.205468749999998,0.0,1,1,1,1
qBIG,0.5,1,21,0.5,0.25,6.536718749999999,0.90609375,1,13.205468749999998,6.668749999999999,0,0,0,0
qBIG,0.5,1,22,0.25,0.75,9.212304687500001,1.2816796875,1,13.205468749999998,3.9931640624999964,0,0,0,0
qBIG,0.5,1,23,0.75,0.75,15.853242187500001,2.3913671875,0,13.205468749999998,-2.6477734375000033,0,0,0,0
qBIG,0.5,1,24,0.5,1.0,15.885000000000002,2.205,0,13.205468749999998,-2.6795312500000037,0,0,0,0
qBIG,0.5,1,25,0.75,0.25,7.777304687499998,1.7266796875000003,1,13.205468749999998,5.4281640625,0,0,0,0
qBIG,0.5,1,26,0.25,1.0,11.206249999999999,1.87875,1,13.205468749999998,1.999218749999999,0,0,0,1
qBIG,0.5,1,27,0.5,0.75,13.205468749999998,1.6223437500000002,1,13.205468749999998,0.0,1,1,1,1
qBIG,0.5,1,28,0.25,0.75,9.212304687500001,1.2816796875,1,13.205468749999998,3.9931640624999964,0,0,0,0
qBIG,0.5,1,29,0.25,1.0,11.206249999999999,1.87875,1,13.205468749999998,1.999218749999999,0,0,0,1
qBIG,0.5,1,30,0.25,1.0,11.206249999999999,1.87875,1,13.205468749999998,1.999218749999999,0,0,0,1
qBIG,0.5,1,31,0.75,0.5,12.123593750000001,1.9273437500000001,1,13.205468749999998,1.0818749999999966,0,0,0,1
qBIG,0.5,1,32,0.5,1.0,15.885000000000002,2.205,0,13.205468749999998,-2.6795312500000037,0,0,0,0
qBIG,0.5,1,33,0.5,0.5,10.089374999999997,1.189375,1,13.205468749999998,3.116093750000001,0,0,0,0
qBIG,0.5,1,34,1.0,0.5,12.9925,2.9800000000000004,0,13.205468749999998,0.21296874999999815,0,0,0,0
qBIG,0.5,1,35,0.25,1.0,11.206249999999999,1.87875,1,13.205468749999998,1.999218749999999,0,0,0,1
qBIG,0.5,1,36,0.75,0.25,7.777304687499998,1.7266796875000003,1,13.205468749999998,5.4281640625,0,0,0,0
qBIG,0.5,1,37,0.5,0.75,13.205468749999998,1.6223437500000002,1,13.205468749999998,0.0,1,1,1,1
qBIG,0.5,1,38,0.25,1.0,11.206249999999999,1.87875,1,13.205468749999998,1.999218749999999,0,0,0,1
qBIG,0.5,1,39,0.75,0.5,12.123593750000001,1.9273437500000001,1,13.205468749999998,1.0818749999999966,0,0,0,1
qBIG,0.5,1,40,0.0,1.0,4.930000000000001,2.1399999999999997,0,13.205468749999998,8.275468749999998,0,0,0,0
qBIG,0.5,1,41,0.5,1.0,15.885000000000002,2.205,0,13.205468749999998,-2.6795312500000037,0,0,0,0
qBIG,0.5,1,42,0.5,0.75,13.205468749999998,1.6223437500000002,1,13.205468749999998,0.0,1,1,1,1
qBIG,0.5,1,43,0.5,1.0,15.885000000000002,2.205,0,13.205468749999998,-2.6795312500000037,0,0,0,0
qBIG,0.5,1,44,0.75,0.75,15.853242187500001,2.3913671875,0,13.205468749999998,-2.6477734375000033,0,0,0,0
qBIG,0.5,1,45,0.5,0.75,13.205468749999998,1.6223437500000002,1,13.205468749999998,0.0,1,1,1,1
qBIG,0.5,1,46,0.5,1.0,15.885000000000002,2.205,0,13.205468749999998,-2.6795312500000037,0,0,0,0
qBIG,0.5,1,47,0.5,1.0,15.885000000000002,2.205,0,13.205468749999998,-2.6795312500000037,0,0,0,0
qBIG,0.5,1,48,0.25,1.0,11.206249999999999,1.87875,1,13.205468749999998,1.999218749999999,0,0,0,1
qBIG,0.5,1,49,0.5,0.25,6.536718749999999,0.90609375,1,13.205468749999998,6.668749999999999,0,0,0,0
qBIG,0.5,1,50,0.5,0.75,13.205468749999998,1.6223437500000002,1,13.205468749999998,0.0,1,1,1,1
qBIG,0.5,1,51,0.5,0.75,13.205468749999998,1.6223437500000002,1,13.205468749999998,0.0,1,1,1,1
qBIG,0.5,1,52,0.25,1.0,11.206249999999999,1.87875,1,13.205468749999998,1.999218749999999,0,0,0,1
qBIG,0.5,1,53,0.5,1.0,15.885000000000002,2.205,0,13.205468749999998,-2.6795312500000037,0,0,0,0
qBIG,0.5,1,54,0.75,0.5,12.123593750000001,1.9273437500000001,1,13.205468749999998,1.0818749999999966,0,0,0,1
qBIG,0.5,1,55,0.5,0.5,10.089374999999997,1.189375,1,13.205468749999998,3.116093750000001,0,0,0,0
qBIG,0.5,1,56,0.5,1.0,15.885000000000002,2.205,0,13.205468749999998,-2.6795312500000037,0,0,0,0
qBIG,0.5,1,57,0.5,1.0,15.885000000000002,2.205,0,13.205468749999998,-2.6795312500000037,0,0,0,0
qBIG,0.5,1,58,0.5,1.0,15.885000000000002,2.205,0,13.205468749999998,-2.6795312500000037,0,0,0,0
qBIG,0.5,1,59,0.75,0.5,12.123593750000001,1.9273437500000001,1,13.205468749999998,1.0818749999999966,0,0,0,1
qBIG,0.5,1,60,0.5,0.25,6.536718749999999,0.90609375,1,13.205468749999998,6.668749999999999,0,0,0,0
qBIG,0.5,1,61,0.5,0.75,13.205468749999998,1.6223437500000002,1,13.205468749999998,0.0,1,1,1,1
qBIG,0.5,1,62,0.5,1.0,15.885000000000002,2.205,0,13.205468749999998,-2.6795312500000037,0,0,0,0
qBIG,0.5,1,63,0.0,1.0,4.930000000000001,2.1399999999999997,0,13.205468749999998,8.275468749999998,0,0,0,0
qBIG,0.5,1,64,0.25,0.75,9.212304687500001,1.2816796875,1,13.205468749999998,3.9931640624999964,0,0,0,0
qBIG,0.5,1,65,0.5,0.75,13.205468749999998,1.6223437500000002,1,13.205468749999998,0.0,1,1,1,1
qBIG,0.5,1,66,1.0,0.75,17.155624999999997,3.58875,0,13.205468749999998,-3.950156249999999,0,0,0,0
qBIG,0.5,1,67,0.5,1.0,15.885000000000002,2.205,0,13.205468749999998,-2.6795312500000037,0,0,0,0
qBIG,0.5,1,68,0.5,0.5,10.089374999999997,1.189375,1,13.205468749999998,3.116093750000001,0,0,0,0
qBIG,0.5,1,69,0.5,1.0,15.885000000000002,2.205,0,13.205468749999998,-2.6795312500000037,0,0,0,0
qBIG,0.5,1,70,0.75,0.0,2.814374999999999,1.7893750000000002,1,13.205468749999998,10.39109375,0,0,0,0
qBIG,0.5,1,71,0.75,0.75,15.853242187500001,2.3913671875,0,13.205468749999998,-2.6477734375000033,0,0,0,0
qBIG,0.5,1,72,0.5,0.75,13.205468749999998,1.6223437500000002,1,13.205468749999998,0.0,1,1,1,1
qBIG,0.5,1,73,0.25,0.75,9.212304687500001,1.2816796875,1,13.205468749999998,3.9931640624999964,0,0,0,0
qBIG,0.5,1,74,0.5,0.5,10.089374999999997,1.189375,1,13.205468749999998,3.116093750000001,0,0,0,0
qBIG,0.5,1,75,0.5,0.75,13.205468749999998,1.6223437500000002,1,13.205468749999998,0.0,1,1,1,1
qBIG,0.5,1,76,0.75,1.0,18.966250000000002,3.1187500000000004,0,13.205468749999998,-5.760781250000004,0,0,0,0
qBIG,0.5,1,77,0.5,0.75,13.205468749999998,1.6223437500000002,1,13.205468749999998,0.0,1,1,1,1
qBIG,0.5,1,78,0.25,0.75,9.212304687500001,1.2816796875,1,13.205468749999998,3.9931640624999964,0,0,0,0
qBIG,0.5,1,79,0.5,1.0,15.885000000000002,2.205,0,13.205468749999998,-2.6795312500000037,0,0,0,0
qBIG,0.5,1,80,0.25,0.75,9.212304687500001,1.2816796875,1,13.205468749999998,3.9931640624999964,0,0,0,0
qBIG,0.5,1,81,0.5,0.5,10.089374999999997,1.189375,1,13.205468749999998,3.116093750000001,0,0,0,0
qBIG,0.5,1,82,0.5,0.75,13.205468749999998,1.6223437500000002,1,13.205468749999998,0.0,1,1,1,1
qBIG,0.5,1,83,0.75,0.75,15.853242187500001,2.3913671875,0,13.205468749999998,-2.6477734375000033,0,0,0,0
qBIG,0.5,1,84,0.5,0.5,10.089374999999997,1.189375,1,13.205468749999998,3.116093750000001,0,0,0,0
qBIG,0.5,1,85,0.5,1.0,15.885000000000002,2.205,0,13.205468749999998,-2.6795312500000037,0,0,0,0
qBIG,0.5,1,86,0.5,0.75,13.205468749999998,1.6223437500000002,1,13.205468749999998,0.0,1,1,1,1
qBIG,0.5,1,87,0.5,0.75,13.205468749999998,1.6223437500000002,1,13.205468749999998,0.0,1,1,1,1
qBIG,0.5,1,88,0.25,0.75,9.212304687500001,1.2816796875,1,13.205468749999998,3.9931640624999964,0,0,0,0
qBIG,0.5,1,89,0.5,0.75,13.205468749999998,1.6223437500000002,1,13.205468749999998,0.0,1,1,1,1
qBIG,0.5,1,90,0.5,1.0,15.885000000000002,2.205,0,13.205468749999998,-2.6795312500000037,0,0,0,0
qBIG,0.5,1,91,0.25,1.0,11.206249999999999,1.87875,1,13.205468749999998,1.999218749999999,0,0,0,1
qBIG,0.5,1,92,0.5,0.5,10.089374999999997,1.189375,1,13.205468749999998,3.116093750000001,0,0,0,0
qBIG,0.5,1,93,0.25,1.0,11.206249999999999,1.87875,1,13.205468749999998,1.999218749999999,0,0,0,1
qBIG,0.5,1,94,0.5,0.75,13.205468749999998,1.6223437500000002,1,13.205468749999998,0.0,1,1,1,1
qBIG,0.5,1,95,0.5,0.75,13.205468749999998,1.6223437500000002,1,13.205468749999998,0.0,1,1,1,1
qBIG,0.5,1,96,0.5,1.0,15.885000000000002,2.205,0,13.205468749999998,-2.6795312500000037,0,0,0,0
qBIG,0.5,1,97,0.5,1.0,15.885000000000002,2.205,0,13.205468749999998,-2.6795312500000037,0,0,0,0
qBIG,0.5,1,98,0.25,0.75,9.212304687500001,1.2816796875,1,13.205468749999998,3.9931640624999964,0,0,0,0
qBIG,0.5,1,99,0.75,0.0,2.814374999999999,1.7893750000000002,1,13.205468749999998,10.39109375,0,0,0,0
qBIG,0.5,1,100,0.5,1.0,15.885000000000002,2.205,0,13.205468749999998,-2.6795312500000037,0,0,0,0
qBIG,0.5,1,101,0.5,0.75,13.205468749999998,1.6223437500000002,1,13.205468749999998,0.0,1,1,1,1
qBIG,0.5,1,102,0.5,0.5,10.089374999999997,1.189375,1,13.205468749999998,3.116093750000001,0,0,0,0
qBIG,0.5,1,103,0.75,0.5,12.123593750000001,1.9273437500000001,1,13.205468749999998,1.0818749999999966,0,0,0,1
qBIG,0.5,1,104,0.5,0.5,10.089374999999997,1.189375,1,13.205468749999998,3.116093750000001,0,0,0,0
qBIG,0.5,1,105,0.5,1.0,15.885000000000002,2.205,0,13.205468749999998,-2.6795312500000037,0,0,0,0
qBIG,0.5,1,106,0.0,0.75,3.8737500000000002,1.369375,1,13.205468749999998,9.331718749999997,0,0,0,0
qBIG,0.5,1,107,0.0,0.75,3.8737500000000002,1.369375,1,13.205468749999998,9.331718749999997,0,0,0,0
qBIG,0.5,1,108,0.25,1.0,11.206249999999999,1.87875,1,13.205468749999998,1.999218749999999,0,0,0,1
qBIG,0.5,1,109,0.5,1.0,15.885000000000002,2.205,0,13.205468749999998,-2.6795312500000037,0,0,0,0
qBIG,0.5,1,110,0.5,0.75,13.205468749999998,1.6223437500000002,1,13.205468749999998,0.0,1,1,1,1
qBIG,0.5,1,111,0.5,0.75,13.205468749999998,1.6223437500000002,1,13.205468749999998,0.0,1,1,1,1
qBIG,0.5,1,112,0.5,1.0,15.885000000000002,2.205,0,13.205468749999998,-2.6795312500000037,0,0,0,0
qBIG,0.5,1,113,0.25,0.75,9.212304687500001,1.2816796875,1,13.205468749999998,3.9931640624999964,0,0,0,0
qBIG,0.5,1,114,0.5,0.75,13.205468749999998,1.6223437500000002,1,13.205468749999998,0.0,1,1,1,1
qBIG,0.5,1,115,0.25,1.0,11.206249999999999,1.87875,1,13.205468749999998,1.999218749999999,0,0,0,1
qBIG,0.5,1,116,0.5,1.0,15.885000000000002,2.205,0,13.205468749999998,-2.6795312500000037,0,0,0,0
qBIG,0.5,1,117,0.25,0.75,9.212304687500001,1.2816796875,1,13.205468749999998,3.9931640624999964,0,0,0,0
qBIG,0.5,1,118,0.5,1.0,15.885000000000002,2.205,0,13.205468749999998,-2.6795312500000037,0,0,0,0
qBIG,0.5,1,119,0.5,1.0,15.885000000000002,2.205,0,13.205468749999998,-2.6795312500000037,0,0,0,0
qBIG,0.5,1,120,0.75,0.25,7.777304687499998,1.7266796875000003,1,13.205468749999998,5.4281640625,0,0,0,0
qBIG,0.5,1,121,0.75,0.5,12.123593750000001,1.9273437500000001,1,13.205468749999998,1.0818749999999966,0,0,0,1
qBIG,0.5,1,122,0.5,0.75,13.205468749999998,1.6223437500000002,1,13.205468749999998,0.0,1,1,1,1
qBIG,0.5,1,123,0.5,0.75,13.205468749999998,1.6223437500000002,1,13.205468749999998,0.0,1,1,1,1
qBIG,0.5,1,124,0.5,0.75,13.205468749999998,1.6223437500000002,1,13.205468749999998,0.0,1,1,1,1
qBIG,0.5,1,125,0.25,1.0,11.206249999999999,1.87875,1,13.205468749999998,1.999218749999999,0,0,0,1
qBIG,0.5,1,126,0.5,0.5,10.089374999999997,1.189375,1,13.205468749999998,3.116093750000001,0,0,0,0
qBIG,0.5,1,127,1.0,0.5,12.9925,2.9800000000000004,0,13.205468749999998,0.21296874999999815,0,0,0,0
qBIG,0.5,1,128,0.75,0.5,12.123593750000001,1.9273437500000001,1,13.205468749999998,1.0818749999999966,0,0,0,1
qBIG,0.5,1,129,0.5,0.5,10.089374999999997,1.189375,1,13.205468749999998,3.116093750000001,0,0,0,0
qBIG,0.5,1,130,0.75,0.5,12.123593750000001,1.9273437500000001,1,13.205468749999998,1.0818749999999966,0,0,0,1
qBIG,0.5,1,131,0.5,0.75,13.205468749999998,1.6223437500000002,1,13.205468749999998,0.0,1,1,1,1
qBIG,0.5,1,132,0.5,0.75,13.205468749999998,1.6223437500000002,1,13.205468749999998,0.0,1,1,1,1
qBIG,0.5,1,133,0.5,0.75,13.205468749999998,1.6223437500000002,1,13.205468749999998,0.0,1,1,1,1
qBIG,0.5,1,134,0.25,0.75,9.212304687500001,1.2816796875,1,13.205468749999998,3.9931640624999964,0,0,0,0
qBIG,0.5,1,135,0.25,0.75,9.212304687500001,1.2816796875,1,13.205468749999998,3.9931640624999964,0,0,0,0
qBIG,0.5,1,136,0.5,1.0,15.885000000000002,2.205,0,13.205468749999998,-2.6795312500000037,0,0,0,0
qBIG,0.5,1,137,0.75,0.5,12.123593750000001,1.9273437500000001,1,13.205468749999998,1.0818749999999966,0,0,0,1
qBIG,0.5,1,138,0.5,0.75,13.205468749999998,1.6223437500000002,1,13.205468749999998,0.0,1,1,1,1
qBIG,0.5,1,139,0.75,0.5,12.123593750000001,1.9273437500000001,1,13.205468749999998,1.0818749999999966,0,0,0,1
qBIG,0.5,1,140,0.75,0.5,12.123593750000001,1.9273437500000001,1,13.205468749999998,1.0818749999999966,0,0,0,1
qBIG,0.5,1,141,0.5,0.25,6.536718749999999,0.90609375,1,13.205468749999998,6.668749999999999,0,0,0,0
qBIG,0.5,1,142,0.5,0.75,13.205468749999998,1.6223437500000002,1,13.205468749999998,0.0,1,1,1,1
qBIG,0.5,1,143,0.25,0.75,9.212304687500001,1.2816796875,1,13.205468749999998,3.9931640624999964,0,0,0,0
qBIG,0.5,1,144,0.75,0.75,15.853242187500001,2.3913671875,0,13.205468749999998,-2.6477734375000033,0,0,0,0
qBIG,0.5,1,145,0.5,1.0,15.885000000000002,2.205,0,13.205468749999998,-2.6795312500000037,0,0,0,0
qBIG,0.5,1,146,0.75,0.5,12.123593750000001,1.9273437500000001,1,13.205468749999998,1.0818749999999966,0,0,0,1
qBIG,0.5,1,147,0.75,0.75,15.853242187500001,2.3913671875,0,13.205468749999998,-2.6477734375000033,0,0,0,0
qBIG,0.5,1,148,0.5,0.5,10.089374999999997,1.189375,1,13.205468749999998,3.116093750000001,0,0,0,0
qBIG,0.5,1,149,0.5,1.0,15.885000000000002,2.205,0,13.205468749999998,-2.6795312500000037,0,0,0,0
qBIG,0.5,1,150,0.5,0.5,10.089374999999997,1.189375,1,13.205468749999998,3.116093750000001,0,0,0,0
qBIG,0.5,1,151,0.75,0.25,7.777304687499998,1.7266796875000003,1,13.205468749999998,5.4281640625,0,0,0,0
qBIG,0.5,1,152,0.5,1.0,15.885000000000002,2.205,0,13.205468749999998,-2.6795312500000037,0,0,0,0
qBIG,0.5,1,153,0.5,0.75,13.205468749999998,1.6223437500000002,1,13.205468749999998,0.0,1,1,1,1
qBIG,0.5,1,154,0.25,1.0,11.206249999999999,1.87875,1,13.205468749999998,1.999218749999999,0,0,0,1
qBIG,0.5,1,155,0.5,0.75,13.205468749999998,1.6223437500000002,1,13.205468749999998,0.0,1,1,1,1
qBIG,0.5,1,156,0.5,0.75,13.205468749999998,1.6223437500000002,1,13.205468749999998,0.0,1,1,1,1
qBIG,0.5,1,157,0.0,0.0,-1.05,-0.59,1,13.205468749999998,14.255468749999999,0,0,0,0
qBIG,0.5,1,158,0.5,1.0,15.885000000000002,2.205,0,13.205468749999998,-2.6795312500000037,0,0,0,0
qBIG,0.5,1,159,0.5,0.75,13.205468749999998,1.6223437500000002,1,13.205468749999998,0.0,1,1,1,1
qBIG,0.5,1,160,0.5,0.75,13.205468749999998,1.6223437500000002,1,13.205468749999998,0.0,1,1,1,1
qBIG,0.5,1,161,0.5,1.0,15.885000000000002,2.205,0,13.205468749999998,-2.6795312500000037,0,0,0,0
qBIG,0.5,1,162,0.5,1.0,15.885000000000002,2.205,0,13.205468749999998,-2.6795312500000037,0,0,0,0
qBIG,0.5,1,163,0.5,0.75,13.205468749999998,1.6223437500000002,1,13.205468749999998,0.0,1,1,1,1
qBIG,0.5,1,164,0.5,0.75,13.205468749999998,1.6223437500000002,1,13.205468749999998,0.0,1,1,1,1
qBIG,0.5,1,165,0.0,1.0,4.930000000000001,2.1399999999999997,0,13.205468749999998,8.275468749999998,0,0,0,0
qBIG,0.5,1,166,0.25,0.75,9.212304687500001,1.2816796875,1,13.205468749999998,3.9931640624999964,0,0,0,0
qBIG,0.5,1,167,0.5,0.75,13.205468749999998,1.6223437500000002,1,13.205468749999998,0.0,1,1,1,1
qBIG,0.5,1,168,0.75,0.25,7.777304687499998,1.7266796875000003,1,13.205468749999998,5.4281640625,0,0,0,0
qBIG,0.5,1,169,0.5,0.75,13.205468749999998,1.6223437500000002,1,13.205468749999998,0.0,1,1,1,1
qBIG,0.5,1,170,0.75,0.25,7.777304687499998,1.7266796875000003,1,13.205468749999998,5.4281640625,0,0,0,0
qBIG,0.5,1,171,0.5,0.75,13.205468749999998,1.6223437500000002,1,13.205468749999998,0.0,1,1,1,1
qBIG,0.5,1,172,0.25,0.5,6.889843749999999,0.76609375,1,13.205468749999998,6.315624999999999,0,0,0,0
qBIG,0.5,1,173,0.75,0.25,7.777304687499998,1.7266796875000003,1,13.205468749999998,5.4281640625,0,0,0,0
qBIG,0.5,1,174,0.0,0.0,-1.05,-0.59,1,13.205468749999998,14.255468749999999,0,0,0,0
qBIG,0.5,1,175,0.5,0.5,10.089374999999997,1.189375,1,13.205468749999998,3.116093750000001,0,0,0,0
qBIG,0.5,1,176,0.5,0.75,13.205468749999998,1.6223437500000002,1,13.205468749999998,0.0,1,1,1,1
qBIG,0.5,1,177,0.5,1.0,15.885000000000002,2.205,0,13.205468749999998,-2.6795312500000037,0,0,0,0
qBIG,0.5,1,178,0.5,0.5,10.089374999999997,1.189375,1,13.205468749999998,3.116093750000001,0,0,0,0
qBIG,0.5,1,179,0.5,0.75,13.205468749999998,1.6223437500000002,1,13.205468749999998,0.0,1,1,1,1
qBIG,0.5,1,180,0.75,0.75,15.853242187500001,2.3913671875,0,13.205468749999998,-2.6477734375000033,0,0,0,0
qBIG,0.5,1,181,0.5,1.0,15.885000000000002,2.205,0,13.205468749999998,-2.6795312500000037,0,0,0,0
qBIG,0.5,1,182,0.5,1.0,15.885000000000002,2.205,0,13.205468749999998,-2.6795312500000037,0,0,0,0
qBIG,0.5,1,183,0.5,0.5,10.089374999999997,1.189375,1,13.205468749999998,3.116093750000001,0,0,0,0
qBIG,0.5,1,184,0.5,0.75,13.205468749999998,1.6223437500000002,1,13.205468749999998,0.0,1,1,1,1
qBIG,0.5,1,185,1.0,0.25,7.960624999999998,2.79375,0,13.205468749999998,5.24484375,0,0,0,0
qBIG,0.5,1,186,0.5,0.75,13.205468749999998,1.6223437500000002,1,13.205468749999998,0.0,1,1,1,1
qBIG,0.5,1,187,0.25,0.75,9.212304687500001,1.2816796875,1,13.205468749999998,3.9931640624999964,0,0,0,0
qBIG,0.5,1,188,0.25,1.0,11.206249999999999,1.87875,1,13.205468749999998,1.999218749999999,0,0,0,1
qBIG,0.5,1,189,0.5,0.75,13.205468749999998,1.6223437500000002,1,13.205468749999998,0.0,1,1,1,1
qBIG,0.5,1,190,0.75,0.25,7.777304687499998,1.7266796875000003,1,13.205468749999998,5.4281640625,0,0,0,0
qBIG,0.5,1,191,0.5,0.75,13.205468749999998,1.6223437500000002,1,13.205468749999998,0.0,1,1,1,1
qBIG,0.5,1,192,0.5,1.0,15.885000000000002,2.205,0,13.205468749999998,-2.6795312500000037,0,0,0,0
qBIG,0.5,1,193,0.5,0.75,13.205468749999998,1.6223437500000002,1,13.205468749999998,0.0,1,1,1,1
qBIG,0.5,1,194,0.25,0.75,9.212304687500001,1.2816796875,1,13.205468749999998,3.9931640624999964,0,0,0,0
qBIG,0.5,1,195,0.5,0.5,10.089374999999997,1.189375,1,13.205468749999998,3.116093750000001,0,0,0,0
qBIG,0.5,1,196,0.5,0.5,10.089374999999997,1.189375,1,13.205468749999998,3.116093750000001,0,0,0,0
qBIG,0.5,1,197,0.5,1.0,15.885000000000002,2.205,0,13.205468749999998,-2.6795312500000037,0,0,0,0
qBIG,0.5,1,198,0.5,1.0,15.885000000000002,2.205,0,13.205468749999998,-2.6795312500000037,0,0,0,0
qBIG,0.5,1,199,0.25,0.75,9.212304687500001,1.2816796875,1,13.205468749999998,3.9931640624999964,0,0,0,0
qBIG,0.6,0,0,0.25,0.5,4.9174999999999995,0.76609375,1,7.6792187499999995,2.76171875,0,0,0,0
qBIG,0.6,0,1,0.5,0.25,3.9499999999999997,0.90609375,1,7.6792187499999995,3.72921875,0,0,0,0
qBIG,0.6,0,2,0.0,1.0,9.37,2.1399999999999997,0,7.6792187499999995,-1.6907812499999997,0,0,0,0
qBIG,0.6,0,3,0.25,0.75,7.6792187499999995,1.2816796875,1,7.6792187499999995,0.0,1,1,1,1
qBIG,0.6,0,4,0.25,0.5,4.9174999999999995,0.76609375,1,7.6792187499999995,2.76171875,0,0,0,0
qBIG,0.6,0,5,0.5,0.75,9.1975,1.6223437500000002,0,7.6792187499999995,-1.5182812500000002,0,0,0,0
qBIG,0.6,0,6,0.25,0.5,4.9174999999999995,0.76609375,1,7.6792187499999995,2.76171875,0,0,0,0
qBIG,0.6,0,7,0.0,0.75,5.9643749999999995,1.369375,1,7.6792187499999995,1.71484375,0,0,0,1
qBIG,0.6,0,8,0.0,0.75,5.9643749999999995,1.369375,1,7.6792187499999995,1.71484375,0,0,0,1
qBIG,0.6,0,9,0.5,0.5,6.08,1.189375,1,7.6792187499999995,1.5992187499999995,0,0,0,1
qBIG,0.6,0,10,0.5,1.0,13.302500000000002,2.205,0,7.6792187499999995,-5.6232812500000025,0,0,0,0
qBIG,0.6,0,11,0.25,0.5,4.9174999999999995,0.76609375,1,7.6792187499999995,2.76171875,0,0,0,0
qBIG,0.6,0,12,0.25,0.75,7.6792187499999995,1.2816796875,1,7.6792187499999995,0.0,1,1,1,1
qBIG,0.6,0,13,0.25,0.5,4.9174999999999995,0.76609375,1,7.6792187499999995,2.76171875,0,0,0,0
qBIG,0.6,0,14,0.5,0.5,6.08,1.189375,1,7.6792187499999995,1.5992187499999995,0,0,0,1
qBIG,0.6,0,15,0.25,0.75,7.6792187499999995,1.2816796875,1,7.6792187499999995,0.0,1,1,1,1
qBIG,0.6,0,16,0.0,0.75,5.9643749999999995,1.369375,1,7.6792187499999995,1.71484375,0,0,0,1
qBIG,0.6,0,17,0.25,0.75,7.6792187499999995,1.2816796875,1,7.6792187499999995,0.0,1,1,1,1
qBIG,0.6,0,18,0.25,0.75,7.6792187499999995,1.2816796875,1,7.6792187499999995,0.0,1,1,1,1
qBIG,0.6,0,19,0.25,0.75,7.6792187499999995,1.2816796875,1,7.6792187499999995,0.0,1,1,1,1
qBIG,0.6,0,20,0.5,0.75,9.1975,1.6223437500000002,0,7.6792187499999995,-1.5182812500000002,0,0,0,0
qBIG,0.6,0,21,0.0,0.0,1.38,-0.59,1,7.6792187499999995,6.29921875,0,0,0,0
qBIG,0.6,0,22,0.0,0.75,5.9643749999999995,1.369375,1,7.6792187499999995,1.71484375,0,0,0,1
qBIG,0.6,0,23,0.5,0.75,9.1975,1.6223437500000002,0,7.6792187499999995,-1.5182812500000002,0,0,0,0
qBIG,0.6,0,24,0.5,0.75,9.1975,1.6223437500000002,0,7.6792187499999995,-1.5182812500000002,0,0,0,0
qBIG,0.6,0,25,0.5,0.25,3.9499999999999997,0.90609375,1,7.6792187499999995,3.72921875,0,0,0,0
qBIG,0.6,0,26,0.0,0.0,1.38,-0.59,1,7.6792187499999995,6.29921875,0,0,0,0
qBIG,0.6,0,27,0.5,0.5,6.08,1.189375,1,7.6792187499999995,1.5992187499999995,0,0,0,1
qBIG,0.6,0,28,0.5,0.5,6.08,1.189375,1,7.6792187499999995,1.5992187499999995,0,0,0,1
qBIG,0.6,0,29,0.25,1.0,11.391874999999999,1.87875,0,7.6792187499999995,-3.7126562499999993,0,0,0,0
qBIG,0.6,0,30,0.0,0.75,5.9643749999999995,1.369375,1,7.6792187499999995,1.71484375,0,0,0,1
qBIG,0.6,0,31,0.0,0.25,1.9693749999999999,0.004374999999999976,1,7.6792187499999995,5.709843749999999,0,0,0,0
qBIG,0.6,0,32,0.25,0.75,7.6792187499999995,1.2816796875,1,7.6792187499999995,0.0,1,1,1,1
qBIG,0.6,0,33,0.5,0.0,2.8075,0.7725000000000001,1,7.6792187499999995,4.871718749999999,0,0,0,0
qBIG,0.6,0,34,0.0,0.5,3.4974999999999996,0.6575,1,7.6792187499999995,4.18171875,0,0,0,0
qBIG,0.6,0,35,0.5,1.0,13.302500000000002,2.205,0,7.6792187499999995,-5.6232812500000025,0,0,0,0
qBIG,0.6,0,36,0.5,1.0,13.302500000000002,2.205,0,7.6792187499999995,-5.6232812500000025,0,0,0,0
qBIG,0.6,0,37,0.25,0.5,4.9174999999999995,0.76609375,1,7.6792187499999995,2.76171875,0,0,0,0
qBIG,0.6,0,38,0.25,0.0,2.2468749999999997,-0.02062499999999995,1,7.6792187499999995,5.432343749999999,0,0,0,0
qBIG,0.6,0,39,0.25,0.25,3.1067187499999993,0.3319921875,1,7.6792187499999995,4.5725,0,0,0,0
qBIG,0.6,0,40,0.0,0.75,5.9643749999999995,1.369375,1,7.6792187499999995,1.71484375,0,0,0,1
qBIG,0.6,0,41,0.5,0.5,6.08,1.189375,1,7.6792187499999995,1.5992187499999995,0,0,0,1
qBIG,0.6,0,42,0.5,0.25,3.9499999999999997,0.90609375,1,7.6792187499999995,3.72921875,0,0,0,0
qBIG,0.6,0,43,0.25,0.75,7.6792187499999995,1.2816796875,1,7.6792187499999995,0.0,1,1,1,1
qBIG,0.6,0,44,0.75,0.25,4.499218749999999,1.7266796875000003,0,7.6792187499999995,3.1800000000000006,0,0,0,0
qBIG,0.6,0,45,0.0,0.75,5.9643749999999995,1.369375,1,7.6792187499999995,1.71484375,0,0,0,1
qBIG,0.6,0,46,0.5,0.5,6.08,1.189375,1,7.6792187499999995,1.5992187499999995,0,0,0,1
qBIG,0.6,0,47,0.25,1.0,11.391874999999999,1.87875,0,7.6792187499999995,-3.7126562499999993,0,0,0,0
qBIG,0.6,0,48,0.25,0.5,4.9174999999999995,0.76609375,1,7.6792187499999995,2.76171875,0,0,0,0
qBIG,0.6,0,49,0.0,0.75,5.9643749999999995,1.369375,1,7.6792187499999995,1.71484375,0,0,0,1
qBIG,0.6,0,50,0.0,0.5,3.4974999999999996,0.6575,1,7.6792187499999995,4.18171875,0,0,0,0
qBIG,0.6,0,51,0.25,0.5,4.9174999999999995,0.76609375,1,7.6792187499999995,2.76171875,0,0,0,0
qBIG,0.6,0,52,0.0,1.0,9.37,2.1399999999999997,0,7.6792187499999995,-1.6907812499999997,0,0,0,0
qBIG,0.6,0,53,0.0,0.75,5.9643749999999995,1.369375,1,7.6792187499999995,1.71484375,0,0,0,1
qBIG,0.6,0,54,0.0,1.0,9.37,2.1399999999999997,0,7.6792187499999995,-1.6907812499999997,0,0,0,0
qBIG,0.6,0,55,0.75,0.0,3.0618749999999992,1.7893750000000002,0,7.6792187499999995,4.61734375,0,0,0,0
qBIG,0.6,0,56,0.25,0.0,2.2468749999999997,-0.02062499999999995,1,7.6792187499999995,5.432343749999999,0,0,0,0
qBIG,0.6,0,57,0.5,0.5,6.08,1.189375,1,7.6792187499999995,1.5992187499999995,0,0,0,1
qBIG,0.6,0,58,0.75,0.25,4.499218749999999,1.7266796875000003,0,7.6792187499999995,3.1800000000000006,0,0,0,0
qBIG,0.6,0,59,0.0,0.5,3.4974999999999996,0.6575,1,7.6792187499999995,4.18171875,0,0,0,0
qBIG,0.6,0,60,0.5,0.25,3.9499999999999997,0.90609375,1,7.6792187499999995,3.72921875,0,0,0,0
qBIG,0.6,0,61,0.0,0.75,5.9643749999999995,1.369375,1,7.6792187499999995,1.71484375,0,0,0,1
qBIG,0.6,0,62,0.75,1.0,15.101875000000001,3.1187500000000004,0,7.6792187499999995,-7.422656250000002,0,0,0,0
qBIG,0.6,0,63,0.0,0.25,1.9693749999999999,0.004374999999999976,1,7.6792187499999995,5.709843749999999,0,0,0,0
qBIG,0.6,0,64,0.5,0.5,6.08,1.189375,1,7.6792187499999995,1.5992187499999995,0,0,0,1
qBIG,0.6,0,65,0.25,0.5,4.9174999999999995,0.76609375,1,7.6792187499999995,2.76171875,0,0,0,0
qBIG,0.6,0,66,0.25,0.5,4.9174999999999995,0.76609375,1,7.6792187499999995,2.76171875,0,0,0,0
qBIG,0.6,0,67,0.0,0.75,5.9643749999999995,1.369375,1,7.6792187499999995,1.71484375,0,0,0,1
qBIG,0.6,0,68,0.5,0.25,3.9499999999999997,0.90609375,1,7.6792187499999995,3.72921875,0,0,0,0
qBIG,0.6,0,69,0.5,1.0,13.302500000000002,2.205,0,7.6792187499999995,-5.6232812500000025,0,0,0,0
qBIG,0.6,0,70,0.5,0.5,6.08,1.189375,1,7.6792187499999995,1.5992187499999995,0,0,0,1
qBIG,0.6,0,71,0.25,0.0,2.2468749999999997,-0.02062499999999995,1,7.6792187499999995,5.432343749999999,0,0,0,0
qBIG,0.6,0,72,0.5,0.0,2.8075,0.7725000000000001,1,7.6792187499999995,4.871718749999999,0,0,0,0
qBIG,0.6,0,73,0.5,0.25,3.9499999999999997,0.90609375,1,7.6792187499999995,3.72921875,0,0,0,0
qBIG,0.6,0,74,0.0,0.5,3.4974999999999996,0.6575,1,7.6792187499999995,4.18171875,0,0,0,0
qBIG,0.6,0,75,1.0,0.25,4.7543750000000005,2.79375,0,7.6792187499999995,2.924843749999999,0,0,0,0
qBIG,0.6,0,76,0.0,0.75,5.9643749999999995,1.369375,1,7.6792187499999995,1.71484375,0,0,0,1
qBIG,0.6,0,77,0.0,0.75,5.9643749999999995,1.369375,1,7.6792187499999995,1.71484375,0,0,0,1
qBIG,0.6,0,78,0.0,0.0,1.38,-0.59,1,7.6792187499999995,6.29921875,0,0,0,0
qBIG,0.6,0,79,0.5,0.25,3.9499999999999997,0.90609375,1,7.6792187499999995,3.72921875,0,0,0,0
qBIG,0.6,0,80,0.5,0.25,3.9499999999999997,0.90609375,1,7.6792187499999995,3.72921875,0,0,0,0
qBIG,0.6,0,81,0.25,0.0,2.2468749999999997,-0.02062499999999995,1,7.6792187499999995,5.432343749999999,0,0,0,0
qBIG,0.6,0,82,0.25,0.25,3.1067187499999993,0.3319921875,1,7.6792187499999995,4.5725,0,0,0,0
qBIG,0.6,0,83,0.25,1.0,11.391874999999999,1.87875,0,7.6792187499999995,-3.7126562499999993,0,0,0,0
qBIG,0.6,0,84,0.25,0.25,3.1067187499999993,0.3319921875,1,7.6792187499999995,4.5725,0,0,0,0
qBIG,0.6,0,85,0.5,0.5,6.08,1.189375,1,7.6792187499999995,1.5992187499999995,0,0,0,1
qBIG,0.6,0,86,0.25,0.75,7.6792187499999995,1.2816796875,1,7.6792187499999995,0.0,1,1,1,1
qBIG,0.6,0,87,0.25,0.5,4.9174999999999995,0.76609375,1,7.6792187499999995,2.76171875,0,0,0,0
qBIG,0.6,0,88,0.5,0.25,3.9499999999999997,0.90609375,1,7.6792187499999995,3.72921875,0,0,0,0
qBIG,0.6,0,89,0.0,0.75,5.9643749999999995,1.369375,1,7.6792187499999995,1.71484375,0,0,0,1
qBIG,0.6,0,90,0.0,0.75,5.9643749999999995,1.369375,1,7.6792187499999995,1.71484375,0,0,0,1
qBIG,0.6,0,91,0.0,1.0,9.37,2.1399999999999997,0,7.6792187499999995,-1.6907812499999997,0,0,0,0
qBIG,0.6,0,92,0.25,0.5,4.9174999999999995,0.76609375,1,7.6792187499999995,2.76171875,0,0,0,0
qBIG,0.6,0,93,0.25,0.5,4.9174999999999995,0.76609375,1,7.6792187499999995,2.76171875,0,0,0,0
qBIG,0.6,0,94,0.5,0.0,2.8075,0.7725000000000001,1,7.6792187499999995,4.871718749999999,0,0,0,0
qBIG,0.6,0,95,0.25,0.5,4.9174999999999995,0.76609375,1,7.6792187499999995,2.76171875,0,0,0,0
qBIG,0.6,0,96,0.25,0.5,4.9174999999999995,0.76609375,1,7.6792187499999995,2.76171875,0,0,0,0
qBIG,0.6,0,97,0.25,0.75,7.6792187499999995,1.2816796875,1,7.6792187499999995,0.0,1,1,1,1
qBIG,0.6,0,98,0.25,0.5,4.9174999999999995,0.76609375,1,7.6792187499999995,2.76171875,0,0,0,0
qBIG,0.6,0,99,0.25,0.75,7.6792187499999995,1.2816796875,1,7.6792187499999995,0.0,1,1,1,1
qBIG,0.6,0,100,0.0,0.75,5.9643749999999995,1.369375,1,7.6792187499999995,1.71484375,0,0,0,1
qBIG,0.6,0,101,0.0,0.0,1.38,-0.59,1,7.6792187499999995,6.29921875,0,0,0,0
qBIG,0.6,0,102,0.0,0.5,3.4974999999999996,0.6575,1,7.6792187499999995,4.18171875,0,0,0,0
qBIG,0.6,0,103,0.5,0.75,9.1975,1.6223437500000002,0,7.6792187499999995,-1.5182812500000002,0,0,0,0
qBIG,0.6,0,104,0.0,0.25,1.9693749999999999,0.004374999999999976,1,7.6792187499999995,5.709843749999999,0,0,0,0
qBIG,0.6,0,105,0.0,0.75,5.9643749999999995,1.369375,1,7.6792187499999995,1.71484375,0,0,0,1
qBIG,0.6,0,106,0.25,0.5,4.9174999999999995,0.76609375,1,7.6792187499999995,2.76171875,0,0,0,0
qBIG,0.6,0,107,0.0,0.0,1.38,-0.59,1,7.6792187499999995,6.29921875,0,0,0,0
qBIG,0.6,0,108,0.0,0.5,3.4974999999999996,0.6575,1,7.6792187499999995,4.18171875,0,0,0,0
qBIG,0.6,0,109,0.25,1.0,11.391874999999999,1.87875,0,7.6792187499999995,-3.7126562499999993,0,0,0,0
qBIG,0.6,0,110,0.5,0.75,9.1975,1.6223437500000002,0,7.6792187499999995,-1.5182812500000002,0,0,0,0
qBIG,0.6,0,111,0.0,0.5,3.4974999999999996,0.6575,1,7.6792187499999995,4.18171875,0,0,0,0
qBIG,0.6,0,112,0.5,0.75,9.1975,1.6223437500000002,0,7.6792187499999995,-1.5182812500000002,0,0,0,0
qBIG,0.6,0,113,0.0,0.5,3.4974999999999996,0.6575,1,7.6792187499999995,4.18171875,0,0,0,0
qBIG,0.6,0,114,0.0,0.75,5.9643749999999995,1.369375,1,7.6792187499999995,1.71484375,0,0,0,1
qBIG,0.6,0,115,0.25,0.5,4.9174999999999995,0.76609375,1,7.6792187499999995,2.76171875,0,0,0,0
qBIG,0.6,0,116,0.0,1.0,9.37,2.1399999999999997,0,7.6792187499999995,-1.6907812499999997,0,0,0,0
qBIG,0.6,0,117,0.0,0.5,3.4974999999999996,0.6575,1,7.6792187499999995,4.18171875,0,0,0,0
qBIG,0.6,0,118,0.25,1.0,11.391874999999999,1.87875,0,7.6792187499999995,-3.7126562499999993,0,0,0,0
qBIG,0.6,0,119,0.5,0.5,6.08,1.189375,1,7.6792187499999995,1.5992187499999995,0,0,0,1
qBIG,0.6,0,120,0.25,0.25,3.1067187499999993,0.3319921875,1,7.6792187499999995,4.5725,0,0,0,0
qBIG,0.6,0,121,0.5,0.75,9.1975,1.6223437500000002,0,7.6792187499999995,-1.5182812500000002,0,0,0,0
qBIG,0.6,0,122,0.25,0.75,7.6792187499999995,1.2816796875,1,7.6792187499999995,0.0,1,1,1,1
qBIG,0.6,0,123,0.5,0.75,9.1975,1.6223437500000002,0,7.6792187499999995,-1.5182812500000002,0,0,0,0
qBIG,0.6,0,124,0.0,0.75,5.9643749999999995,1.369375,1,7.6792187499999995,1.71484375,0,0,0,1
qBIG,0.6,0,125,0.25,0.75,7.6792187499999995,1.2816796875,1,7.6792187499999995,0.0,1,1,1,1
qBIG,0.6,0,126,0.5,0.0,2.8075,0.7725000000000001,1,7.6792187499999995,4.871718749999999,0,0,0,0
qBIG,0.6,0,127,1.0,1.0,16.79,4.62,0,7.6792187499999995,-9.110781249999999,0,0,0,0
qBIG,0.6,0,128,0.5,0.25,3.9499999999999997,0.90609375,1,7.6792187499999995,3.72921875,0,0,0,0
qBIG,0.6,0,129,0.25,0.75,7.6792187499999995,1.2816796875,1,7.6792187499999995,0.0,1,1,1,1
qBIG,0.6,0,130,0.25,0.75,7.6792187499999995,1.2816796875,1,7.6792187499999995,0.0,1,1,1,1
qBIG,0.6,0,131,0.75,1.0,15.101875000000001,3.1187500000000004,0,7.6792187499999995,-7.422656250000002,0,0,0,0
qBIG,0.6,0,132,0.5,0.5,6.08,1.189375,1,7.6792187499999995,1.5992187499999995,0,0,0,1
qBIG,0.6,0,133,0.5,0.75,9.1975,1.6223437500000002,0,7.6792187499999995,-1.5182812500000002,0,0,0,0
qBIG,0.6,0,134,0.5,0.5,6.08,1.189375,1,7.6792187499999995,1.5992187499999995,0,0,0,1
qBIG,0.6,0,135,0.75,0.25,4.499218749999999,1.7266796875000003,0,7.6792187499999995,3.1800000000000006,0,0,0,0
qBIG,0.6,0,136,0.5,0.0,2.8075,0.7725000000000001,1,7.6792187499999995,4.871718749999999,0,0,0,0
qBIG,0.6,0,137,0.75,0.5,6.985,1.9273437500000001,0,7.6792187499999995,0.6942187499999992,0,0,0,0
qBIG,0.6,0,138,0.25,0.5,4.9174999999999995,0.76609375,1,7.6792187499999995,2.76171875,0,0,0,0
qBIG,0.6,0,139,0.5,0.75,9.1975,1.6223437500000002,0,7.6792187499999995,-1.5182812500000002,0,0,0,0
qBIG,0.6,0,140,0.5,0.25,3.9499999999999997,0.90609375,1,7.6792187499999995,3.72921875,0,0,0,0
qBIG,0.6,0,141,0.25,0.75,7.6792187499999995,1.2816796875,1,7.6792187499999995,0.0,1,1,1,1
qBIG,0.6,0,142,0.25,0.75,7.6792187499999995,1.2816796875,1,7.6792187499999995,0.0,1,1,1,1
qBIG,0.6,0,143,0.5,0.0,2.8075,0.7725000000000001,1,7.6792187499999995,4.871718749999999,0,0,0,0
qBIG,0.6,0,144,0.0,0.75,5.9643749999999995,1.369375,1,7.6792187499999995,1.71484375,0,0,0,1
qBIG,0.6,0,145,1.0,0.5,7.632499999999999,2.9800000000000004,0,7.6792187499999995,0.04671875000000014,0,0,0,0
qBIG,0.6,0,146,1.0,1.0,16.79,4.62,0,7.6792187499999995,-9.110781249999999,0,0,0,0
qBIG,0.6,0,147,0.0,0.75,5.9643749999999995,1.369375,1,7.6792187499999995,1.71484375,0,0,0,1
qBIG,0.6,0,148,0.25,0.5,4.9174999999999995,0.76609375,1,7.6792187499999995,2.76171875,0,0,0,0
qBIG,0.6,0,149,0.25,0.5,4.9174999999999995,0.76609375,1,7.6792187499999995,2.76171875,0,0,0,0
qBIG,0.6,0,150,0.5,0.5,6.08,1.189375,1,7.6792187499999995,1.5992187499999995,0,0,0,1
qBIG,0.6,0,151,0.5,0.25,3.9499999999999997,0.90609375,1,7.6792187499999995,3.72921875,0,0,0,0
qBIG,0.6,0,152,0.25,0.75,7.6792187499999995,1.2816796875,1,7.6792187499999995,0.0,1,1,1,1
qBIG,0.6,0,153,0.0,0.5,3.4974999999999996,0.6575,1,7.6792187499999995,4.18171875,0,0,0,0
qBIG,0.6,0,154,0.25,0.75,7.6792187499999995,1.2816796875,1,7.6792187499999995,0.0,1,1,1,1
qBIG,0.6,0,155,0.5,0.75,9.1975,1.6223437500000002,0,7.6792187499999995,-1.5182812500000002,0,0,0,0
qBIG,0.6,0,156,0.0,0.5,3.4974999999999996,0.6575,1,7.6792187499999995,4.18171875,0,0,0,0
qBIG,0.6,0,157,0.0,0.25,1.9693749999999999,0.004374999999999976,1,7.6792187499999995,5.709843749999999,0,0,0,0
qBIG,0.6,0,158,0.5,1.0,13.302500000000002,2.205,0,7.6792187499999995,-5.6232812500000025,0,0,0,0
qBIG,0.6,0,159,0.25,0.75,7.6792187499999995,1.2816796875,1,7.6792187499999995,0.0,1,1,1,1
qBIG,0.6,0,160,0.25,0.75,7.6792187499999995,1.2816796875,1,7.6792187499999995,0.0,1,1,1,1
qBIG,0.6,0,161,0.0,0.0,1.38,-0.59,1,7.6792187499999995,6.29921875,0,0,0,0
qBIG,0.6,0,162,0.25,0.25,3.1067187499999993,0.3319921875,1,7.6792187499999995,4.5725,0,0,0,0
qBIG,0.6,0,163,0.0,0.5,3.4974999999999996,0.6575,1,7.6792187499999995,4.18171875,0,0,0,0
qBIG,0.6,0,164,0.5,0.25,3.9499999999999997,0.90609375,1,7.6792187499999995,3.72921875,0,0,0,0
qBIG,0.6,0,165,0.0,0.75,5.9643749999999995,1.369375,1,7.6792187499999995,1.71484375,0,0,0,1
qBIG,0.6,0,166,0.0,0.0,1.38,-0.59,1,7.6792187499999995,6.29921875,0,0,0,0
qBIG,0.6,0,167,0.0,0.25,1.9693749999999999,0.004374999999999976,1,7.6792187499999995,5.709843749999999,0,0,0,0
qBIG,0.6,0,168,0.75,0.25,4.499218749999999,1.7266796875000003,0,7.6792187499999995,3.1800000000000006,0,0,0,0
qBIG,0.6,0,169,1.0,0.5,7.632499999999999,2.9800000000000004,0,7.6792187499999995,0.04671875000000014,0,0,0,0
qBIG,0.6,0,170,0.5,0.0,2.8075,0.7725000000000001,1,7.6792187499999995,4.871718749999999,0,0,0,0
qBIG,0.6,0,171,0.25,0.5,4.9174999999999995,0.76609375,1,7.6792187499999995,2.76171875,0,0,0,0
qBIG,0.6,0,172,0.25,1.0,11.391874999999999,1.87875,0,7.6792187499999995,-3.7126562499999993,0,0,0,0
qBIG,0.6,0,173,0.0,0.5,3.4974999999999996,0.6575,1,7.6792187499999995,4.18171875,0,0,0,0
qBIG,0.6,0,174,0.5,0.25,3.9499999999999997,0.90609375,1,7.6792187499999995,3.72921875,0,0,0,0
qBIG,0.6,0,175,0.5,0.5,6.08,1.189375,1,7.6792187499999995,1.5992187499999995,0,0,0,1
qBIG,0.6,0,176,0.5,0.5,6.08,1.189375,1,7.6792187499999995,1.5992187499999995,0,0,0,1
qBIG,0.6,0,177,0.5,0.25,3.9499999999999997,0.90609375,1,7.6792187499999995,3.72921875,0,0,0,0
qBIG,0.6,0,178,0.0,0.5,3.4974999999999996,0.6575,1,7.6792187499999995,4.18171875,0,0,0,0
qBIG,0.6,0,179,0.0,0.5,3.4974999999999996,0.6575,1,7.6792187499999995,4.18171875,0,0,0,0
qBIG,0.6,0,180,0.5,0.25,3.9499999999999997,0.90609375,1,7.6792187499999995,3.72921875,0,0,0,0
qBIG,0.6,0,181,0.25,1.0,11.391874999999999,1.87875,0,7.6792187499999995,-3.7126562499999993,0,0,0,0
qBIG,0.6,0,182,0.0,0.75,5.9643749999999995,1.369375,1,7.6792187499999995,1.71484375,0,0,0,1
qBIG,0.6,0,183,0.0,0.0,1.38,-0.59,1,7.6792187499999995,6.29921875,0,0,0,0
qBIG,0.6,0,184,0.5,0.25,3.9499999999999997,0.90609375,1,7.6792187499999995,3.72921875,0,0,0,0
qBIG,0.6,0,185,0.25,1.0,11.391874999999999,1.87875,0,7.6792187499999995,-3.7126562499999993,0,0,0,0
qBIG,0.6,0,186,0.0,0.0,1.38,-0.59,1,7.6792187499999995,6.29921875,0,0,0,0
qBIG,0.6,0,187,0.0,0.5,3.4974999999999996,0.6575,1,7.6792187499999995,4.18171875,0,0,0,0
qBIG,0.6,0,188,0.5,0.25,3.9499999999999997,0.90609375,1,7.6792187499999995,3.72921875,0,0,0,0
qBIG,0.6,0,189,0.25,0.75,7.6792187499999995,1.2816796875,1,7.6792187499999995,0.0,1,1,1,1
qBIG,0.6,0,190,0.0,0.75,5.9643749999999995,1.369375,1,7.6792187499999995,1.71484375,0,0,0,1
qBIG,0.6,0,191,0.5,0.75,9.1975,1.6223437500000002,0,7.6792187499999995,-1.5182812500000002,0,0,0,0
qBIG,0.6,0,192,0.25,1.0,11.391874999999999,1.87875,0,7.6792187499999995,-3.7126562499999993,0,0,0,0
qBIG,0.6,0,193,0.5,0.25,3.9499999999999997,0.90609375,1,7.6792187499999995,3.72921875,0,0,0,0
qBIG,0.6,0,194,0.0,0.75,5.9643749999999995,1.369375,1,7.6792187499999995,1.71484375,0,0,0,1
qBIG,0.6,0,195,0.0,0.5,3.4974999999999996,0.6575,1,7.6792187499999995,4.18171875,0,0,0,0
qBIG,0.6,0,196,0.25,0.5,4.9174999999999995,0.76609375,1,7.6792187499999995,2.76171875,0,0,0,0
qBIG,0.6,0,197,0.25,0.75,7.6792187499999995,1.2816796875,1,7.6792187499999995,0.0,1,1,1,1
qBIG,0.6,0,198,0.25,1.0,11.391874999999999,1.87875,0,7.6792187499999995,-3.7126562499999993,0,0,0,0
qBIG,0.6,0,199,0.25,0.75,7.6792187499999995,1.2816796875,1,7.6792187499999995,0.0,1,1,1,1
qBIG,0.6,1,0,0.5,0.75,13.205468749999998,1.6223437500000002,1,13.205468749999998,0.0,1,1,1,1
qBIG,0.6,1,1,0.5,0.75,13.205468749999998,1.6223437500000002,1,13.205468749999998,0.0,1,1,1,1
qBIG,0.6,1,2,0.5,0.75,13.205468749999998,1.6223437500000002,1,13.205468749999998,0.0,1,1,1,1
qBIG,0.6,1,3,0.5,0.75,13.205468749999998,1.6223437500000002,1,13.205468749999998,0.0,1,1,1,1
qBIG,0.6,1,4,0.25,0.75,9.212304687500001,1.2816796875,1,13.205468749999998,3.9931640624999964,0,0,0,0
qBIG,0.6,1,5,0.5,1.0,15.885000000000002,2.205,0,13.205468749999998,-2.6795312500000037,0,0,0,0
qBIG,0.6,1,6,0.5,0.75,13.205468749999998,1.6223437500000002,1,13.205468749999998,0.0,1,1,1,1
qBIG,0.6,1,7,0.75,0.5,12.123593750000001,1.9273437500000001,1,13.205468749999998,1.0818749999999966,0,0,0,1
qBIG,0.6,1,8,0.75,0.25,7.777304687499998,1.7266796875000003,1,13.205468749999998,5.4281640625,0,0,0,0
qBIG,0.6,1,9,0.75,0.25,7.777304687499998,1.7266796875000003,1,13.205468749999998,5.4281640625,0,0,0,0
qBIG,0.6,1,10,0.5,1.0,15.885000000000002,2.205,0,13.205468749999998,-2.6795312500000037,0,0,0,0
qBIG,0.6,1,11,0.5,0.75,13.205468749999998,1.6223437500000002,1,13.205468749999998,0.0,1,1,1,1
qBIG,0.6,1,12,0.5,1.0,15.885000000000002,2.205,0,13.205468749999998,-2.6795312500000037,0,0,0,0
qBIG,0.6,1,13,0.5,1.0,15.885000000000002,2.205,0,13.205468749999998,-2.6795312500000037,0,0,0,0
qBIG,0.6,1,14,0.5,0.75,13.205468749999998,1.6223437500000002,1,13.205468749999998,0.0,1,1,1,1
qBIG,0.6,1,15,0.5,0.75,13.205468749999998,1.6223437500000002,1,13.205468749999998,0.0,1,1,1,1
qBIG,0.6,1,16,0.5,0.75,13.205468749999998,1.6223437500000002,1,13.205468749999998,0.0,1,1,1,1
qBIG,0.6,1,17,0.5,1.0,15.885000000000002,2.205,0,13.205468749999998,-2.6795312500000037,0,0,0,0
qBIG,0.6,1,18,0.5,0.75,13.205468749999998,1.6223437500000002,1,13.205468749999998,0.0,1,1,1,1
qBIG,0.6,1,19,0.5,0.5,10.089374999999997,1.189375,1,13.205468749999998,3.116093750000001,0,0,0,0
qBIG,0.6,1,20,0.75,0.75,15.853242187500001,2.3913671875,0,13.205468749999998,-2.6477734375000033,0,0,0,0
qBIG,0.6,1,21,0.0,0.0,-1.05,-0.59,1,13.205468749999998,14.255468749999999,0,0,0,0
qBIG,0.6,1,22,0.5,0.25,6.536718749999999,0.90609375,1,13.205468749999998,6.668749999999999,0,0,0,0
qBIG,0.6,1,23,0.75,0.75,15.853242187500001,2.3913671875,0,13.205468749999998,-2.6477734375000033,0,0,0,0
qBIG,0.6,1,24,0.5,1.0,15.885000000000002,2.205,0,13.205468749999998,-2.6795312500000037,0,0,0,0
qBIG,0.6,1,25,0.25,0.75,9.212304687500001,1.2816796875,1,13.205468749999998,3.9931640624999964,0,0,0,0
qBIG,0.6,1,26,0.25,0.5,6.889843749999999,0.76609375,1,13.205468749999998,6.315624999999999,0,0,0,0
qBIG,0.6,1,27,0.5,0.75,13.205468749999998,1.6223437500000002,1,13.205468749999998,0.0,1,1,1,1
qBIG,0.6,1,28,0.5,0.75,13.205468749999998,1.6223437500000002,1,13.205468749999998,0.0,1,1,1,1
qBIG,0.6,1,29,0.5,0.5,10.089374999999997,1.189375,1,13.205468749999998,3.116093750000001,0,0,0,0
qBIG,0.6,1,30,0.5,0.75,13.205468749999998,1.6223437500000002,1,13.205468749999998,0.0,1,1,1,1
qBIG,0.6,1,31,0.5,0.75,13.205468749999998,1.6223437500000002,1,13.205468749999998,0.0,1,1,1,1
qBIG,0.6,1,32,0.5,0.75,13.205468749999998,1.6223437500000002,1,13.205468749999998,0.0,1,1,1,1
qBIG,0.6,1,33,0.5,0.75,13.205468749999998,1.6223437500000002,1,13.205468749999998,0.0,1,1,1,1
qBIG,0.6,1,34,0.25,0.75,9.212304687500001,1.2816796875,1,13.205468749999998,3.9931640624999964,0,0,0,0
qBIG,0.6,1,35,0.25,1.0,11.206249999999999,1.87875,1,13.205468749999998,1.999218749999999,0,0,0,1
qBIG,0.6,1,36,0.5,1.0,15.885000000000002,2.205,0,13.205468749999998,-2.6795312500000037,0,0,0,0
qBIG,0.6,1,37,0.5,1.0,15.885000000000002,2.205,0,13.205468749999998,-2.6795312500000037,0,0,0,0
qBIG,0.6,1,38,0.5,0.75,13.205468749999998,1.6223437500000002,1,13.205468749999998,0.0,1,1,1,1
qBIG,0.6,1,39,0.5,0.5,10.089374999999997,1.189375,1,13.205468749999998,3.116093750000001,0,0,0,0
qBIG,0.6,1,40,0.75,0.5,12.123593750000001,1.9273437500000001,1,13.205468749999998,1.0818749999999966,0,0,0,1
qBIG,0.6,1,41,0.5,0.75,13.205468749999998,1.6223437500000002,1,13.205468749999998,0.0,1,1,1,1
qBIG,0.6,1,42,0.5,0.75,13.205468749999998,1.6223437500000002,1,13.205468749999998,0.0,1,1,1,1
qBIG,0.6,1,43,0.5,0.75,13.205468749999998,1.6223437500000002,1,13.205468749999998,0.0,1,1,1,1
qBIG,0.6,1,44,0.5,1.0,15.885000000000002,2.205,0,13.205468749999998,-2.6795312500000037,0,0,0,0
qBIG,0.6,1,45,1.0,0.5,12.9925,2.9800000000000004,0,13.205468749999998,0.21296874999999815,0,0,0,0
qBIG,0.6,1,46,0.5,0.75,13.205468749999998,1.6223437500000002,1,13.205468749999998,0.0,1,1,1,1
qBIG,0.6,1,47,0.5,0.75,13.205468749999998,1.6223437500000002,1,13.205468749999998,0.0,1,1,1,1
qBIG,0.6,1,48,0.5,0.5,10.089374999999997,1.189375,1,13.205468749999998,3.116093750000001,0,0,0,0
qBIG,0.6,1,49,0.5,0.5,10.089374999999997,1.189375,1,13.205468749999998,3.116093750000001,0,0,0,0
qBIG,0.6,1,50,0.5,0.75,13.205468749999998,1.6223437500000002,1,13.205468749999998,0.0,1,1,1,1
qBIG,0.6,1,51,0.25,0.5,6.889843749999999,0.76609375,1,13.205468749999998,6.315624999999999,0,0,0,0
qBIG,0.6,1,52,0.5,0.75,13.205468749999998,1.6223437500000002,1,13.205468749999998,0.0,1,1,1,1
qBIG,0.6,1,53,0.5,0.75,13.205468749999998,1.6223437500000002,1,13.205468749999998,0.0,1,1,1,1
qBIG,0.6,1,54,0.75,0.5,12.123593750000001,1.9273437500000001,1,13.205468749999998,1.0818749999999966,0,0,0,1
qBIG,0.6,1,55,0.5,0.5,10.089374999999997,1.189375,1,13.205468749999998,3.116093750000001,0,0,0,0
qBIG,0.6,1,56,0.25,0.0,1.259375,-0.02062499999999995,1,13.205468749999998,11.946093749999998,0,0,0,0
qBIG,0.6,1,57,0.5,1.0,15.885000000000002,2.205,0,13.205468749999998,-2.6795312500000037,0,0,0,0
qBIG,0.6,1,58,0.5,1.0,15.885000000000002,2.205,0,13.205468749999998,-2.6795312500000037,0,0,0,0
qBIG,0.6,1,59,0.5,0.75,13.205468749999998,1.6223437500000002,1,13.205468749999998,0.0,1,1,1,1
qBIG,0.6,1,60,0.0,0.0,-1.05,-0.59,1,13.205468749999998,14.255468749999999,0,0,0,0
qBIG,0.6,1,61,0.75,0.25,7.777304687499998,1.7266796875000003,1,13.205468749999998,5.4281640625,0,0,0,0
qBIG,0.6,1,62,0.5,1.0,15.885000000000002,2.205,0,13.205468749999998,-2.6795312500000037,0,0,0,0
qBIG,0.6,1,63,0.5,0.5,10.089374999999997,1.189375,1,13.205468749999998,3.116093750000001,0,0,0,0
qBIG,0.6,1,64,0.5,0.75,13.205468749999998,1.6223437500000002,1,13.205468749999998,0.0,1,1,1,1
qBIG,0.6,1,65,0.25,1.0,11.206249999999999,1.87875,1,13.205468749999998,1.999218749999999,0,0,0,1
qBIG,0.6,1,66,0.75,0.5,12.123593750000001,1.9273437500000001,1,13.205468749999998,1.0818749999999966,0,0,0,1
qBIG,0.6,1,67,0.5,1.0,15.885000000000002,2.205,0,13.205468749999998,-2.6795312500000037,0,0,0,0
qBIG,0.6,1,68,0.25,0.75,9.212304687500001,1.2816796875,1,13.205468749999998,3.9931640624999964,0,0,0,0
qBIG,0.6,1,69,0.75,0.5,12.123593750000001,1.9273437500000001,1,13.205468749999998,1.0818749999999966,0,0,0,1
qBIG,0.6,1,70,0.5,0.75,13.205468749999998,1.6223437500000002,1,13.205468749999998,0.0,1,1,1,1
qBIG,0.6,1,71,0.75,0.75,15.853242187500001,2.3913671875,0,13.205468749999998,-2.6477734375000033,0,0,0,0
qBIG,0.6,1,72,0.5,0.75,13.205468749999998,1.6223437500000002,1,13.205468749999998,0.0,1,1,1,1
qBIG,0.6,1,73,0.25,0.75,9.212304687500001,1.2816796875,1,13.205468749999998,3.9931640624999964,0,0,0,0
qBIG,0.6,1,74,0.25,0.75,9.212304687500001,1.2816796875,1,13.205468749999998,3.9931640624999964,0,0,0,0
qBIG,0.6,1,75,0.5,0.75,13.205468749999998,1.6223437500000002,1,13.205468749999998,0.0,1,1,1,1
qBIG,0.6,1,76,0.75,0.5,12.123593750000001,1.9273437500000001,1,13.205468749999998,1.0818749999999966,0,0,0,1
qBIG,0.6,1,77,0.25,0.75,9.212304687500001,1.2816796875,1,13.205468749999998,3.9931640624999964,0,0,0,0
qBIG,0.6,1,78,0.5,0.5,10.089374999999997,1.189375,1,13.205468749999998,3.116093750000001,0,0,0,0
qBIG,0.6,1,79,1.0,0.5,12.9925,2.9800000000000004,0,13.205468749999998,0.21296874999999815,0,0,0,0
qBIG,0.6,1,80,0.5,0.5,10.089374999999997,1.189375,1,13.205468749999998,3.116093750000001,0,0,0,0
qBIG,0.6,1,81,0.25,1.0,11.206249999999999,1.87875,1,13.205468749999998,1.999218749999999,0,0,0,1
qBIG,0.6,1,82,0.25,1.0,11.206249999999999,1.87875,1,13.205468749999998,1.999218749999999,0,0,0,1
qBIG,0.6,1,83,0.75,0.5,12.123593750000001,1.9273437500000001,1,13.205468749999998,1.0818749999999966,0,0,0,1
qBIG,0.6,1,84,0.5,0.5,10.089374999999997,1.189375,1,13.205468749999998,3.116093750000001,0,0,0,0
qBIG,0.6,1,85,0.5,0.75,13.205468749999998,1.6223437500000002,1,13.205468749999998,0.0,1,1,1,1
qBIG,0.6,1,86,0.5,1.0,15.885000000000002,2.205,0,13.205468749999998,-2.6795312500000037,0,0,0,0
qBIG,0.6,1,87,0.5,0.75,13.205468749999998,1.6223437500000002,1,13.205468749999998,0.0,1,1,1,1
qBIG,0.6,1,88,0.75,0.25,7.777304687499998,1.7266796875000003,1,13.205468749999998,5.4281640625,0,0,0,0
qBIG,0.6,1,89,0.5,1.0,15.885000000000002,2.205,0,13.205468749999998,-2.6795312500000037,0,0,0,0
qBIG,0.6,1,90,0.5,0.75,13.205468749999998,1.6223437500000002,1,13.205468749999998,0.0,1,1,1,1
qBIG,0.6,1,91,0.5,0.75,13.205468749999998,1.6223437500000002,1,13.205468749999998,0.0,1,1,1,1
qBIG,0.6,1,92,0.5,0.25,6.536718749999999,0.90609375,1,13.205468749999998,6.668749999999999,0,0,0,0
qBIG,0.6,1,93,0.25,1.0,11.206249999999999,1.87875,1,13.205468749999998,1.999218749999999,0,0,0,1
qBIG,0.6,1,94,0.5,0.75,13.205468749999998,1.6223437500000002,1,13.205468749999998,0.0,1,1,1,1
qBIG,0.6,1,95,0.5,0.75,13.205468749999998,1.6223437500000002,1,13.205468749999998,0.0,1,1,1,1
qBIG,0.6,1,96,0.25,1.0,11.206249999999999,1.87875,1,13.205468749999998,1.999218749999999,0,0,0,1
qBIG,0.6,1,97,0.5,1.0,15.885000000000002,2.205,0,13.205468749999998,-2.6795312500000037,0,0,0,0
qBIG,0.6,1,98,0.25,0.75,9.212304687500001,1.2816796875,1,13.205468749999998,3.9931640624999964,0,0,0,0
qBIG,0.6,1,99,0.5,0.5,10.089374999999997,1.189375,1,13.205468749999998,3.116093750000001,0,0,0,0
qBIG,0.6,1,100,0.5,1.0,15.885000000000002,2.205,0,13.205468749999998,-2.6795312500000037,0,0,0,0
qBIG,0.6,1,101,0.5,1.0,15.885000000000002,2.205,0,13.205468749999998,-2.6795312500000037,0,0,0,0
qBIG,0.6,1,102,0.5,0.75,13.205468749999998,1.6223437500000002,1,13.205468749999998,0.0,1,1,1,1
qBIG,0.6,1,103,0.75,0.5,12.123593750000001,1.9273437500000001,1,13.205468749999998,1.0818749999999966,0,0,0,1
qBIG,0.6,1,104,0.5,0.5,10.089374999999997,1.189375,1,13.205468749999998,3.116093750000001,0,0,0,0
qBIG,0.6,1,105,0.5,1.0,15.885000000000002,2.205,0,13.205468749999998,-2.6795312500000037,0,0,0,0
qBIG,0.6,1,106,0.5,0.25,6.536718749999999,0.90609375,1,13.205468749999998,6.668749999999999,0,0,0,0
qBIG,0.6,1,107,0.0,0.0,-1.05,-0.59,1,13.205468749999998,14.255468749999999,0,0,0,0
qBIG,0.6,1,108,0.25,1.0,11.206249999999999,1.87875,1,13.205468749999998,1.999218749999999,0,0,0,1
qBIG,0.6,1,109,0.5,1.0,15.885000000000002,2.205,0,13.205468749999998,-2.6795312500000037,0,0,0,0
qBIG,0.6,1,110,0.5,0.75,13.205468749999998,1.6223437500000002,1,13.205468749999998,0.0,1,1,1,1
qBIG,0.6,1,111,0.5,0.5,10.089374999999997,1.189375,1,13.205468749999998,3.116093750000001,0,0,0,0
qBIG,0.6,1,112,0.5,0.75,13.205468749999998,1.6223437500000002,1,13.205468749999998,0.0,1,1,1,1
qBIG,0.6,1,113,0.5,1.0,15.885000000000002,2.205,0,13.205468749999998,-2.6795312500000037,0,0,0,0
qBIG,0.6,1,114,0.5,0.75,13.205468749999998,1.6223437500000002,1,13.205468749999998,0.0,1,1,1,1
qBIG,0.6,1,115,0.25,0.75,9.212304687500001,1.2816796875,1,13.205468749999998,3.9931640624999964,0,0,0,0
qBIG,0.6,1,116,0.5,1.0,15.885000000000002,2.205,0,13.205468749999998,-2.6795312500000037,0,0,0,0
qBIG,0.6,1,117,0.5,0.75,13.205468749999998,1.6223437500000002,1,13.205468749999998,0.0,1,1,1,1
qBIG,0.6,1,118,0.5,1.0,15.885000000000002,2.205,0,13.205468749999998,-2.6795312500000037,0,0,0,0
qBIG,0.6,1,119,0.5,0.5,10.089374999999997,1.189375,1,13.205468749999998,3.116093750000001,0,0,0,0
qBIG,0.6,1,120,0.5,0.25,6.536718749999999,0.90609375,1,13.205468749999998,6.668749999999999,0,0,0,0
qBIG,0.6,1,121,0.5,0.5,10.089374999999997,1.189375,1,13.205468749999998,3.116093750000001,0,0,0,0
qBIG,0.6,1,122,0.5,0.75,13.205468749999998,1.6223437500000002,1,13.205468749999998,0.0,1,1,1,1
qBIG,0.6,1,123,0.75,0.75,15.853242187500001,2.3913671875,0,13.205468749999998,-2.6477734375000033,0,0,0,0
qBIG,0.6,1,124,0.5,1.0,15.885000000000002,2.205,0,13.205468749999998,-2.6795312500000037,0,0,0,0
qBIG,0.6,1,125,0.25,0.75,9.212304687500001,1.2816796875,1,13.205468749999998,3.9931640624999964,0,0,0,0
qBIG,0.6,1,126,0.25,1.0,11.206249999999999,1.87875,1,13.205468749999998,1.999218749999999,0,0,0,1
qBIG,0.6,1,127,1.0,0.5,12.9925,2.9800000000000004,0,13.205468749999998,0.21296874999999815,0,0,0,0
qBIG,0.6,1,128,0.75,0.5,12.123593750000001,1.9273437500000001,1,13.205468749999998,1.0818749999999966,0,0,0,1
qBIG,0.6,1,129,0.5,0.75,13.205468749999998,1.6223437500000002,1,13.205468749999998,0.0,1,1,1,1
qBIG,0.6,1,130,0.25,1.0,11.206249999999999,1.87875,1,13.205468749999998,1.999218749999999,0,0,0,1
qBIG,0.6,1,131,0.5,1.0,15.885000000000002,2.205,0,13.205468749999998,-2.6795312500000037,0,0,0,0
qBIG,0.6,1,132,0.75,0.5,12.123593750000001,1.9273437500000001,1,13.205468749999998,1.0818749999999966,0,0,0,1
qBIG,0.6,1,133,0.5,0.75,13.205468749999998,1.6223437500000002,1,13.205468749999998,0.0,1,1,1,1
qBIG,0.6,1,134,0.5,0.5,10.089374999999997,1.189375,1,13.205468749999998,3.116093750000001,0,0,0,0
qBIG,0.6,1,135,0.5,0.25,6.536718749999999,0.90609375,1,13.205468749999998,6.668749999999999,0,0,0,0
qBIG,0.6,1,136,0.75,0.0,2.814374999999999,1.7893750000000002,1,13.205468749999998,10.39109375,0,0,0,0
qBIG,0.6,1,137,0.75,0.5,12.123593750000001,1.9273437500000001,1,13.205468749999998,1.0818749999999966,0,0,0,1
qBIG,0.6,1,138,0.5,0.75,13.205468749999998,1.6223437500000002,1,13.205468749999998,0.0,1,1,1,1
qBIG,0.6,1,139,0.25,1.0,11.206249999999999,1.87875,1,13.205468749999998,1.999218749999999,0,0,0,1
qBIG,0.6,1,140,0.75,0.5,12.123593750000001,1.9273437500000001,1,13.205468749999998,1.0818749999999966,0,0,0,1
qBIG,0.6,1,141,0.75,0.25,7.777304687499998,1.7266796875000003,1,13.205468749999998,5.4281640625,0,0,0,0
qBIG,0.6,1,142,0.5,0.75,13.205468749999998,1.6223437500000002,1,13.205468749999998,0.0,1,1,1,1
qBIG,0.6,1,143,0.5,0.25,6.536718749999999,0.90609375,1,13.205468749999998,6.668749999999999,0,0,0,0
qBIG,0.6,1,144,0.5,0.75,13.205468749999998,1.6223437500000002,1,13.205468749999998,0.0,1,1,1,1
qBIG,0.6,1,145,0.5,1.0,15.885000000000002,2.205,0,13.205468749999998,-2.6795312500000037,0,0,0,0
qBIG,0.6,1,146,0.75,0.5,12.123593750000001,1.9273437500000001,1,13.205468749999998,1.0818749999999966,0,0,0,1
qBIG,0.6,1,147,0.75,0.5,12.123593750000001,1.9273437500000001,1,13.205468749999998,1.0818749999999966,0,0,0,1
qBIG,0.6,1,148,0.25,0.75,9.212304687500001,1.2816796875,1,13.205468749999998,3.9931640624999964,0,0,0,0
qBIG,0.6,1,149,0.5,0.75,13.205468749999998,1.6223437500000002,1,13.205468749999998,0.0,1,1,1,1
qBIG,0.6,1,150,0.5,0.5,10.089374999999997,1.189375,1,13.205468749999998,3.116093750000001,0,0,0,0
qBIG,0.6,1,151,0.5,0.5,10.089374999999997,1.189375,1,13.205468749999998,3.116093750000001,0,0,0,0
qBIG,0.6,1,152,0.5,1.0,15.885000000000002,2.205,0,13.205468749999998,-2.6795312500000037,0,0,0,0
qBIG,0.6,1,153,0.5,0.75,13.205468749999998,1.6223437500000002,1,13.205468749999998,0.0,1,1,1,1
qBIG,0.6,1,154,0.25,0.75,9.212304687500001,1.2816796875,1,13.205468749999998,3.9931640624999964,0,0,0,0
qBIG,0.6,1,155,0.5,0.75,13.205468749999998,1.6223437500000002,1,13.205468749999998,0.0,1,1,1,1
qBIG,0.6,1,156,0.5,0.5,10.089374999999997,1.189375,1,13.205468749999998,3.116093750000001,0,0,0,0
qBIG,0.6,1,157,0.0,0.0,-1.05,-0.59,1,13.205468749999998,14.255468749999999,0,0,0,0
qBIG,0.6,1,158,0.25,1.0,11.206249999999999,1.87875,1,13.205468749999998,1.999218749999999,0,0,0,1
qBIG,0.6,1,159,0.25,0.75,9.212304687500001,1.2816796875,1,13.205468749999998,3.9931640624999964,0,0,0,0
qBIG,0.6,1,160,0.5,1.0,15.885000000000002,2.205,0,13.205468749999998,-2.6795312500000037,0,0,0,0
qBIG,0.6,1,161,0.5,0.75,13.205468749999998,1.6223437500000002,1,13.205468749999998,0.0,1,1,1,1
qBIG,0.6,1,162,0.75,1.0,18.966250000000002,3.1187500000000004,0,13.205468749999998,-5.760781250000004,0,0,0,0
qBIG,0.6,1,163,0.5,0.5,10.089374999999997,1.189375,1,13.205468749999998,3.116093750000001,0,0,0,0
qBIG,0.6,1,164,0.5,0.5,10.089374999999997,1.189375,1,13.205468749999998,3.116093750000001,0,0,0,0
qBIG,0.6,1,165,0.5,0.5,10.089374999999997,1.189375,1,13.205468749999998,3.116093750000001,0,0,0,0
qBIG,0.6,1,166,0.25,0.25,4.2388671874999995,0.3319921875,1,13.205468749999998,8.9666015625,0,0,0,0
qBIG,0.6,1,167,0.5,0.5,10.089374999999997,1.189375,1,13.205468749999998,3.116093750000001,0,0,0,0
qBIG,0.6,1,168,0.75,0.25,7.777304687499998,1.7266796875000003,1,13.205468749999998,5.4281640625,0,0,0,0
qBIG,0.6,1,169,0.75,0.25,7.777304687499998,1.7266796875000003,1,13.205468749999998,5.4281640625,0,0,0,0
qBIG,0.6,1,170,0.75,0.25,7.777304687499998,1.7266796875000003,1,13.205468749999998,5.4281640625,0,0,0,0
qBIG,0.6,1,171,0.25,0.75,9.212304687500001,1.2816796875,1,13.205468749999998,3.9931640624999964,0,0,0,0
qBIG,0.6,1,172,0.0,0.75,3.8737500000000002,1.369375,1,13.205468749999998,9.331718749999997,0,0,0,0
qBIG,0.6,1,173,0.5,0.5,10.089374999999997,1.189375,1,13.205468749999998,3.116093750000001,0,0,0,0
qBIG,0.6,1,174,0.5,1.0,15.885000000000002,2.205,0,13.205468749999998,-2.6795312500000037,0,0,0,0
qBIG,0.6,1,175,0.5,0.5,10.089374999999997,1.189375,1,13.205468749999998,3.116093750000001,0,0,0,0
qBIG,0.6,1,176,0.5,0.75,13.205468749999998,1.6223437500000002,1,13.205468749999998,0.0,1,1,1,1
qBIG,0.6,1,177,0.5,0.5,10.089374999999997,1.189375,1,13.205468749999998,3.116093750000001,0,0,0,0
qBIG,0.6,1,178,0.25,0.75,9.212304687500001,1.2816796875,1,13.205468749999998,3.9931640624999964,0,0,0,0
qBIG,0.6,1,179,0.5,0.75,13.205468749999998,1.6223437500000002,1,13.205468749999998,0.0,1,1,1,1
qBIG,0.6,1,180,0.5,0.75,13.205468749999998,1.6223437500000002,1,13.205468749999998,0.0,1,1,1,1
qBIG,0.6,1,181,0.5,1.0,15.885000000000002,2.205,0,13.205468749999998,-2.6795312500000037,0,0,0,0
qBIG,0.6,1,182,0.75,0.5,12.123593750000001,1.9273437500000001,1,13.205468749999998,1.0818749999999966,0,0,0,1
qBIG,0.6,1,183,0.75,0.5,12.123593750000001,1.9273437500000001,1,13.205468749999998,1.0818749999999966,0,0,0,1
qBIG,0.6,1,184,0.25,0.75,9.212304687500001,1.2816796875,1,13.205468749999998,3.9931640624999964,0,0,0,0
qBIG,0.6,1,185,1.0,0.25,7.960624999999998,2.79375,0,13.205468749999998,5.24484375,0,0,0,0
qBIG,0.6,1,186,0.5,0.75,13.205468749999998,1.6223437500000002,1,13.205468749999998,0.0,1,1,1,1
qBIG,0.6,1,187,0.5,0.5,10.089374999999997,1.189375,1,13.205468749999998,3.116093750000001,0,0,0,0
qBIG,0.6,1,188,0.25,0.25,4.2388671874999995,0.3319921875,1,13.205468749999998,8.9666015625,0,0,0,0
qBIG,0.6,1,189,0.25,1.0,11.206249999999999,1.87875,1,13.205468749999998,1.999218749999999,0,0,0,1
qBIG,0.6,1,190,0.5,0.5,10.089374999999997,1.189375,1,13.205468749999998,3.116093750000001,0,0,0,0
qBIG,0.6,1,191,0.5,0.75,13.205468749999998,1.6223437500000002,1,13.205468749999998,0.0,1,1,1,1
qBIG,0.6,1,192,0.75,0.5,12.123593750000001,1.9273437500000001,1,13.205468749999998,1.0818749999999966,0,0,0,1
qBIG,0.6,1,193,0.5,0.75,13.205468749999998,1.6223437500000002,1,13.205468749999998,0.0,1,1,1,1
qBIG,0.6,1,194,0.25,0.75,9.212304687500001,1.2816796875,1,13.205468749999998,3.9931640624999964,0,0,0,0
qBIG,0.6,1,195,0.5,0.5,10.089374999999997,1.189375,1,13.205468749999998,3.116093750000001,0,0,0,0
qBIG,0.6,1,196,0.5,0.75,13.205468749999998,1.6223437500000002,1,13.205468749999998,0.0,1,1,1,1
qBIG,0.6,1,197,0.75,0.75,15.853242187500001,2.3913671875,0,13.205468749999998,-2.6477734375000033,0,0,0,0
qBIG,0.6,1,198,0.5,0.75,13.205468749999998,1.6223437500000002,1,13.205468749999998,0.0,1,1,1,1
qBIG,0.6,1,199,0.5,0.75,13.205468749999998,1.6223437500000002,1,13.205468749999998,0.0,1,1,1,1
qBIG,0.7,0,0,0.0,0.5,3.4974999999999996,0.6575,1,7.6792187499999995,4.18171875,0,0,0,0
qBIG,0.7,0,1,0.25,0.75,7.6792187499999995,1.2816796875,1,7.6792187499999995,0.0,1,1,1,1
qBIG,0.7,0,2,0.5,0.5,6.08,1.189375,1,7.6792187499999995,1.5992187499999995,0,0,0,1
qBIG,0.7,0,3,0.25,0.75,7.6792187499999995,1.2816796875,1,7.6792187499999995,0.0,1,1,1,1
qBIG,0.7,0,4,0.25,0.5,4.9174999999999995,0.76609375,1,7.6792187499999995,2.76171875,0,0,0,0
qBIG,0.7,0,5,0.5,0.75,9.1975,1.6223437500000002,0,7.6792187499999995,-1.5182812500000002,0,0,0,0
qBIG,0.7,0,6,0.0,0.0,1.38,-0.59,1,7.6792187499999995,6.29921875,0,0,0,0
qBIG,0.7,0,7,0.25,0.5,4.9174999999999995,0.76609375,1,7.6792187499999995,2.76171875,0,0,0,0
qBIG,0.7,0,8,0.0,0.75,5.9643749999999995,1.369375,1,7.6792187499999995,1.71484375,0,0,0,1
qBIG,0.7,0,9,1.0,0.5,7.632499999999999,2.9800000000000004,0,7.6792187499999995,0.04671875000000014,0,0,0,0
qBIG,0.7,0,10,0.25,1.0,11.391874999999999,1.87875,0,7.6792187499999995,-3.7126562499999993,0,0,0,0
qBIG,0.7,0,11,0.25,0.75,7.6792187499999995,1.2816796875,1,7.6792187499999995,0.0,1,1,1,1
qBIG,0.7,0,12,0.25,0.75,7.6792187499999995,1.2816796875,1,7.6792187499999995,0.0,1,1,1,1
qBIG,0.7,0,13,0.0,0.25,1.9693749999999999,0.004374999999999976,1,7.6792187499999995,5.709843749999999,0,0,0,0
qBIG,0.7,0,14,0.25,1.0,11.391874999999999,1.87875,0,7.6792187499999995,-3.7126562499999993,0,0,0,0
qBIG,0.7,0,15,0.0,1.0,9.37,2.1399999999999997,0,7.6792187499999995,-1.6907812499999997,0,0,0,0
qBIG,0.7,0,16,0.0,0.0,1.38,-0.59,1,7.6792187499999995,6.29921875,0,0,0,0
qBIG,0.7,0,17,0.5,0.5,6.08,1.189375,1,7.6792187499999995,1.5992187499999995,0,0,0,1
qBIG,0.7,0,18,0.25,1.0,11.391874999999999,1.87875,0,7.6792187499999995,-3.7126562499999993,0,0,0,0
qBIG,0.7,0,19,0.25,0.75,7.6792187499999995,1.2816796875,1,7.6792187499999995,0.0,1,1,1,1
qBIG,0.7,0,20,0.0,1.0,9.37,2.1399999999999997,0,7.6792187499999995,-1.6907812499999997,0,0,0,0
qBIG,0.7,0,21,0.0,0.0,1.38,-0.59,1,7.6792187499999995,6.29921875,0,0,0,0
qBIG,0.7,0,22,0.0,0.5,3.4974999999999996,0.6575,1,7.6792187499999995,4.18171875,0,0,0,0
qBIG,0.7,0,23,0.0,1.0,9.37,2.1399999999999997,0,7.6792187499999995,-1.6907812499999997,0,0,0,0
qBIG,0.7,0,24,0.75,0.5,6.985,1.9273437500000001,0,7.6792187499999995,0.6942187499999992,0,0,0,0
qBIG,0.7,0,25,0.25,0.0,2.2468749999999997,-0.02062499999999995,1,7.6792187499999995,5.432343749999999,0,0,0,0
qBIG,0.7,0,26,0.0,0.0,1.38,-0.59,1,7.6792187499999995,6.29921875,0,0,0,0
qBIG,0.7,0,27,0.0,0.75,5.9643749999999995,1.369375,1,7.6792187499999995,1.71484375,0,0,0,1
qBIG,0.7,0,28,0.25,0.5,4.9174999999999995,0.76609375,1,7.6792187499999995,2.76171875,0,0,0,0
qBIG,0.7,0,29,0.25,0.25,3.1067187499999993,0.3319921875,1,7.6792187499999995,4.5725,0,0,0,0
qBIG,0.7,0,30,0.25,0.5,4.9174999999999995,0.76609375,1,7.6792187499999995,2.76171875,0,0,0,0
qBIG,0.7,0,31,0.25,0.0,2.2468749999999997,-0.02062499999999995,1,7.6792187499999995,5.432343749999999,0,0,0,0
qBIG,0.7,0,32,0.5,0.5,6.08,1.189375,1,7.6792187499999995,1.5992187499999995,0,0,0,1
qBIG,0.7,0,33,0.5,0.0,2.8075,0.7725000000000001,1,7.6792187499999995,4.871718749999999,0,0,0,0
qBIG,0.7,0,34,0.5,0.25,3.9499999999999997,0.90609375,1,7.6792187499999995,3.72921875,0,0,0,0
qBIG,0.7,0,35,0.0,0.75,5.9643749999999995,1.369375,1,7.6792187499999995,1.71484375,0,0,0,1
qBIG,0.7,0,36,0.5,0.5,6.08,1.189375,1,7.6792187499999995,1.5992187499999995,0,0,0,1
qBIG,0.7,0,37,0.25,0.5,4.9174999999999995,0.76609375,1,7.6792187499999995,2.76171875,0,0,0,0
qBIG,0.7,0,38,0.25,0.0,2.2468749999999997,-0.02062499999999995,1,7.6792187499999995,5.432343749999999,0,0,0,0
qBIG,0.7,0,39,0.0,0.0,1.38,-0.59,1,7.6792187499999995,6.29921875,0,0,0,0
qBIG,0.7,0,40,0.0,0.75,5.9643749999999995,1.369375,1,7.6792187499999995,1.71484375,0,0,0,1
qBIG,0.7,0,41,0.5,0.25,3.9499999999999997,0.90609375,1,7.6792187499999995,3.72921875,0,0,0,0
qBIG,0.7,0,42,0.5,0.25,3.9499999999999997,0.90609375,1,7.6792187499999995,3.72921875,0,0,0,0
qBIG,0.7,0,43,0.25,1.0,11.391874999999999,1.87875,0,7.6792187499999995,-3.7126562499999993,0,0,0,0
qBIG,0.7,0,44,0.75,0.0,3.0618749999999992,1.7893750000000002,0,7.6792187499999995,4.61734375,0,0,0,0
qBIG,0.7,0,45,0.0,0.5,3.4974999999999996,0.6575,1,7.6792187499999995,4.18171875,0,0,0,0
qBIG,0.7,0,46,0.5,0.5,6.08,1.189375,1,7.6792187499999995,1.5992187499999995,0,0,0,1
qBIG,0.7,0,47,0.25,0.75,7.6792187499999995,1.2816796875,1,7.6792187499999995,0.0,1,1,1,1
qBIG,0.7,0,48,0.0,0.75,5.9643749999999995,1.369375,1,7.6792187499999995,1.71484375,0,0,0,1
qBIG,0.7,0,49,0.25,0.75,7.6792187499999995,1.2816796875,1,7.6792187499999995,0.0,1,1,1,1
qBIG,0.7,0,50,0.0,0.5,3.4974999999999996,0.6575,1,7.6792187499999995,4.18171875,0,0,0,0
qBIG,0.7,0,51,0.25,0.5,4.9174999999999995,0.76609375,1,7.6792187499999995,2.76171875,0,0,0,0
qBIG,0.7,0,52,0.25,0.5,4.9174999999999995,0.76609375,1,7.6792187499999995,2.76171875,0,0,0,0
qBIG,0.7,0,53,0.0,0.75,5.9643749999999995,1.369375,1,7.6792187499999995,1.71484375,0,0,0,1
qBIG,0.7,0,54,0.0,0.75,5.9643749999999995,1.369375,1,7.6792187499999995,1.71484375,0,0,0,1
qBIG,0.7,0,55,0.25,0.75,7.6792187499999995,1.2816796875,1,7.6792187499999995,0.0,1,1,1,1
qBIG,0.7,0,56,0.25,0.0,2.2468749999999997,-0.02062499999999995,1,7.6792187499999995,5.432343749999999,0,0,0,0
qBIG,0.7,0,57,0.5,0.5,6.08,1.189375,1,7.6792187499999995,1.5992187499999995,0,0,0,1
qBIG,0.7,0,58,0.0,0.0,1.38,-0.59,1,7.6792187499999995,6.29921875,0,0,0,0
qBIG,0.7,0,59,0.0,0.75,5.9643749999999995,1.369375,1,7.6792187499999995,1.71484375,0,0,0,1
qBIG,0.7,0,60,0.0,0.0,1.38,-0.59,1,7.6792187499999995,6.29921875,0,0,0,0
qBIG,0.7,0,61,0.0,0.75,5.9643749999999995,1.369375,1,7.6792187499999995,1.71484375,0,0,0,1
qBIG,0.7,0,62,0.5,1.0,13.302500000000002,2.205,0,7.6792187499999995,-5.6232812500000025,0,0,0,0
qBIG,0.7,0,63,0.25,0.75,7.6792187499999995,1.2816796875,1,7.6792187499999995,0.0,1,1,1,1
qBIG,0.7,0,64,0.5,0.0,2.8075,0.7725000000000001,1,7.6792187499999995,4.871718749999999,0,0,0,0
qBIG,0.7,0,65,0.25,0.5,4.9174999999999995,0.76609375,1,7.6792187499999995,2.76171875,0,0,0,0
qBIG,0.7,0,66,0.5,0.0,2.8075,0.7725000000000001,1,7.6792187499999995,4.871718749999999,0,0,0,0
qBIG,0.7,0,67,0.5,0.75,9.1975,1.6223437500000002,0,7.6792187499999995,-1.5182812500000002,0,0,0,0
qBIG,0.7,0,68,0.5,0.75,9.1975,1.6223437500000002,0,7.6792187499999995,-1.5182812500000002,0,0,0,0
qBIG,0.7,0,69,0.25,0.75,7.6792187499999995,1.2816796875,1,7.6792187499999995,0.0,1,1,1,1
qBIG,0.7,0,70,0.25,0.5,4.9174999999999995,0.76609375,1,7.6792187499999995,2.76171875,0,0,0,0
qBIG,0.7,0,71,0.25,0.0,2.2468749999999997,-0.02062499999999995,1,7.6792187499999995,5.432343749999999,0,0,0,0
qBIG,0.7,0,72,0.0,0.5,3.4974999999999996,0.6575,1,7.6792187499999995,4.18171875,0,0,0,0
qBIG,0.7,0,73,0.25,0.5,4.9174999999999995,0.76609375,1,7.6792187499999995,2.76171875,0,0,0,0
qBIG,0.7,0,74,0.5,0.25,3.9499999999999997,0.90609375,1,7.6792187499999995,3.72921875,0,0,0,0
qBIG,0.7,0,75,1.0,0.25,4.7543750000000005,2.79375,0,7.6792187499999995,2.924843749999999,0,0,0,0
qBIG,0.7,0,76,0.0,0.75,5.9643749999999995,1.369375,1,7.6792187499999995,1.71484375,0,0,0,1
qBIG,0.7,0,77,0.25,0.5,4.9174999999999995,0.76609375,1,7.6792187499999995,2.76171875,0,0,0,0
qBIG,0.7,0,78,0.0,0.0,1.38,-0.59,1,7.6792187499999995,6.29921875,0,0,0,0
qBIG,0.7,0,79,0.5,0.75,9.1975,1.6223437500000002,0,7.6792187499999995,-1.5182812500000002,0,0,0,0
qBIG,0.7,0,80,0.5,0.25,3.9499999999999997,0.90609375,1,7.6792187499999995,3.72921875,0,0,0,0
qBIG,0.7,0,81,0.0,0.5,3.4974999999999996,0.6575,1,7.6792187499999995,4.18171875,0,0,0,0
qBIG,0.7,0,82,0.0,0.5,3.4974999999999996,0.6575,1,7.6792187499999995,4.18171875,0,0,0,0
qBIG,0.7,0,83,0.25,0.75,7.6792187499999995,1.2816796875,1,7.6792187499999995,0.0,1,1,1,1
qBIG,0.7,0,84,0.25,0.25,3.1067187499999993,0.3319921875,1,7.6792187499999995,4.5725,0,0,0,0
qBIG,0.7,0,85,0.0,0.0,1.38,-0.59,1,7.6792187499999995,6.29921875,0,0,0,0
qBIG,0.7,0,86,0.5,0.25,3.9499999999999997,0.90609375,1,7.6792187499999995,3.72921875,0,0,0,0
qBIG,0.7,0,87,0.75,0.25,4.499218749999999,1.7266796875000003,0,7.6792187499999995,3.1800000000000006,0,0,0,0
qBIG,0.7,0,88,0.25,0.5,4.9174999999999995,0.76609375,1,7.6792187499999995,2.76171875,0,0,0,0
qBIG,0.7,0,89,0.0,0.75,5.9643749999999995,1.369375,1,7.6792187499999995,1.71484375,0,0,0,1
qBIG,0.7,0,90,0.25,0.5,4.9174999999999995,0.76609375,1,7.6792187499999995,2.76171875,0,0,0,0
qBIG,0.7,0,91,0.0,0.75,5.9643749999999995,1.369375,1,7.6792187499999995,1.71484375,0,0,0,1
qBIG,0.7,0,92,0.25,0.0,2.2468749999999997,-0.02062499999999995,1,7.6792187499999995,5.432343749999999,0,0,0,0
qBIG,0.7,0,93,0.25,0.5,4.9174999999999995,0.76609375,1,7.6792187499999995,2.76171875,0,0,0,0
qBIG,0.7,0,94,0.5,0.25,3.9499999999999997,0.90609375,1,7.6792187499999995,3.72921875,0,0,0,0
qBIG,0.7,0,95,0.5,0.25,3.9499999999999997,0.90609375,1,7.6792187499999995,3.72921875,0,0,0,0
qBIG,0.7,0,96,0.0,0.5,3.4974999999999996,0.6575,1,7.6792187499999995,4.18171875,0,0,0,0
qBIG,0.7,0,97,0.5,0.25,3.9499999999999997,0.90609375,1,7.6792187499999995,3.72921875,0,0,0,0
qBIG,0.7,0,98,0.0,0.5,3.4974999999999996,0.6575,1,7.6792187499999995,4.18171875,0,0,0,0
qBIG,0.7,0,99,0.5,0.25,3.9499999999999997,0.90609375,1,7.6792187499999995,3.72921875,0,0,0,0
qBIG,0.7,0,100,0.25,0.5,4.9174999999999995,0.76609375,1,7.6792187499999995,2.76171875,0,0,0,0
qBIG,0.7,0,101,0.25,0.0,2.2468749999999997,-0.02062499999999995,1,7.6792187499999995,5.432343749999999,0,0,0,0
qBIG,0.7,0,102,0.0,0.25,1.9693749999999999,0.004374999999999976,1,7.6792187499999995,5.709843749999999,0,0,0,0
qBIG,0.7,0,103,0.0,0.25,1.9693749999999999,0.004374999999999976,1,7.6792187499999995,5.709843749999999,0,0,0,0
qBIG,0.7,0,104,0.0,0.25,1.9693749999999999,0.004374999999999976,1,7.6792187499999995,5.709843749999999,0,0,0,0
qBIG,0.7,0,105,0.75,0.5,6.985,1.9273437500000001,0,7.6792187499999995,0.6942187499999992,0,0,0,0
qBIG,0.7,0,106,0.0,0.5,3.4974999999999996,0.6575,1,7.6792187499999995,4.18171875,0,0,0,0
qBIG,0.7,0,107,0.0,0.0,1.38,-0.59,1,7.6792187499999995,6.29921875,0,0,0,0
qBIG,0.7,0,108,0.25,0.75,7.6792187499999995,1.2816796875,1,7.6792187499999995,0.0,1,1,1,1
qBIG,0.7,0,109,0.5,0.5,6.08,1.189375,1,7.6792187499999995,1.5992187499999995,0,0,0,1
qBIG,0.7,0,110,0.5,0.5,6.08,1.189375,1,7.6792187499999995,1.5992187499999995,0,0,0,1
qBIG,0.7,0,111,0.0,0.25,1.9693749999999999,0.004374999999999976,1,7.6792187499999995,5.709843749999999,0,0,0,0
qBIG,0.7,0,112,0.5,0.5,6.08,1.189375,1,7.6792187499999995,1.5992187499999995,0,0,0,1
qBIG,0.7,0,113,0.5,0.25,3.9499999999999997,0.90609375,1,7.6792187499999995,3.72921875,0,0,0,0
qBIG,0.7,0,114,0.5,0.5,6.08,1.189375,1,7.6792187499999995,1.5992187499999995,0,0,0,1
qBIG,0.7,0,115,0.0,0.75,5.9643749999999995,1.369375,1,7.6792187499999995,1.71484375,0,0,0,1
qBIG,0.7,0,116,0.0,1.0,9.37,2.1399999999999997,0,7.6792187499999995,-1.6907812499999997,0,0,0,0
qBIG,0.7,0,117,0.25,0.5,4.9174999999999995,0.76609375,1,7.6792187499999995,2.76171875,0,0,0,0
qBIG,0.7,0,118,0.25,1.0,11.391874999999999,1.87875,0,7.6792187499999995,-3.7126562499999993,0,0,0,0
qBIG,0.7,0,119,0.0,0.5,3.4974999999999996,0.6575,1,7.6792187499999995,4.18171875,0,0,0,0
qBIG,0.7,0,120,0.0,0.25,1.9693749999999999,0.004374999999999976,1,7.6792187499999995,5.709843749999999,0,0,0,0
qBIG,0.7,0,121,0.0,0.75,5.9643749999999995,1.369375,1,7.6792187499999995,1.71484375,0,0,0,1
qBIG,0.7,0,122,0.75,0.0,3.0618749999999992,1.7893750000000002,0,7.6792187499999995,4.61734375,0,0,0,0
qBIG,0.7,0,123,0.0,1.0,9.37,2.1399999999999997,0,7.6792187499999995,-1.6907812499999997,0,0,0,0
qBIG,0.7,0,124,0.0,0.75,5.9643749999999995,1.369375,1,7.6792187499999995,1.71484375,0,0,0,1
qBIG,0.7,0,125,0.5,0.75,9.1975,1.6223437500000002,0,7.6792187499999995,-1.5182812500000002,0,0,0,0
qBIG,0.7,0,126,0.5,0.0,2.8075,0.7725000000000001,1,7.6792187499999995,4.871718749999999,0,0,0,0
qBIG,0.7,0,127,1.0,1.0,16.79,4.62,0,7.6792187499999995,-9.110781249999999,0,0,0,0
qBIG,0.7,0,128,0.0,1.0,9.37,2.1399999999999997,0,7.6792187499999995,-1.6907812499999997,0,0,0,0
qBIG,0.7,0,129,0.0,0.5,3.4974999999999996,0.6575,1,7.6792187499999995,4.18171875,0,0,0,0
qBIG,0.7,0,130,0.5,0.5,6.08,1.189375,1,7.6792187499999995,1.5992187499999995,0,0,0,1
qBIG,0.7,0,131,0.25,0.0,2.2468749999999997,-0.02062499999999995,1,7.6792187499999995,5.432343749999999,0,0,0,0
qBIG,0.7,0,132,0.5,0.5,6.08,1.189375,1,7.6792187499999995,1.5992187499999995,0,0,0,1
qBIG,0.7,0,133,0.5,0.5,6.08,1.189375,1,7.6792187499999995,1.5992187499999995,0,0,0,1
qBIG,0.7,0,134,0.0,0.5,3.4974999999999996,0.6575,1,7.6792187499999995,4.18171875,0,0,0,0
qBIG,0.7,0,135,0.25,0.5,4.9174999999999995,0.76609375,1,7.6792187499999995,2.76171875,0,0,0,0
qBIG,0.7,0,136,0.5,0.0,2.8075,0.7725000000000001,1,7.6792187499999995,4.871718749999999,0,0,0,0
qBIG,0.7,0,137,0.75,0.5,6.985,1.9273437500000001,0,7.6792187499999995,0.6942187499999992,0,0,0,0
qBIG,0.7,0,138,0.25,0.75,7.6792187499999995,1.2816796875,1,7.6792187499999995,0.0,1,1,1,1
qBIG,0.7,0,139,0.5,0.75,9.1975,1.6223437500000002,0,7.6792187499999995,-1.5182812500000002,0,0,0,0
qBIG,0.7,0,140,0.0,0.0,1.38,-0.59,1,7.6792187499999995,6.29921875,0,0,0,0
qBIG,0.7,0,141,0.0,0.75,5.9643749999999995,1.369375,1,7.6792187499999995,1.71484375,0,0,0,1
qBIG,0.7,0,142,0.5,0.25,3.9499999999999997,0.90609375,1,7.6792187499999995,3.72921875,0,0,0,0
qBIG,0.7,0,143,0.5,0.0,2.8075,0.7725000000000001,1,7.6792187499999995,4.871718749999999,0,0,0,0
qBIG,0.7,0,144,0.75,0.25,4.499218749999999,1.7266796875000003,0,7.6792187499999995,3.1800000000000006,0,0,0,0
qBIG,0.7,0,145,1.0,0.5,7.632499999999999,2.9800000000000004,0,7.6792187499999995,0.04671875000000014,0,0,0,0
qBIG,0.7,0,146,1.0,1.0,16.79,4.62,0,7.6792187499999995,-9.110781249999999,0,0,0,0
qBIG,0.7,0,147,0.0,0.5,3.4974999999999996,0.6575,1,7.6792187499999995,4.18171875,0,0,0,0
qBIG,0.7,0,148,0.25,0.5,4.9174999999999995,0.76609375,1,7.6792187499999995,2.76171875,0,0,0,0
qBIG,0.7,0,149,0.0,0.75,5.9643749999999995,1.369375,1,7.6792187499999995,1.71484375,0,0,0,1
qBIG,0.7,0,150,0.5,0.25,3.9499999999999997,0.90609375,1,7.6792187499999995,3.72921875,0,0,0,0
qBIG,0.7,0,151,0.25,0.5,4.9174999999999995,0.76609375,1,7.6792187499999995,2.76171875,0,0,0,0
qBIG,0.7,0,152,0.25,1.0,11.391874999999999,1.87875,0,7.6792187499999995,-3.7126562499999993,0,0,0,0
qBIG,0.7,0,153,0.75,0.5,6.985,1.9273437500000001,0,7.6792187499999995,0.6942187499999992,0,0,0,0
qBIG,0.7,0,154,0.0,1.0,9.37,2.1399999999999997,0,7.6792187499999995,-1.6907812499999997,0,0,0,0
qBIG,0.7,0,155,0.25,0.75,7.6792187499999995,1.2816796875,1,7.6792187499999995,0.0,1,1,1,1
qBIG,0.7,0,156,0.25,0.5,4.9174999999999995,0.76609375,1,7.6792187499999995,2.76171875,0,0,0,0
qBIG,0.7,0,157,0.25,0.0,2.2468749999999997,-0.02062499999999995,1,7.6792187499999995,5.432343749999999,0,0,0,0
qBIG,0.7,0,158,0.25,1.0,11.391874999999999,1.87875,0,7.6792187499999995,-3.7126562499999993,0,0,0,0
qBIG,0.7,0,159,0.5,0.5,6.08,1.189375,1,7.6792187499999995,1.5992187499999995,0,0,0,1
qBIG,0.7,0,160,0.5,0.0,2.8075,0.7725000000000001,1,7.6792187499999995,4.871718749999999,0,0,0,0
qBIG,0.7,0,161,0.0,0.0,1.38,-0.59,1,7.6792187499999995,6.29921875,0,0,0,0
qBIG,0.7,0,162,0.5,0.25,3.9499999999999997,0.90609375,1,7.6792187499999995,3.72921875,0,0,0,0
qBIG,0.7,0,163,0.0,0.5,3.4974999999999996,0.6575,1,7.6792187499999995,4.18171875,0,0,0,0
qBIG,0.7,0,164,0.5,0.75,9.1975,1.6223437500000002,0,7.6792187499999995,-1.5182812500000002,0,0,0,0
qBIG,0.7,0,165,0.25,0.5,4.9174999999999995,0.76609375,1,7.6792187499999995,2.76171875,0,0,0,0
qBIG,0.7,0,166,0.25,0.0,2.2468749999999997,-0.02062499999999995,1,7.6792187499999995,5.432343749999999,0,0,0,0
qBIG,0.7,0,167,0.5,0.5,6.08,1.189375,1,7.6792187499999995,1.5992187499999995,0,0,0,1
qBIG,0.7,0,168,0.75,0.25,4.499218749999999,1.7266796875000003,0,7.6792187499999995,3.1800000000000006,0,0,0,0
qBIG,0.7,0,169,0.0,0.75,5.9643749999999995,1.369375,1,7.6792187499999995,1.71484375,0,0,0,1
qBIG,0.7,0,170,0.5,0.0,2.8075,0.7725000000000001,1,7.6792187499999995,4.871718749999999,0,0,0,0
qBIG,0.7,0,171,0.25,0.75,7.6792187499999995,1.2816796875,1,7.6792187499999995,0.0,1,1,1,1
qBIG,0.7,0,172,1.0,0.5,7.632499999999999,2.9800000000000004,0,7.6792187499999995,0.04671875000000014,0,0,0,0
qBIG,0.7,0,173,0.0,0.75,5.9643749999999995,1.369375,1,7.6792187499999995,1.71484375,0,0,0,1
qBIG,0.7,0,174,0.5,0.0,2.8075,0.7725000000000001,1,7.6792187499999995,4.871718749999999,0,0,0,0
qBIG,0.7,0,175,0.0,0.5,3.4974999999999996,0.6575,1,7.6792187499999995,4.18171875,0,0,0,0
qBIG,0.7,0,176,0.5,0.5,6.08,1.189375,1,7.6792187499999995,1.5992187499999995,0,0,0,1
qBIG,0.7,0,177,0.25,0.25,3.1067187499999993,0.3319921875,1,7.6792187499999995,4.5725,0,0,0,0
qBIG,0.7,0,178,0.25,0.5,4.9174999999999995,0.76609375,1,7.6792187499999995,2.76171875,0,0,0,0
qBIG,0.7,0,179,0.0,0.5,3.4974999999999996,0.6575,1,7.6792187499999995,4.18171875,0,0,0,0
qBIG,0.7,0,180,0.25,0.25,3.1067187499999993,0.3319921875,1,7.6792187499999995,4.5725,0,0,0,0
qBIG,0.7,0,181,0.25,1.0,11.391874999999999,1.87875,0,7.6792187499999995,-3.7126562499999993,0,0,0,0
qBIG,0.7,0,182,0.0,0.5,3.4974999999999996,0.6575,1,7.6792187499999995,4.18171875,0,0,0,0
qBIG,0.7,0,183,0.0,0.0,1.38,-0.59,1,7.6792187499999995,6.29921875,0,0,0,0
qBIG,0.7,0,184,0.5,0.25,3.9499999999999997,0.90609375,1,7.6792187499999995,3.72921875,0,0,0,0
qBIG,0.7,0,185,0.25,1.0,11.391874999999999,1.87875,0,7.6792187499999995,-3.7126562499999993,0,0,0,0
qBIG,0.7,0,186,0.0,0.0,1.38,-0.59,1,7.6792187499999995,6.29921875,0,0,0,0
qBIG,0.7,0,187,0.25,0.25,3.1067187499999993,0.3319921875,1,7.6792187499999995,4.5725,0,0,0,0
qBIG,0.7,0,188,0.5,0.25,3.9499999999999997,0.90609375,1,7.6792187499999995,3.72921875,0,0,0,0
qBIG,0.7,0,189,0.5,0.5,6.08,1.189375,1,7.6792187499999995,1.5992187499999995,0,0,0,1
qBIG,0.7,0,190,0.5,0.0,2.8075,0.7725000000000001,1,7.6792187499999995,4.871718749999999,0,0,0,0
qBIG,0.7,0,191,0.0,0.5,3.4974999999999996,0.6575,1,7.6792187499999995,4.18171875,0,0,0,0
qBIG,0.7,0,192,0.25,1.0,11.391874999999999,1.87875,0,7.6792187499999995,-3.7126562499999993,0,0,0,0
qBIG,0.7,0,193,0.25,0.25,3.1067187499999993,0.3319921875,1,7.6792187499999995,4.5725,0,0,0,0
qBIG,0.7,0,194,0.0,0.5,3.4974999999999996,0.6575,1,7.6792187499999995,4.18171875,0,0,0,0
qBIG,0.7,0,195,0.0,0.5,3.4974999999999996,0.6575,1,7.6792187499999995,4.18171875,0,0,0,0
qBIG,0.7,0,196,0.25,0.5,4.9174999999999995,0.76609375,1,7.6792187499999995,2.76171875,0,0,0,0
qBIG,0.7,0,197,0.25,0.5,4.9174999999999995,0.76609375,1,7.6792187499999995,2.76171875,0,0,0,0
qBIG,0.7,0,198,0.25,0.75,7.6792187499999995,1.2816796875,1,7.6792187499999995,0.0,1,1,1,1
qBIG,0.7,0,199,0.25,0.5,4.9174999999999995,0.76609375,1,7.6792187499999995,2.76171875,0,0,0,0
qBIG,0.7,1,0,1.0,0.25,7.960624999999998,2.79375,0,13.205468749999998,5.24484375,0,0,0,0
qBIG,0.7,1,1,0.5,0.75,13.205468749999998,1.6223437500000002,1,13.205468749999998,0.0,1,1,1,1
qBIG,0.7,1,2,0.25,0.75,9.212304687500001,1.2816796875,1,13.205468749999998,3.9931640624999964,0,0,0,0
qBIG,0.7,1,3,0.5,0.75,13.205468749999998,1.6223437500000002,1,13.205468749999998,0.0,1,1,1,1
qBIG,0.7,1,4,0.25,1.0,11.206249999999999,1.87875,1,13.205468749999998,1.999218749999999,0,0,0,1
qBIG,0.7,1,5,0.75,0.75,15.853242187500001,2.3913671875,0,13.205468749999998,-2.6477734375000033,0,0,0,0
qBIG,0.7,1,6,0.25,0.25,4.2388671874999995,0.3319921875,1,13.205468749999998,8.9666015625,0,0,0,0
qBIG,0.7,1,7,0.75,0.5,12.123593750000001,1.9273437500000001,1,13.205468749999998,1.0818749999999966,0,0,0,1
qBIG,0.7,1,8,0.5,0.75,13.205468749999998,1.6223437500000002,1,13.205468749999998,0.0,1,1,1,1
qBIG,0.7,1,9,0.5,0.75,13.205468749999998,1.6223437500000002,1,13.205468749999998,0.0,1,1,1,1
qBIG,0.7,1,10,0.5,1.0,15.885000000000002,2.205,0,13.205468749999998,-2.6795312500000037,0,0,0,0
qBIG,0.7,1,11,0.5,0.75,13.205468749999998,1.6223437500000002,1,13.205468749999998,0.0,1,1,1,1
qBIG,0.7,1,12,0.25,1.0,11.206249999999999,1.87875,1,13.205468749999998,1.999218749999999,0,0,0,1
qBIG,0.7,1,13,1.0,0.5,12.9925,2.9800000000000004,0,13.205468749999998,0.21296874999999815,0,0,0,0
qBIG,0.7,1,14,0.5,0.5,10.089374999999997,1.189375,1,13.205468749999998,3.116093750000001,0,0,0,0
qBIG,0.7,1,15,0.5,0.75,13.205468749999998,1.6223437500000002,1,13.205468749999998,0.0,1,1,1,1
qBIG,0.7,1,16,0.5,0.75,13.205468749999998,1.6223437500000002,1,13.205468749999998,0.0,1,1,1,1
qBIG,0.7,1,17,0.0,1.0,4.930000000000001,2.1399999999999997,0,13.205468749999998,8.275468749999998,0,0,0,0
qBIG,0.7,1,18,0.25,1.0,11.206249999999999,1.87875,1,13.205468749999998,1.999218749999999,0,0,0,1
qBIG,0.7,1,19,0.5,0.75,13.205468749999998,1.6223437500000002,1,13.205468749999998,0.0,1,1,1,1
qBIG,0.7,1,20,0.5,0.75,13.205468749999998,1.6223437500000002,1,13.205468749999998,0.0,1,1,1,1
qBIG,0.7,1,21,0.0,0.0,-1.05,-0.59,1,13.205468749999998,14.255468749999999,0,0,0,0
qBIG,0.7,1,22,0.5,0.5,10.089374999999997,1.189375,1,13.205468749999998,3.116093750000001,0,0,0,0
qBIG,0.7,1,23,0.75,0.5,12.123593750000001,1.9273437500000001,1,13.205468749999998,1.0818749999999966,0,0,0,1
qBIG,0.7,1,24,0.5,1.0,15.885000000000002,2.205,0,13.205468749999998,-2.6795312500000037,0,0,0,0
qBIG,0.7,1,25,0.0,0.75,3.8737500000000002,1.369375,1,13.205468749999998,9.331718749999997,0,0,0,0
qBIG,0.7,1,26,0.5,0.5,10.089374999999997,1.189375,1,13.205468749999998,3.116093750000001,0,0,0,0
qBIG,0.7,1,27,0.5,0.5,10.089374999999997,1.189375,1,13.205468749999998,3.116093750000001,0,0,0,0
qBIG,0.7,1,28,0.5,0.75,13.205468749999998,1.6223437500000002,1,13.205468749999998,0.0,1,1,1,1
qBIG,0.7,1,29,0.0,0.5,2.5250000000000004,0.6575,1,13.205468749999998,10.680468749999998,0,0,0,0
qBIG,0.7,1,30,0.5,1.0,15.885000000000002,2.205,0,13.205468749999998,-2.6795312500000037,0,0,0,0
qBIG,0.7,1,31,0.5,0.75,13.205468749999998,1.6223437500000002,1,13.205468749999998,0.0,1,1,1,1
qBIG,0.7,1,32,0.5,1.0,15.885000000000002,2.205,0,13.205468749999998,-2.6795312500000037,0,0,0,0
qBIG,0.7,1,33,0.5,0.75,13.205468749999998,1.6223437500000002,1,13.205468749999998,0.0,1,1,1,1
qBIG,0.7,1,34,0.5,0.5,10.089374999999997,1.189375,1,13.205468749999998,3.116093750000001,0,0,0,0
qBIG,0.7,1,35,0.75,0.5,12.123593750000001,1.9273437500000001,1,13.205468749999998,1.0818749999999966,0,0,0,1
qBIG,0.7,1,36,0.75,0.5,12.123593750000001,1.9273437500000001,1,13.205468749999998,1.0818749999999966,0,0,0,1
qBIG,0.7,1,37,0.5,1.0,15.885000000000002,2.205,0,13.205468749999998,-2.6795312500000037,0,0,0,0
qBIG,0.7,1,38,0.25,0.75,9.212304687500001,1.2816796875,1,13.205468749999998,3.9931640624999964,0,0,0,0
qBIG,0.7,1,39,0.5,0.5,10.089374999999997,1.189375,1,13.205468749999998,3.116093750000001,0,0,0,0
qBIG,0.7,1,40,0.5,0.75,13.205468749999998,1.6223437500000002,1,13.205468749999998,0.0,1,1,1,1
qBIG,0.7,1,41,0.25,0.75,9.212304687500001,1.2816796875,1,13.205468749999998,3.9931640624999964,0,0,0,0
qBIG,0.7,1,42,0.5,0.75,13.205468749999998,1.6223437500000002,1,13.205468749999998,0.0,1,1,1,1
qBIG,0.7,1,43,0.5,0.75,13.205468749999998,1.6223437500000002,1,13.205468749999998,0.0,1,1,1,1
qBIG,0.7,1,44,0.5,0.75,13.205468749999998,1.6223437500000002,1,13.205468749999998,0.0,1,1,1,1
qBIG,0.7,1,45,0.25,1.0,11.206249999999999,1.87875,1,13.205468749999998,1.999218749999999,0,0,0,1
qBIG,0.7,1,46,0.5,0.75,13.205468749999998,1.6223437500000002,1,13.205468749999998,0.0,1,1,1,1
qBIG,0.7,1,47,0.5,1.0,15.885000000000002,2.205,0,13.205468749999998,-2.6795312500000037,0,0,0,0
qBIG,0.7,1,48,0.5,0.5,10.089374999999997,1.189375,1,13.205468749999998,3.116093750000001,0,0,0,0
qBIG,0.7,1,49,0.25,0.75,9.212304687500001,1.2816796875,1,13.205468749999998,3.9931640624999964,0,0,0,0
qBIG,0.7,1,50,0.5,0.75,13.205468749999998,1.6223437500000002,1,13.205468749999998,0.0,1,1,1,1
qBIG,0.7,1,51,0.5,0.5,10.089374999999997,1.189375,1,13.205468749999998,3.116093750000001,0,0,0,0
qBIG,0.7,1,52,0.5,0.75,13.205468749999998,1.6223437500000002,1,13.205468749999998,0.0,1,1,1,1
qBIG,0.7,1,53,0.25,0.75,9.212304687500001,1.2816796875,1,13.205468749999998,3.9931640624999964,0,0,0,0
qBIG,0.7,1,54,0.5,0.75,13.205468749999998,1.6223437500000002,1,13.205468749999998,0.0,1,1,1,1
qBIG,0.7,1,55,0.75,0.25,7.777304687499998,1.7266796875000003,1,13.205468749999998,5.4281640625,0,0,0,0
qBIG,0.7,1,56,0.25,0.0,1.259375,-0.02062499999999995,1,13.205468749999998,11.946093749999998,0,0,0,0
qBIG,0.7,1,57,0.5,1.0,15.885000000000002,2.205,0,13.205468749999998,-2.6795312500000037,0,0,0,0
qBIG,0.7,1,58,0.5,0.5,10.089374999999997,1.189375,1,13.205468749999998,3.116093750000001,0,0,0,0
qBIG,0.7,1,59,0.5,0.75,13.205468749999998,1.6223437500000002,1,13.205468749999998,0.0,1,1,1,1
qBIG,0.7,1,60,0.5,0.5,10.089374999999997,1.189375,1,13.205468749999998,3.116093750000001,0,0,0,0
qBIG,0.7,1,61,0.25,0.75,9.212304687500001,1.2816796875,1,13.205468749999998,3.9931640624999964,0,0,0,0
qBIG,0.7,1,62,0.5,0.75,13.205468749999998,1.6223437500000002,1,13.205468749999998,0.0,1,1,1,1
qBIG,0.7,1,63,0.5,0.5,10.089374999999997,1.189375,1,13.205468749999998,3.116093750000001,0,0,0,0
qBIG,0.7,1,64,0.5,0.5,10.089374999999997,1.189375,1,13.205468749999998,3.116093750000001,0,0,0,0
qBIG,0.7,1,65,0.25,1.0,11.206249999999999,1.87875,1,13.205468749999998,1.999218749999999,0,0,0,1
qBIG,0.7,1,66,0.25,0.75,9.212304687500001,1.2816796875,1,13.205468749999998,3.9931640624999964,0,0,0,0
qBIG,0.7,1,67,0.5,1.0,15.885000000000002,2.205,0,13.205468749999998,-2.6795312500000037,0,0,0,0
qBIG,0.7,1,68,0.25,1.0,11.206249999999999,1.87875,1,13.205468749999998,1.999218749999999,0,0,0,1
qBIG,0.7,1,69,0.5,0.75,13.205468749999998,1.6223437500000002,1,13.205468749999998,0.0,1,1,1,1
qBIG,0.7,1,70,0.5,1.0,15.885000000000002,2.205,0,13.205468749999998,-2.6795312500000037,0,0,0,0
qBIG,0.7,1,71,0.75,0.75,15.853242187500001,2.3913671875,0,13.205468749999998,-2.6477734375000033,0,0,0,0
qBIG,0.7,1,72,0.75,0.5,12.123593750000001,1.9273437500000001,1,13.205468749999998,1.0818749999999966,0,0,0,1
qBIG,0.7,1,73,0.25,0.75,9.212304687500001,1.2816796875,1,13.205468749999998,3.9931640624999964,0,0,0,0
qBIG,0.7,1,74,0.0,0.75,3.8737500000000002,1.369375,1,13.205468749999998,9.331718749999997,0,0,0,0
qBIG,0.7,1,75,0.5,0.75,13.205468749999998,1.6223437500000002,1,13.205468749999998,0.0,1,1,1,1
qBIG,0.7,1,76,0.5,0.0,2.5475,0.7725000000000001,1,13.205468749999998,10.657968749999998,0,0,0,0
qBIG,0.7,1,77,0.25,1.0,11.206249999999999,1.87875,1,13.205468749999998,1.999218749999999,0,0,0,1
qBIG,0.7,1,78,0.25,0.75,9.212304687500001,1.2816796875,1,13.205468749999998,3.9931640624999964,0,0,0,0
qBIG,0.7,1,79,0.25,1.0,11.206249999999999,1.87875,1,13.205468749999998,1.999218749999999,0,0,0,1
qBIG,0.7,1,80,0.5,0.5,10.089374999999997,1.189375,1,13.205468749999998,3.116093750000001,0,0,0,0
qBIG,0.7,1,81,0.25,0.75,9.212304687500001,1.2816796875,1,13.205468749999998,3.9931640624999964,0,0,0,0
qBIG,0.7,1,82,0.25,1.0,11.206249999999999,1.87875,1,13.205468749999998,1.999218749999999,0,0,0,1
qBIG,0.7,1,83,0.75,0.25,7.777304687499998,1.7266796875000003,1,13.205468749999998,5.4281640625,0,0,0,0
qBIG,0.7,1,84,0.5,0.5,10.089374999999997,1.189375,1,13.205468749999998,3.116093750000001,0,0,0,0
qBIG,0.7,1,85,0.5,1.0,15.885000000000002,2.205,0,13.205468749999998,-2.6795312500000037,0,0,0,0
qBIG,0.7,1,86,0.25,0.75,9.212304687500001,1.2816796875,1,13.205468749999998,3.9931640624999964,0,0,0,0
qBIG,0.7,1,87,0.75,0.5,12.123593750000001,1.9273437500000001,1,13.205468749999998,1.0818749999999966,0,0,0,1
qBIG,0.7,1,88,0.75,0.5,12.123593750000001,1.9273437500000001,1,13.205468749999998,1.0818749999999966,0,0,0,1
qBIG,0.7,1,89,0.25,1.0,11.206249999999999,1.87875,1,13.205468749999998,1.999218749999999,0,0,0,1
qBIG,0.7,1,90,0.5,0.75,13.205468749999998,1.6223437500000002,1,13.205468749999998,0.0,1,1,1,1
qBIG,0.7,1,91,0.0,1.0,4.930000000000001,2.1399999999999997,0,13.205468749999998,8.275468749999998,0,0,0,0
qBIG,0.7,1,92,0.25,1.0,11.206249999999999,1.87875,1,13.205468749999998,1.999218749999999,0,0,0,1
qBIG,0.7,1,93,0.25,0.75,9.212304687500001,1.2816796875,1,13.205468749999998,3.9931640624999964,0,0,0,0
qBIG,0.7,1,94,0.5,0.75,13.205468749999998,1.6223437500000002,1,13.205468749999998,0.0,1,1,1,1
qBIG,0.7,1,95,0.25,0.5,6.889843749999999,0.76609375,1,13.205468749999998,6.315624999999999,0,0,0,0
qBIG,0.7,1,96,0.5,1.0,15.885000000000002,2.205,0,13.205468749999998,-2.6795312500000037,0,0,0,0
qBIG,0.7,1,97,0.5,1.0,15.885000000000002,2.205,0,13.205468749999998,-2.6795312500000037,0,0,0,0
qBIG,0.7,1,98,0.5,0.75,13.205468749999998,1.6223437500000002,1,13.205468749999998,0.0,1,1,1,1
qBIG,0.7,1,99,0.75,0.0,2.814374999999999,1.7893750000000002,1,13.205468749999998,10.39109375,0,0,0,0
qBIG,0.7,1,100,0.5,1.0,15.885000000000002,2.205,0,13.205468749999998,-2.6795312500000037,0,0,0,0
qBIG,0.7,1,101,0.25,0.5,6.889843749999999,0.76609375,1,13.205468749999998,6.315624999999999,0,0,0,0
qBIG,0.7,1,102,0.75,0.5,12.123593750000001,1.9273437500000001,1,13.205468749999998,1.0818749999999966,0,0,0,1
qBIG,0.7,1,103,0.75,0.25,7.777304687499998,1.7266796875000003,1,13.205468749999998,5.4281640625,0,0,0,0
qBIG,0.7,1,104,0.5,0.5,10.089374999999997,1.189375,1,13.205468749999998,3.116093750000001,0,0,0,0
qBIG,0.7,1,105,0.5,1.0,15.885000000000002,2.205,0,13.205468749999998,-2.6795312500000037,0,0,0,0
qBIG,0.7,1,106,0.5,0.25,6.536718749999999,0.90609375,1,13.205468749999998,6.668749999999999,0,0,0,0
qBIG,0.7,1,107,0.0,0.0,-1.05,-0.59,1,13.205468749999998,14.255468749999999,0,0,0,0
qBIG,0.7,1,108,0.0,0.5,2.5250000000000004,0.6575,1,13.205468749999998,10.680468749999998,0,0,0,0
qBIG,0.7,1,109,0.5,1.0,15.885000000000002,2.205,0,13.205468749999998,-2.6795312500000037,0,0,0,0
qBIG,0.7,1,110,0.5,0.75,13.205468749999998,1.6223437500000002,1,13.205468749999998,0.0,1,1,1,1
qBIG,0.7,1,111,0.5,0.5,10.089374999999997,1.189375,1,13.205468749999998,3.116093750000001,0,0,0,0
qBIG,0.7,1,112,0.5,0.75,13.205468749999998,1.6223437500000002,1,13.205468749999998,0.0,1,1,1,1
qBIG,0.7,1,113,0.5,0.5,10.089374999999997,1.189375,1,13.205468749999998,3.116093750000001,0,0,0,0
qBIG,0.7,1,114,0.25,1.0,11.206249999999999,1.87875,1,13.205468749999998,1.999218749999999,0,0,0,1
qBIG,0.7,1,115,0.25,0.75,9.212304687500001,1.2816796875,1,13.205468749999998,3.9931640624999964,0,0,0,0
qBIG,0.7,1,116,0.5,1.0,15.885000000000002,2.205,0,13.205468749999998,-2.6795312500000037,0,0,0,0
qBIG,0.7,1,117,0.5,0.5,10.089374999999997,1.189375,1,13.205468749999998,3.116093750000001,0,0,0,0
qBIG,0.7,1,118,0.5,1.0,15.885000000000002,2.205,0,13.205468749999998,-2.6795312500000037,0,0,0,0
qBIG,0.7,1,119,0.5,0.5,10.089374999999997,1.189375,1,13.205468749999998,3.116093750000001,0,0,0,0
qBIG,0.7,1,120,0.25,0.75,9.212304687500001,1.2816796875,1,13.205468749999998,3.9931640624999964,0,0,0,0
qBIG,0.7,1,121,0.5,0.5,10.089374999999997,1.189375,1,13.205468749999998,3.116093750000001,0,0,0,0
qBIG,0.7,1,122,0.75,0.5,12.123593750000001,1.9273437500000001,1,13.205468749999998,1.0818749999999966,0,0,0,1
qBIG,0.7,1,123,0.5,0.75,13.205468749999998,1.6223437500000002,1,13.205468749999998,0.0,1,1,1,1
qBIG,0.7,1,124,0.5,0.75,13.205468749999998,1.6223437500000002,1,13.205468749999998,0.0,1,1,1,1
qBIG,0.7,1,125,0.5,0.5,10.089374999999997,1.189375,1,13.205468749999998,3.116093750000001,0,0,0,0
qBIG,0.7,1,126,0.0,0.25,0.88375,0.004374999999999976,1,13.205468749999998,12.321718749999999,0,0,0,0
qBIG,0.7,1,127,1.0,0.5,12.9925,2.9800000000000004,0,13.205468749999998,0.21296874999999815,0,0,0,0
qBIG,0.7,1,128,0.75,1.0,18.966250000000002,3.1187500000000004,0,13.205468749999998,-5.760781250000004,0,0,0,0
qBIG,0.7,1,129,0.5,0.5,10.089374999999997,1.189375,1,13.205468749999998,3.116093750000001,0,0,0,0
qBIG,0.7,1,130,0.75,0.5,12.123593750000001,1.9273437500000001,1,13.205468749999998,1.0818749999999966,0,0,0,1
qBIG,0.7,1,131,0.25,1.0,11.206249999999999,1.87875,1,13.205468749999998,1.999218749999999,0,0,0,1
qBIG,0.7,1,132,0.75,0.5,12.123593750000001,1.9273437500000001,1,13.205468749999998,1.0818749999999966,0,0,0,1
qBIG,0.7,1,133,0.5,0.75,13.205468749999998,1.6223437500000002,1,13.205468749999998,0.0,1,1,1,1
qBIG,0.7,1,134,0.5,0.5,10.089374999999997,1.189375,1,13.205468749999998,3.116093750000001,0,0,0,0
qBIG,0.7,1,135,0.75,0.25,7.777304687499998,1.7266796875000003,1,13.205468749999998,5.4281640625,0,0,0,0
qBIG,0.7,1,136,0.75,0.0,2.814374999999999,1.7893750000000002,1,13.205468749999998,10.39109375,0,0,0,0
qBIG,0.7,1,137,0.75,0.5,12.123593750000001,1.9273437500000001,1,13.205468749999998,1.0818749999999966,0,0,0,1
qBIG,0.7,1,138,0.5,0.5,10.089374999999997,1.189375,1,13.205468749999998,3.116093750000001,0,0,0,0
qBIG,0.7,1,139,0.75,0.25,7.777304687499998,1.7266796875000003,1,13.205468749999998,5.4281640625,0,0,0,0
qBIG,0.7,1,140,0.75,0.5,12.123593750000001,1.9273437500000001,1,13.205468749999998,1.0818749999999966,0,0,0,1
qBIG,0.7,1,141,0.25,0.75,9.212304687500001,1.2816796875,1,13.205468749999998,3.9931640624999964,0,0,0,0
qBIG,0.7,1,142,0.25,0.75,9.212304687500001,1.2816796875,1,13.205468749999998,3.9931640624999964,0,0,0,0
qBIG,0.7,1,143,0.25,0.5,6.889843749999999,0.76609375,1,13.205468749999998,6.315624999999999,0,0,0,0
qBIG,0.7,1,144,0.5,1.0,15.885000000000002,2.205,0,13.205468749999998,-2.6795312500000037,0,0,0,0
qBIG,0.7,1,145,0.5,0.75,13.205468749999998,1.6223437500000002,1,13.205468749999998,0.0,1,1,1,1
qBIG,0.7,1,146,0.75,0.5,12.123593750000001,1.9273437500000001,1,13.205468749999998,1.0818749999999966,0,0,0,1
qBIG,0.7,1,147,0.25,1.0,11.206249999999999,1.87875,1,13.205468749999998,1.999218749999999,0,0,0,1
qBIG,0.7,1,148,0.0,0.5,2.5250000000000004,0.6575,1,13.205468749999998,10.680468749999998,0,0,0,0
qBIG,0.7,1,149,0.5,0.75,13.205468749999998,1.6223437500000002,1,13.205468749999998,0.0,1,1,1,1
qBIG,0.7,1,150,0.5,0.5,10.089374999999997,1.189375,1,13.205468749999998,3.116093750000001,0,0,0,0
qBIG,0.7,1,151,0.5,0.5,10.089374999999997,1.189375,1,13.205468749999998,3.116093750000001,0,0,0,0
qBIG,0.7,1,152,0.25,1.0,11.206249999999999,1.87875,1,13.205468749999998,1.999218749999999,0,0,0,1
qBIG,0.7,1,153,0.5,0.75,13.205468749999998,1.6223437500000002,1,13.205468749999998,0.0,1,1,1,1
qBIG,0.7,1,154,0.75,0.25,7.777304687499998,1.7266796875000003,1,13.205468749999998,5.4281640625,0,0,0,0
qBIG,0.7,1,155,0.5,0.75,13.205468749999998,1.6223437500000002,1,13.205468749999998,0.0,1,1,1,1
qBIG,0.7,1,156,0.5,0.5,10.089374999999997,1.189375,1,13.205468749999998,3.116093750000001,0,0,0,0
qBIG,0.7,1,157,0.75,0.0,2.814374999999999,1.7893750000000002,1,13.205468749999998,10.39109375,0,0,0,0
qBIG,0.7,1,158,0.5,1.0,15.885000000000002,2.205,0,13.205468749999998,-2.6795312500000037,0,0,0,0
qBIG,0.7,1,159,0.25,1.0,11.206249999999999,1.87875,1,13.205468749999998,1.999218749999999,0,0,0,1
qBIG,0.7,1,160,0.5,0.75,13.205468749999998,1.6223437500000002,1,13.205468749999998,0.0,1,1,1,1
qBIG,0.7,1,161,0.5,1.0,15.885000000000002,2.205,0,13.205468749999998,-2.6795312500000037,0,0,0,0
qBIG,0.7,1,162,0.75,0.5,12.123593750000001,1.9273437500000001,1,13.205468749999998,1.0818749999999966,0,0,0,1
qBIG,0.7,1,163,0.25,0.75,9.212304687500001,1.2816796875,1,13.205468749999998,3.9931640624999964,0,0,0,0
qBIG,0.7,1,164,0.25,0.75,9.212304687500001,1.2816796875,1,13.205468749999998,3.9931640624999964,0,0,0,0
qBIG,0.7,1,165,0.25,0.5,6.889843749999999,0.76609375,1,13.205468749999998,6.315624999999999,0,0,0,0
qBIG,0.7,1,166,0.25,1.0,11.206249999999999,1.87875,1,13.205468749999998,1.999218749999999,0,0,0,1
qBIG,0.7,1,167,0.5,1.0,15.885000000000002,2.205,0,13.205468749999998,-2.6795312500000037,0,0,0,0
qBIG,0.7,1,168,0.75,0.25,7.777304687499998,1.7266796875000003,1,13.205468749999998,5.4281640625,0,0,0,0
qBIG,0.7,1,169,0.25,0.75,9.212304687500001,1.2816796875,1,13.205468749999998,3.9931640624999964,0,0,0,0
qBIG,0.7,1,170,0.75,0.25,7.777304687499998,1.7266796875000003,1,13.205468749999998,5.4281640625,0,0,0,0
qBIG,0.7,1,171,0.5,0.75,13.205468749999998,1.6223437500000002,1,13.205468749999998,0.0,1,1,1,1
qBIG,0.7,1,172,0.25,0.75,9.212304687500001,1.2816796875,1,13.205468749999998,3.9931640624999964,0,0,0,0
qBIG,0.7,1,173,0.0,0.5,2.5250000000000004,0.6575,1,13.205468749999998,10.680468749999998,0,0,0,0
qBIG,0.7,1,174,0.5,0.5,10.089374999999997,1.189375,1,13.205468749999998,3.116093750000001,0,0,0,0
qBIG,0.7,1,175,0.5,0.5,10.089374999999997,1.189375,1,13.205468749999998,3.116093750000001,0,0,0,0
qBIG,0.7,1,176,0.0,0.75,3.8737500000000002,1.369375,1,13.205468749999998,9.331718749999997,0,0,0,0
qBIG,0.7,1,177,0.5,0.75,13.205468749999998,1.6223437500000002,1,13.205468749999998,0.0,1,1,1,1
qBIG,0.7,1,178,0.5,0.5,10.089374999999997,1.189375,1,13.205468749999998,3.116093750000001,0,0,0,0
qBIG,0.7,1,179,0.25,0.75,9.212304687500001,1.2816796875,1,13.205468749999998,3.9931640624999964,0,0,0,0
qBIG,0.7,1,180,0.5,0.5,10.089374999999997,1.189375,1,13.205468749999998,3.116093750000001,0,0,0,0
qBIG,0.7,1,181,0.5,0.5,10.089374999999997,1.189375,1,13.205468749999998,3.116093750000001,0,0,0,0
qBIG,0.7,1,182,0.5,0.5,10.089374999999997,1.189375,1,13.205468749999998,3.116093750000001,0,0,0,0
qBIG,0.7,1,183,0.75,0.5,12.123593750000001,1.9273437500000001,1,13.205468749999998,1.0818749999999966,0,0,0,1
qBIG,0.7,1,184,0.5,0.25,6.536718749999999,0.90609375,1,13.205468749999998,6.668749999999999,0,0,0,0
qBIG,0.7,1,185,1.0,0.25,7.960624999999998,2.79375,0,13.205468749999998,5.24484375,0,0,0,0
qBIG,0.7,1,186,0.5,1.0,15.885000000000002,2.205,0,13.205468749999998,-2.6795312500000037,0,0,0,0
qBIG,0.7,1,187,0.75,1.0,18.966250000000002,3.1187500000000004,0,13.205468749999998,-5.760781250000004,0,0,0,0
qBIG,0.7,1,188,0.25,0.25,4.2388671874999995,0.3319921875,1,13.205468749999998,8.9666015625,0,0,0,0
qBIG,0.7,1,189,0.5,0.75,13.205468749999998,1.6223437500000002,1,13.205468749999998,0.0,1,1,1,1
qBIG,0.7,1,190,0.5,0.5,10.089374999999997,1.189375,1,13.205468749999998,3.116093750000001,0,0,0,0
qBIG,0.7,1,191,0.5,0.75,13.205468749999998,1.6223437500000002,1,13.205468749999998,0.0,1,1,1,1
qBIG,0.7,1,192,0.5,0.75,13.205468749999998,1.6223437500000002,1,13.205468749999998,0.0,1,1,1,1
qBIG,0.7,1,193,0.75,0.75,15.853242187500001,2.3913671875,0,13.205468749999998,-2.6477734375000033,0,0,0,0
qBIG,0.7,1,194,0.25,0.75,9.212304687500001,1.2816796875,1,13.205468749999998,3.9931640624999964,0,0,0,0
qBIG,0.7,1,195,0.5,0.5,10.089374999999997,1.189375,1,13.205468749999998,3.116093750000001,0,0,0,0
qBIG,0.7,1,196,0.25,0.75,9.212304687500001,1.2816796875,1,13.205468749999998,3.9931640624999964,0,0,0,0
qBIG,0.7,1,197,0.25,1.0,11.206249999999999,1.87875,1,13.205468749999998,1.999218749999999,0,0,0,1
qBIG,0.7,1,198,0.5,1.0,15.885000000000002,2.205,0,13.205468749999998,-2.6795312500000037,0,0,0,0
qBIG,0.7,1,199,0.25,0.5,6.889843749999999,0.76609375,1,13.205468749999998,6.315624999999999,0,0,0,0
qBIG,0.8,0,0,0.25,0.25,3.1067187499999993,0.3319921875,1,7.6792187499999995,4.5725,0,0,0,0
qBIG,0.8,0,1,0.0,0.75,5.9643749999999995,1.369375,1,7.6792187499999995,1.71484375,0,0,0,1
qBIG,0.8,0,2,0.5,0.0,2.8075,0.7725000000000001,1,7.6792187499999995,4.871718749999999,0,0,0,0
qBIG,0.8,0,3,0.0,0.75,5.9643749999999995,1.369375,1,7.6792187499999995,1.71484375,0,0,0,1
qBIG,0.8,0,4,0.25,0.5,4.9174999999999995,0.76609375,1,7.6792187499999995,2.76171875,0,0,0,0
qBIG,0.8,0,5,0.5,0.75,9.1975,1.6223437500000002,0,7.6792187499999995,-1.5182812500000002,0,0,0,0
qBIG,0.8,0,6,0.0,0.0,1.38,-0.59,1,7.6792187499999995,6.29921875,0,0,0,0
qBIG,0.8,0,7,0.25,0.5,4.9174999999999995,0.76609375,1,7.6792187499999995,2.76171875,0,0,0,0
qBIG,0.8,0,8,0.25,0.5,4.9174999999999995,0.76609375,1,7.6792187499999995,2.76171875,0,0,0,0
qBIG,0.8,0,9,1.0,0.5,7.632499999999999,2.9800000000000004,0,7.6792187499999995,0.04671875000000014,0,0,0,0
qBIG,0.8,0,10,0.5,0.5,6.08,1.189375,1,7.6792187499999995,1.5992187499999995,0,0,0,1
qBIG,0.8,0,11,0.0,0.75,5.9643749999999995,1.369375,1,7.6792187499999995,1.71484375,0,0,0,1
qBIG,0.8,0,12,0.25,0.75,7.6792187499999995,1.2816796875,1,7.6792187499999995,0.0,1,1,1,1
qBIG,0.8,0,13,0.0,0.0,1.38,-0.59,1,7.6792187499999995,6.29921875,0,0,0,0
qBIG,0.8,0,14,0.25,0.25,3.1067187499999993,0.3319921875,1,7.6792187499999995,4.5725,0,0,0,0
qBIG,0.8,0,15,0.25,0.75,7.6792187499999995,1.2816796875,1,7.6792187499999995,0.0,1,1,1,1
qBIG,0.8,0,16,0.5,0.25,3.9499999999999997,0.90609375,1,7.6792187499999995,3.72921875,0,0,0,0
qBIG,0.8,0,17,0.0,0.75,5.9643749999999995,1.369375,1,7.6792187499999995,1.71484375,0,0,0,1
qBIG,0.8,0,18,0.0,0.5,3.4974999999999996,0.6575,1,7.6792187499999995,4.18171875,0,0,0,0
qBIG,0.8,0,19,0.25,0.75,7.6792187499999995,1.2816796875,1,7.6792187499999995,0.0,1,1,1,1
qBIG,0.8,0,20,0.25,0.75,7.6792187499999995,1.2816796875,1,7.6792187499999995,0.0,1,1,1,1
qBIG,0.8,0,21,0.0,0.0,1.38,-0.59,1,7.6792187499999995,6.29921875,0,0,0,0
qBIG,0.8,0,22,0.25,0.25,3.1067187499999993,0.3319921875,1,7.6792187499999995,4.5725,0,0,0,0
qBIG,0.8,0,23,0.5,0.75,9.1975,1.6223437500000002,0,7.6792187499999995,-1.5182812500000002,0,0,0,0
qBIG,0.8,0,24,0.75,0.25,4.499218749999999,1.7266796875000003,0,7.6792187499999995,3.1800000000000006,0,0,0,0
qBIG,0.8,0,25,0.25,0.5,4.9174999999999995,0.76609375,1,7.6792187499999995,2.76171875,0,0,0,0
qBIG,0.8,0,26,0.0,0.0,1.38,-0.59,1,7.6792187499999995,6.29921875,0,0,0,0
qBIG,0.8,0,27,1.0,0.25,4.7543750000000005,2.79375,0,7.6792187499999995,2.924843749999999,0,0,0,0
qBIG,0.8,0,28,0.25,0.5,4.9174999999999995,0.76609375,1,7.6792187499999995,2.76171875,0,0,0,0
qBIG,0.8,0,29,0.25,1.0,11.391874999999999,1.87875,0,7.6792187499999995,-3.7126562499999993,0,0,0,0
qBIG,0.8,0,30,0.25,0.5,4.9174999999999995,0.76609375,1,7.6792187499999995,2.76171875,0,0,0,0
qBIG,0.8,0,31,0.5,0.5,6.08,1.189375,1,7.6792187499999995,1.5992187499999995,0,0,0,1
qBIG,0.8,0,32,0.5,0.25,3.9499999999999997,0.90609375,1,7.6792187499999995,3.72921875,0,0,0,0
qBIG,0.8,0,33,0.0,0.5,3.4974999999999996,0.6575,1,7.6792187499999995,4.18171875,0,0,0,0
qBIG,0.8,0,34,0.5,0.0,2.8075,0.7725000000000001,1,7.6792187499999995,4.871718749999999,0,0,0,0
qBIG,0.8,0,35,0.0,0.5,3.4974999999999996,0.6575,1,7.6792187499999995,4.18171875,0,0,0,0
qBIG,0.8,0,36,0.0,0.75,5.9643749999999995,1.369375,1,7.6792187499999995,1.71484375,0,0,0,1
qBIG,0.8,0,37,0.25,0.0,2.2468749999999997,-0.02062499999999995,1,7.6792187499999995,5.432343749999999,0,0,0,0
qBIG,0.8,0,38,0.0,0.5,3.4974999999999996,0.6575,1,7.6792187499999995,4.18171875,0,0,0,0
qBIG,0.8,0,39,0.0,0.5,3.4974999999999996,0.6575,1,7.6792187499999995,4.18171875,0,0,0,0
qBIG,0.8,0,40,0.0,0.75,5.9643749999999995,1.369375,1,7.6792187499999995,1.71484375,0,0,0,1
qBIG,0.8,0,41,0.5,0.25,3.9499999999999997,0.90609375,1,7.6792187499999995,3.72921875,0,0,0,0
qBIG,0.8,0,42,0.0,0.0,1.38,-0.59,1,7.6792187499999995,6.29921875,0,0,0,0
qBIG,0.8,0,43,0.0,1.0,9.37,2.1399999999999997,0,7.6792187499999995,-1.6907812499999997,0,0,0,0
qBIG,0.8,0,44,0.5,0.5,6.08,1.189375,1,7.6792187499999995,1.5992187499999995,0,0,0,1
qBIG,0.8,0,45,0.0,0.5,3.4974999999999996,0.6575,1,7.6792187499999995,4.18171875,0,0,0,0
qBIG,0.8,0,46,0.5,0.5,6.08,1.189375,1,7.6792187499999995,1.5992187499999995,0,0,0,1
qBIG,0.8,0,47,0.25,0.75,7.6792187499999995,1.2816796875,1,7.6792187499999995,0.0,1,1,1,1
qBIG,0.8,0,48,0.25,0.5,4.9174999999999995,0.76609375,1,7.6792187499999995,2.76171875,0,0,0,0
qBIG,0.8,0,49,0.25,0.0,2.2468749999999997,-0.02062499999999995,1,7.6792187499999995,5.432343749999999,0,0,0,0
qBIG,0.8,0,50,0.0,1.0,9.37,2.1399999999999997,0,7.6792187499999995,-1.6907812499999997,0,0,0,0
qBIG,0.8,0,51,0.0,0.5,3.4974999999999996,0.6575,1,7.6792187499999995,4.18171875,0,0,0,0
qBIG,0.8,0,52,0.5,0.5,6.08,1.189375,1,7.6792187499999995,1.5992187499999995,0,0,0,1
qBIG,0.8,0,53,0.0,0.75,5.9643749999999995,1.369375,1,7.6792187499999995,1.71484375,0,0,0,1
qBIG,0.8,0,54,0.0,0.0,1.38,-0.59,1,7.6792187499999995,6.29921875,0,0,0,0
qBIG,0.8,0,55,0.25,0.75,7.6792187499999995,1.2816796875,1,7.6792187499999995,0.0,1,1,1,1
qBIG,0.8,0,56,0.25,0.0,2.2468749999999997,-0.02062499999999995,1,7.6792187499999995,5.432343749999999,0,0,0,0
qBIG,0.8,0,57,1.0,0.0,3.01,3.0300000000000002,0,7.6792187499999995,4.66921875,0,0,0,0
qBIG,0.8,0,58,0.25,0.75,7.6792187499999995,1.2816796875,1,7.6792187499999995,0.0,1,1,1,1
qBIG,0.8,0,59,0.25,0.5,4.9174999999999995,0.76609375,1,7.6792187499999995,2.76171875,0,0,0,0
qBIG,0.8,0,60,0.0,0.5,3.4974999999999996,0.6575,1,7.6792187499999995,4.18171875,0,0,0,0
qBIG,0.8,0,61,0.25,0.5,4.9174999999999995,0.76609375,1,7.6792187499999995,2.76171875,0,0,0,0
qBIG,0.8,0,62,0.5,1.0,13.302500000000002,2.205,0,7.6792187499999995,-5.6232812500000025,0,0,0,0
qBIG,0.8,0,63,0.25,0.25,3.1067187499999993,0.3319921875,1,7.6792187499999995,4.5725,0,0,0,0
qBIG,0.8,0,64,0.5,0.25,3.9499999999999997,0.90609375,1,7.6792187499999995,3.72921875,0,0,0,0
qBIG,0.8,0,65,0.25,0.5,4.9174999999999995,0.76609375,1,7.6792187499999995,2.76171875,0,0,0,0
qBIG,0.8,0,66,0.0,0.5,3.4974999999999996,0.6575,1,7.6792187499999995,4.18171875,0,0,0,0
qBIG,0.8,0,67,0.0,0.0,1.38,-0.59,1,7.6792187499999995,6.29921875,0,0,0,0
qBIG,0.8,0,68,0.0,0.25,1.9693749999999999,0.004374999999999976,1,7.6792187499999995,5.709843749999999,0,0,0,0
qBIG,0.8,0,69,0.25,0.75,7.6792187499999995,1.2816796875,1,7.6792187499999995,0.0,1,1,1,1
qBIG,0.8,0,70,0.25,0.5,4.9174999999999995,0.76609375,1,7.6792187499999995,2.76171875,0,0,0,0
qBIG,0.8,0,71,0.25,0.0,2.2468749999999997,-0.02062499999999995,1,7.6792187499999995,5.432343749999999,0,0,0,0
qBIG,0.8,0,72,0.5,0.25,3.9499999999999997,0.90609375,1,7.6792187499999995,3.72921875,0,0,0,0
qBIG,0.8,0,73,0.25,0.5,4.9174999999999995,0.76609375,1,7.6792187499999995,2.76171875,0,0,0,0
qBIG,0.8,0,74,0.5,0.5,6.08,1.189375,1,7.6792187499999995,1.5992187499999995,0,0,0,1
qBIG,0.8,0,75,0.5,0.25,3.9499999999999997,0.90609375,1,7.6792187499999995,3.72921875,0,0,0,0
qBIG,0.8,0,76,0.25,0.25,3.1067187499999993,0.3319921875,1,7.6792187499999995,4.5725,0,0,0,0
qBIG,0.8,0,77,0.25,0.5,4.9174999999999995,0.76609375,1,7.6792187499999995,2.76171875,0,0,0,0
qBIG,0.8,0,78,0.0,0.0,1.38,-0.59,1,7.6792187499999995,6.29921875,0,0,0,0
qBIG,0.8,0,79,0.5,0.0,2.8075,0.7725000000000001,1,7.6792187499999995,4.871718749999999,0,0,0,0
qBIG,0.8,0,80,0.5,0.25,3.9499999999999997,0.90609375,1,7.6792187499999995,3.72921875,0,0,0,0
qBIG,0.8,0,81,0.0,0.5,3.4974999999999996,0.6575,1,7.6792187499999995,4.18171875,0,0,0,0
qBIG,0.8,0,82,0.25,0.0,2.2468749999999997,-0.02062499999999995,1,7.6792187499999995,5.432343749999999,0,0,0,0
qBIG,0.8,0,83,0.25,0.75,7.6792187499999995,1.2816796875,1,7.6792187499999995,0.0,1,1,1,1
qBIG,0.8,0,84,0.25,0.25,3.1067187499999993,0.3319921875,1,7.6792187499999995,4.5725,0,0,0,0
qBIG,0.8,0,85,0.5,0.5,6.08,1.189375,1,7.6792187499999995,1.5992187499999995,0,0,0,1
qBIG,0.8,0,86,0.25,0.75,7.6792187499999995,1.2816796875,1,7.6792187499999995,0.0,1,1,1,1
qBIG,0.8,0,87,1.0,0.5,7.632499999999999,2.9800000000000004,0,7.6792187499999995,0.04671875000000014,0,0,0,0
qBIG,0.8,0,88,0.5,0.0,2.8075,0.7725000000000001,1,7.6792187499999995,4.871718749999999,0,0,0,0
qBIG,0.8,0,89,0.0,0.5,3.4974999999999996,0.6575,1,7.6792187499999995,4.18171875,0,0,0,0
qBIG,0.8,0,90,0.0,0.5,3.4974999999999996,0.6575,1,7.6792187499999995,4.18171875,0,0,0,0
qBIG,0.8,0,91,0.5,0.0,2.8075,0.7725000000000001,1,7.6792187499999995,4.871718749999999,0,0,0,0
qBIG,0.8,0,92,0.25,0.25,3.1067187499999993,0.3319921875,1,7.6792187499999995,4.5725,0,0,0,0
qBIG,0.8,0,93,0.25,0.5,4.9174999999999995,0.76609375,1,7.6792187499999995,2.76171875,0,0,0,0
qBIG,0.8,0,94,0.5,0.25,3.9499999999999997,0.90609375,1,7.6792187499999995,3.72921875,0,0,0,0
qBIG,0.8,0,95,0.5,0.25,3.9499999999999997,0.90609375,1,7.6792187499999995,3.72921875,0,0,0,0
qBIG,0.8,0,96,0.0,0.5,3.4974999999999996,0.6575,1,7.6792187499999995,4.18171875,0,0,0,0
qBIG,0.8,0,97,0.5,0.75,9.1975,1.6223437500000002,0,7.6792187499999995,-1.5182812500000002,0,0,0,0
qBIG,0.8,0,98,0.0,0.75,5.9643749999999995,1.369375,1,7.6792187499999995,1.71484375,0,0,0,1
qBIG,0.8,0,99,0.0,0.75,5.9643749999999995,1.369375,1,7.6792187499999995,1.71484375,0,0,0,1
qBIG,0.8,0,100,0.0,0.5,3.4974999999999996,0.6575,1,7.6792187499999995,4.18171875,0,0,0,0
qBIG,0.8,0,101,0.25,0.0,2.2468749999999997,-0.02062499999999995,1,7.6792187499999995,5.432343749999999,0,0,0,0
qBIG,0.8,0,102,0.0,0.5,3.4974999999999996,0.6575,1,7.6792187499999995,4.18171875,0,0,0,0
qBIG,0.8,0,103,0.0,0.25,1.9693749999999999,0.004374999999999976,1,7.6792187499999995,5.709843749999999,0,0,0,0
qBIG,0.8,0,104,0.0,0.25,1.9693749999999999,0.004374999999999976,1,7.6792187499999995,5.709843749999999,0,0,0,0
qBIG,0.8,0,105,0.5,0.5,6.08,1.189375,1,7.6792187499999995,1.5992187499999995,0,0,0,1
qBIG,0.8,0,106,0.25,0.25,3.1067187499999993,0.3319921875,1,7.6792187499999995,4.5725,0,0,0,0
qBIG,0.8,0,107,0.0,0.0,1.38,-0.59,1,7.6792187499999995,6.29921875,0,0,0,0
qBIG,0.8,0,108,0.25,0.5,4.9174999999999995,0.76609375,1,7.6792187499999995,2.76171875,0,0,0,0
qBIG,0.8,0,109,0.0,0.5,3.4974999999999996,0.6575,1,7.6792187499999995,4.18171875,0,0,0,0
qBIG,0.8,0,110,0.25,0.5,4.9174999999999995,0.76609375,1,7.6792187499999995,2.76171875,0,0,0,0
qBIG,0.8,0,111,0.5,0.5,6.08,1.189375,1,7.6792187499999995,1.5992187499999995,0,0,0,1
qBIG,0.8,0,112,0.0,0.0,1.38,-0.59,1,7.6792187499999995,6.29921875,0,0,0,0
qBIG,0.8,0,113,0.5,0.25,3.9499999999999997,0.90609375,1,7.6792187499999995,3.72921875,0,0,0,0
qBIG,0.8,0,114,0.5,0.0,2.8075,0.7725000000000001,1,7.6792187499999995,4.871718749999999,0,0,0,0
qBIG,0.8,0,115,0.5,0.75,9.1975,1.6223437500000002,0,7.6792187499999995,-1.5182812500000002,0,0,0,0
qBIG,0.8,0,116,0.5,0.75,9.1975,1.6223437500000002,0,7.6792187499999995,-1.5182812500000002,0,0,0,0
qBIG,0.8,0,117,0.25,0.5,4.9174999999999995,0.76609375,1,7.6792187499999995,2.76171875,0,0,0,0
qBIG,0.8,0,118,0.25,1.0,11.391874999999999,1.87875,0,7.6792187499999995,-3.7126562499999993,0,0,0,0
qBIG,0.8,0,119,0.5,0.0,2.8075,0.7725000000000001,1,7.6792187499999995,4.871718749999999,0,0,0,0
qBIG,0.8,0,120,0.25,0.75,7.6792187499999995,1.2816796875,1,7.6792187499999995,0.0,1,1,1,1
qBIG,0.8,0,121,0.0,0.5,3.4974999999999996,0.6575,1,7.6792187499999995,4.18171875,0,0,0,0
qBIG,0.8,0,122,0.75,0.0,3.0618749999999992,1.7893750000000002,0,7.6792187499999995,4.61734375,0,0,0,0
qBIG,0.8,0,123,0.25,0.75,7.6792187499999995,1.2816796875,1,7.6792187499999995,0.0,1,1,1,1
qBIG,0.8,0,124,0.0,0.75,5.9643749999999995,1.369375,1,7.6792187499999995,1.71484375,0,0,0,1
qBIG,0.8,0,125,0.0,0.5,3.4974999999999996,0.6575,1,7.6792187499999995,4.18171875,0,0,0,0
qBIG,0.8,0,126,0.0,0.0,1.38,-0.59,1,7.6792187499999995,6.29921875,0,0,0,0
qBIG,0.8,0,127,1.0,1.0,16.79,4.62,0,7.6792187499999995,-9.110781249999999,0,0,0,0
qBIG,0.8,0,128,0.25,0.5,4.9174999999999995,0.76609375,1,7.6792187499999995,2.76171875,0,0,0,0
qBIG,0.8,0,129,0.0,0.5,3.4974999999999996,0.6575,1,7.6792187499999995,4.18171875,0,0,0,0
qBIG,0.8,0,130,0.0,0.75,5.9643749999999995,1.369375,1,7.6792187499999995,1.71484375,0,0,0,1
qBIG,0.8,0,131,0.25,0.5,4.9174999999999995,0.76609375,1,7.6792187499999995,2.76171875,0,0,0,0
qBIG,0.8,0,132,0.5,0.5,6.08,1.189375,1,7.6792187499999995,1.5992187499999995,0,0,0,1
qBIG,0.8,0,133,0.25,0.75,7.6792187499999995,1.2816796875,1,7.6792187499999995,0.0,1,1,1,1
qBIG,0.8,0,134,0.0,0.5,3.4974999999999996,0.6575,1,7.6792187499999995,4.18171875,0,0,0,0
qBIG,0.8,0,135,0.0,0.25,1.9693749999999999,0.004374999999999976,1,7.6792187499999995,5.709843749999999,0,0,0,0
qBIG,0.8,0,136,0.0,0.75,5.9643749999999995,1.369375,1,7.6792187499999995,1.71484375,0,0,0,1
qBIG,0.8,0,137,0.75,0.5,6.985,1.9273437500000001,0,7.6792187499999995,0.6942187499999992,0,0,0,0
qBIG,0.8,0,138,0.25,0.5,4.9174999999999995,0.76609375,1,7.6792187499999995,2.76171875,0,0,0,0
qBIG,0.8,0,139,0.0,0.75,5.9643749999999995,1.369375,1,7.6792187499999995,1.71484375,0,0,0,1
qBIG,0.8,0,140,0.0,0.0,1.38,-0.59,1,7.6792187499999995,6.29921875,0,0,0,0
qBIG,0.8,0,141,0.0,0.75,5.9643749999999995,1.369375,1,7.6792187499999995,1.71484375,0,0,0,1
qBIG,0.8,0,142,0.0,0.0,1.38,-0.59,1,7.6792187499999995,6.29921875,0,0,0,0
qBIG,0.8,0,143,0.5,0.0,2.8075,0.7725000000000001,1,7.6792187499999995,4.871718749999999,0,0,0,0
qBIG,0.8,0,144,0.0,0.0,1.38,-0.59,1,7.6792187499999995,6.29921875,0,0,0,0
qBIG,0.8,0,145,0.0,1.0,9.37,2.1399999999999997,0,7.6792187499999995,-1.6907812499999997,0,0,0,0
qBIG,0.8,0,146,1.0,1.0,16.79,4.62,0,7.6792187499999995,-9.110781249999999,0,0,0,0
qBIG,0.8,0,147,0.0,0.5,3.4974999999999996,0.6575,1,7.6792187499999995,4.18171875,0,0,0,0
qBIG,0.8,0,148,0.25,0.5,4.9174999999999995,0.76609375,1,7.6792187499999995,2.76171875,0,0,0,0
qBIG,0.8,0,149,0.0,0.25,1.9693749999999999,0.004374999999999976,1,7.6792187499999995,5.709843749999999,0,0,0,0
qBIG,0.8,0,150,0.5,0.25,3.9499999999999997,0.90609375,1,7.6792187499999995,3.72921875,0,0,0,0
qBIG,0.8,0,151,0.0,0.75,5.9643749999999995,1.369375,1,7.6792187499999995,1.71484375,0,0,0,1
qBIG,0.8,0,152,0.25,0.75,7.6792187499999995,1.2816796875,1,7.6792187499999995,0.0,1,1,1,1
qBIG,0.8,0,153,0.25,0.5,4.9174999999999995,0.76609375,1,7.6792187499999995,2.76171875,0,0,0,0
qBIG,0.8,0,154,0.0,0.75,5.9643749999999995,1.369375,1,7.6792187499999995,1.71484375,0,0,0,1
qBIG,0.8,0,155,0.0,0.5,3.4974999999999996,0.6575,1,7.6792187499999995,4.18171875,0,0,0,0
qBIG,0.8,0,156,0.0,0.25,1.9693749999999999,0.004374999999999976,1,7.6792187499999995,5.709843749999999,0,0,0,0
qBIG,0.8,0,157,0.25,0.0,2.2468749999999997,-0.02062499999999995,1,7.6792187499999995,5.432343749999999,0,0,0,0
qBIG,0.8,0,158,0.25,0.75,7.6792187499999995,1.2816796875,1,7.6792187499999995,0.0,1,1,1,1
qBIG,0.8,0,159,0.5,0.0,2.8075,0.7725000000000001,1,7.6792187499999995,4.871718749999999,0,0,0,0
qBIG,0.8,0,160,0.25,0.5,4.9174999999999995,0.76609375,1,7.6792187499999995,2.76171875,0,0,0,0
qBIG,0.8,0,161,0.0,0.25,1.9693749999999999,0.004374999999999976,1,7.6792187499999995,5.709843749999999,0,0,0,0
qBIG,0.8,0,162,0.5,0.25,3.9499999999999997,0.90609375,1,7.6792187499999995,3.72921875,0,0,0,0
qBIG,0.8,0,163,0.0,0.5,3.4974999999999996,0.6575,1,7.6792187499999995,4.18171875,0,0,0,0
qBIG,0.8,0,164,0.5,0.25,3.9499999999999997,0.90609375,1,7.6792187499999995,3.72921875,0,0,0,0
qBIG,0.8,0,165,0.25,0.75,7.6792187499999995,1.2816796875,1,7.6792187499999995,0.0,1,1,1,1
qBIG,0.8,0,166,0.0,0.0,1.38,-0.59,1,7.6792187499999995,6.29921875,0,0,0,0
qBIG,0.8,0,167,0.0,0.75,5.9643749999999995,1.369375,1,7.6792187499999995,1.71484375,0,0,0,1
qBIG,0.8,0,168,0.75,0.25,4.499218749999999,1.7266796875000003,0,7.6792187499999995,3.1800000000000006,0,0,0,0
qBIG,0.8,0,169,0.0,0.25,1.9693749999999999,0.004374999999999976,1,7.6792187499999995,5.709843749999999,0,0,0,0
qBIG,0.8,0,170,0.25,0.0,2.2468749999999997,-0.02062499999999995,1,7.6792187499999995,5.432343749999999,0,0,0,0
qBIG,0.8,0,171,0.0,0.5,3.4974999999999996,0.6575,1,7.6792187499999995,4.18171875,0,0,0,0
qBIG,0.8,0,172,0.0,0.5,3.4974999999999996,0.6575,1,7.6792187499999995,4.18171875,0,0,0,0
qBIG,0.8,0,173,0.0,0.75,5.9643749999999995,1.369375,1,7.6792187499999995,1.71484375,0,0,0,1
qBIG,0.8,0,174,0.25,0.5,4.9174999999999995,0.76609375,1,7.6792187499999995,2.76171875,0,0,0,0
qBIG,0.8,0,175,0.0,0.5,3.4974999999999996,0.6575,1,7.6792187499999995,4.18171875,0,0,0,0
qBIG,0.8,0,176,0.5,0.5,6.08,1.189375,1,7.6792187499999995,1.5992187499999995,0,0,0,1
qBIG,0.8,0,177,0.0,0.25,1.9693749999999999,0.004374999999999976,1,7.6792187499999995,5.709843749999999,0,0,0,0
qBIG,0.8,0,178,0.25,0.5,4.9174999999999995,0.76609375,1,7.6792187499999995,2.76171875,0,0,0,0
qBIG,0.8,0,179,0.25,0.0,2.2468749999999997,-0.02062499999999995,1,7.6792187499999995,5.432343749999999,0,0,0,0
qBIG,0.8,0,180,0.5,0.25,3.9499999999999997,0.90609375,1,7.6792187499999995,3.72921875,0,0,0,0
qBIG,0.8,0,181,0.5,0.5,6.08,1.189375,1,7.6792187499999995,1.5992187499999995,0,0,0,1
qBIG,0.8,0,182,0.0,1.0,9.37,2.1399999999999997,0,7.6792187499999995,-1.6907812499999997,0,0,0,0
qBIG,0.8,0,183,0.0,0.0,1.38,-0.59,1,7.6792187499999995,6.29921875,0,0,0,0
qBIG,0.8,0,184,0.5,0.25,3.9499999999999997,0.90609375,1,7.6792187499999995,3.72921875,0,0,0,0
qBIG,0.8,0,185,0.25,1.0,11.391874999999999,1.87875,0,7.6792187499999995,-3.7126562499999993,0,0,0,0
qBIG,0.8,0,186,0.0,0.0,1.38,-0.59,1,7.6792187499999995,6.29921875,0,0,0,0
qBIG,0.8,0,187,0.25,0.25,3.1067187499999993,0.3319921875,1,7.6792187499999995,4.5725,0,0,0,0
qBIG,0.8,0,188,0.5,0.25,3.9499999999999997,0.90609375,1,7.6792187499999995,3.72921875,0,0,0,0
qBIG,0.8,0,189,0.25,0.5,4.9174999999999995,0.76609375,1,7.6792187499999995,2.76171875,0,0,0,0
qBIG,0.8,0,190,0.5,0.25,3.9499999999999997,0.90609375,1,7.6792187499999995,3.72921875,0,0,0,0
qBIG,0.8,0,191,0.5,1.0,13.302500000000002,2.205,0,7.6792187499999995,-5.6232812500000025,0,0,0,0
qBIG,0.8,0,192,0.75,0.0,3.0618749999999992,1.7893750000000002,0,7.6792187499999995,4.61734375,0,0,0,0
qBIG,0.8,0,193,0.5,0.25,3.9499999999999997,0.90609375,1,7.6792187499999995,3.72921875,0,0,0,0
qBIG,0.8,0,194,0.0,0.5,3.4974999999999996,0.6575,1,7.6792187499999995,4.18171875,0,0,0,0
qBIG,0.8,0,195,0.25,0.5,4.9174999999999995,0.76609375,1,7.6792187499999995,2.76171875,0,0,0,0
qBIG,0.8,0,196,0.25,0.25,3.1067187499999993,0.3319921875,1,7.6792187499999995,4.5725,0,0,0,0
qBIG,0.8,0,197,0.0,0.5,3.4974999999999996,0.6575,1,7.6792187499999995,4.18171875,0,0,0,0
qBIG,0.8,0,198,0.25,0.75,7.6792187499999995,1.2816796875,1,7.6792187499999995,0.0,1,1,1,1
qBIG,0.8,0,199,0.25,0.25,3.1067187499999993,0.3319921875,1,7.6792187499999995,4.5725,0,0,0,0
qBIG,0.8,1,0,0.75,0.5,12.123593750000001,1.9273437500000001,1,13.205468749999998,1.0818749999999966,0,0,0,1
qBIG,0.8,1,1,0.25,1.0,11.206249999999999,1.87875,1,13.205468749999998,1.999218749999999,0,0,0,1
qBIG,0.8,1,2,0.25,0.75,9.212304687500001,1.2816796875,1,13.205468749999998,3.9931640624999964,0,0,0,0
qBIG,0.8,1,3,0.5,0.5,10.089374999999997,1.189375,1,13.205468749999998,3.116093750000001,0,0,0,0
qBIG,0.8,1,4,0.0,0.75,3.8737500000000002,1.369375,1,13.205468749999998,9.331718749999997,0,0,0,0
qBIG,0.8,1,5,0.5,0.75,13.205468749999998,1.6223437500000002,1,13.205468749999998,0.0,1,1,1,1
qBIG,0.8,1,6,0.25,0.25,4.2388671874999995,0.3319921875,1,13.205468749999998,8.9666015625,0,0,0,0
qBIG,0.8,1,7,0.5,0.5,10.089374999999997,1.189375,1,13.205468749999998,3.116093750000001,0,0,0,0
qBIG,0.8,1,8,0.25,1.0,11.206249999999999,1.87875,1,13.205468749999998,1.999218749999999,0,0,0,1
qBIG,0.8,1,9,0.5,0.75,13.205468749999998,1.6223437500000002,1,13.205468749999998,0.0,1,1,1,1
qBIG,0.8,1,10,0.5,0.75,13.205468749999998,1.6223437500000002,1,13.205468749999998,0.0,1,1,1,1
qBIG,0.8,1,11,0.5,0.75,13.205468749999998,1.6223437500000002,1,13.205468749999998,0.0,1,1,1,1
qBIG,0.8,1,12,0.25,0.75,9.212304687500001,1.2816796875,1,13.205468749999998,3.9931640624999964,0,0,0,0
qBIG,0.8,1,13,0.75,0.5,12.123593750000001,1.9273437500000001,1,13.205468749999998,1.0818749999999966,0,0,0,1
qBIG,0.8,1,14,0.5,0.75,13.205468749999998,1.6223437500000002,1,13.205468749999998,0.0,1,1,1,1
qBIG,0.8,1,15,0.25,0.75,9.212304687500001,1.2816796875,1,13.205468749999998,3.9931640624999964,0,0,0,0
qBIG,0.8,1,16,0.0,1.0,4.930000000000001,2.1399999999999997,0,13.205468749999998,8.275468749999998,0,0,0,0
qBIG,0.8,1,17,0.25,1.0,11.206249999999999,1.87875,1,13.205468749999998,1.999218749999999,0,0,0,1
qBIG,0.8,1,18,0.0,1.0,4.930000000000001,2.1399999999999997,0,13.205468749999998,8.275468749999998,0,0,0,0
qBIG,0.8,1,19,0.25,0.75,9.212304687500001,1.2816796875,1,13.205468749999998,3.9931640624999964,0,0,0,0
qBIG,0.8,1,20,0.5,0.75,13.205468749999998,1.6223437500000002,1,13.205468749999998,0.0,1,1,1,1
qBIG,0.8,1,21,0.0,0.0,-1.05,-0.59,1,13.205468749999998,14.255468749999999,0,0,0,0
qBIG,0.8,1,22,0.25,0.25,4.2388671874999995,0.3319921875,1,13.205468749999998,8.9666015625,0,0,0,0
qBIG,0.8,1,23,0.25,1.0,11.206249999999999,1.87875,1,13.205468749999998,1.999218749999999,0,0,0,1
qBIG,0.8,1,24,0.75,0.5,12.123593750000001,1.9273437500000001,1,13.205468749999998,1.0818749999999966,0,0,0,1
qBIG,0.8,1,25,0.5,0.5,10.089374999999997,1.189375,1,13.205468749999998,3.116093750000001,0,0,0,0
qBIG,0.8,1,26,0.5,1.0,15.885000000000002,2.205,0,13.205468749999998,-2.6795312500000037,0,0,0,0
qBIG,0.8,1,27,0.25,1.0,11.206249999999999,1.87875,1,13.205468749999998,1.999218749999999,0,0,0,1
qBIG,0.8,1,28,0.5,0.5,10.089374999999997,1.189375,1,13.205468749999998,3.116093750000001,0,0,0,0
qBIG,0.8,1,29,0.25,0.75,9.212304687500001,1.2816796875,1,13.205468749999998,3.9931640624999964,0,0,0,0
qBIG,0.8,1,30,0.75,0.5,12.123593750000001,1.9273437500000001,1,13.205468749999998,1.0818749999999966,0,0,0,1
qBIG,0.8,1,31,0.75,0.25,7.777304687499998,1.7266796875000003,1,13.205468749999998,5.4281640625,0,0,0,0
qBIG,0.8,1,32,0.25,0.75,9.212304687500001,1.2816796875,1,13.205468749999998,3.9931640624999964,0,0,0,0
qBIG,0.8,1,33,0.5,0.75,13.205468749999998,1.6223437500000002,1,13.205468749999998,0.0,1,1,1,1
qBIG,0.8,1,34,0.25,0.5,6.889843749999999,0.76609375,1,13.205468749999998,6.315624999999999,0,0,0,0
qBIG,0.8,1,35,0.75,0.75,15.853242187500001,2.3913671875,0,13.205468749999998,-2.6477734375000033,0,0,0,0
qBIG,0.8,1,36,0.5,0.75,13.205468749999998,1.6223437500000002,1,13.205468749999998,0.0,1,1,1,1
qBIG,0.8,1,37,0.75,0.75,15.853242187500001,2.3913671875,0,13.205468749999998,-2.6477734375000033,0,0,0,0
qBIG,0.8,1,38,0.25,1.0,11.206249999999999,1.87875,1,13.205468749999998,1.999218749999999,0,0,0,1
qBIG,0.8,1,39,0.5,0.5,10.089374999999997,1.189375,1,13.205468749999998,3.116093750000001,0,0,0,0
qBIG,0.8,1,40,0.5,1.0,15.885000000000002,2.205,0,13.205468749999998,-2.6795312500000037,0,0,0,0
qBIG,0.8,1,41,0.25,0.75,9.212304687500001,1.2816796875,1,13.205468749999998,3.9931640624999964,0,0,0,0
qBIG,0.8,1,42,0.25,0.75,9.212304687500001,1.2816796875,1,13.205468749999998,3.9931640624999964,0,0,0,0
qBIG,0.8,1,43,0.25,1.0,11.206249999999999,1.87875,1,13.205468749999998,1.999218749999999,0,0,0,1
qBIG,0.8,1,44,0.75,0.25,7.777304687499998,1.7266796875000003,1,13.205468749999998,5.4281640625,0,0,0,0
qBIG,0.8,1,45,0.25,0.75,9.212304687500001,1.2816796875,1,13.205468749999998,3.9931640624999964,0,0,0,0
qBIG,0.8,1,46,0.5,1.0,15.885000000000002,2.205,0,13.205468749999998,-2.6795312500000037,0,0,0,0
qBIG,0.8,1,47,0.5,0.5,10.089374999999997,1.189375,1,13.205468749999998,3.116093750000001,0,0,0,0
qBIG,0.8,1,48,0.5,0.5,10.089374999999997,1.189375,1,13.205468749999998,3.116093750000001,0,0,0,0
qBIG,0.8,1,49,0.5,0.25,6.536718749999999,0.90609375,1,13.205468749999998,6.668749999999999,0,0,0,0
qBIG,0.8,1,50,0.25,0.75,9.212304687500001,1.2816796875,1,13.205468749999998,3.9931640624999964,0,0,0,0
qBIG,0.8,1,51,0.75,0.75,15.853242187500001,2.3913671875,0,13.205468749999998,-2.6477734375000033,0,0,0,0
qBIG,0.8,1,52,0.75,1.0,18.966250000000002,3.1187500000000004,0,13.205468749999998,-5.760781250000004,0,0,0,0
qBIG,0.8,1,53,0.0,0.75,3.8737500000000002,1.369375,1,13.205468749999998,9.331718749999997,0,0,0,0
qBIG,0.8,1,54,0.75,0.25,7.777304687499998,1.7266796875000003,1,13.205468749999998,5.4281640625,0,0,0,0
qBIG,0.8,1,55,0.75,0.25,7.777304687499998,1.7266796875000003,1,13.205468749999998,5.4281640625,0,0,0,0
qBIG,0.8,1,56,0.25,0.0,1.259375,-0.02062499999999995,1,13.205468749999998,11.946093749999998,0,0,0,0
qBIG,0.8,1,57,0.25,1.0,11.206249999999999,1.87875,1,13.205468749999998,1.999218749999999,0,0,0,1
qBIG,0.8,1,58,0.5,0.5,10.089374999999997,1.189375,1,13.205468749999998,3.116093750000001,0,0,0,0
qBIG,0.8,1,59,0.25,0.75,9.212304687500001,1.2816796875,1,13.205468749999998,3.9931640624999964,0,0,0,0
qBIG,0.8,1,60,0.5,0.25,6.536718749999999,0.90609375,1,13.205468749999998,6.668749999999999,0,0,0,0
qBIG,0.8,1,61,0.0,0.75,3.8737500000000002,1.369375,1,13.205468749999998,9.331718749999997,0,0,0,0
qBIG,0.8,1,62,0.5,0.5,10.089374999999997,1.189375,1,13.205468749999998,3.116093750000001,0,0,0,0
qBIG,0.8,1,63,0.5,0.5,10.089374999999997,1.189375,1,13.205468749999998,3.116093750000001,0,0,0,0
qBIG,0.8,1,64,0.25,0.75,9.212304687500001,1.2816796875,1,13.205468749999998,3.9931640624999964,0,0,0,0
qBIG,0.8,1,65,0.25,0.75,9.212304687500001,1.2816796875,1,13.205468749999998,3.9931640624999964,0,0,0,0
qBIG,0.8,1,66,0.25,0.5,6.889843749999999,0.76609375,1,13.205468749999998,6.315624999999999,0,0,0,0
qBIG,0.8,1,67,0.5,1.0,15.885000000000002,2.205,0,13.205468749999998,-2.6795312500000037,0,0,0,0
qBIG,0.8,1,68,0.0,1.0,4.930000000000001,2.1399999999999997,0,13.205468749999998,8.275468749999998,0,0,0,0
qBIG,0.8,1,69,0.5,0.75,13.205468749999998,1.6223437500000002,1,13.205468749999998,0.0,1,1,1,1
qBIG,0.8,1,70,0.25,1.0,11.206249999999999,1.87875,1,13.205468749999998,1.999218749999999,0,0,0,1
qBIG,0.8,1,71,0.75,0.75,15.853242187500001,2.3913671875,0,13.205468749999998,-2.6477734375000033,0,0,0,0
qBIG,0.8,1,72,0.5,0.5,10.089374999999997,1.189375,1,13.205468749999998,3.116093750000001,0,0,0,0
qBIG,0.8,1,73,0.25,0.75,9.212304687500001,1.2816796875,1,13.205468749999998,3.9931640624999964,0,0,0,0
qBIG,0.8,1,74,0.75,0.25,7.777304687499998,1.7266796875000003,1,13.205468749999998,5.4281640625,0,0,0,0
qBIG,0.8,1,75,0.5,0.75,13.205468749999998,1.6223437500000002,1,13.205468749999998,0.0,1,1,1,1
qBIG,0.8,1,76,0.5,0.0,2.5475,0.7725000000000001,1,13.205468749999998,10.657968749999998,0,0,0,0
qBIG,0.8,1,77,0.25,0.5,6.889843749999999,0.76609375,1,13.205468749999998,6.315624999999999,0,0,0,0
qBIG,0.8,1,78,0.0,0.0,-1.05,-0.59,1,13.205468749999998,14.255468749999999,0,0,0,0
qBIG,0.8,1,79,0.25,1.0,11.206249999999999,1.87875,1,13.205468749999998,1.999218749999999,0,0,0,1
qBIG,0.8,1,80,0.5,0.5,10.089374999999997,1.189375,1,13.205468749999998,3.116093750000001,0,0,0,0
qBIG,0.8,1,81,0.5,0.5,10.089374999999997,1.189375,1,13.205468749999998,3.116093750000001,0,0,0,0
qBIG,0.8,1,82,0.5,0.5,10.089374999999997,1.189375,1,13.205468749999998,3.116093750000001,0,0,0,0
qBIG,0.8,1,83,0.5,1.0,15.885000000000002,2.205,0,13.205468749999998,-2.6795312500000037,0,0,0,0
qBIG,0.8,1,84,0.5,0.5,10.089374999999997,1.189375,1,13.205468749999998,3.116093750000001,0,0,0,0
qBIG,0.8,1,85,0.5,1.0,15.885000000000002,2.205,0,13.205468749999998,-2.6795312500000037,0,0,0,0
qBIG,0.8,1,86,0.5,0.5,10.089374999999997,1.189375,1,13.205468749999998,3.116093750000001,0,0,0,0
qBIG,0.8,1,87,0.75,0.5,12.123593750000001,1.9273437500000001,1,13.205468749999998,1.0818749999999966,0,0,0,1
qBIG,0.8,1,88,0.5,0.5,10.089374999999997,1.189375,1,13.205468749999998,3.116093750000001,0,0,0,0
qBIG,0.8,1,89,0.5,0.75,13.205468749999998,1.6223437500000002,1,13.205468749999998,0.0,1,1,1,1
qBIG,0.8,1,90,0.5,0.75,13.205468749999998,1.6223437500000002,1,13.205468749999998,0.0,1,1,1,1
qBIG,0.8,1,91,0.5,0.5,10.089374999999997,1.189375,1,13.205468749999998,3.116093750000001,0,0,0,0
qBIG,0.8,1,92,0.0,0.75,3.8737500000000002,1.369375,1,13.205468749999998,9.331718749999997,0,0,0,0
qBIG,0.8,1,93,0.25,0.75,9.212304687500001,1.2816796875,1,13.205468749999998,3.9931640624999964,0,0,0,0
qBIG,0.8,1,94,0.5,0.75,13.205468749999998,1.6223437500000002,1,13.205468749999998,0.0,1,1,1,1
qBIG,0.8,1,95,0.5,0.5,10.089374999999997,1.189375,1,13.205468749999998,3.116093750000001,0,0,0,0
qBIG,0.8,1,96,0.25,1.0,11.206249999999999,1.87875,1,13.205468749999998,1.999218749999999,0,0,0,1
qBIG,0.8,1,97,0.5,0.75,13.205468749999998,1.6223437500000002,1,13.205468749999998,0.0,1,1,1,1
qBIG,0.8,1,98,0.5,0.5,10.089374999999997,1.189375,1,13.205468749999998,3.116093750000001,0,0,0,0
qBIG,0.8,1,99,0.5,0.5,10.089374999999997,1.189375,1,13.205468749999998,3.116093750000001,0,0,0,0
qBIG,0.8,1,100,0.5,0.75,13.205468749999998,1.6223437500000002,1,13.205468749999998,0.0,1,1,1,1
qBIG,0.8,1,101,0.0,0.75,3.8737500000000002,1.369375,1,13.205468749999998,9.331718749999997,0,0,0,0
qBIG,0.8,1,102,0.75,0.5,12.123593750000001,1.9273437500000001,1,13.205468749999998,1.0818749999999966,0,0,0,1
qBIG,0.8,1,103,0.5,0.5,10.089374999999997,1.189375,1,13.205468749999998,3.116093750000001,0,0,0,0
qBIG,0.8,1,104,0.5,0.5,10.089374999999997,1.189375,1,13.205468749999998,3.116093750000001,0,0,0,0
qBIG,0.8,1,105,0.5,0.75,13.205468749999998,1.6223437500000002,1,13.205468749999998,0.0,1,1,1,1
qBIG,0.8,1,106,0.0,0.25,0.88375,0.004374999999999976,1,13.205468749999998,12.321718749999999,0,0,0,0
qBIG,0.8,1,107,0.0,0.0,-1.05,-0.59,1,13.205468749999998,14.255468749999999,0,0,0,0
qBIG,0.8,1,108,0.25,1.0,11.206249999999999,1.87875,1,13.205468749999998,1.999218749999999,0,0,0,1
qBIG,0.8,1,109,0.5,0.5,10.089374999999997,1.189375,1,13.205468749999998,3.116093750000001,0,0,0,0
qBIG,0.8,1,110,0.5,0.5,10.089374999999997,1.189375,1,13.205468749999998,3.116093750000001,0,0,0,0
qBIG,0.8,1,111,0.25,0.75,9.212304687500001,1.2816796875,1,13.205468749999998,3.9931640624999964,0,0,0,0
qBIG,0.8,1,112,0.5,0.75,13.205468749999998,1.6223437500000002,1,13.205468749999998,0.0,1,1,1,1
qBIG,0.8,1,113,0.5,0.5,10.089374999999997,1.189375,1,13.205468749999998,3.116093750000001,0,0,0,0
qBIG,0.8,1,114,0.5,0.5,10.089374999999997,1.189375,1,13.205468749999998,3.116093750000001,0,0,0,0
qBIG,0.8,1,115,0.25,0.75,9.212304687500001,1.2816796875,1,13.205468749999998,3.9931640624999964,0,0,0,0
qBIG,0.8,1,116,0.5,1.0,15.885000000000002,2.205,0,13.205468749999998,-2.6795312500000037,0,0,0,0
qBIG,0.8,1,117,0.5,1.0,15.885000000000002,2.205,0,13.205468749999998,-2.6795312500000037,0,0,0,0
qBIG,0.8,1,118,0.5,1.0,15.885000000000002,2.205,0,13.205468749999998,-2.6795312500000037,0,0,0,0
qBIG,0.8,1,119,0.5,0.5,10.089374999999997,1.189375,1,13.205468749999998,3.116093750000001,0,0,0,0
qBIG,0.8,1,120,0.5,0.0,2.5475,0.7725000000000001,1,13.205468749999998,10.657968749999998,0,0,0,0
qBIG,0.8,1,121,0.25,1.0,11.206249999999999,1.87875,1,13.205468749999998,1.999218749999999,0,0,0,1
qBIG,0.8,1,122,0.5,0.5,10.089374999999997,1.189375,1,13.205468749999998,3.116093750000001,0,0,0,0
qBIG,0.8,1,123,0.25,0.75,9.212304687500001,1.2816796875,1,13.205468749999998,3.9931640624999964,0,0,0,0
qBIG,0.8,1,124,0.5,0.75,13.205468749999998,1.6223437500000002,1,13.205468749999998,0.0,1,1,1,1
qBIG,0.8,1,125,0.5,0.5,10.089374999999997,1.189375,1,13.205468749999998,3.116093750000001,0,0,0,0
qBIG,0.8,1,126,0.75,0.25,7.777304687499998,1.7266796875000003,1,13.205468749999998,5.4281640625,0,0,0,0
qBIG,0.8,1,127,1.0,0.5,12.9925,2.9800000000000004,0,13.205468749999998,0.21296874999999815,0,0,0,0
qBIG,0.8,1,128,0.5,0.75,13.205468749999998,1.6223437500000002,1,13.205468749999998,0.0,1,1,1,1
qBIG,0.8,1,129,0.5,0.25,6.536718749999999,0.90609375,1,13.205468749999998,6.668749999999999,0,0,0,0
qBIG,0.8,1,130,0.5,0.75,13.205468749999998,1.6223437500000002,1,13.205468749999998,0.0,1,1,1,1
qBIG,0.8,1,131,0.5,0.25,6.536718749999999,0.90609375,1,13.205468749999998,6.668749999999999,0,0,0,0
qBIG,0.8,1,132,0.75,0.5,12.123593750000001,1.9273437500000001,1,13.205468749999998,1.0818749999999966,0,0,0,1
qBIG,0.8,1,133,0.5,0.75,13.205468749999998,1.6223437500000002,1,13.205468749999998,0.0,1,1,1,1
qBIG,0.8,1,134,0.5,0.5,10.089374999999997,1.189375,1,13.205468749999998,3.116093750000001,0,0,0,0
qBIG,0.8,1,135,0.5,0.5,10.089374999999997,1.189375,1,13.205468749999998,3.116093750000001,0,0,0,0
qBIG,0.8,1,136,0.0,0.75,3.8737500000000002,1.369375,1,13.205468749999998,9.331718749999997,0,0,0,0
qBIG,0.8,1,137,0.75,0.5,12.123593750000001,1.9273437500000001,1,13.205468749999998,1.0818749999999966,0,0,0,1
qBIG,0.8,1,138,0.5,0.5,10.089374999999997,1.189375,1,13.205468749999998,3.116093750000001,0,0,0,0
qBIG,0.8,1,139,0.25,0.75,9.212304687500001,1.2816796875,1,13.205468749999998,3.9931640624999964,0,0,0,0
qBIG,0.8,1,140,0.5,0.5,10.089374999999997,1.189375,1,13.205468749999998,3.116093750000001,0,0,0,0
qBIG,0.8,1,141,0.25,0.75,9.212304687500001,1.2816796875,1,13.205468749999998,3.9931640624999964,0,0,0,0
qBIG,0.8,1,142,0.5,0.25,6.536718749999999,0.90609375,1,13.205468749999998,6.668749999999999,0,0,0,0
qBIG,0.8,1,143,0.5,0.5,10.089374999999997,1.189375,1,13.205468749999998,3.116093750000001,0,0,0,0
qBIG,0.8,1,144,0.5,0.5,10.089374999999997,1.189375,1,13.205468749999998,3.116093750000001,0,0,0,0
qBIG,0.8,1,145,0.5,0.5,10.089374999999997,1.189375,1,13.205468749999998,3.116093750000001,0,0,0,0
qBIG,0.8,1,146,0.75,0.5,12.123593750000001,1.9273437500000001,1,13.205468749999998,1.0818749999999966,0,0,0,1
qBIG,0.8,1,147,0.5,0.75,13.205468749999998,1.6223437500000002,1,13.205468749999998,0.0,1,1,1,1
qBIG,0.8,1,148,0.0,0.75,3.8737500000000002,1.369375,1,13.205468749999998,9.331718749999997,0,0,0,0
qBIG,0.8,1,149,0.5,0.5,10.089374999999997,1.189375,1,13.205468749999998,3.116093750000001,0,0,0,0
qBIG,0.8,1,150,0.75,0.25,7.777304687499998,1.7266796875000003,1,13.205468749999998,5.4281640625,0,0,0,0
qBIG,0.8,1,151,0.5,0.5,10.089374999999997,1.189375,1,13.205468749999998,3.116093750000001,0,0,0,0
qBIG,0.8,1,152,0.5,1.0,15.885000000000002,2.205,0,13.205468749999998,-2.6795312500000037,0,0,0,0
qBIG,0.8,1,153,0.5,0.75,13.205468749999998,1.6223437500000002,1,13.205468749999998,0.0,1,1,1,1
qBIG,0.8,1,154,0.75,0.5,12.123593750000001,1.9273437500000001,1,13.205468749999998,1.0818749999999966,0,0,0,1
qBIG,0.8,1,155,0.5,0.5,10.089374999999997,1.189375,1,13.205468749999998,3.116093750000001,0,0,0,0
qBIG,0.8,1,156,0.25,0.75,9.212304687500001,1.2816796875,1,13.205468749999998,3.9931640624999964,0,0,0,0
qBIG,0.8,1,157,0.5,0.0,2.5475,0.7725000000000001,1,13.205468749999998,10.657968749999998,0,0,0,0
qBIG,0.8,1,158,0.5,1.0,15.885000000000002,2.205,0,13.205468749999998,-2.6795312500000037,0,0,0,0
qBIG,0.8,1,159,0.25,0.75,9.212304687500001,1.2816796875,1,13.205468749999998,3.9931640624999964,0,0,0,0
qBIG,0.8,1,160,0.5,0.5,10.089374999999997,1.189375,1,13.205468749999998,3.116093750000001,0,0,0,0
qBIG,0.8,1,161,0.0,0.75,3.8737500000000002,1.369375,1,13.205468749999998,9.331718749999997,0,0,0,0
qBIG,0.8,1,162,0.5,0.75,13.205468749999998,1.6223437500000002,1,13.205468749999998,0.0,1,1,1,1
qBIG,0.8,1,163,0.5,0.5,10.089374999999997,1.189375,1,13.205468749999998,3.116093750000001,0,0,0,0
qBIG,0.8,1,164,0.0,0.75,3.8737500000000002,1.369375,1,13.205468749999998,9.331718749999997,0,0,0,0
qBIG,0.8,1,165,0.25,0.75,9.212304687500001,1.2816796875,1,13.205468749999998,3.9931640624999964,0,0,0,0
qBIG,0.8,1,166,0.25,0.5,6.889843749999999,0.76609375,1,13.205468749999998,6.315624999999999,0,0,0,0
qBIG,0.8,1,167,0.5,0.5,10.089374999999997,1.189375,1,13.205468749999998,3.116093750000001,0,0,0,0
qBIG,0.8,1,168,0.75,0.25,7.777304687499998,1.7266796875000003,1,13.205468749999998,5.4281640625,0,0,0,0
qBIG,0.8,1,169,0.5,0.75,13.205468749999998,1.6223437500000002,1,13.205468749999998,0.0,1,1,1,1
qBIG,0.8,1,170,0.75,0.25,7.777304687499998,1.7266796875000003,1,13.205468749999998,5.4281640625,0,0,0,0
qBIG,0.8,1,171,0.25,0.75,9.212304687500001,1.2816796875,1,13.205468749999998,3.9931640624999964,0,0,0,0
qBIG,0.8,1,172,0.0,0.0,-1.05,-0.59,1,13.205468749999998,14.255468749999999,0,0,0,0
qBIG,0.8,1,173,0.0,0.5,2.5250000000000004,0.6575,1,13.205468749999998,10.680468749999998,0,0,0,0
qBIG,0.8,1,174,0.25,0.5,6.889843749999999,0.76609375,1,13.205468749999998,6.315624999999999,0,0,0,0
qBIG,0.8,1,175,0.5,0.5,10.089374999999997,1.189375,1,13.205468749999998,3.116093750000001,0,0,0,0
qBIG,0.8,1,176,0.5,0.5,10.089374999999997,1.189375,1,13.205468749999998,3.116093750000001,0,0,0,0
qBIG,0.8,1,177,0.0,0.75,3.8737500000000002,1.369375,1,13.205468749999998,9.331718749999997,0,0,0,0
qBIG,0.8,1,178,0.25,0.75,9.212304687500001,1.2816796875,1,13.205468749999998,3.9931640624999964,0,0,0,0
qBIG,0.8,1,179,0.25,0.75,9.212304687500001,1.2816796875,1,13.205468749999998,3.9931640624999964,0,0,0,0
qBIG,0.8,1,180,0.5,0.25,6.536718749999999,0.90609375,1,13.205468749999998,6.668749999999999,0,0,0,0
qBIG,0.8,1,181,0.25,0.0,1.259375,-0.02062499999999995,1,13.205468749999998,11.946093749999998,0,0,0,0
qBIG,0.8,1,182,0.5,1.0,15.885000000000002,2.205,0,13.205468749999998,-2.6795312500000037,0,0,0,0
qBIG,0.8,1,183,0.5,0.0,2.5475,0.7725000000000001,1,13.205468749999998,10.657968749999998,0,0,0,0
qBIG,0.8,1,184,0.5,0.5,10.089374999999997,1.189375,1,13.205468749999998,3.116093750000001,0,0,0,0
qBIG,0.8,1,185,1.0,0.25,7.960624999999998,2.79375,0,13.205468749999998,5.24484375,0,0,0,0
qBIG,0.8,1,186,0.25,0.75,9.212304687500001,1.2816796875,1,13.205468749999998,3.9931640624999964,0,0,0,0
qBIG,0.8,1,187,1.0,0.75,17.155624999999997,3.58875,0,13.205468749999998,-3.950156249999999,0,0,0,0
qBIG,0.8,1,188,0.5,0.5,10.089374999999997,1.189375,1,13.205468749999998,3.116093750000001,0,0,0,0
qBIG,0.8,1,189,0.5,0.75,13.205468749999998,1.6223437500000002,1,13.205468749999998,0.0,1,1,1,1
qBIG,0.8,1,190,0.5,0.25,6.536718749999999,0.90609375,1,13.205468749999998,6.668749999999999,0,0,0,0
qBIG,0.8,1,191,0.5,1.0,15.885000000000002,2.205,0,13.205468749999998,-2.6795312500000037,0,0,0,0
qBIG,0.8,1,192,0.25,0.75,9.212304687500001,1.2816796875,1,13.205468749999998,3.9931640624999964,0,0,0,0
qBIG,0.8,1,193,0.5,0.75,13.205468749999998,1.6223437500000002,1,13.205468749999998,0.0,1,1,1,1
qBIG,0.8,1,194,0.0,0.75,3.8737500000000002,1.369375,1,13.205468749999998,9.331718749999997,0,0,0,0
qBIG,0.8,1,195,1.0,0.75,17.155624999999997,3.58875,0,13.205468749999998,-3.950156249999999,0,0,0,0
qBIG,0.8,1,196,0.25,0.75,9.212304687500001,1.2816796875,1,13.205468749999998,3.9931640624999964,0,0,0,0
qBIG,0.8,1,197,0.25,0.5,6.889843749999999,0.76609375,1,13.205468749999998,6.315624999999999,0,0,0,0
qBIG,0.8,1,198,0.5,1.0,15.885000000000002,2.205,0,13.205468749999998,-2.6795312500000037,0,0,0,0
qBIG,0.8,1,199,0.25,0.75,9.212304687500001,1.2816796875,1,13.205468749999998,3.9931640624999964,0,0,0,0
qBIG,0.9,0,0,0.25,0.25,3.1067187499999993,0.3319921875,1,7.6792187499999995,4.5725,0,0,0,0
qBIG,0.9,0,1,0.25,0.25,3.1067187499999993,0.3319921875,1,7.6792187499999995,4.5725,0,0,0,0
qBIG,0.9,0,2,0.25,0.5,4.9174999999999995,0.76609375,1,7.6792187499999995,2.76171875,0,0,0,0
qBIG,0.9,0,3,0.0,0.75,5.9643749999999995,1.369375,1,7.6792187499999995,1.71484375,0,0,0,1
qBIG,0.9,0,4,0.25,0.25,3.1067187499999993,0.3319921875,1,7.6792187499999995,4.5725,0,0,0,0
qBIG,0.9,0,5,0.5,0.75,9.1975,1.6223437500000002,0,7.6792187499999995,-1.5182812500000002,0,0,0,0
qBIG,0.9,0,6,0.0,0.0,1.38,-0.59,1,7.6792187499999995,6.29921875,0,0,0,0
qBIG,0.9,0,7,0.25,0.5,4.9174999999999995,0.76609375,1,7.6792187499999995,2.76171875,0,0,0,0
qBIG,0.9,0,8,0.0,0.5,3.4974999999999996,0.6575,1,7.6792187499999995,4.18171875,0,0,0,0
qBIG,0.9,0,9,0.0,0.0,1.38,-0.59,1,7.6792187499999995,6.29921875,0,0,0,0
qBIG,0.9,0,10,0.25,0.75,7.6792187499999995,1.2816796875,1,7.6792187499999995,0.0,1,1,1,1
qBIG,0.9,0,11,0.25,0.5,4.9174999999999995,0.76609375,1,7.6792187499999995,2.76171875,0,0,0,0
qBIG,0.9,0,12,0.25,0.5,4.9174999999999995,0.76609375,1,7.6792187499999995,2.76171875,0,0,0,0
qBIG,0.9,0,13,0.0,0.0,1.38,-0.59,1,7.6792187499999995,6.29921875,0,0,0,0
qBIG,0.9,0,14,0.25,0.25,3.1067187499999993,0.3319921875,1,7.6792187499999995,4.5725,0,0,0,0
qBIG,0.9,0,15,0.25,0.75,7.6792187499999995,1.2816796875,1,7.6792187499999995,0.0,1,1,1,1
qBIG,0.9,0,16,0.5,0.5,6.08,1.189375,1,7.6792187499999995,1.5992187499999995,0,0,0,1
qBIG,0.9,0,17,0.5,0.5,6.08,1.189375,1,7.6792187499999995,1.5992187499999995,0,0,0,1
qBIG,0.9,0,18,0.0,0.0,1.38,-0.59,1,7.6792187499999995,6.29921875,0,0,0,0
qBIG,0.9,0,19,0.25,0.5,4.9174999999999995,0.76609375,1,7.6792187499999995,2.76171875,0,0,0,0
qBIG,0.9,0,20,0.25,0.75,7.6792187499999995,1.2816796875,1,7.6792187499999995,0.0,1,1,1,1
qBIG,0.9,0,21,0.0,0.0,1.38,-0.59,1,7.6792187499999995,6.29921875,0,0,0,0
qBIG,0.9,0,22,0.0,0.5,3.4974999999999996,0.6575,1,7.6792187499999995,4.18171875,0,0,0,0
qBIG,0.9,0,23,0.5,0.5,6.08,1.189375,1,7.6792187499999995,1.5992187499999995,0,0,0,1
qBIG,0.9,0,24,1.0,0.25,4.7543750000000005,2.79375,0,7.6792187499999995,2.924843749999999,0,0,0,0
qBIG,0.9,0,25,0.25,0.25,3.1067187499999993,0.3319921875,1,7.6792187499999995,4.5725,0,0,0,0
qBIG,0.9,0,26,0.0,0.0,1.38,-0.59,1,7.6792187499999995,6.29921875,0,0,0,0
qBIG,0.9,0,27,0.25,0.75,7.6792187499999995,1.2816796875,1,7.6792187499999995,0.0,1,1,1,1
qBIG,0.9,0,28,0.25,0.5,4.9174999999999995,0.76609375,1,7.6792187499999995,2.76171875,0,0,0,0
qBIG,0.9,0,29,0.25,0.0,2.2468749999999997,-0.02062499999999995,1,7.6792187499999995,5.432343749999999,0,0,0,0
qBIG,0.9,0,30,0.5,0.25,3.9499999999999997,0.90609375,1,7.6792187499999995,3.72921875,0,0,0,0
qBIG,0.9,0,31,0.25,0.75,7.6792187499999995,1.2816796875,1,7.6792187499999995,0.0,1,1,1,1
qBIG,0.9,0,32,0.0,0.75,5.9643749999999995,1.369375,1,7.6792187499999995,1.71484375,0,0,0,1
qBIG,0.9,0,33,0.0,0.25,1.9693749999999999,0.004374999999999976,1,7.6792187499999995,5.709843749999999,0,0,0,0
qBIG,0.9,0,34,0.0,0.25,1.9693749999999999,0.004374999999999976,1,7.6792187499999995,5.709843749999999,0,0,0,0
qBIG,0.9,0,35,0.0,0.5,3.4974999999999996,0.6575,1,7.6792187499999995,4.18171875,0,0,0,0
qBIG,0.9,0,36,0.25,1.0,11.391874999999999,1.87875,0,7.6792187499999995,-3.7126562499999993,0,0,0,0
qBIG,0.9,0,37,0.0,0.0,1.38,-0.59,1,7.6792187499999995,6.29921875,0,0,0,0
qBIG,0.9,0,38,0.25,0.25,3.1067187499999993,0.3319921875,1,7.6792187499999995,4.5725,0,0,0,0
qBIG,0.9,0,39,0.0,0.5,3.4974999999999996,0.6575,1,7.6792187499999995,4.18171875,0,0,0,0
qBIG,0.9,0,40,0.5,0.25,3.9499999999999997,0.90609375,1,7.6792187499999995,3.72921875,0,0,0,0
qBIG,0.9,0,41,0.5,0.25,3.9499999999999997,0.90609375,1,7.6792187499999995,3.72921875,0,0,0,0
qBIG,0.9,0,42,0.0,0.0,1.38,-0.59,1,7.6792187499999995,6.29921875,0,0,0,0
qBIG,0.9,0,43,0.25,0.75,7.6792187499999995,1.2816796875,1,7.6792187499999995,0.0,1,1,1,1
qBIG,0.9,0,44,0.25,0.5,4.9174999999999995,0.76609375,1,7.6792187499999995,2.76171875,0,0,0,0
qBIG,0.9,0,45,0.0,0.5,3.4974999999999996,0.6575,1,7.6792187499999995,4.18171875,0,0,0,0
qBIG,0.9,0,46,0.5,0.5,6.08,1.189375,1,7.6792187499999995,1.5992187499999995,0,0,0,1
qBIG,0.9,0,47,0.25,0.75,7.6792187499999995,1.2816796875,1,7.6792187499999995,0.0,1,1,1,1
qBIG,0.9,0,48,0.25,0.25,3.1067187499999993,0.3319921875,1,7.6792187499999995,4.5725,0,0,0,0
qBIG,0.9,0,49,0.75,0.75,10.51921875,2.3913671875,0,7.6792187499999995,-2.8400000000000007,0,0,0,0
qBIG,0.9,0,50,0.0,0.0,1.38,-0.59,1,7.6792187499999995,6.29921875,0,0,0,0
qBIG,0.9,0,51,0.0,0.5,3.4974999999999996,0.6575,1,7.6792187499999995,4.18171875,0,0,0,0
qBIG,0.9,0,52,0.25,0.5,4.9174999999999995,0.76609375,1,7.6792187499999995,2.76171875,0,0,0,0
qBIG,0.9,0,53,0.0,0.75,5.9643749999999995,1.369375,1,7.6792187499999995,1.71484375,0,0,0,1
qBIG,0.9,0,54,0.0,0.0,1.38,-0.59,1,7.6792187499999995,6.29921875,0,0,0,0
qBIG,0.9,0,55,0.25,0.75,7.6792187499999995,1.2816796875,1,7.6792187499999995,0.0,1,1,1,1
qBIG,0.9,0,56,0.25,0.0,2.2468749999999997,-0.02062499999999995,1,7.6792187499999995,5.432343749999999,0,0,0,0
qBIG,0.9,0,57,0.0,0.25,1.9693749999999999,0.004374999999999976,1,7.6792187499999995,5.709843749999999,0,0,0,0
qBIG,0.9,0,58,0.0,0.75,5.9643749999999995,1.369375,1,7.6792187499999995,1.71484375,0,0,0,1
qBIG,0.9,0,59,0.25,0.0,2.2468749999999997,-0.02062499999999995,1,7.6792187499999995,5.432343749999999,0,0,0,0
qBIG,0.9,0,60,0.0,0.0,1.38,-0.59,1,7.6792187499999995,6.29921875,0,0,0,0
qBIG,0.9,0,61,0.0,0.5,3.4974999999999996,0.6575,1,7.6792187499999995,4.18171875,0,0,0,0
qBIG,0.9,0,62,0.5,1.0,13.302500000000002,2.205,0,7.6792187499999995,-5.6232812500000025,0,0,0,0
qBIG,0.9,0,63,0.25,0.25,3.1067187499999993,0.3319921875,1,7.6792187499999995,4.5725,0,0,0,0
qBIG,0.9,0,64,0.25,0.25,3.1067187499999993,0.3319921875,1,7.6792187499999995,4.5725,0,0,0,0
qBIG,0.9,0,65,0.0,0.5,3.4974999999999996,0.6575,1,7.6792187499999995,4.18171875,0,0,0,0
qBIG,0.9,0,66,0.0,0.0,1.38,-0.59,1,7.6792187499999995,6.29921875,0,0,0,0
qBIG,0.9,0,67,0.25,0.75,7.6792187499999995,1.2816796875,1,7.6792187499999995,0.0,1,1,1,1
qBIG,0.9,0,68,0.0,0.0,1.38,-0.59,1,7.6792187499999995,6.29921875,0,0,0,0
qBIG,0.9,0,69,0.25,0.75,7.6792187499999995,1.2816796875,1,7.6792187499999995,0.0,1,1,1,1
qBIG,0.9,0,70,0.25,0.5,4.9174999999999995,0.76609375,1,7.6792187499999995,2.76171875,0,0,0,0
qBIG,0.9,0,71,0.25,0.0,2.2468749999999997,-0.02062499999999995,1,7.6792187499999995,5.432343749999999,0,0,0,0
qBIG,0.9,0,72,0.25,0.0,2.2468749999999997,-0.02062499999999995,1,7.6792187499999995,5.432343749999999,0,0,0,0
qBIG,0.9,0,73,0.0,0.25,1.9693749999999999,0.004374999999999976,1,7.6792187499999995,5.709843749999999,0,0,0,0
qBIG,0.9,0,74,0.25,0.5,4.9174999999999995,0.76609375,1,7.6792187499999995,2.76171875,0,0,0,0
qBIG,0.9,0,75,0.5,0.25,3.9499999999999997,0.90609375,1,7.6792187499999995,3.72921875,0,0,0,0
qBIG,0.9,0,76,0.5,0.0,2.8075,0.7725000000000001,1,7.6792187499999995,4.871718749999999,0,0,0,0
qBIG,0.9,0,77,0.25,0.5,4.9174999999999995,0.76609375,1,7.6792187499999995,2.76171875,0,0,0,0
qBIG,0.9,0,78,0.0,0.0,1.38,-0.59,1,7.6792187499999995,6.29921875,0,0,0,0
qBIG,0.9,0,79,0.0,0.5,3.4974999999999996,0.6575,1,7.6792187499999995,4.18171875,0,0,0,0
qBIG,0.9,0,80,0.5,0.25,3.9499999999999997,0.90609375,1,7.6792187499999995,3.72921875,0,0,0,0
qBIG,0.9,0,81,0.0,0.5,3.4974999999999996,0.6575,1,7.6792187499999995,4.18171875,0,0,0,0
qBIG,0.9,0,82,0.25,0.0,2.2468749999999997,-0.02062499999999995,1,7.6792187499999995,5.432343749999999,0,0,0,0
qBIG,0.9,0,83,0.5,0.5,6.08,1.189375,1,7.6792187499999995,1.5992187499999995,0,0,0,1
qBIG,0.9,0,84,0.25,0.25,3.1067187499999993,0.3319921875,1,7.6792187499999995,4.5725,0,0,0,0
qBIG,0.9,0,85,0.25,0.75,7.6792187499999995,1.2816796875,1,7.6792187499999995,0.0,1,1,1,1
qBIG,0.9,0,86,0.25,0.5,4.9174999999999995,0.76609375,1,7.6792187499999995,2.76171875,0,0,0,0
qBIG,0.9,0,87,0.5,0.5,6.08,1.189375,1,7.6792187499999995,1.5992187499999995,0,0,0,1
qBIG,0.9,0,88,0.5,0.0,2.8075,0.7725000000000001,1,7.6792187499999995,4.871718749999999,0,0,0,0
qBIG,0.9,0,89,0.5,0.25,3.9499999999999997,0.90609375,1,7.6792187499999995,3.72921875,0,0,0,0
qBIG,0.9,0,90,0.0,0.5,3.4974999999999996,0.6575,1,7.6792187499999995,4.18171875,0,0,0,0
qBIG,0.9,0,91,0.0,0.0,1.38,-0.59,1,7.6792187499999995,6.29921875,0,0,0,0
qBIG,0.9,0,92,0.25,0.0,2.2468749999999997,-0.02062499999999995,1,7.6792187499999995,5.432343749999999,0,0,0,0
qBIG,0.9,0,93,0.25,0.25,3.1067187499999993,0.3319921875,1,7.6792187499999995,4.5725,0,0,0,0
qBIG,0.9,0,94,0.0,0.5,3.4974999999999996,0.6575,1,7.6792187499999995,4.18171875,0,0,0,0
qBIG,0.9,0,95,0.0,0.0,1.38,-0.59,1,7.6792187499999995,6.29921875,0,0,0,0
qBIG,0.9,0,96,0.0,0.0,1.38,-0.59,1,7.6792187499999995,6.29921875,0,0,0,0
qBIG,0.9,0,97,0.5,1.0,13.302500000000002,2.205,0,7.6792187499999995,-5.6232812500000025,0,0,0,0
qBIG,0.9,0,98,0.75,0.5,6.985,1.9273437500000001,0,7.6792187499999995,0.6942187499999992,0,0,0,0
qBIG,0.9,0,99,0.25,0.25,3.1067187499999993,0.3319921875,1,7.6792187499999995,4.5725,0,0,0,0
qBIG,0.9,0,100,0.5,0.25,3.9499999999999997,0.90609375,1,7.6792187499999995,3.72921875,0,0,0,0
qBIG,0.9,0,101,0.0,0.0,1.38,-0.59,1,7.6792187499999995,6.29921875,0,0,0,0
qBIG,0.9,0,102,0.0,0.5,3.4974999999999996,0.6575,1,7.6792187499999995,4.18171875,0,0,0,0
qBIG,0.9,0,103,0.5,0.25,3.9499999999999997,0.90609375,1,7.6792187499999995,3.72921875,0,0,0,0
qBIG,0.9,0,104,0.0,0.25,1.9693749999999999,0.004374999999999976,1,7.6792187499999995,5.709843749999999,0,0,0,0
qBIG,0.9,0,105,0.0,0.5,3.4974999999999996,0.6575,1,7.6792187499999995,4.18171875,0,0,0,0
qBIG,0.9,0,106,0.0,0.25,1.9693749999999999,0.004374999999999976,1,7.6792187499999995,5.709843749999999,0,0,0,0
qBIG,0.9,0,107,0.0,0.0,1.38,-0.59,1,7.6792187499999995,6.29921875,0,0,0,0
qBIG,0.9,0,108,0.25,0.5,4.9174999999999995,0.76609375,1,7.6792187499999995,2.76171875,0,0,0,0
qBIG,0.9,0,109,0.75,0.0,3.0618749999999992,1.7893750000000002,0,7.6792187499999995,4.61734375,0,0,0,0
qBIG,0.9,0,110,0.25,0.5,4.9174999999999995,0.76609375,1,7.6792187499999995,2.76171875,0,0,0,0
qBIG,0.9,0,111,0.25,0.0,2.2468749999999997,-0.02062499999999995,1,7.6792187499999995,5.432343749999999,0,0,0,0
qBIG,0.9,0,112,0.0,0.0,1.38,-0.59,1,7.6792187499999995,6.29921875,0,0,0,0
qBIG,0.9,0,113,0.0,0.5,3.4974999999999996,0.6575,1,7.6792187499999995,4.18171875,0,0,0,0
qBIG,0.9,0,114,0.25,0.75,7.6792187499999995,1.2816796875,1,7.6792187499999995,0.0,1,1,1,1
qBIG,0.9,0,115,0.5,0.5,6.08,1.189375,1,7.6792187499999995,1.5992187499999995,0,0,0,1
qBIG,0.9,0,116,0.5,0.75,9.1975,1.6223437500000002,0,7.6792187499999995,-1.5182812500000002,0,0,0,0
qBIG,0.9,0,117,0.25,0.25,3.1067187499999993,0.3319921875,1,7.6792187499999995,4.5725,0,0,0,0
qBIG,0.9,0,118,0.25,1.0,11.391874999999999,1.87875,0,7.6792187499999995,-3.7126562499999993,0,0,0,0
qBIG,0.9,0,119,0.25,0.0,2.2468749999999997,-0.02062499999999995,1,7.6792187499999995,5.432343749999999,0,0,0,0
qBIG,0.9,0,120,0.25,0.5,4.9174999999999995,0.76609375,1,7.6792187499999995,2.76171875,0,0,0,0
qBIG,0.9,0,121,0.0,1.0,9.37,2.1399999999999997,0,7.6792187499999995,-1.6907812499999997,0,0,0,0
qBIG,0.9,0,122,0.75,0.0,3.0618749999999992,1.7893750000000002,0,7.6792187499999995,4.61734375,0,0,0,0
qBIG,0.9,0,123,0.25,0.0,2.2468749999999997,-0.02062499999999995,1,7.6792187499999995,5.432343749999999,0,0,0,0
qBIG,0.9,0,124,0.25,0.5,4.9174999999999995,0.76609375,1,7.6792187499999995,2.76171875,0,0,0,0
qBIG,0.9,0,125,0.25,0.5,4.9174999999999995,0.76609375,1,7.6792187499999995,2.76171875,0,0,0,0
qBIG,0.9,0,126,0.5,0.0,2.8075,0.7725000000000001,1,7.6792187499999995,4.871718749999999,0,0,0,0
qBIG,0.9,0,127,1.0,1.0,16.79,4.62,0,7.6792187499999995,-9.110781249999999,0,0,0,0
qBIG,0.9,0,128,0.0,0.5,3.4974999999999996,0.6575,1,7.6792187499999995,4.18171875,0,0,0,0
qBIG,0.9,0,129,0.0,0.5,3.4974999999999996,0.6575,1,7.6792187499999995,4.18171875,0,0,0,0
qBIG,0.9,0,130,0.0,0.75,5.9643749999999995,1.369375,1,7.6792187499999995,1.71484375,0,0,0,1
qBIG,0.9,0,131,0.25,0.0,2.2468749999999997,-0.02062499999999995,1,7.6792187499999995,5.432343749999999,0,0,0,0
qBIG,0.9,0,132,0.5,0.5,6.08,1.189375,1,7.6792187499999995,1.5992187499999995,0,0,0,1
qBIG,0.9,0,133,0.5,0.5,6.08,1.189375,1,7.6792187499999995,1.5992187499999995,0,0,0,1
qBIG,0.9,0,134,0.0,0.0,1.38,-0.59,1,7.6792187499999995,6.29921875,0,0,0,0
qBIG,0.9,0,135,0.0,0.5,3.4974999999999996,0.6575,1,7.6792187499999995,4.18171875,0,0,0,0
qBIG,0.9,0,136,0.0,0.25,1.9693749999999999,0.004374999999999976,1,7.6792187499999995,5.709843749999999,0,0,0,0
qBIG,0.9,0,137,0.75,0.5,6.985,1.9273437500000001,0,7.6792187499999995,0.6942187499999992,0,0,0,0
qBIG,0.9,0,138,0.25,0.5,4.9174999999999995,0.76609375,1,7.6792187499999995,2.76171875,0,0,0,0
qBIG,0.9,0,139,0.25,0.5,4.9174999999999995,0.76609375,1,7.6792187499999995,2.76171875,0,0,0,0
qBIG,0.9,0,140,0.0,0.0,1.38,-0.59,1,7.6792187499999995,6.29921875,0,0,0,0
qBIG,0.9,0,141,0.0,0.5,3.4974999999999996,0.6575,1,7.6792187499999995,4.18171875,0,0,0,0
qBIG,0.9,0,142,0.25,0.0,2.2468749999999997,-0.02062499999999995,1,7.6792187499999995,5.432343749999999,0,0,0,0
qBIG,0.9,0,143,0.5,0.0,2.8075,0.7725000000000001,1,7.6792187499999995,4.871718749999999,0,0,0,0
qBIG,0.9,0,144,0.25,0.0,2.2468749999999997,-0.02062499999999995,1,7.6792187499999995,5.432343749999999,0,0,0,0
qBIG,0.9,0,145,0.25,0.75,7.6792187499999995,1.2816796875,1,7.6792187499999995,0.0,1,1,1,1
qBIG,0.9,0,146,1.0,1.0,16.79,4.62,0,7.6792187499999995,-9.110781249999999,0,0,0,0
qBIG,0.9,0,147,0.0,0.0,1.38,-0.59,1,7.6792187499999995,6.29921875,0,0,0,0
qBIG,0.9,0,148,0.25,0.5,4.9174999999999995,0.76609375,1,7.6792187499999995,2.76171875,0,0,0,0
qBIG,0.9,0,149,0.0,0.5,3.4974999999999996,0.6575,1,7.6792187499999995,4.18171875,0,0,0,0
qBIG,0.9,0,150,0.5,0.25,3.9499999999999997,0.90609375,1,7.6792187499999995,3.72921875,0,0,0,0
qBIG,0.9,0,151,0.0,0.25,1.9693749999999999,0.004374999999999976,1,7.6792187499999995,5.709843749999999,0,0,0,0
qBIG,0.9,0,152,0.0,0.5,3.4974999999999996,0.6575,1,7.6792187499999995,4.18171875,0,0,0,0
qBIG,0.9,0,153,0.0,0.0,1.38,-0.59,1,7.6792187499999995,6.29921875,0,0,0,0
qBIG,0.9,0,154,0.25,0.5,4.9174999999999995,0.76609375,1,7.6792187499999995,2.76171875,0,0,0,0
qBIG,0.9,0,155,0.25,0.5,4.9174999999999995,0.76609375,1,7.6792187499999995,2.76171875,0,0,0,0
qBIG,0.9,0,156,0.25,0.0,2.2468749999999997,-0.02062499999999995,1,7.6792187499999995,5.432343749999999,0,0,0,0
qBIG,0.9,0,157,0.25,0.0,2.2468749999999997,-0.02062499999999995,1,7.6792187499999995,5.432343749999999,0,0,0,0
qBIG,0.9,0,158,0.25,0.75,7.6792187499999995,1.2816796875,1,7.6792187499999995,0.0,1,1,1,1
qBIG,0.9,0,159,0.5,1.0,13.302500000000002,2.205,0,7.6792187499999995,-5.6232812500000025,0,0,0,0
qBIG,0.9,0,160,0.25,0.25,3.1067187499999993,0.3319921875,1,7.6792187499999995,4.5725,0,0,0,0
qBIG,0.9,0,161,0.0,0.25,1.9693749999999999,0.004374999999999976,1,7.6792187499999995,5.709843749999999,0,0,0,0
qBIG,0.9,0,162,0.0,0.5,3.4974999999999996,0.6575,1,7.6792187499999995,4.18171875,0,0,0,0
qBIG,0.9,0,163,0.0,0.25,1.9693749999999999,0.004374999999999976,1,7.6792187499999995,5.709843749999999,0,0,0,0
qBIG,0.9,0,164,0.5,0.0,2.8075,0.7725000000000001,1,7.6792187499999995,4.871718749999999,0,0,0,0
qBIG,0.9,0,165,0.25,0.5,4.9174999999999995,0.76609375,1,7.6792187499999995,2.76171875,0,0,0,0
qBIG,0.9,0,166,0.0,0.0,1.38,-0.59,1,7.6792187499999995,6.29921875,0,0,0,0
qBIG,0.9,0,167,0.5,0.25,3.9499999999999997,0.90609375,1,7.6792187499999995,3.72921875,0,0,0,0
qBIG,0.9,0,168,0.75,0.25,4.499218749999999,1.7266796875000003,0,7.6792187499999995,3.1800000000000006,0,0,0,0
qBIG,0.9,0,169,0.0,0.25,1.9693749999999999,0.004374999999999976,1,7.6792187499999995,5.709843749999999,0,0,0,0
qBIG,0.9,0,170,0.0,0.0,1.38,-0.59,1,7.6792187499999995,6.29921875,0,0,0,0
qBIG,0.9,0,171,0.25,0.25,3.1067187499999993,0.3319921875,1,7.6792187499999995,4.5725,0,0,0,0
qBIG,0.9,0,172,0.0,0.75,5.9643749999999995,1.369375,1,7.6792187499999995,1.71484375,0,0,0,1
qBIG,0.9,0,173,0.0,0.5,3.4974999999999996,0.6575,1,7.6792187499999995,4.18171875,0,0,0,0
qBIG,0.9,0,174,0.5,0.0,2.8075,0.7725000000000001,1,7.6792187499999995,4.871718749999999,0,0,0,0
qBIG,0.9,0,175,0.25,0.5,4.9174999999999995,0.76609375,1,7.6792187499999995,2.76171875,0,0,0,0
qBIG,0.9,0,176,0.5,0.5,6.08,1.189375,1,7.6792187499999995,1.5992187499999995,0,0,0,1
qBIG,0.9,0,177,0.0,0.25,1.9693749999999999,0.004374999999999976,1,7.6792187499999995,5.709843749999999,0,0,0,0
qBIG,0.9,0,178,0.25,0.5,4.9174999999999995,0.76609375,1,7.6792187499999995,2.76171875,0,0,0,0
qBIG,0.9,0,179,0.0,0.25,1.9693749999999999,0.004374999999999976,1,7.6792187499999995,5.709843749999999,0,0,0,0
qBIG,0.9,0,180,0.5,0.25,3.9499999999999997,0.90609375,1,7.6792187499999995,3.72921875,0,0,0,0
qBIG,0.9,0,181,0.5,0.5,6.08,1.189375,1,7.6792187499999995,1.5992187499999995,0,0,0,1
qBIG,0.9,0,182,0.0,0.25,1.9693749999999999,0.004374999999999976,1,7.6792187499999995,5.709843749999999,0,0,0,0
qBIG,0.9,0,183,0.0,0.0,1.38,-0.59,1,7.6792187499999995,6.29921875,0,0,0,0
qBIG,0.9,0,184,0.5,0.25,3.9499999999999997,0.90609375,1,7.6792187499999995,3.72921875,0,0,0,0
qBIG,0.9,0,185,0.25,1.0,11.391874999999999,1.87875,0,7.6792187499999995,-3.7126562499999993,0,0,0,0
qBIG,0.9,0,186,0.25,0.0,2.2468749999999997,-0.02062499999999995,1,7.6792187499999995,5.432343749999999,0,0,0,0
qBIG,0.9,0,187,0.0,0.25,1.9693749999999999,0.004374999999999976,1,7.6792187499999995,5.709843749999999,0,0,0,0
qBIG,0.9,0,188,0.5,0.0,2.8075,0.7725000000000001,1,7.6792187499999995,4.871718749999999,0,0,0,0
qBIG,0.9,0,189,0.5,0.5,6.08,1.189375,1,7.6792187499999995,1.5992187499999995,0,0,0,1
qBIG,0.9,0,190,0.5,0.0,2.8075,0.7725000000000001,1,7.6792187499999995,4.871718749999999,0,0,0,0
qBIG,0.9,0,191,0.0,0.5,3.4974999999999996,0.6575,1,7.6792187499999995,4.18171875,0,0,0,0
qBIG,0.9,0,192,0.25,0.5,4.9174999999999995,0.76609375,1,7.6792187499999995,2.76171875,0,0,0,0
qBIG,0.9,0,193,0.5,0.25,3.9499999999999997,0.90609375,1,7.6792187499999995,3.72921875,0,0,0,0
qBIG,0.9,0,194,0.0,0.5,3.4974999999999996,0.6575,1,7.6792187499999995,4.18171875,0,0,0,0
qBIG,0.9,0,195,0.25,0.5,4.9174999999999995,0.76609375,1,7.6792187499999995,2.76171875,0,0,0,0
qBIG,0.9,0,196,0.25,0.25,3.1067187499999993,0.3319921875,1,7.6792187499999995,4.5725,0,0,0,0
qBIG,0.9,0,197,0.25,0.75,7.6792187499999995,1.2816796875,1,7.6792187499999995,0.0,1,1,1,1
qBIG,0.9,0,198,0.0,0.75,5.9643749999999995,1.369375,1,7.6792187499999995,1.71484375,0,0,0,1
qBIG,0.9,0,199,0.25,0.0,2.2468749999999997,-0.02062499999999995,1,7.6792187499999995,5.432343749999999,0,0,0,0
qBIG,0.9,1,0,0.25,0.25,4.2388671874999995,0.3319921875,1,13.205468749999998,8.9666015625,0,0,0,0
qBIG,0.9,1,1,0.5,0.5,10.089374999999997,1.189375,1,13.205468749999998,3.116093750000001,0,0,0,0
qBIG,0.9,1,2,0.5,0.5,10.089374999999997,1.189375,1,13.205468749999998,3.116093750000001,0,0,0,0
qBIG,0.9,1,3,0.5,0.5,10.089374999999997,1.189375,1,13.205468749999998,3.116093750000001,0,0,0,0
qBIG,0.9,1,4,0.25,0.75,9.212304687500001,1.2816796875,1,13.205468749999998,3.9931640624999964,0,0,0,0
qBIG,0.9,1,5,0.5,0.75,13.205468749999998,1.6223437500000002,1,13.205468749999998,0.0,1,1,1,1
qBIG,0.9,1,6,0.5,0.25,6.536718749999999,0.90609375,1,13.205468749999998,6.668749999999999,0,0,0,0
qBIG,0.9,1,7,0.5,0.5,10.089374999999997,1.189375,1,13.205468749999998,3.116093750000001,0,0,0,0
qBIG,0.9,1,8,0.5,0.0,2.5475,0.7725000000000001,1,13.205468749999998,10.657968749999998,0,0,0,0
qBIG,0.9,1,9,0.5,0.75,13.205468749999998,1.6223437500000002,1,13.205468749999998,0.0,1,1,1,1
qBIG,0.9,1,10,0.5,1.0,15.885000000000002,2.205,0,13.205468749999998,-2.6795312500000037,0,0,0,0
qBIG,0.9,1,11,0.25,0.75,9.212304687500001,1.2816796875,1,13.205468749999998,3.9931640624999964,0,0,0,0
qBIG,0.9,1,12,0.25,0.75,9.212304687500001,1.2816796875,1,13.205468749999998,3.9931640624999964,0,0,0,0
qBIG,0.9,1,13,0.0,0.75,3.8737500000000002,1.369375,1,13.205468749999998,9.331718749999997,0,0,0,0
qBIG,0.9,1,14,0.25,1.0,11.206249999999999,1.87875,1,13.205468749999998,1.999218749999999,0,0,0,1
qBIG,0.9,1,15,0.25,0.75,9.212304687500001,1.2816796875,1,13.205468749999998,3.9931640624999964,0,0,0,0
qBIG,0.9,1,16,0.5,0.5,10.089374999999997,1.189375,1,13.205468749999998,3.116093750000001,0,0,0,0
qBIG,0.9,1,17,0.75,0.0,2.814374999999999,1.7893750000000002,1,13.205468749999998,10.39109375,0,0,0,0
qBIG,0.9,1,18,0.25,0.25,4.2388671874999995,0.3319921875,1,13.205468749999998,8.9666015625,0,0,0,0
qBIG,0.9,1,19,0.25,0.75,9.212304687500001,1.2816796875,1,13.205468749999998,3.9931640624999964,0,0,0,0
qBIG,0.9,1,20,0.5,0.75,13.205468749999998,1.6223437500000002,1,13.205468749999998,0.0,1,1,1,1
qBIG,0.9,1,21,0.0,0.0,-1.05,-0.59,1,13.205468749999998,14.255468749999999,0,0,0,0
qBIG,0.9,1,22,0.25,0.5,6.889843749999999,0.76609375,1,13.205468749999998,6.315624999999999,0,0,0,0
qBIG,0.9,1,23,0.5,0.75,13.205468749999998,1.6223437500000002,1,13.205468749999998,0.0,1,1,1,1
qBIG,0.9,1,24,0.5,1.0,15.885000000000002,2.205,0,13.205468749999998,-2.6795312500000037,0,0,0,0
qBIG,0.9,1,25,0.5,0.25,6.536718749999999,0.90609375,1,13.205468749999998,6.668749999999999,0,0,0,0
qBIG,0.9,1,26,0.5,0.75,13.205468749999998,1.6223437500000002,1,13.205468749999998,0.0,1,1,1,1
qBIG,0.9,1,27,1.0,0.5,12.9925,2.9800000000000004,0,13.205468749999998,0.21296874999999815,0,0,0,0
qBIG,0.9,1,28,0.5,0.5,10.089374999999997,1.189375,1,13.205468749999998,3.116093750000001,0,0,0,0
qBIG,0.9,1,29,0.5,0.75,13.205468749999998,1.6223437500000002,1,13.205468749999998,0.0,1,1,1,1
qBIG,0.9,1,30,0.5,0.5,10.089374999999997,1.189375,1,13.205468749999998,3.116093750000001,0,0,0,0
qBIG,0.9,1,31,0.5,0.75,13.205468749999998,1.6223437500000002,1,13.205468749999998,0.0,1,1,1,1
qBIG,0.9,1,32,0.5,0.75,13.205468749999998,1.6223437500000002,1,13.205468749999998,0.0,1,1,1,1
qBIG,0.9,1,33,0.5,0.5,10.089374999999997,1.189375,1,13.205468749999998,3.116093750000001,0,0,0,0
qBIG,0.9,1,34,0.0,0.75,3.8737500000000002,1.369375,1,13.205468749999998,9.331718749999997,0,0,0,0
qBIG,0.9,1,35,0.0,0.5,2.5250000000000004,0.6575,1,13.205468749999998,10.680468749999998,0,0,0,0
qBIG,0.9,1,36,0.5,0.5,10.089374999999997,1.189375,1,13.205468749999998,3.116093750000001,0,0,0,0
qBIG,0.9,1,37,0.25,0.5,6.889843749999999,0.76609375,1,13.205468749999998,6.315624999999999,0,0,0,0
qBIG,0.9,1,38,0.0,0.75,3.8737500000000002,1.369375,1,13.205468749999998,9.331718749999997,0,0,0,0
qBIG,0.9,1,39,0.5,0.25,6.536718749999999,0.90609375,1,13.205468749999998,6.668749999999999,0,0,0,0
qBIG,0.9,1,40,0.5,0.5,10.089374999999997,1.189375,1,13.205468749999998,3.116093750000001,0,0,0,0
qBIG,0.9,1,41,0.25,1.0,11.206249999999999,1.87875,1,13.205468749999998,1.999218749999999,0,0,0,1
qBIG,0.9,1,42,0.0,1.0,4.930000000000001,2.1399999999999997,0,13.205468749999998,8.275468749999998,0,0,0,0
qBIG,0.9,1,43,0.5,0.5,10.089374999999997,1.189375,1,13.205468749999998,3.116093750000001,0,0,0,0
qBIG,0.9,1,44,0.25,1.0,11.206249999999999,1.87875,1,13.205468749999998,1.999218749999999,0,0,0,1
qBIG,0.9,1,45,0.5,0.75,13.205468749999998,1.6223437500000002,1,13.205468749999998,0.0,1,1,1,1
qBIG,0.9,1,46,0.5,0.75,13.205468749999998,1.6223437500000002,1,13.205468749999998,0.0,1,1,1,1
qBIG,0.9,1,47,0.5,0.5,10.089374999999997,1.189375,1,13.205468749999998,3.116093750000001,0,0,0,0
qBIG,0.9,1,48,0.5,0.5,10.089374999999997,1.189375,1,13.205468749999998,3.116093750000001,0,0,0,0
qBIG,0.9,1,49,0.5,0.0,2.5475,0.7725000000000001,1,13.205468749999998,10.657968749999998,0,0,0,0
qBIG,0.9,1,50,0.25,0.5,6.889843749999999,0.76609375,1,13.205468749999998,6.315624999999999,0,0,0,0
qBIG,0.9,1,51,0.25,0.25,4.2388671874999995,0.3319921875,1,13.205468749999998,8.9666015625,0,0,0,0
qBIG,0.9,1,52,0.5,1.0,15.885000000000002,2.205,0,13.205468749999998,-2.6795312500000037,0,0,0,0
qBIG,0.9,1,53,0.0,0.75,3.8737500000000002,1.369375,1,13.205468749999998,9.331718749999997,0,0,0,0
qBIG,0.9,1,54,0.0,0.0,-1.05,-0.59,1,13.205468749999998,14.255468749999999,0,0,0,0
qBIG,0.9,1,55,0.0,0.75,3.8737500000000002,1.369375,1,13.205468749999998,9.331718749999997,0,0,0,0
qBIG,0.9,1,56,0.25,0.0,1.259375,-0.02062499999999995,1,13.205468749999998,11.946093749999998,0,0,0,0
qBIG,0.9,1,57,0.5,0.25,6.536718749999999,0.90609375,1,13.205468749999998,6.668749999999999,0,0,0,0
qBIG,0.9,1,58,0.5,1.0,15.885000000000002,2.205,0,13.205468749999998,-2.6795312500000037,0,0,0,0
qBIG,0.9,1,59,0.5,0.25,6.536718749999999,0.90609375,1,13.205468749999998,6.668749999999999,0,0,0,0
qBIG,0.9,1,60,0.5,0.5,10.089374999999997,1.189375,1,13.205468749999998,3.116093750000001,0,0,0,0
qBIG,0.9,1,61,0.0,0.75,3.8737500000000002,1.369375,1,13.205468749999998,9.331718749999997,0,0,0,0
qBIG,0.9,1,62,0.5,0.5,10.089374999999997,1.189375,1,13.205468749999998,3.116093750000001,0,0,0,0
qBIG,0.9,1,63,0.5,0.5,10.089374999999997,1.189375,1,13.205468749999998,3.116093750000001,0,0,0,0
qBIG,0.9,1,64,0.5,0.25,6.536718749999999,0.90609375,1,13.205468749999998,6.668749999999999,0,0,0,0
qBIG,0.9,1,65,0.25,1.0,11.206249999999999,1.87875,1,13.205468749999998,1.999218749999999,0,0,0,1
qBIG,0.9,1,66,0.25,0.75,9.212304687500001,1.2816796875,1,13.205468749999998,3.9931640624999964,0,0,0,0
qBIG,0.9,1,67,0.5,1.0,15.885000000000002,2.205,0,13.205468749999998,-2.6795312500000037,0,0,0,0
qBIG,0.9,1,68,0.5,0.5,10.089374999999997,1.189375,1,13.205468749999998,3.116093750000001,0,0,0,0
qBIG,0.9,1,69,0.5,0.75,13.205468749999998,1.6223437500000002,1,13.205468749999998,0.0,1,1,1,1
qBIG,0.9,1,70,0.5,0.5,10.089374999999997,1.189375,1,13.205468749999998,3.116093750000001,0,0,0,0
qBIG,0.9,1,71,0.75,0.75,15.853242187500001,2.3913671875,0,13.205468749999998,-2.6477734375000033,0,0,0,0
qBIG,0.9,1,72,1.0,0.0,2.0599999999999987,3.0300000000000002,0,13.205468749999998,11.14546875,0,0,0,0
qBIG,0.9,1,73,0.25,0.75,9.212304687500001,1.2816796875,1,13.205468749999998,3.9931640624999964,0,0,0,0
qBIG,0.9,1,74,0.5,0.5,10.089374999999997,1.189375,1,13.205468749999998,3.116093750000001,0,0,0,0
qBIG,0.9,1,75,0.5,0.5,10.089374999999997,1.189375,1,13.205468749999998,3.116093750000001,0,0,0,0
qBIG,0.9,1,76,0.5,0.0,2.5475,0.7725000000000001,1,13.205468749999998,10.657968749999998,0,0,0,0
qBIG,0.9,1,77,0.25,0.5,6.889843749999999,0.76609375,1,13.205468749999998,6.315624999999999,0,0,0,0
qBIG,0.9,1,78,0.0,0.0,-1.05,-0.59,1,13.205468749999998,14.255468749999999,0,0,0,0
qBIG,0.9,1,79,0.25,0.75,9.212304687500001,1.2816796875,1,13.205468749999998,3.9931640624999964,0,0,0,0
qBIG,0.9,1,80,0.75,0.25,7.777304687499998,1.7266796875000003,1,13.205468749999998,5.4281640625,0,0,0,0
qBIG,0.9,1,81,0.0,0.5,2.5250000000000004,0.6575,1,13.205468749999998,10.680468749999998,0,0,0,0
qBIG,0.9,1,82,0.0,0.25,0.88375,0.004374999999999976,1,13.205468749999998,12.321718749999999,0,0,0,0
qBIG,0.9,1,83,0.5,1.0,15.885000000000002,2.205,0,13.205468749999998,-2.6795312500000037,0,0,0,0
qBIG,0.9,1,84,0.5,0.5,10.089374999999997,1.189375,1,13.205468749999998,3.116093750000001,0,0,0,0
qBIG,0.9,1,85,0.75,0.5,12.123593750000001,1.9273437500000001,1,13.205468749999998,1.0818749999999966,0,0,0,1
qBIG,0.9,1,86,0.5,1.0,15.885000000000002,2.205,0,13.205468749999998,-2.6795312500000037,0,0,0,0
qBIG,0.9,1,87,0.5,0.25,6.536718749999999,0.90609375,1,13.205468749999998,6.668749999999999,0,0,0,0
qBIG,0.9,1,88,0.5,0.5,10.089374999999997,1.189375,1,13.205468749999998,3.116093750000001,0,0,0,0
qBIG,0.9,1,89,0.5,0.75,13.205468749999998,1.6223437500000002,1,13.205468749999998,0.0,1,1,1,1
qBIG,0.9,1,90,0.0,1.0,4.930000000000001,2.1399999999999997,0,13.205468749999998,8.275468749999998,0,0,0,0
qBIG,0.9,1,91,0.5,0.5,10.089374999999997,1.189375,1,13.205468749999998,3.116093750000001,0,0,0,0
qBIG,0.9,1,92,0.25,0.5,6.889843749999999,0.76609375,1,13.205468749999998,6.315624999999999,0,0,0,0
qBIG,0.9,1,93,0.5,0.25,6.536718749999999,0.90609375,1,13.205468749999998,6.668749999999999,0,0,0,0
qBIG,0.9,1,94,0.5,0.75,13.205468749999998,1.6223437500000002,1,13.205468749999998,0.0,1,1,1,1
qBIG,0.9,1,95,0.5,0.25,6.536718749999999,0.90609375,1,13.205468749999998,6.668749999999999,0,0,0,0
qBIG,0.9,1,96,0.0,0.75,3.8737500000000002,1.369375,1,13.205468749999998,9.331718749999997,0,0,0,0
qBIG,0.9,1,97,0.5,0.75,13.205468749999998,1.6223437500000002,1,13.205468749999998,0.0,1,1,1,1
qBIG,0.9,1,98,0.0,0.75,3.8737500000000002,1.369375,1,13.205468749999998,9.331718749999997,0,0,0,0
qBIG,0.9,1,99,0.5,0.75,13.205468749999998,1.6223437500000002,1,13.205468749999998,0.0,1,1,1,1
qBIG,0.9,1,100,0.5,0.5,10.089374999999997,1.189375,1,13.205468749999998,3.116093750000001,0,0,0,0
qBIG,0.9,1,101,0.0,0.0,-1.05,-0.59,1,13.205468749999998,14.255468749999999,0,0,0,0
qBIG,0.9,1,102,0.0,0.25,0.88375,0.004374999999999976,1,13.205468749999998,12.321718749999999,0,0,0,0
qBIG,0.9,1,103,0.25,0.5,6.889843749999999,0.76609375,1,13.205468749999998,6.315624999999999,0,0,0,0
qBIG,0.9,1,104,0.25,0.5,6.889843749999999,0.76609375,1,13.205468749999998,6.315624999999999,0,0,0,0
qBIG,0.9,1,105,0.5,0.5,10.089374999999997,1.189375,1,13.205468749999998,3.116093750000001,0,0,0,0
qBIG,0.9,1,106,0.25,0.5,6.889843749999999,0.76609375,1,13.205468749999998,6.315624999999999,0,0,0,0
qBIG,0.9,1,107,0.0,0.0,-1.05,-0.59,1,13.205468749999998,14.255468749999999,0,0,0,0
qBIG,0.9,1,108,0.25,0.75,9.212304687500001,1.2816796875,1,13.205468749999998,3.9931640624999964,0,0,0,0
qBIG,0.9,1,109,0.5,0.75,13.205468749999998,1.6223437500000002,1,13.205468749999998,0.0,1,1,1,1
qBIG,0.9,1,110,0.5,1.0,15.885000000000002,2.205,0,13.205468749999998,-2.6795312500000037,0,0,0,0
qBIG,0.9,1,111,0.25,0.75,9.212304687500001,1.2816796875,1,13.205468749999998,3.9931640624999964,0,0,0,0
qBIG,0.9,1,112,0.5,0.5,10.089374999999997,1.189375,1,13.205468749999998,3.116093750000001,0,0,0,0
qBIG,0.9,1,113,0.25,0.5,6.889843749999999,0.76609375,1,13.205468749999998,6.315624999999999,0,0,0,0
qBIG,0.9,1,114,0.0,0.0,-1.05,-0.59,1,13.205468749999998,14.255468749999999,0,0,0,0
qBIG,0.9,1,115,0.25,0.75,9.212304687500001,1.2816796875,1,13.205468749999998,3.9931640624999964,0,0,0,0
qBIG,0.9,1,116,0.5,0.75,13.205468749999998,1.6223437500000002,1,13.205468749999998,0.0,1,1,1,1
qBIG,0.9,1,117,0.5,0.25,6.536718749999999,0.90609375,1,13.205468749999998,6.668749999999999,0,0,0,0
qBIG,0.9,1,118,0.5,1.0,15.885000000000002,2.205,0,13.205468749999998,-2.6795312500000037,0,0,0,0
qBIG,0.9,1,119,0.0,1.0,4.930000000000001,2.1399999999999997,0,13.205468749999998,8.275468749999998,0,0,0,0
qBIG,0.9,1,120,0.25,0.5,6.889843749999999,0.76609375,1,13.205468749999998,6.315624999999999,0,0,0,0
qBIG,0.9,1,121,0.5,0.5,10.089374999999997,1.189375,1,13.205468749999998,3.116093750000001,0,0,0,0
qBIG,0.9,1,122,1.0,0.0,2.0599999999999987,3.0300000000000002,0,13.205468749999998,11.14546875,0,0,0,0
qBIG,0.9,1,123,0.5,0.5,10.089374999999997,1.189375,1,13.205468749999998,3.116093750000001,0,0,0,0
qBIG,0.9,1,124,0.5,1.0,15.885000000000002,2.205,0,13.205468749999998,-2.6795312500000037,0,0,0,0
qBIG,0.9,1,125,0.5,0.5,10.089374999999997,1.189375,1,13.205468749999998,3.116093750000001,0,0,0,0
qBIG,0.9,1,126,0.75,0.25,7.777304687499998,1.7266796875000003,1,13.205468749999998,5.4281640625,0,0,0,0
qBIG,0.9,1,127,1.0,0.5,12.9925,2.9800000000000004,0,13.205468749999998,0.21296874999999815,0,0,0,0
qBIG,0.9,1,128,0.75,0.0,2.814374999999999,1.7893750000000002,1,13.205468749999998,10.39109375,0,0,0,0
qBIG,0.9,1,129,0.0,0.5,2.5250000000000004,0.6575,1,13.205468749999998,10.680468749999998,0,0,0,0
qBIG,0.9,1,130,0.5,0.5,10.089374999999997,1.189375,1,13.205468749999998,3.116093750000001,0,0,0,0
qBIG,0.9,1,131,0.25,0.5,6.889843749999999,0.76609375,1,13.205468749999998,6.315624999999999,0,0,0,0
qBIG,0.9,1,132,0.5,0.5,10.089374999999997,1.189375,1,13.205468749999998,3.116093750000001,0,0,0,0
qBIG,0.9,1,133,0.5,0.75,13.205468749999998,1.6223437500000002,1,13.205468749999998,0.0,1,1,1,1
qBIG,0.9,1,134,0.5,0.5,10.089374999999997,1.189375,1,13.205468749999998,3.116093750000001,0,0,0,0
qBIG,0.9,1,135,0.0,0.75,3.8737500000000002,1.369375,1,13.205468749999998,9.331718749999997,0,0,0,0
qBIG,0.9,1,136,0.0,0.75,3.8737500000000002,1.369375,1,13.205468749999998,9.331718749999997,0,0,0,0
qBIG,0.9,1,137,0.75,0.5,12.123593750000001,1.9273437500000001,1,13.205468749999998,1.0818749999999966,0,0,0,1
qBIG,0.9,1,138,0.25,1.0,11.206249999999999,1.87875,1,13.205468749999998,1.999218749999999,0,0,0,1
qBIG,0.9,1,139,0.5,0.5,10.089374999999997,1.189375,1,13.205468749999998,3.116093750000001,0,0,0,0
qBIG,0.9,1,140,0.5,0.5,10.089374999999997,1.189375,1,13.205468749999998,3.116093750000001,0,0,0,0
qBIG,0.9,1,141,0.0,1.0,4.930000000000001,2.1399999999999997,0,13.205468749999998,8.275468749999998,0,0,0,0
qBIG,0.9,1,142,0.5,0.5,10.089374999999997,1.189375,1,13.205468749999998,3.116093750000001,0,0,0,0
qBIG,0.9,1,143,0.5,0.0,2.5475,0.7725000000000001,1,13.205468749999998,10.657968749999998,0,0,0,0
qBIG,0.9,1,144,0.5,0.75,13.205468749999998,1.6223437500000002,1,13.205468749999998,0.0,1,1,1,1
qBIG,0.9,1,145,0.0,0.5,2.5250000000000004,0.6575,1,13.205468749999998,10.680468749999998,0,0,0,0
qBIG,0.9,1,146,0.75,0.5,12.123593750000001,1.9273437500000001,1,13.205468749999998,1.0818749999999966,0,0,0,1
qBIG,0.9,1,147,0.75,0.5,12.123593750000001,1.9273437500000001,1,13.205468749999998,1.0818749999999966,0,0,0,1
qBIG,0.9,1,148,0.0,1.0,4.930000000000001,2.1399999999999997,0,13.205468749999998,8.275468749999998,0,0,0,0
qBIG,0.9,1,149,0.5,0.25,6.536718749999999,0.90609375,1,13.205468749999998,6.668749999999999,0,0,0,0
qBIG,0.9,1,150,0.5,0.25,6.536718749999999,0.90609375,1,13.205468749999998,6.668749999999999,0,0,0,0
qBIG,0.9,1,151,0.25,0.75,9.212304687500001,1.2816796875,1,13.205468749999998,3.9931640624999964,0,0,0,0
qBIG,0.9,1,152,0.5,0.75,13.205468749999998,1.6223437500000002,1,13.205468749999998,0.0,1,1,1,1
qBIG,0.9,1,153,0.5,0.75,13.205468749999998,1.6223437500000002,1,13.205468749999998,0.0,1,1,1,1
qBIG,0.9,1,154,0.5,0.75,13.205468749999998,1.6223437500000002,1,13.205468749999998,0.0,1,1,1,1
qBIG,0.9,1,155,0.75,0.5,12.123593750000001,1.9273437500000001,1,13.205468749999998,1.0818749999999966,0,0,0,1
qBIG,0.9,1,156,0.5,0.25,6.536718749999999,0.90609375,1,13.205468749999998,6.668749999999999,0,0,0,0
qBIG,0.9,1,157,0.5,0.0,2.5475,0.7725000000000001,1,13.205468749999998,10.657968749999998,0,0,0,0
qBIG,0.9,1,158,0.5,1.0,15.885000000000002,2.205,0,13.205468749999998,-2.6795312500000037,0,0,0,0
qBIG,0.9,1,159,0.5,1.0,15.885000000000002,2.205,0,13.205468749999998,-2.6795312500000037,0,0,0,0
qBIG,0.9,1,160,0.5,0.5,10.089374999999997,1.189375,1,13.205468749999998,3.116093750000001,0,0,0,0
qBIG,0.9,1,161,0.0,0.75,3.8737500000000002,1.369375,1,13.205468749999998,9.331718749999997,0,0,0,0
qBIG,0.9,1,162,0.0,0.5,2.5250000000000004,0.6575,1,13.205468749999998,10.680468749999998,0,0,0,0
qBIG,0.9,1,163,0.5,0.5,10.089374999999997,1.189375,1,13.205468749999998,3.116093750000001,0,0,0,0
qBIG,0.9,1,164,0.5,0.25,6.536718749999999,0.90609375,1,13.205468749999998,6.668749999999999,0,0,0,0
qBIG,0.9,1,165,0.25,0.75,9.212304687500001,1.2816796875,1,13.205468749999998,3.9931640624999964,0,0,0,0
qBIG,0.9,1,166,0.5,0.25,6.536718749999999,0.90609375,1,13.205468749999998,6.668749999999999,0,0,0,0
qBIG,0.9,1,167,0.75,0.25,7.777304687499998,1.7266796875000003,1,13.205468749999998,5.4281640625,0,0,0,0
qBIG,0.9,1,168,0.75,0.25,7.777304687499998,1.7266796875000003,1,13.205468749999998,5.4281640625,0,0,0,0
qBIG,0.9,1,169,0.5,1.0,15.885000000000002,2.205,0,13.205468749999998,-2.6795312500000037,0,0,0,0
qBIG,0.9,1,170,0.75,0.25,7.777304687499998,1.7266796875000003,1,13.205468749999998,5.4281640625,0,0,0,0
qBIG,0.9,1,171,0.25,0.5,6.889843749999999,0.76609375,1,13.205468749999998,6.315624999999999,0,0,0,0
qBIG,0.9,1,172,0.0,0.0,-1.05,-0.59,1,13.205468749999998,14.255468749999999,0,0,0,0
qBIG,0.9,1,173,0.0,0.5,2.5250000000000004,0.6575,1,13.205468749999998,10.680468749999998,0,0,0,0
qBIG,0.9,1,174,0.5,1.0,15.885000000000002,2.205,0,13.205468749999998,-2.6795312500000037,0,0,0,0
qBIG,0.9,1,175,0.25,0.5,6.889843749999999,0.76609375,1,13.205468749999998,6.315624999999999,0,0,0,0
qBIG,0.9,1,176,0.25,0.75,9.212304687500001,1.2816796875,1,13.205468749999998,3.9931640624999964,0,0,0,0
qBIG,0.9,1,177,0.25,0.25,4.2388671874999995,0.3319921875,1,13.205468749999998,8.9666015625,0,0,0,0
qBIG,0.9,1,178,0.25,0.5,6.889843749999999,0.76609375,1,13.205468749999998,6.315624999999999,0,0,0,0
qBIG,0.9,1,179,0.5,0.25,6.536718749999999,0.90609375,1,13.205468749999998,6.668749999999999,0,0,0,0
qBIG,0.9,1,180,0.5,0.25,6.536718749999999,0.90609375,1,13.205468749999998,6.668749999999999,0,0,0,0
qBIG,0.9,1,181,0.5,0.75,13.205468749999998,1.6223437500000002,1,13.205468749999998,0.0,1,1,1,1
qBIG,0.9,1,182,0.5,1.0,15.885000000000002,2.205,0,13.205468749999998,-2.6795312500000037,0,0,0,0
qBIG,0.9,1,183,0.25,0.0,1.259375,-0.02062499999999995,1,13.205468749999998,11.946093749999998,0,0,0,0
qBIG,0.9,1,184,0.5,0.25,6.536718749999999,0.90609375,1,13.205468749999998,6.668749999999999,0,0,0,0
qBIG,0.9,1,185,1.0,0.25,7.960624999999998,2.79375,0,13.205468749999998,5.24484375,0,0,0,0
qBIG,0.9,1,186,0.0,0.25,0.88375,0.004374999999999976,1,13.205468749999998,12.321718749999999,0,0,0,0
qBIG,0.9,1,187,0.5,0.25,6.536718749999999,0.90609375,1,13.205468749999998,6.668749999999999,0,0,0,0
qBIG,0.9,1,188,0.25,0.75,9.212304687500001,1.2816796875,1,13.205468749999998,3.9931640624999964,0,0,0,0
qBIG,0.9,1,189,0.5,0.5,10.089374999999997,1.189375,1,13.205468749999998,3.116093750000001,0,0,0,0
qBIG,0.9,1,190,0.0,0.5,2.5250000000000004,0.6575,1,13.205468749999998,10.680468749999998,0,0,0,0
qBIG,0.9,1,191,0.25,0.75,9.212304687500001,1.2816796875,1,13.205468749999998,3.9931640624999964,0,0,0,0
qBIG,0.9,1,192,0.75,0.5,12.123593750000001,1.9273437500000001,1,13.205468749999998,1.0818749999999966,0,0,0,1
qBIG,0.9,1,193,0.75,0.25,7.777304687499998,1.7266796875000003,1,13.205468749999998,5.4281640625,0,0,0,0
qBIG,0.9,1,194,0.5,0.75,13.205468749999998,1.6223437500000002,1,13.205468749999998,0.0,1,1,1,1
qBIG,0.9,1,195,0.25,0.75,9.212304687500001,1.2816796875,1,13.205468749999998,3.9931640624999964,0,0,0,0
qBIG,0.9,1,196,0.25,0.5,6.889843749999999,0.76609375,1,13.205468749999998,6.315624999999999,0,0,0,0
qBIG,0.9,1,197,0.25,0.0,1.259375,-0.02062499999999995,1,13.205468749999998,11.946093749999998,0,0,0,0
qBIG,0.9,1,198,0.25,0.75,9.212304687500001,1.2816796875,1,13.205468749999998,3.9931640624999964,0,0,0,0
qBIG,0.9,1,199,0.25,0.5,6.889843749999999,0.76609375,1,13.205468749999998,6.315624999999999,0,0,0,0
tmse,0.5,0,0,0.0,0.25,1.9693749999999999,0.004374999999999976,1,7.6792187499999995,5.709843749999999,0,0,0,0
tmse,0.5,0,1,0.0,0.75,5.9643749999999995,1.369375,1,7.6792187499999995,1.71484375,0,0,0,1
tmse,0.5,0,2,0.25,0.75,7.6792187499999995,1.2816796875,1,7.6792187499999995,0.0,1,1,1,1
tmse,0.5,0,3,0.5,0.25,3.9499999999999997,0.90609375,1,7.6792187499999995,3.72921875,0,0,0,0
tmse,0.5,0,4,0.25,0.5,4.9174999999999995,0.76609375,1,7.6792187499999995,2.76171875,0,0,0,0
tmse,0.5,0,5,0.5,0.75,9.1975,1.6223437500000002,0,7.6792187499999995,-1.5182812500000002,0,0,0,0
tmse,0.5,0,6,0.0,0.5,3.4974999999999996,0.6575,1,7.6792187499999995,4.18171875,0,0,0,0
tmse,0.5,0,7,0.25,0.75,7.6792187499999995,1.2816796875,1,7.6792187499999995,0.0,1,1,1,1
tmse,0.5,0,8,0.5,0.25,3.9499999999999997,0.90609375,1,7.6792187499999995,3.72921875,0,0,0,0
tmse,0.5,0,9,0.25,0.75,7.6792187499999995,1.2816796875,1,7.6792187499999995,0.0,1,1,1,1
tmse,0.5,0,10,0.25,1.0,11.391874999999999,1.87875,0,7.6792187499999995,-3.7126562499999993,0,0,0,0
tmse,0.5,0,11,0.0,0.75,5.9643749999999995,1.369375,1,7.6792187499999995,1.71484375,0,0,0,1
tmse,0.5,0,12,0.25,0.75,7.6792187499999995,1.2816796875,1,7.6792187499999995,0.0,1,1,1,1
tmse,0.5,0,13,0.25,0.75,7.6792187499999995,1.2816796875,1,7.6792187499999995,0.0,1,1,1,1
tmse,0.5,0,14,0.25,0.75,7.6792187499999995,1.2816796875,1,7.6792187499999995,0.0,1,1,1,1
tmse,0.5,0,15,0.0,1.0,9.37,2.1399999999999997,0,7.6792187499999995,-1.6907812499999997,0,0,0,0
tmse,0.5,0,16,0.25,0.5,4.9174999999999995,0.76609375,1,7.6792187499999995,2.76171875,0,0,0,0
tmse,0.5,0,17,0.25,0.75,7.6792187499999995,1.2816796875,1,7.6792187499999995,0.0,1,1,1,1
tmse,0.5,0,18,0.25,0.75,7.6792187499999995,1.2816796875,1,7.6792187499999995,0.0,1,1,1,1
tmse,0.5,0,19,0.25,0.5,4.9174999999999995,0.76609375,1,7.6792187499999995,2.76171875,0,0,0,0
tmse,0.5,0,20,0.25,0.5,4.9174999999999995,0.76609375,1,7.6792187499999995,2.76171875,0,0,0,0
tmse,0.5,0,21,0.0,0.0,1.38,-0.59,1,7.6792187499999995,6.29921875,0,0,0,0
tmse,0.5,0,22,0.25,0.25,3.1067187499999993,0.3319921875,1,7.6792187499999995,4.5725,0,0,0,0
tmse,0.5,0,23,0.5,0.75,9.1975,1.6223437500000002,0,7.6792187499999995,-1.5182812500000002,0,0,0,0
tmse,0.5,0,24,0.5,0.75,9.1975,1.6223437500000002,0,7.6792187499999995,-1.5182812500000002,0,0,0,0
tmse,0.5,0,25,0.25,0.5,4.9174999999999995,0.76609375,1,7.6792187499999995,2.76171875,0,0,0,0
tmse,0.5,0,26,0.25,0.75,7.6792187499999995,1.2816796875,1,7.6792187499999995,0.0,1,1,1,1
tmse,0.5,0,27,0.0,0.0,1.38,-0.59,1,7.6792187499999995,6.29921875,0,0,0,0
tmse,0.5,0,28,0.5,0.0,2.8075,0.7725000000000001,1,7.6792187499999995,4.871718749999999,0,0,0,0
tmse,0.5,0,29,0.5,0.25,3.9499999999999997,0.90609375,1,7.6792187499999995,3.72921875,0,0,0,0
tmse,0.5,0,30,0.25,0.75,7.6792187499999995,1.2816796875,1,7.6792187499999995,0.0,1,1,1,1
tmse,0.5,0,31,0.0,0.5,3.4974999999999996,0.6575,1,7.6792187499999995,4.18171875,0,0,0,0
tmse,0.5,0,32,0.25,0.75,7.6792187499999995,1.2816796875,1,7.6792187499999995,0.0,1,1,1,1
tmse,0.5,0,33,0.5,0.5,6.08,1.189375,1,7.6792187499999995,1.5992187499999995,0,0,0,1
tmse,0.5,0,34,0.75,0.5,6.985,1.9273437500000001,0,7.6792187499999995,0.6942187499999992,0,0,0,0
tmse,0.5,0,35,0.5,1.0,13.302500000000002,2.205,0,7.6792187499999995,-5.6232812500000025,0,0,0,0
tmse,0.5,0,36,0.25,0.75,7.6792187499999995,1.2816796875,1,7.6792187499999995,0.0,1,1,1,1
tmse,0.5,0,37,0.25,0.75,7.6792187499999995,1.2816796875,1,7.6792187499999995,0.0,1,1,1,1
tmse,0.5,0,38,0.25,0.25,3.1067187499999993,0.3319921875,1,7.6792187499999995,4.5725,0,0,0,0
tmse,0.5,0,39,0.0,0.5,3.4974999999999996,0.6575,1,7.6792187499999995,4.18171875,0,0,0,0
tmse,0.5,0,40,0.5,0.5,6.08,1.189375,1,7.6792187499999995,1.5992187499999995,0,0,0,1
tmse,0.5,0,41,0.0,0.75,5.9643749999999995,1.369375,1,7.6792187499999995,1.71484375,0,0,0,1
tmse,0.5,0,42,0.25,0.5,4.9174999999999995,0.76609375,1,7.6792187499999995,2.76171875,0,0,0,0
tmse,0.5,0,43,0.0,1.0,9.37,2.1399999999999997,0,7.6792187499999995,-1.6907812499999997,0,0,0,0
tmse,0.5,0,44,0.5,0.5,6.08,1.189375,1,7.6792187499999995,1.5992187499999995,0,0,0,1
tmse,0.5,0,45,0.25,0.75,7.6792187499999995,1.2816796875,1,7.6792187499999995,0.0,1,1,1,1
tmse,0.5,0,46,0.0,1.0,9.37,2.1399999999999997,0,7.6792187499999995,-1.6907812499999997,0,0,0,0
tmse,0.5,0,47,0.25,1.0,11.391874999999999,1.87875,0,7.6792187499999995,-3.7126562499999993,0,0,0,0
tmse,0.5,0,48,0.25,0.75,7.6792187499999995,1.2816796875,1,7.6792187499999995,0.0,1,1,1,1
tmse,0.5,0,49,0.25,0.5,4.9174999999999995,0.76609375,1,7.6792187499999995,2.76171875,0,0,0,0
tmse,0.5,0,50,0.25,1.0,11.391874999999999,1.87875,0,7.6792187499999995,-3.7126562499999993,0,0,0,0
tmse,0.5,0,51,0.5,0.5,6.08,1.189375,1,7.6792187499999995,1.5992187499999995,0,0,0,1
tmse,0.5,0,52,0.25,0.75,7.6792187499999995,1.2816796875,1,7.6792187499999995,0.0,1,1,1,1
tmse,0.5,0,53,0.25,0.75,7.6792187499999995,1.2816796875,1,7.6792187499999995,0.0,1,1,1,1
tmse,0.5,0,54,0.25,1.0,11.391874999999999,1.87875,0,7.6792187499999995,-3.7126562499999993,0,0,0,0
tmse,0.5,0,55,0.25,0.75,7.6792187499999995,1.2816796875,1,7.6792187499999995,0.0,1,1,1,1
tmse,0.5,0,56,0.25,0.0,2.2468749999999997,-0.02062499999999995,1,7.6792187499999995,5.432343749999999,0,0,0,0
tmse,0.5,0,57,0.0,1.0,9.37,2.1399999999999997,0,7.6792187499999995,-1.6907812499999997,0,0,0,0
tmse,0.5,0,58,0.0,0.75,5.9643749999999995,1.369375,1,7.6792187499999995,1.71484375,0,0,0,1
tmse,0.5,0,59,0.5,0.5,6.08,1.189375,1,7.6792187499999995,1.5992187499999995,0,0,0,1
tmse,0.5,0,60,0.5,0.25,3.9499999999999997,0.90609375,1,7.6792187499999995,3.72921875,0,0,0,0
tmse,0.5,0,61,0.25,1.0,11.391874999999999,1.87875,0,7.6792187499999995,-3.7126562499999993,0,0,0,0
tmse,0.5,0,62,0.5,1.0,13.302500000000002,2.205,0,7.6792187499999995,-5.6232812500000025,0,0,0,0
tmse,0.5,0,63,0.25,1.0,11.391874999999999,1.87875,0,7.6792187499999995,-3.7126562499999993,0,0,0,0
tmse,0.5,0,64,0.0,0.5,3.4974999999999996,0.6575,1,7.6792187499999995,4.18171875,0,0,0,0
tmse,0.5,0,65,0.25,0.75,7.6792187499999995,1.2816796875,1,7.6792187499999995,0.0,1,1,1,1
tmse,0.5,0,66,0.5,0.25,3.9499999999999997,0.90609375,1,7.6792187499999995,3.72921875,0,0,0,0
tmse,0.5,0,67,0.25,1.0,11.391874999999999,1.87875,0,7.6792187499999995,-3.7126562499999993,0,0,0,0
tmse,0.5,0,68,0.5,0.5,6.08,1.189375,1,7.6792187499999995,1.5992187499999995,0,0,0,1
tmse,0.5,0,69,0.5,0.75,9.1975,1.6223437500000002,0,7.6792187499999995,-1.5182812500000002,0,0,0,0
tmse,0.5,0,70,0.0,0.75,5.9643749999999995,1.369375,1,7.6792187499999995,1.71484375,0,0,0,1
tmse,0.5,0,71,0.5,0.5,6.08,1.189375,1,7.6792187499999995,1.5992187499999995,0,0,0,1
tmse,0.5,0,72,0.0,0.5,3.4974999999999996,0.6575,1,7.6792187499999995,4.18171875,0,0,0,0
tmse,0.5,0,73,0.0,0.25,1.9693749999999999,0.004374999999999976,1,7.6792187499999995,5.709843749999999,0,0,0,0
tmse,0.5,0,74,0.5,0.5,6.08,1.189375,1,7.6792187499999995,1.5992187499999995,0,0,0,1
tmse,0.5,0,75,0.25,0.75,7.6792187499999995,1.2816796875,1,7.6792187499999995,0.0,1,1,1,1
tmse,0.5,0,76,0.0,0.75,5.9643749999999995,1.369375,1,7.6792187499999995,1.71484375,0,0,0,1
tmse,0.5,0,77,0.25,0.5,4.9174999999999995,0.76609375,1,7.6792187499999995,2.76171875,0,0,0,0
tmse,0.5,0,78,0.25,0.5,4.9174999999999995,0.76609375,1,7.6792187499999995,2.76171875,0,0,0,0
tmse,0.5,0,79,0.25,0.75,7.6792187499999995,1.2816796875,1,7.6792187499999995,0.0,1,1,1,1
tmse,0.5,0,80,0.5,0.5,6.08,1.189375,1,7.6792187499999995,1.5992187499999995,0,0,0,1
tmse,0.5,0,81,0.25,0.5,4.9174999999999995,0.76609375,1,7.6792187499999995,2.76171875,0,0,0,0
tmse,0.5,0,82,0.5,0.75,9.1975,1.6223437500000002,0,7.6792187499999995,-1.5182812500000002,0,0,0,0
tmse,0.5,0,83,0.0,0.75,5.9643749999999995,1.369375,1,7.6792187499999995,1.71484375,0,0,0,1
tmse,0.5,0,84,0.25,0.25,3.1067187499999993,0.3319921875,1,7.6792187499999995,4.5725,0,0,0,0
tmse,0.5,0,85,0.0,1.0,9.37,2.1399999999999997,0,7.6792187499999995,-1.6907812499999997,0,0,0,0
tmse,0.5,0,86,0.5,0.75,9.1975,1.6223437500000002,0,7.6792187499999995,-1.5182812500000002,0,0,0,0
tmse,0.5,0,87,0.0,0.5,3.4974999999999996,0.6575,1,7.6792187499999995,4.18171875,0,0,0,0
tmse,0.5,0,88,0.0,1.0,9.37,2.1399999999999997,0,7.6792187499999995,-1.6907812499999997,0,0,0,0
tmse,0.5,0,89,0.5,0.75,9.1975,1.6223437500000002,0,7.6792187499999995,-1.5182812500000002,0,0,0,0
tmse,0.5,0,90,0.25,0.75,7.6792187499999995,1.2816796875,1,7.6792187499999995,0.0,1,1,1,1
tmse,0.5,0,91,0.0,0.75,5.9643749999999995,1.369375,1,7.6792187499999995,1.71484375,0,0,0,1
tmse,0.5,0,92,0.25,0.5,4.9174999999999995,0.76609375,1,7.6792187499999995,2.76171875,0,0,0,0
tmse,0.5,0,93,0.0,0.5,3.4974999999999996,0.6575,1,7.6792187499999995,4.18171875,0,0,0,0
tmse,0.5,0,94,0.0,0.75,5.9643749999999995,1.369375,1,7.6792187499999995,1.71484375,0,0,0,1
tmse,0.5,0,95,0.0,0.5,3.4974999999999996,0.6575,1,7.6792187499999995,4.18171875,0,0,0,0
tmse,0.5,0,96,0.75,0.0,3.0618749999999992,1.7893750000000002,0,7.6792187499999995,4.61734375,0,0,0,0
tmse,0.5,0,97,0.5,0.75,9.1975,1.6223437500000002,0,7.6792187499999995,-1.5182812500000002,0,0,0,0
tmse,0.5,0,98,0.0,0.75,5.9643749999999995,1.369375,1,7.6792187499999995,1.71484375,0,0,0,1
tmse,0.5,0,99,0.5,0.5,6.08,1.189375,1,7.6792187499999995,1.5992187499999995,0,0,0,1
tmse,0.5,0,100,0.0,1.0,9.37,2.1399999999999997,0,7.6792187499999995,-1.6907812499999997,0,0,0,0
tmse,0.5,0,101,0.0,0.25,1.9693749999999999,0.004374999999999976,1,7.6792187499999995,5.709843749999999,0,0,0,0
tmse,0.5,0,102,0.0,0.75,5.9643749999999995,1.369375,1,7.6792187499999995,1.71484375,0,0,0,1
tmse,0.5,0,103,0.75,0.0,3.0618749999999992,1.7893750000000002,0,7.6792187499999995,4.61734375,0,0,0,0
tmse,0.5,0,104,0.25,0.75,7.6792187499999995,1.2816796875,1,7.6792187499999995,0.0,1,1,1,1
tmse,0.5,0,105,0.0,0.5,3.4974999999999996,0.6575,1,7.6792187499999995,4.18171875,0,0,0,0
tmse,0.5,0,106,0.25,0.5,4.9174999999999995,0.76609375,1,7.6792187499999995,2.76171875,0,0,0,0
tmse,0.5,0,107,0.0,0.0,1.38,-0.59,1,7.6792187499999995,6.29921875,0,0,0,0
tmse,0.5,0,108,0.0,0.75,5.9643749999999995,1.369375,1,7.6792187499999995,1.71484375,0,0,0,1
tmse,0.5,0,109,0.25,0.75,7.6792187499999995,1.2816796875,1,7.6792187499999995,0.0,1,1,1,1
tmse,0.5,0,110,0.75,0.5,6.985,1.9273437500000001,0,7.6792187499999995,0.6942187499999992,0,0,0,0
tmse,0.5,0,111,0.5,0.5,6.08,1.189375,1,7.6792187499999995,1.5992187499999995,0,0,0,1
tmse,0.5,0,112,0.5,0.5,6.08,1.189375,1,7.6792187499999995,1.5992187499999995,0,0,0,1
tmse,0.5,0,113,0.5,0.5,6.08,1.189375,1,7.6792187499999995,1.5992187499999995,0,0,0,1
tmse,0.5,0,114,0.75,0.25,4.499218749999999,1.7266796875000003,0,7.6792187499999995,3.1800000000000006,0,0,0,0
tmse,0.5,0,115,0.5,0.5,6.08,1.189375,1,7.6792187499999995,1.5992187499999995,0,0,0,1
tmse,0.5,0,116,0.5,1.0,13.302500000000002,2.205,0,7.6792187499999995,-5.6232812500000025,0,0,0,0
tmse,0.5,0,117,0.0,0.75,5.9643749999999995,1.369375,1,7.6792187499999995,1.71484375,0,0,0,1
tmse,0.5,0,118,0.25,0.75,7.6792187499999995,1.2816796875,1,7.6792187499999995,0.0,1,1,1,1
tmse,0.5,0,119,0.25,0.75,7.6792187499999995,1.2816796875,1,7.6792187499999995,0.0,1,1,1,1
tmse,0.5,0,120,0.5,0.25,3.9499999999999997,0.90609375,1,7.6792187499999995,3.72921875,0,0,0,0
tmse,0.5,0,121,0.25,0.75,7.6792187499999995,1.2816796875,1,7.6792187499999995,0.0,1,1,1,1
tmse,0.5,0,122,0.0,0.5,3.4974999999999996,0.6575,1,7.6792187499999995,4.18171875,0,0,0,0
tmse,0.5,0,123,0.0,1.0,9.37,2.1399999999999997,0,7.6792187499999995,-1.6907812499999997,0,0,0,0
tmse,0.5,0,124,0.0,0.75,5.9643749999999995,1.369375,1,7.6792187499999995,1.71484375,0,0,0,1
tmse,0.5,0,125,0.25,1.0,11.391874999999999,1.87875,0,7.6792187499999995,-3.7126562499999993,0,0,0,0
tmse,0.5,0,126,0.75,0.25,4.499218749999999,1.7266796875000003,0,7.6792187499999995,3.1800000000000006,0,0,0,0
tmse,0.5,0,127,0.25,0.5,4.9174999999999995,0.76609375,1,7.6792187499999995,2.76171875,0,0,0,0
tmse,0.5,0,128,0.25,0.75,7.6792187499999995,1.2816796875,1,7.6792187499999995,0.0,1,1,1,1
tmse,0.5,0,129,0.25,0.75,7.6792187499999995,1.2816796875,1,7.6792187499999995,0.0,1,1,1,1
tmse,0.5,0,130,0.25,0.75,7.6792187499999995,1.2816796875,1,7.6792187499999995,0.0,1,1,1,1
tmse,0.5,0,131,0.5,1.0,13.302500000000002,2.205,0,7.6792187499999995,-5.6232812500000025,0,0,0,0
tmse,0.5,0,132,0.5,0.5,6.08,1.189375,1,7.6792187499999995,1.5992187499999995,0,0,0,1
tmse,0.5,0,133,0.5,0.75,9.1975,1.6223437500000002,0,7.6792187499999995,-1.5182812500000002,0,0,0,0
tmse,0.5,0,134,0.5,0.5,6.08,1.189375,1,7.6792187499999995,1.5992187499999995,0,0,0,1
tmse,0.5,0,135,0.0,0.25,1.9693749999999999,0.004374999999999976,1,7.6792187499999995,5.709843749999999,0,0,0,0
tmse,0.5,0,136,0.5,0.0,2.8075,0.7725000000000001,1,7.6792187499999995,4.871718749999999,0,0,0,0
tmse,0.5,0,137,0.25,0.5,4.9174999999999995,0.76609375,1,7.6792187499999995,2.76171875,0,0,0,0
tmse,0.5,0,138,0.25,1.0,11.391874999999999,1.87875,0,7.6792187499999995,-3.7126562499999993,0,0,0,0
tmse,0.5,0,139,0.25,0.75,7.6792187499999995,1.2816796875,1,7.6792187499999995,0.0,1,1,1,1
tmse,0.5,0,140,0.0,0.25,1.9693749999999999,0.004374999999999976,1,7.6792187499999995,5.709843749999999,0,0,0,0
tmse,0.5,0,141,0.25,0.75,7.6792187499999995,1.2816796875,1,7.6792187499999995,0.0,1,1,1,1
tmse,0.5,0,142,0.5,0.25,3.9499999999999997,0.90609375,1,7.6792187499999995,3.72921875,0,0,0,0
tmse,0.5,0,143,0.25,0.5,4.9174999999999995,0.76609375,1,7.6792187499999995,2.76171875,0,0,0,0
tmse,0.5,0,144,0.25,0.5,4.9174999999999995,0.76609375,1,7.6792187499999995,2.76171875,0,0,0,0
tmse,0.5,0,145,0.25,0.75,7.6792187499999995,1.2816796875,1,7.6792187499999995,0.0,1,1,1,1
tmse,0.5,0,146,0.5,0.5,6.08,1.189375,1,7.6792187499999995,1.5992187499999995,0,0,0,1
tmse,0.5,0,147,0.25,0.25,3.1067187499999993,0.3319921875,1,7.6792187499999995,4.5725,0,0,0,0
tmse,0.5,0,148,0.25,1.0,11.391874999999999,1.87875,0,7.6792187499999995,-3.7126562499999993,0,0,0,0
tmse,0.5,0,149,0.0,0.5,3.4974999999999996,0.6575,1,7.6792187499999995,4.18171875,0,0,0,0
tmse,0.5,0,150,0.5,0.75,9.1975,1.6223437500000002,0,7.6792187499999995,-1.5182812500000002,0,0,0,0
tmse,0.5,0,151,0.0,0.75,5.9643749999999995,1.369375,1,7.6792187499999995,1.71484375,0,0,0,1
tmse,0.5,0,152,0.25,0.75,7.6792187499999995,1.2816796875,1,7.6792187499999995,0.0,1,1,1,1
tmse,0.5,0,153,0.0,0.5,3.4974999999999996,0.6575,1,7.6792187499999995,4.18171875,0,0,0,0
tmse,0.5,0,154,0.25,0.75,7.6792187499999995,1.2816796875,1,7.6792187499999995,0.0,1,1,1,1
tmse,0.5,0,155,0.25,0.75,7.6792187499999995,1.2816796875,1,7.6792187499999995,0.0,1,1,1,1
tmse,0.5,0,156,0.5,0.25,3.9499999999999997,0.90609375,1,7.6792187499999995,3.72921875,0,0,0,0
tmse,0.5,0,157,0.25,0.5,4.9174999999999995,0.76609375,1,7.6792187499999995,2.76171875,0,0,0,0
tmse,0.5,0,158,0.0,0.75,5.9643749999999995,1.369375,1,7.6792187499999995,1.71484375,0,0,0,1
tmse,0.5,0,159,0.0,0.75,5.9643749999999995,1.369375,1,7.6792187499999995,1.71484375,0,0,0,1
tmse,0.5,0,160,0.0,1.0,9.37,2.1399999999999997,0,7.6792187499999995,-1.6907812499999997,0,0,0,0
tmse,0.5,0,161,0.25,0.0,2.2468749999999997,-0.02062499999999995,1,7.6792187499999995,5.432343749999999,0,0,0,0
tmse,0.5,0,162,0.0,0.25,1.9693749999999999,0.004374999999999976,1,7.6792187499999995,5.709843749999999,0,0,0,0
tmse,0.5,0,163,0.5,0.25,3.9499999999999997,0.90609375,1,7.6792187499999995,3.72921875,0,0,0,0
tmse,0.5,0,164,0.5,0.0,2.8075,0.7725000000000001,1,7.6792187499999995,4.871718749999999,0,0,0,0
tmse,0.5,0,165,0.25,0.75,7.6792187499999995,1.2816796875,1,7.6792187499999995,0.0,1,1,1,1
tmse,0.5,0,166,0.25,0.25,3.1067187499999993,0.3319921875,1,7.6792187499999995,4.5725,0,0,0,0
tmse,0.5,0,167,0.0,0.5,3.4974999999999996,0.6575,1,7.6792187499999995,4.18171875,0,0,0,0
tmse,0.5,0,168,0.75,0.25,4.499218749999999,1.7266796875000003,0,7.6792187499999995,3.1800000000000006,0,0,0,0
tmse,0.5,0,169,0.75,0.25,4.499218749999999,1.7266796875000003,0,7.6792187499999995,3.1800000000000006,0,0,0,0
tmse,0.5,0,170,0.25,0.5,4.9174999999999995,0.76609375,1,7.6792187499999995,2.76171875,0,0,0,0
tmse,0.5,0,171,0.25,0.5,4.9174999999999995,0.76609375,1,7.6792187499999995,2.76171875,0,0,0,0
tmse,0.5,0,172,0.0,0.0,1.38,-0.59,1,7.6792187499999995,6.29921875,0,0,0,0
tmse,0.5,0,173,0.25,0.5,4.9174999999999995,0.76609375,1,7.6792187499999995,2.76171875,0,0,0,0
tmse,0.5,0,174,0.5,0.25,3.9499999999999997,0.90609375,1,7.6792187499999995,3.72921875,0,0,0,0
tmse,0.5,0,175,0.25,0.5,4.9174999999999995,0.76609375,1,7.6792187499999995,2.76171875,0,0,0,0
tmse,0.5,0,176,0.0,0.5,3.4974999999999996,0.6575,1,7.6792187499999995,4.18171875,0,0,0,0
tmse,0.5,0,177,0.25,0.5,4.9174999999999995,0.76609375,1,7.6792187499999995,2.76171875,0,0,0,0
tmse,0.5,0,178,0.5,0.75,9.1975,1.6223437500000002,0,7.6792187499999995,-1.5182812500000002,0,0,0,0
tmse,0.5,0,179,0.5,0.5,6.08,1.189375,1,7.6792187499999995,1.5992187499999995,0,0,0,1
tmse,0.5,0,180,0.0,0.0,1.38,-0.59,1,7.6792187499999995,6.29921875,0,0,0,0
tmse,0.5,0,181,0.25,0.75,7.6792187499999995,1.2816796875,1,7.6792187499999995,0.0,1,1,1,1
tmse,0.5,0,182,0.5,1.0,13.302500000000002,2.205,0,7.6792187499999995,-5.6232812500000025,0,0,0,0
tmse,0.5,0,183,0.0,0.75,5.9643749999999995,1.369375,1,7.6792187499999995,1.71484375,0,0,0,1
tmse,0.5,0,184,0.0,0.75,5.9643749999999995,1.369375,1,7.6792187499999995,1.71484375,0,0,0,1
tmse,0.5,0,185,0.25,0.75,7.6792187499999995,1.2816796875,1,7.6792187499999995,0.0,1,1,1,1
tmse,0.5,0,186,0.0,0.75,5.9643749999999995,1.369375,1,7.6792187499999995,1.71484375,0,0,0,1
tmse,0.5,0,187,0.0,0.5,3.4974999999999996,0.6575,1,7.6792187499999995,4.18171875,0,0,0,0
tmse,0.5,0,188,0.5,0.25,3.9499999999999997,0.90609375,1,7.6792187499999995,3.72921875,0,0,0,0
tmse,0.5,0,189,0.5,0.5,6.08,1.189375,1,7.6792187499999995,1.5992187499999995,0,0,0,1
tmse,0.5,0,190,0.0,0.5,3.4974999999999996,0.6575,1,7.6792187499999995,4.18171875,0,0,0,0
tmse,0.5,0,191,0.25,0.75,7.6792187499999995,1.2816796875,1,7.6792187499999995,0.0,1,1,1,1
tmse,0.5,0,192,0.5,1.0,13.302500000000002,2.205,0,7.6792187499999995,-5.6232812500000025,0,0,0,0
tmse,0.5,0,193,0.75,0.25,4.499218749999999,1.7266796875000003,0,7.6792187499999995,3.1800000000000006,0,0,0,0
tmse,0.5,0,194,0.5,0.5,6.08,1.189375,1,7.6792187499999995,1.5992187499999995,0,0,0,1
tmse,0.5,0,195,0.25,0.75,7.6792187499999995,1.2816796875,1,7.6792187499999995,0.0,1,1,1,1
tmse,0.5,0,196,0.0,0.5,3.4974999999999996,0.6575,1,7.6792187499999995,4.18171875,0,0,0,0
tmse,0.5,0,197,0.0,1.0,9.37,2.1399999999999997,0,7.6792187499999995,-1.6907812499999997,0,0,0,0
tmse,0.5,0,198,0.5,0.75,9.1975,1.6223437500000002,0,7.6792187499999995,-1.5182812500000002,0,0,0,0
tmse,0.5,0,199,0.0,0.5,3.4974999999999996,0.6575,1,7.6792187499999995,4.18171875,0,0,0,0
tmse,0.5,1,0,0.0,1.0,4.930000000000001,2.1399999999999997,0,13.205468749999998,8.275468749999998,0,0,0,0
tmse,0.5,1,1,0.25,1.0,11.206249999999999,1.87875,1,13.205468749999998,1.999218749999999,0,0,0,1
tmse,0.5,1,2,0.5,0.75,13.205468749999998,1.6223437500000002,1,13.205468749999998,0.0,1,1,1,1
tmse,0.5,1,3,0.25,1.0,11.206249999999999,1.87875,1,13.205468749999998,1.999218749999999,0,0,0,1
tmse,0.5,1,4,0.5,0.75,13.205468749999998,1.6223437500000002,1,13.205468749999998,0.0,1,1,1,1
tmse,0.5,1,5,0.5,1.0,15.885000000000002,2.205,0,13.205468749999998,-2.6795312500000037,0,0,0,0
tmse,0.5,1,6,0.5,0.5,10.089374999999997,1.189375,1,13.205468749999998,3.116093750000001,0,0,0,0
tmse,0.5,1,7,0.5,0.75,13.205468749999998,1.6223437500000002,1,13.205468749999998,0.0,1,1,1,1
tmse,0.5,1,8,0.5,0.75,13.205468749999998,1.6223437500000002,1,13.205468749999998,0.0,1,1,1,1
tmse,0.5,1,9,0.25,0.75,9.212304687500001,1.2816796875,1,13.205468749999998,3.9931640624999964,0,0,0,0
tmse,0.5,1,10,0.75,0.5,12.123593750000001,1.9273437500000001,1,13.205468749999998,1.0818749999999966,0,0,0,1
tmse,0.5,1,11,0.5,0.75,13.205468749999998,1.6223437500000002,1,13.205468749999998,0.0,1,1,1,1
tmse,0.5,1,12,0.25,0.75,9.212304687500001,1.2816796875,1,13.205468749999998,3.9931640624999964,0,0,0,0
tmse,0.5,1,13,0.5,0.5,10.089374999999997,1.189375,1,13.205468749999998,3.116093750000001,0,0,0,0
tmse,0.5,1,14,0.5,0.5,10.089374999999997,1.189375,1,13.205468749999998,3.116093750000001,0,0,0,0
tmse,0.5,1,15,0.25,1.0,11.206249999999999,1.87875,1,13.205468749999998,1.999218749999999,0,0,0,1
tmse,0.5,1,16,0.75,0.25,7.777304687499998,1.7266796875000003,1,13.205468749999998,5.4281640625,0,0,0,0
tmse,0.5,1,17,0.75,0.5,12.123593750000001,1.9273437500000001,1,13.205468749999998,1.0818749999999966,0,0,0,1
tmse,0.5,1,18,0.5,1.0,15.885000000000002,2.205,0,13.205468749999998,-2.6795312500000037,0,0,0,0
tmse,0.5,1,19,0.5,0.5,10.089374999999997,1.189375,1,13.205468749999998,3.116093750000001,0,0,0,0
tmse,0.5,1,20,0.75,0.75,15.853242187500001,2.3913671875,0,13.205468749999998,-2.6477734375000033,0,0,0,0
tmse,0.5,1,21,0.5,0.25,6.536718749999999,0.90609375,1,13.205468749999998,6.668749999999999,0,0,0,0
tmse,0.5,1,22,0.5,0.5,10.089374999999997,1.189375,1,13.205468749999998,3.116093750000001,0,0,0,0
tmse,0.5,1,23,0.75,0.75,15.853242187500001,2.3913671875,0,13.205468749999998,-2.6477734375000033,0,0,0,0
tmse,0.5,1,24,0.5,1.0,15.885000000000002,2.205,0,13.205468749999998,-2.6795312500000037,0,0,0,0
tmse,0.5,1,25,0.5,0.5,10.089374999999997,1.189375,1,13.205468749999998,3.116093750000001,0,0,0,0
tmse,0.5,1,26,0.5,1.0,15.885000000000002,2.205,0,13.205468749999998,-2.6795312500000037,0,0,0,0
tmse,0.5,1,27,0.25,1.0,11.206249999999999,1.87875,1,13.205468749999998,1.999218749999999,0,0,0,1
tmse,0.5,1,28,0.5,0.5,10.089374999999997,1.189375,1,13.205468749999998,3.116093750000001,0,0,0,0
tmse,0.5,1,29,0.25,0.75,9.212304687500001,1.2816796875,1,13.205468749999998,3.9931640624999964,0,0,0,0
tmse,0.5,1,30,0.5,1.0,15.885000000000002,2.205,0,13.205468749999998,-2.6795312500000037,0,0,0,0
tmse,0.5,1,31,0.5,0.75,13.205468749999998,1.6223437500000002,1,13.205468749999998,0.0,1,1,1,1
tmse,0.5,1,32,0.5,0.75,13.205468749999998,1.6223437500000002,1,13.205468749999998,0.0,1,1,1,1
tmse,0.5,1,33,0.25,0.75,9.212304687500001,1.2816796875,1,13.205468749999998,3.9931640624999964,0,0,0,0
tmse,0.5,1,34,0.5,0.75,13.205468749999998,1.6223437500000002,1,13.205468749999998,0.0,1,1,1,1
tmse,0.5,1,35,0.5,1.0,15.885000000000002,2.205,0,13.205468749999998,-2.6795312500000037,0,0,0,0
tmse,0.5,1,36,0.5,0.75,13.205468749999998,1.6223437500000002,1,13.205468749999998,0.0,1,1,1,1
tmse,0.5,1,37,0.75,0.25,7.777304687499998,1.7266796875000003,1,13.205468749999998,5.4281640625,0,0,0,0
tmse,0.5,1,38,0.5,0.75,13.205468749999998,1.6223437500000002,1,13.205468749999998,0.0,1,1,1,1
tmse,0.5,1,39,0.75,0.5,12.123593750000001,1.9273437500000001,1,13.205468749999998,1.0818749999999966,0,0,0,1
tmse,0.5,1,40,0.5,0.75,13.205468749999998,1.6223437500000002,1,13.205468749999998,0.0,1,1,1,1
tmse,0.5,1,41,0.5,0.75,13.205468749999998,1.6223437500000002,1,13.205468749999998,0.0,1,1,1,1
tmse,0.5,1,42,0.5,0.75,13.205468749999998,1.6223437500000002,1,13.205468749999998,0.0,1,1,1,1
tmse,0.5,1,43,0.25,1.0,11.206249999999999,1.87875,1,13.205468749999998,1.999218749999999,0,0,0,1
tmse,0.5,1,44,0.25,1.0,11.206249999999999,1.87875,1,13.205468749999998,1.999218749999999,0,0,0,1
tmse,0.5,1,45,0.5,0.75,13.205468749999998,1.6223437500000002,1,13.205468749999998,0.0,1,1,1,1
tmse,0.5,1,46,0.25,0.75,9.212304687500001,1.2816796875,1,13.205468749999998,3.9931640624999964,0,0,0,0
tmse,0.5,1,47,0.5,0.75,13.205468749999998,1.6223437500000002,1,13.205468749999998,0.0,1,1,1,1
tmse,0.5,1,48,0.5,0.75,13.205468749999998,1.6223437500000002,1,13.205468749999998,0.0,1,1,1,1
tmse,0.5,1,49,0.25,0.75,9.212304687500001,1.2816796875,1,13.205468749999998,3.9931640624999964,0,0,0,0
tmse,0.5,1,50,0.5,0.75,13.205468749999998,1.6223437500000002,1,13.205468749999998,0.0,1,1,1,1
tmse,0.5,1,51,0.5,1.0,15.885000000000002,2.205,0,13.205468749999998,-2.6795312500000037,0,0,0,0
tmse,0.5,1,52,0.5,0.75,13.205468749999998,1.6223437500000002,1,13.205468749999998,0.0,1,1,1,1
tmse,0.5,1,53,0.5,0.5,10.089374999999997,1.189375,1,13.205468749999998,3.116093750000001,0,0,0,0
tmse,0.5,1,54,0.75,1.0,18.966250000000002,3.1187500000000004,0,13.205468749999998,-5.760781250000004,0,0,0,0
tmse,0.5,1,55,0.75,1.0,18.966250000000002,3.1187500000000004,0,13.205468749999998,-5.760781250000004,0,0,0,0
tmse,0.5,1,56,0.25,1.0,11.206249999999999,1.87875,1,13.205468749999998,1.999218749999999,0,0,0,1
tmse,0.5,1,57,0.5,1.0,15.885000000000002,2.205,0,13.205468749999998,-2.6795312500000037,0,0,0,0
tmse,0.5,1,58,0.75,0.75,15.853242187500001,2.3913671875,0,13.205468749999998,-2.6477734375000033,0,0,0,0
tmse,0.5,1,59,0.25,1.0,11.206249999999999,1.87875,1,13.205468749999998,1.999218749999999,0,0,0,1
tmse,0.5,1,60,0.5,0.25,6.536718749999999,0.90609375,1,13.205468749999998,6.668749999999999,0,0,0,0
tmse,0.5,1,61,0.25,1.0,11.206249999999999,1.87875,1,13.205468749999998,1.999218749999999,0,0,0,1
tmse,0.5,1,62,0.5,1.0,15.885000000000002,2.205,0,13.205468749999998,-2.6795312500000037,0,0,0,0
tmse,0.5,1,63,0.0,1.0,4.930000000000001,2.1399999999999997,0,13.205468749999998,8.275468749999998,0,0,0,0
tmse,0.5,1,64,0.0,0.75,3.8737500000000002,1.369375,1,13.205468749999998,9.331718749999997,0,0,0,0
tmse,0.5,1,65,0.25,1.0,11.206249999999999,1.87875,1,13.205468749999998,1.999218749999999,0,0,0,1
tmse,0.5,1,66,0.25,1.0,11.206249999999999,1.87875,1,13.205468749999998,1.999218749999999,0,0,0,1
tmse,0.5,1,67,0.75,0.5,12.123593750000001,1.9273437500000001,1,13.205468749999998,1.0818749999999966,0,0,0,1
tmse,0.5,1,68,0.5,1.0,15.885000000000002,2.205,0,13.205468749999998,-2.6795312500000037,0,0,0,0
tmse,0.5,1,69,0.5,0.75,13.205468749999998,1.6223437500000002,1,13.205468749999998,0.0,1,1,1,1
tmse,0.5,1,70,0.5,0.75,13.205468749999998,1.6223437500000002,1,13.205468749999998,0.0,1,1,1,1
tmse,0.5,1,71,0.5,0.75,13.205468749999998,1.6223437500000002,1,13.205468749999998,0.0,1,1,1,1
tmse,0.5,1,72,0.75,0.5,12.123593750000001,1.9273437500000001,1,13.205468749999998,1.0818749999999966,0,0,0,1
tmse,0.5,1,73,0.25,1.0,11.206249999999999,1.87875,1,13.205468749999998,1.999218749999999,0,0,0,1
tmse,0.5,1,74,0.5,0.75,13.205468749999998,1.6223437500000002,1,13.205468749999998,0.0,1,1,1,1
tmse,0.5,1,75,0.25,1.0,11.206249999999999,1.87875,1,13.205468749999998,1.999218749999999,0,0,0,1
tmse,0.5,1,76,0.5,1.0,15.885000000000002,2.205,0,13.205468749999998,-2.6795312500000037,0,0,0,0
tmse,0.5,1,77,0.5,0.75,13.205468749999998,1.6223437500000002,1,13.205468749999998,0.0,1,1,1,1
tmse,0.5,1,78,0.25,0.75,9.212304687500001,1.2816796875,1,13.205468749999998,3.9931640624999964,0,0,0,0
tmse,0.5,1,79,0.5,0.5,10.089374999999997,1.189375,1,13.205468749999998,3.116093750000001,0,0,0,0
tmse,0.5,1,80,0.75,0.5,12.123593750000001,1.9273437500000001,1,13.205468749999998,1.0818749999999966,0,0,0,1
tmse,0.5,1,81,0.5,0.5,10.089374999999997,1.189375,1,13.205468749999998,3.116093750000001,0,0,0,0
tmse,0.5,1,82,0.25,0.75,9.212304687500001,1.2816796875,1,13.205468749999998,3.9931640624999964,0,0,0,0
tmse,0.5,1,83,0.5,1.0,15.885000000000002,2.205,0,13.205468749999998,-2.6795312500000037,0,0,0,0
tmse,0.5,1,84,0.5,0.75,13.205468749999998,1.6223437500000002,1,13.205468749999998,0.0,1,1,1,1
tmse,0.5,1,85,0.5,1.0,15.885000000000002,2.205,0,13.205468749999998,-2.6795312500000037,0,0,0,0
tmse,0.5,1,86,0.75,0.75,15.853242187500001,2.3913671875,0,13.205468749999998,-2.6477734375000033,0,0,0,0
tmse,0.5,1,87,0.5,0.75,13.205468749999998,1.6223437500000002,1,13.205468749999998,0.0,1,1,1,1
tmse,0.5,1,88,0.5,0.75,13.205468749999998,1.6223437500000002,1,13.205468749999998,0.0,1,1,1,1
tmse,0.5,1,89,0.75,0.5,12.123593750000001,1.9273437500000001,1,13.205468749999998,1.0818749999999966,0,0,0,1
tmse,0.5,1,90,0.5,0.75,13.205468749999998,1.6223437500000002,1,13.205468749999998,0.0,1,1,1,1
tmse,0.5,1,91,0.5,1.0,15.885000000000002,2.205,0,13.205468749999998,-2.6795312500000037,0,0,0,0
tmse,0.5,1,92,0.5,0.75,13.205468749999998,1.6223437500000002,1,13.205468749999998,0.0,1,1,1,1
tmse,0.5,1,93,0.25,1.0,11.206249999999999,1.87875,1,13.205468749999998,1.999218749999999,0,0,0,1
tmse,0.5,1,94,0.25,0.75,9.212304687500001,1.2816796875,1,13.205468749999998,3.9931640624999964,0,0,0,0
tmse,0.5,1,95,0.5,0.75,13.205468749999998,1.6223437500000002,1,13.205468749999998,0.0,1,1,1,1
tmse,0.5,1,96,0.75,0.75,15.853242187500001,2.3913671875,0,13.205468749999998,-2.6477734375000033,0,0,0,0
tmse,0.5,1,97,0.75,0.75,15.853242187500001,2.3913671875,0,13.205468749999998,-2.6477734375000033,0,0,0,0
tmse,0.5,1,98,0.25,1.0,11.206249999999999,1.87875,1,13.205468749999998,1.999218749999999,0,0,0,1
tmse,0.5,1,99,0.5,0.5,10.089374999999997,1.189375,1,13.205468749999998,3.116093750000001,0,0,0,0
tmse,0.5,1,100,0.75,0.75,15.853242187500001,2.3913671875,0,13.205468749999998,-2.6477734375000033,0,0,0,0
tmse,0.5,1,101,0.0,0.5,2.5250000000000004,0.6575,1,13.205468749999998,10.680468749999998,0,0,0,0
tmse,0.5,1,102,0.0,1.0,4.930000000000001,2.1399999999999997,0,13.205468749999998,8.275468749999998,0,0,0,0
tmse,0.5,1,103,0.75,0.25,7.777304687499998,1.7266796875000003,1,13.205468749999998,5.4281640625,0,0,0,0
tmse,0.5,1,104,0.5,0.25,6.536718749999999,0.90609375,1,13.205468749999998,6.668749999999999,0,0,0,0
tmse,0.5,1,105,0.5,0.75,13.205468749999998,1.6223437500000002,1,13.205468749999998,0.0,1,1,1,1
tmse,0.5,1,106,0.25,1.0,11.206249999999999,1.87875,1,13.205468749999998,1.999218749999999,0,0,0,1
tmse,0.5,1,107,0.0,0.5,2.5250000000000004,0.6575,1,13.205468749999998,10.680468749999998,0,0,0,0
tmse,0.5,1,108,0.5,0.5,10.089374999999997,1.189375,1,13.205468749999998,3.116093750000001,0,0,0,0
tmse,0.5,1,109,0.5,0.75,13.205468749999998,1.6223437500000002,1,13.205468749999998,0.0,1,1,1,1
tmse,0.5,1,110,0.25,0.75,9.212304687500001,1.2816796875,1,13.205468749999998,3.9931640624999964,0,0,0,0
tmse,0.5,1,111,0.5,0.75,13.205468749999998,1.6223437500000002,1,13.205468749999998,0.0,1,1,1,1
tmse,0.5,1,112,0.5,1.0,15.885000000000002,2.205,0,13.205468749999998,-2.6795312500000037,0,0,0,0
tmse,0.5,1,113,0.5,1.0,15.885000000000002,2.205,0,13.205468749999998,-2.6795312500000037,0,0,0,0
tmse,0.5,1,114,0.75,0.25,7.777304687499998,1.7266796875000003,1,13.205468749999998,5.4281640625,0,0,0,0
tmse,0.5,1,115,0.5,0.75,13.205468749999998,1.6223437500000002,1,13.205468749999998,0.0,1,1,1,1
tmse,0.5,1,116,0.75,0.75,15.853242187500001,2.3913671875,0,13.205468749999998,-2.6477734375000033,0,0,0,0
tmse,0.5,1,117,0.5,0.5,10.089374999999997,1.189375,1,13.205468749999998,3.116093750000001,0,0,0,0
tmse,0.5,1,118,0.75,0.5,12.123593750000001,1.9273437500000001,1,13.205468749999998,1.0818749999999966,0,0,0,1
tmse,0.5,1,119,0.5,0.75,13.205468749999998,1.6223437500000002,1,13.205468749999998,0.0,1,1,1,1
tmse,0.5,1,120,0.5,0.75,13.205468749999998,1.6223437500000002,1,13.205468749999998,0.0,1,1,1,1
tmse,0.5,1,121,0.25,1.0,11.206249999999999,1.87875,1,13.205468749999998,1.999218749999999,0,0,0,1
tmse,0.5,1,122,0.25,1.0,11.206249999999999,1.87875,1,13.205468749999998,1.999218749999999,0,0,0,1
tmse,0.5,1,123,0.25,1.0,11.206249999999999,1.87875,1,13.205468749999998,1.999218749999999,0,0,0,1
tmse,0.5,1,124,0.5,0.75,13.205468749999998,1.6223437500000002,1,13.205468749999998,0.0,1,1,1,1
tmse,0.5,1,125,0.5,0.75,13.205468749999998,1.6223437500000002,1,13.205468749999998,0.0,1,1,1,1
tmse,0.5,1,126,0.25,1.0,11.206249999999999,1.87875,1,13.205468749999998,1.999218749999999,0,0,0,1
tmse,0.5,1,127,0.25,1.0,11.206249999999999,1.87875,1,13.205468749999998,1.999218749999999,0,0,0,1
tmse,0.5,1,128,0.5,0.75,13.205468749999998,1.6223437500000002,1,13.205468749999998,0.0,1,1,1,1
tmse,0.5,1,129,0.25,0.75,9.212304687500001,1.2816796875,1,13.205468749999998,3.9931640624999964,0,0,0,0
tmse,0.5,1,130,0.25,1.0,11.206249999999999,1.87875,1,13.205468749999998,1.999218749999999,0,0,0,1
tmse,0.5,1,131,0.75,0.75,15.853242187500001,2.3913671875,0,13.205468749999998,-2.6477734375000033,0,0,0,0
tmse,0.5,1,132,0.5,0.75,13.205468749999998,1.6223437500000002,1,13.205468749999998,0.0,1,1,1,1
tmse,0.5,1,133,0.5,0.75,13.205468749999998,1.6223437500000002,1,13.205468749999998,0.0,1,1,1,1
tmse,0.5,1,134,0.5,0.5,10.089374999999997,1.189375,1,13.205468749999998,3.116093750000001,0,0,0,0
tmse,0.5,1,135,0.5,0.5,10.089374999999997,1.189375,1,13.205468749999998,3.116093750000001,0,0,0,0
tmse,0.5,1,136,0.0,1.0,4.930000000000001,2.1399999999999997,0,13.205468749999998,8.275468749999998,0,0,0,0
tmse,0.5,1,137,0.5,0.5,10.089374999999997,1.189375,1,13.205468749999998,3.116093750000001,0,0,0,0
tmse,0.5,1,138,0.25,1.0,11.206249999999999,1.87875,1,13.205468749999998,1.999218749999999,0,0,0,1
tmse,0.5,1,139,0.5,0.75,13.205468749999998,1.6223437500000002,1,13.205468749999998,0.0,1,1,1,1
tmse,0.5,1,140,0.75,0.5,12.123593750000001,1.9273437500000001,1,13.205468749999998,1.0818749999999966,0,0,0,1
tmse,0.5,1,141,0.5,0.5,10.089374999999997,1.189375,1,13.205468749999998,3.116093750000001,0,0,0,0
tmse,0.5,1,142,0.5,0.75,13.205468749999998,1.6223437500000002,1,13.205468749999998,0.0,1,1,1,1
tmse,0.5,1,143,0.0,0.75,3.8737500000000002,1.369375,1,13.205468749999998,9.331718749999997,0,0,0,0
tmse,0.5,1,144,0.25,1.0,11.206249999999999,1.87875,1,13.205468749999998,1.999218749999999,0,0,0,1
tmse,0.5,1,145,0.75,0.5,12.123593750000001,1.9273437500000001,1,13.205468749999998,1.0818749999999966,0,0,0,1
tmse,0.5,1,146,0.75,0.5,12.123593750000001,1.9273437500000001,1,13.205468749999998,1.0818749999999966,0,0,0,1
tmse,0.5,1,147,0.5,1.0,15.885000000000002,2.205,0,13.205468749999998,-2.6795312500000037,0,0,0,0
tmse,0.5,1,148,0.25,0.25,4.2388671874999995,0.3319921875,1,13.205468749999998,8.9666015625,0,0,0,0
tmse,0.5,1,149,0.5,0.75,13.205468749999998,1.6223437500000002,1,13.205468749999998,0.0,1,1,1,1
tmse,0.5,1,150,0.75,0.5,12.123593750000001,1.9273437500000001,1,13.205468749999998,1.0818749999999966,0,0,0,1
tmse,0.5,1,151,0.5,1.0,15.885000000000002,2.205,0,13.205468749999998,-2.6795312500000037,0,0,0,0
tmse,0.5,1,152,0.5,0.75,13.205468749999998,1.6223437500000002,1,13.205468749999998,0.0,1,1,1,1
tmse,0.5,1,153,0.5,1.0,15.885000000000002,2.205,0,13.205468749999998,-2.6795312500000037,0,0,0,0
tmse,0.5,1,154,0.25,1.0,11.206249999999999,1.87875,1,13.205468749999998,1.999218749999999,0,0,0,1
tmse,0.5,1,155,0.5,0.75,13.205468749999998,1.6223437500000002,1,13.205468749999998,0.0,1,1,1,1
tmse,0.5,1,156,0.5,0.5,10.089374999999997,1.189375,1,13.205468749999998,3.116093750000001,0,0,0,0
tmse,0.5,1,157,0.0,0.0,-1.05,-0.59,1,13.205468749999998,14.255468749999999,0,0,0,0
tmse,0.5,1,158,0.5,0.75,13.205468749999998,1.6223437500000002,1,13.205468749999998,0.0,1,1,1,1
tmse,0.5,1,159,0.75,0.25,7.777304687499998,1.7266796875000003,1,13.205468749999998,5.4281640625,0,0,0,0
tmse,0.5,1,160,0.5,0.75,13.205468749999998,1.6223437500000002,1,13.205468749999998,0.0,1,1,1,1
tmse,0.5,1,161,0.75,0.5,12.123593750000001,1.9273437500000001,1,13.205468749999998,1.0818749999999966,0,0,0,1
tmse,0.5,1,162,0.25,1.0,11.206249999999999,1.87875,1,13.205468749999998,1.999218749999999,0,0,0,1
tmse,0.5,1,163,0.5,0.75,13.205468749999998,1.6223437500000002,1,13.205468749999998,0.0,1,1,1,1
tmse,0.5,1,164,0.5,0.5,10.089374999999997,1.189375,1,13.205468749999998,3.116093750000001,0,0,0,0
tmse,0.5,1,165,0.5,0.75,13.205468749999998,1.6223437500000002,1,13.205468749999998,0.0,1,1,1,1
tmse,0.5,1,166,0.5,0.5,10.089374999999997,1.189375,1,13.205468749999998,3.116093750000001,0,0,0,0
tmse,0.5,1,167,0.5,0.75,13.205468749999998,1.6223437500000002,1,13.205468749999998,0.0,1,1,1,1
tmse,0.5,1,168,0.5,0.75,13.205468749999998,1.6223437500000002,1,13.205468749999998,0.0,1,1,1,1
tmse,0.5,1,169,0.5,0.75,13.205468749999998,1.6223437500000002,1,13.205468749999998,0.0,1,1,1,1
tmse,0.5,1,170,0.75,0.5,12.123593750000001,1.9273437500000001,1,13.205468749999998,1.0818749999999966,0,0,0,1
tmse,0.5,1,171,0.75,0.5,12.123593750000001,1.9273437500000001,1,13.205468749999998,1.0818749999999966,0,0,0,1
tmse,0.5,1,172,0.25,0.75,9.212304687500001,1.2816796875,1,13.205468749999998,3.9931640624999964,0,0,0,0
tmse,0.5,1,173,0.75,0.25,7.777304687499998,1.7266796875000003,1,13.205468749999998,5.4281640625,0,0,0,0
tmse,0.5,1,174,0.5,0.5,10.089374999999997,1.189375,1,13.205468749999998,3.116093750000001,0,0,0,0
tmse,0.5,1,175,0.75,0.25,7.777304687499998,1.7266796875000003,1,13.205468749999998,5.4281640625,0,0,0,0
tmse,0.5,1,176,0.5,0.75,13.205468749999998,1.6223437500000002,1,13.205468749999998,0.0,1,1,1,1
tmse,0.5,1,177,0.25,0.75,9.212304687500001,1.2816796875,1,13.205468749999998,3.9931640624999964,0,0,0,0
tmse,0.5,1,178,0.5,1.0,15.885000000000002,2.205,0,13.205468749999998,-2.6795312500000037,0,0,0,0
tmse,0.5,1,179,0.5,0.75,13.205468749999998,1.6223437500000002,1,13.205468749999998,0.0,1,1,1,1
tmse,0.5,1,180,0.25,0.5,6.889843749999999,0.76609375,1,13.205468749999998,6.315624999999999,0,0,0,0
tmse,0.5,1,181,0.5,0.75,13.205468749999998,1.6223437500000002,1,13.205468749999998,0.0,1,1,1,1
tmse,0.5,1,182,0.5,0.75,13.205468749999998,1.6223437500000002,1,13.205468749999998,0.0,1,1,1,1
tmse,0.5,1,183,0.5,0.5,10.089374999999997,1.189375,1,13.205468749999998,3.116093750000001,0,0,0,0
tmse,0.5,1,184,0.5,0.5,10.089374999999997,1.189375,1,13.205468749999998,3.116093750000001,0,0,0,0
tmse,0.5,1,185,0.5,1.0,15.885000000000002,2.205,0,13.205468749999998,-2.6795312500000037,0,0,0,0
tmse,0.5,1,186,0.75,0.5,12.123593750000001,1.9273437500000001,1,13.205468749999998,1.0818749999999966,0,0,0,1
tmse,0.5,1,187,0.25,0.75,9.212304687500001,1.2816796875,1,13.205468749999998,3.9931640624999964,0,0,0,0
tmse,0.5,1,188,0.25,0.75,9.212304687500001,1.2816796875,1,13.205468749999998,3.9931640624999964,0,0,0,0
tmse,0.5,1,189,0.75,0.5,12.123593750000001,1.9273437500000001,1,13.205468749999998,1.0818749999999966,0,0,0,1
tmse,0.5,1,190,0.75,0.5,12.123593750000001,1.9273437500000001,1,13.205468749999998,1.0818749999999966,0,0,0,1
tmse,0.5,1,191,0.5,0.75,13.205468749999998,1.6223437500000002,1,13.205468749999998,0.0,1,1,1,1
tmse,0.5,1,192,0.25,1.0,11.206249999999999,1.87875,1,13.205468749999998,1.999218749999999,0,0,0,1
tmse,0.5,1,193,0.5,1.0,15.885000000000002,2.205,0,13.205468749999998,-2.6795312500000037,0,0,0,0
tmse,0.5,1,194,0.25,1.0,11.206249999999999,1.87875,1,13.205468749999998,1.999218749999999,0,0,0,1
tmse,0.5,1,195,0.5,0.5,10.089374999999997,1.189375,1,13.205468749999998,3.116093750000001,0,0,0,0
tmse,0.5,1,196,0.5,0.5,10.089374999999997,1.189375,1,13.205468749999998,3.116093750000001,0,0,0,0
tmse,0.5,1,197,0.5,0.75,13.205468749999998,1.6223437500000002,1,13.205468749999998,0.0,1,1,1,1
tmse,0.5,1,198,0.5,1.0,15.885000000000002,2.205,0,13.205468749999998,-2.6795312500000037,0,0,0,0
tmse,0.5,1,199,0.5,0.5,10.089374999999997,1.189375,1,13.205468749999998,3.116093750000001,0,0,0,0
tmse,0.6,0,0,0.0,0.5,3.4974999999999996,0.6575,1,7.6792187499999995,4.18171875,0,0,0,0
tmse,0.6,0,1,0.0,0.75,5.9643749999999995,1.369375,1,7.6792187499999995,1.71484375,0,0,0,1
tmse,0.6,0,2,0.5,0.5,6.08,1.189375,1,7.6792187499999995,1.5992187499999995,0,0,0,1
tmse,0.6,0,3,0.0,1.0,9.37,2.1399999999999997,0,7.6792187499999995,-1.6907812499999997,0,0,0,0
tmse,0.6,0,4,0.25,0.0,2.2468749999999997,-0.02062499999999995,1,7.6792187499999995,5.432343749999999,0,0,0,0
tmse,0.6,0,5,0.25,1.0,11.391874999999999,1.87875,0,7.6792187499999995,-3.7126562499999993,0,0,0,0
tmse,0.6,0,6,0.25,0.0,2.2468749999999997,-0.02062499999999995,1,7.6792187499999995,5.432343749999999,0,0,0,0
tmse,0.6,0,7,0.25,0.5,4.9174999999999995,0.76609375,1,7.6792187499999995,2.76171875,0,0,0,0
tmse,0.6,0,8,0.25,0.5,4.9174999999999995,0.76609375,1,7.6792187499999995,2.76171875,0,0,0,0
tmse,0.6,0,9,0.25,0.75,7.6792187499999995,1.2816796875,1,7.6792187499999995,0.0,1,1,1,1
tmse,0.6,0,10,0.25,1.0,11.391874999999999,1.87875,0,7.6792187499999995,-3.7126562499999993,0,0,0,0
tmse,0.6,0,11,0.0,1.0,9.37,2.1399999999999997,0,7.6792187499999995,-1.6907812499999997,0,0,0,0
tmse,0.6,0,12,0.25,0.5,4.9174999999999995,0.76609375,1,7.6792187499999995,2.76171875,0,0,0,0
tmse,0.6,0,13,0.0,0.0,1.38,-0.59,1,7.6792187499999995,6.29921875,0,0,0,0
tmse,0.6,0,14,0.5,0.5,6.08,1.189375,1,7.6792187499999995,1.5992187499999995,0,0,0,1
tmse,0.6,0,15,0.25,0.75,7.6792187499999995,1.2816796875,1,7.6792187499999995,0.0,1,1,1,1
tmse,0.6,0,16,0.25,0.5,4.9174999999999995,0.76609375,1,7.6792187499999995,2.76171875,0,0,0,0
tmse,0.6,0,17,0.25,1.0,11.391874999999999,1.87875,0,7.6792187499999995,-3.7126562499999993,0,0,0,0
tmse,0.6,0,18,0.25,0.75,7.6792187499999995,1.2816796875,1,7.6792187499999995,0.0,1,1,1,1
tmse,0.6,0,19,0.25,1.0,11.391874999999999,1.87875,0,7.6792187499999995,-3.7126562499999993,0,0,0,0
tmse,0.6,0,20,0.0,0.5,3.4974999999999996,0.6575,1,7.6792187499999995,4.18171875,0,0,0,0
tmse,0.6,0,21,0.0,0.0,1.38,-0.59,1,7.6792187499999995,6.29921875,0,0,0,0
tmse,0.6,0,22,0.0,0.75,5.9643749999999995,1.369375,1,7.6792187499999995,1.71484375,0,0,0,1
tmse,0.6,0,23,0.0,1.0,9.37,2.1399999999999997,0,7.6792187499999995,-1.6907812499999997,0,0,0,0
tmse,0.6,0,24,0.75,0.25,4.499218749999999,1.7266796875000003,0,7.6792187499999995,3.1800000000000006,0,0,0,0
tmse,0.6,0,25,0.25,0.25,3.1067187499999993,0.3319921875,1,7.6792187499999995,4.5725,0,0,0,0
tmse,0.6,0,26,0.0,0.0,1.38,-0.59,1,7.6792187499999995,6.29921875,0,0,0,0
tmse,0.6,0,27,0.75,0.0,3.0618749999999992,1.7893750000000002,0,7.6792187499999995,4.61734375,0,0,0,0
tmse,0.6,0,28,0.25,1.0,11.391874999999999,1.87875,0,7.6792187499999995,-3.7126562499999993,0,0,0,0
tmse,0.6,0,29,0.0,0.75,5.9643749999999995,1.369375,1,7.6792187499999995,1.71484375,0,0,0,1
tmse,0.6,0,30,0.0,0.75,5.9643749999999995,1.369375,1,7.6792187499999995,1.71484375,0,0,0,1
tmse,0.6,0,31,0.5,0.25,3.9499999999999997,0.90609375,1,7.6792187499999995,3.72921875,0,0,0,0
tmse,0.6,0,32,0.25,1.0,11.391874999999999,1.87875,0,7.6792187499999995,-3.7126562499999993,0,0,0,0
tmse,0.6,0,33,0.5,0.5,6.08,1.189375,1,7.6792187499999995,1.5992187499999995,0,0,0,1
tmse,0.6,0,34,0.0,0.5,3.4974999999999996,0.6575,1,7.6792187499999995,4.18171875,0,0,0,0
tmse,0.6,0,35,0.25,1.0,11.391874999999999,1.87875,0,7.6792187499999995,-3.7126562499999993,0,0,0,0
tmse,0.6,0,36,0.25,0.75,7.6792187499999995,1.2816796875,1,7.6792187499999995,0.0,1,1,1,1
tmse,0.6,0,37,0.5,0.5,6.08,1.189375,1,7.6792187499999995,1.5992187499999995,0,0,0,1
tmse,0.6,0,38,0.25,0.75,7.6792187499999995,1.2816796875,1,7.6792187499999995,0.0,1,1,1,1
tmse,0.6,0,39,0.0,0.5,3.4974999999999996,0.6575,1,7.6792187499999995,4.18171875,0,0,0,0
tmse,0.6,0,40,0.0,0.75,5.9643749999999995,1.369375,1,7.6792187499999995,1.71484375,0,0,0,1
tmse,0.6,0,41,0.5,0.25,3.9499999999999997,0.90609375,1,7.6792187499999995,3.72921875,0,0,0,0
tmse,0.6,0,42,0.5,0.5,6.08,1.189375,1,7.6792187499999995,1.5992187499999995,0,0,0,1
tmse,0.6,0,43,0.25,0.5,4.9174999999999995,0.76609375,1,7.6792187499999995,2.76171875,0,0,0,0
tmse,0.6,0,44,0.25,0.75,7.6792187499999995,1.2816796875,1,7.6792187499999995,0.0,1,1,1,1
tmse,0.6,0,45,0.0,0.75,5.9643749999999995,1.369375,1,7.6792187499999995,1.71484375,0,0,0,1
tmse,0.6,0,46,0.0,0.75,5.9643749999999995,1.369375,1,7.6792187499999995,1.71484375,0,0,0,1
tmse,0.6,0,47,0.5,0.25,3.9499999999999997,0.90609375,1,7.6792187499999995,3.72921875,0,0,0,0
tmse,0.6,0,48,0.25,0.5,4.9174999999999995,0.76609375,1,7.6792187499999995,2.76171875,0,0,0,0
tmse,0.6,0,49,0.25,0.5,4.9174999999999995,0.76609375,1,7.6792187499999995,2.76171875,0,0,0,0
tmse,0.6,0,50,0.0,0.0,1.38,-0.59,1,7.6792187499999995,6.29921875,0,0,0,0
tmse,0.6,0,51,0.25,0.5,4.9174999999999995,0.76609375,1,7.6792187499999995,2.76171875,0,0,0,0
tmse,0.6,0,52,0.0,0.5,3.4974999999999996,0.6575,1,7.6792187499999995,4.18171875,0,0,0,0
tmse,0.6,0,53,0.0,0.75,5.9643749999999995,1.369375,1,7.6792187499999995,1.71484375,0,0,0,1
tmse,0.6,0,54,0.25,0.0,2.2468749999999997,-0.02062499999999995,1,7.6792187499999995,5.432343749999999,0,0,0,0
tmse,0.6,0,55,0.5,0.75,9.1975,1.6223437500000002,0,7.6792187499999995,-1.5182812500000002,0,0,0,0
tmse,0.6,0,56,0.25,0.0,2.2468749999999997,-0.02062499999999995,1,7.6792187499999995,5.432343749999999,0,0,0,0
tmse,0.6,0,57,0.5,0.75,9.1975,1.6223437500000002,0,7.6792187499999995,-1.5182812500000002,0,0,0,0
tmse,0.6,0,58,0.0,1.0,9.37,2.1399999999999997,0,7.6792187499999995,-1.6907812499999997,0,0,0,0
tmse,0.6,0,59,0.0,0.5,3.4974999999999996,0.6575,1,7.6792187499999995,4.18171875,0,0,0,0
tmse,0.6,0,60,0.5,0.0,2.8075,0.7725000000000001,1,7.6792187499999995,4.871718749999999,0,0,0,0
tmse,0.6,0,61,0.25,0.5,4.9174999999999995,0.76609375,1,7.6792187499999995,2.76171875,0,0,0,0
tmse,0.6,0,62,0.25,1.0,11.391874999999999,1.87875,0,7.6792187499999995,-3.7126562499999993,0,0,0,0
tmse,0.6,0,63,0.5,0.5,6.08,1.189375,1,7.6792187499999995,1.5992187499999995,0,0,0,1
tmse,0.6,0,64,0.5,0.25,3.9499999999999997,0.90609375,1,7.6792187499999995,3.72921875,0,0,0,0
tmse,0.6,0,65,0.25,0.75,7.6792187499999995,1.2816796875,1,7.6792187499999995,0.0,1,1,1,1
tmse,0.6,0,66,0.0,0.0,1.38,-0.59,1,7.6792187499999995,6.29921875,0,0,0,0
tmse,0.6,0,67,0.25,0.75,7.6792187499999995,1.2816796875,1,7.6792187499999995,0.0,1,1,1,1
tmse,0.6,0,68,0.5,0.5,6.08,1.189375,1,7.6792187499999995,1.5992187499999995,0,0,0,1
tmse,0.6,0,69,0.0,1.0,9.37,2.1399999999999997,0,7.6792187499999995,-1.6907812499999997,0,0,0,0
tmse,0.6,0,70,0.5,0.5,6.08,1.189375,1,7.6792187499999995,1.5992187499999995,0,0,0,1
tmse,0.6,0,71,0.25,0.0,2.2468749999999997,-0.02062499999999995,1,7.6792187499999995,5.432343749999999,0,0,0,0
tmse,0.6,0,72,0.25,0.5,4.9174999999999995,0.76609375,1,7.6792187499999995,2.76171875,0,0,0,0
tmse,0.6,0,73,0.25,0.5,4.9174999999999995,0.76609375,1,7.6792187499999995,2.76171875,0,0,0,0
tmse,0.6,0,74,0.5,0.5,6.08,1.189375,1,7.6792187499999995,1.5992187499999995,0,0,0,1
tmse,0.6,0,75,0.5,0.5,6.08,1.189375,1,7.6792187499999995,1.5992187499999995,0,0,0,1
tmse,0.6,0,76,0.25,0.25,3.1067187499999993,0.3319921875,1,7.6792187499999995,4.5725,0,0,0,0
tmse,0.6,0,77,0.0,0.25,1.9693749999999999,0.004374999999999976,1,7.6792187499999995,5.709843749999999,0,0,0,0
tmse,0.6,0,78,0.0,0.0,1.38,-0.59,1,7.6792187499999995,6.29921875,0,0,0,0
tmse,0.6,0,79,0.0,0.5,3.4974999999999996,0.6575,1,7.6792187499999995,4.18171875,0,0,0,0
tmse,0.6,0,80,0.5,0.25,3.9499999999999997,0.90609375,1,7.6792187499999995,3.72921875,0,0,0,0
tmse,0.6,0,81,0.25,0.5,4.9174999999999995,0.76609375,1,7.6792187499999995,2.76171875,0,0,0,0
tmse,0.6,0,82,0.0,0.75,5.9643749999999995,1.369375,1,7.6792187499999995,1.71484375,0,0,0,1
tmse,0.6,0,83,0.5,0.75,9.1975,1.6223437500000002,0,7.6792187499999995,-1.5182812500000002,0,0,0,0
tmse,0.6,0,84,0.25,0.25,3.1067187499999993,0.3319921875,1,7.6792187499999995,4.5725,0,0,0,0
tmse,0.6,0,85,0.0,0.25,1.9693749999999999,0.004374999999999976,1,7.6792187499999995,5.709843749999999,0,0,0,0
tmse,0.6,0,86,0.25,0.75,7.6792187499999995,1.2816796875,1,7.6792187499999995,0.0,1,1,1,1
tmse,0.6,0,87,0.25,0.5,4.9174999999999995,0.76609375,1,7.6792187499999995,2.76171875,0,0,0,0
tmse,0.6,0,88,0.0,0.75,5.9643749999999995,1.369375,1,7.6792187499999995,1.71484375,0,0,0,1
tmse,0.6,0,89,0.0,0.75,5.9643749999999995,1.369375,1,7.6792187499999995,1.71484375,0,0,0,1
tmse,0.6,0,90,0.0,0.75,5.9643749999999995,1.369375,1,7.6792187499999995,1.71484375,0,0,0,1
tmse,0.6,0,91,0.0,0.75,5.9643749999999995,1.369375,1,7.6792187499999995,1.71484375,0,0,0,1
tmse,0.6,0,92,0.0,0.0,1.38,-0.59,1,7.6792187499999995,6.29921875,0,0,0,0
tmse,0.6,0,93,0.25,0.5,4.9174999999999995,0.76609375,1,7.6792187499999995,2.76171875,0,0,0,0
tmse,0.6,0,94,0.25,0.5,4.9174999999999995,0.76609375,1,7.6792187499999995,2.76171875,0,0,0,0
tmse,0.6,0,95,0.5,0.25,3.9499999999999997,0.90609375,1,7.6792187499999995,3.72921875,0,0,0,0
tmse,0.6,0,96,0.25,0.75,7.6792187499999995,1.2816796875,1,7.6792187499999995,0.0,1,1,1,1
tmse,0.6,0,97,0.25,0.75,7.6792187499999995,1.2816796875,1,7.6792187499999995,0.0,1,1,1,1
tmse,0.6,0,98,0.25,0.75,7.6792187499999995,1.2816796875,1,7.6792187499999995,0.0,1,1,1,1
tmse,0.6,0,99,0.0,0.0,1.38,-0.59,1,7.6792187499999995,6.29921875,0,0,0,0
tmse,0.6,0,100,0.5,0.25,3.9499999999999997,0.90609375,1,7.6792187499999995,3.72921875,0,0,0,0
tmse,0.6,0,101,0.25,0.25,3.1067187499999993,0.3319921875,1,7.6792187499999995,4.5725,0,0,0,0
tmse,0.6,0,102,0.0,0.75,5.9643749999999995,1.369375,1,7.6792187499999995,1.71484375,0,0,0,1
tmse,0.6,0,103,0.0,0.5,3.4974999999999996,0.6575,1,7.6792187499999995,4.18171875,0,0,0,0
tmse,0.6,0,104,0.0,0.25,1.9693749999999999,0.004374999999999976,1,7.6792187499999995,5.709843749999999,0,0,0,0
tmse,0.6,0,105,0.5,0.75,9.1975,1.6223437500000002,0,7.6792187499999995,-1.5182812500000002,0,0,0,0
tmse,0.6,0,106,0.25,0.5,4.9174999999999995,0.76609375,1,7.6792187499999995,2.76171875,0,0,0,0
tmse,0.6,0,107,0.0,0.0,1.38,-0.59,1,7.6792187499999995,6.29921875,0,0,0,0
tmse,0.6,0,108,0.0,0.5,3.4974999999999996,0.6575,1,7.6792187499999995,4.18171875,0,0,0,0
tmse,0.6,0,109,0.0,0.5,3.4974999999999996,0.6575,1,7.6792187499999995,4.18171875,0,0,0,0
tmse,0.6,0,110,0.5,0.25,3.9499999999999997,0.90609375,1,7.6792187499999995,3.72921875,0,0,0,0
tmse,0.6,0,111,0.25,0.5,4.9174999999999995,0.76609375,1,7.6792187499999995,2.76171875,0,0,0,0
tmse,0.6,0,112,0.5,0.75,9.1975,1.6223437500000002,0,7.6792187499999995,-1.5182812500000002,0,0,0,0
tmse,0.6,0,113,0.25,0.5,4.9174999999999995,0.76609375,1,7.6792187499999995,2.76171875,0,0,0,0
tmse,0.6,0,114,0.25,0.5,4.9174999999999995,0.76609375,1,7.6792187499999995,2.76171875,0,0,0,0
tmse,0.6,0,115,0.5,0.5,6.08,1.189375,1,7.6792187499999995,1.5992187499999995,0,0,0,1
tmse,0.6,0,116,0.25,1.0,11.391874999999999,1.87875,0,7.6792187499999995,-3.7126562499999993,0,0,0,0
tmse,0.6,0,117,0.25,0.5,4.9174999999999995,0.76609375,1,7.6792187499999995,2.76171875,0,0,0,0
tmse,0.6,0,118,0.75,0.0,3.0618749999999992,1.7893750000000002,0,7.6792187499999995,4.61734375,0,0,0,0
tmse,0.6,0,119,0.25,0.75,7.6792187499999995,1.2816796875,1,7.6792187499999995,0.0,1,1,1,1
tmse,0.6,0,120,0.0,0.5,3.4974999999999996,0.6575,1,7.6792187499999995,4.18171875,0,0,0,0
tmse,0.6,0,121,0.0,0.5,3.4974999999999996,0.6575,1,7.6792187499999995,4.18171875,0,0,0,0
tmse,0.6,0,122,0.25,0.5,4.9174999999999995,0.76609375,1,7.6792187499999995,2.76171875,0,0,0,0
tmse,0.6,0,123,0.0,0.75,5.9643749999999995,1.369375,1,7.6792187499999995,1.71484375,0,0,0,1
tmse,0.6,0,124,0.0,1.0,9.37,2.1399999999999997,0,7.6792187499999995,-1.6907812499999997,0,0,0,0
tmse,0.6,0,125,0.25,0.5,4.9174999999999995,0.76609375,1,7.6792187499999995,2.76171875,0,0,0,0
tmse,0.6,0,126,0.5,0.0,2.8075,0.7725000000000001,1,7.6792187499999995,4.871718749999999,0,0,0,0
tmse,0.6,0,127,0.25,0.5,4.9174999999999995,0.76609375,1,7.6792187499999995,2.76171875,0,0,0,0
tmse,0.6,0,128,0.5,0.25,3.9499999999999997,0.90609375,1,7.6792187499999995,3.72921875,0,0,0,0
tmse,0.6,0,129,0.25,0.5,4.9174999999999995,0.76609375,1,7.6792187499999995,2.76171875,0,0,0,0
tmse,0.6,0,130,0.0,0.5,3.4974999999999996,0.6575,1,7.6792187499999995,4.18171875,0,0,0,0
tmse,0.6,0,131,0.25,0.5,4.9174999999999995,0.76609375,1,7.6792187499999995,2.76171875,0,0,0,0
tmse,0.6,0,132,0.5,0.0,2.8075,0.7725000000000001,1,7.6792187499999995,4.871718749999999,0,0,0,0
tmse,0.6,0,133,0.5,0.75,9.1975,1.6223437500000002,0,7.6792187499999995,-1.5182812500000002,0,0,0,0
tmse,0.6,0,134,0.25,0.5,4.9174999999999995,0.76609375,1,7.6792187499999995,2.76171875,0,0,0,0
tmse,0.6,0,135,0.0,0.5,3.4974999999999996,0.6575,1,7.6792187499999995,4.18171875,0,0,0,0
tmse,0.6,0,136,0.5,0.0,2.8075,0.7725000000000001,1,7.6792187499999995,4.871718749999999,0,0,0,0
tmse,0.6,0,137,0.5,0.5,6.08,1.189375,1,7.6792187499999995,1.5992187499999995,0,0,0,1
tmse,0.6,0,138,0.0,0.75,5.9643749999999995,1.369375,1,7.6792187499999995,1.71484375,0,0,0,1
tmse,0.6,0,139,0.0,0.75,5.9643749999999995,1.369375,1,7.6792187499999995,1.71484375,0,0,0,1
tmse,0.6,0,140,0.0,0.5,3.4974999999999996,0.6575,1,7.6792187499999995,4.18171875,0,0,0,0
tmse,0.6,0,141,0.0,0.75,5.9643749999999995,1.369375,1,7.6792187499999995,1.71484375,0,0,0,1
tmse,0.6,0,142,0.0,0.5,3.4974999999999996,0.6575,1,7.6792187499999995,4.18171875,0,0,0,0
tmse,0.6,0,143,0.5,0.0,2.8075,0.7725000000000001,1,7.6792187499999995,4.871718749999999,0,0,0,0
tmse,0.6,0,144,0.25,0.75,7.6792187499999995,1.2816796875,1,7.6792187499999995,0.0,1,1,1,1
tmse,0.6,0,145,0.5,0.75,9.1975,1.6223437500000002,0,7.6792187499999995,-1.5182812500000002,0,0,0,0
tmse,0.6,0,146,0.75,0.5,6.985,1.9273437500000001,0,7.6792187499999995,0.6942187499999992,0,0,0,0
tmse,0.6,0,147,0.5,0.25,3.9499999999999997,0.90609375,1,7.6792187499999995,3.72921875,0,0,0,0
tmse,0.6,0,148,0.25,0.5,4.9174999999999995,0.76609375,1,7.6792187499999995,2.76171875,0,0,0,0
tmse,0.6,0,149,0.25,0.5,4.9174999999999995,0.76609375,1,7.6792187499999995,2.76171875,0,0,0,0
tmse,0.6,0,150,0.25,0.5,4.9174999999999995,0.76609375,1,7.6792187499999995,2.76171875,0,0,0,0
tmse,0.6,0,151,0.5,0.25,3.9499999999999997,0.90609375,1,7.6792187499999995,3.72921875,0,0,0,0
tmse,0.6,0,152,0.25,1.0,11.391874999999999,1.87875,0,7.6792187499999995,-3.7126562499999993,0,0,0,0
tmse,0.6,0,153,0.0,0.75,5.9643749999999995,1.369375,1,7.6792187499999995,1.71484375,0,0,0,1
tmse,0.6,0,154,0.25,0.75,7.6792187499999995,1.2816796875,1,7.6792187499999995,0.0,1,1,1,1
tmse,0.6,0,155,0.0,0.75,5.9643749999999995,1.369375,1,7.6792187499999995,1.71484375,0,0,0,1
tmse,0.6,0,156,0.0,0.75,5.9643749999999995,1.369375,1,7.6792187499999995,1.71484375,0,0,0,1
tmse,0.6,0,157,0.5,0.25,3.9499999999999997,0.90609375,1,7.6792187499999995,3.72921875,0,0,0,0
tmse,0.6,0,158,0.5,0.5,6.08,1.189375,1,7.6792187499999995,1.5992187499999995,0,0,0,1
tmse,0.6,0,159,0.0,0.5,3.4974999999999996,0.6575,1,7.6792187499999995,4.18171875,0,0,0,0
tmse,0.6,0,160,0.5,0.25,3.9499999999999997,0.90609375,1,7.6792187499999995,3.72921875,0,0,0,0
tmse,0.6,0,161,0.0,0.0,1.38,-0.59,1,7.6792187499999995,6.29921875,0,0,0,0
tmse,0.6,0,162,0.0,0.25,1.9693749999999999,0.004374999999999976,1,7.6792187499999995,5.709843749999999,0,0,0,0
tmse,0.6,0,163,0.25,0.5,4.9174999999999995,0.76609375,1,7.6792187499999995,2.76171875,0,0,0,0
tmse,0.6,0,164,0.5,0.25,3.9499999999999997,0.90609375,1,7.6792187499999995,3.72921875,0,0,0,0
tmse,0.6,0,165,0.25,0.5,4.9174999999999995,0.76609375,1,7.6792187499999995,2.76171875,0,0,0,0
tmse,0.6,0,166,0.25,0.25,3.1067187499999993,0.3319921875,1,7.6792187499999995,4.5725,0,0,0,0
tmse,0.6,0,167,0.25,0.5,4.9174999999999995,0.76609375,1,7.6792187499999995,2.76171875,0,0,0,0
tmse,0.6,0,168,0.5,0.25,3.9499999999999997,0.90609375,1,7.6792187499999995,3.72921875,0,0,0,0
tmse,0.6,0,169,0.5,0.5,6.08,1.189375,1,7.6792187499999995,1.5992187499999995,0,0,0,1
tmse,0.6,0,170,0.5,0.0,2.8075,0.7725000000000001,1,7.6792187499999995,4.871718749999999,0,0,0,0
tmse,0.6,0,171,0.5,0.25,3.9499999999999997,0.90609375,1,7.6792187499999995,3.72921875,0,0,0,0
tmse,0.6,0,172,0.25,0.75,7.6792187499999995,1.2816796875,1,7.6792187499999995,0.0,1,1,1,1
tmse,0.6,0,173,0.0,0.5,3.4974999999999996,0.6575,1,7.6792187499999995,4.18171875,0,0,0,0
tmse,0.6,0,174,0.0,1.0,9.37,2.1399999999999997,0,7.6792187499999995,-1.6907812499999997,0,0,0,0
tmse,0.6,0,175,0.0,0.25,1.9693749999999999,0.004374999999999976,1,7.6792187499999995,5.709843749999999,0,0,0,0
tmse,0.6,0,176,0.5,0.5,6.08,1.189375,1,7.6792187499999995,1.5992187499999995,0,0,0,1
tmse,0.6,0,177,0.25,0.5,4.9174999999999995,0.76609375,1,7.6792187499999995,2.76171875,0,0,0,0
tmse,0.6,0,178,0.25,0.75,7.6792187499999995,1.2816796875,1,7.6792187499999995,0.0,1,1,1,1
tmse,0.6,0,179,0.5,0.5,6.08,1.189375,1,7.6792187499999995,1.5992187499999995,0,0,0,1
tmse,0.6,0,180,0.25,0.25,3.1067187499999993,0.3319921875,1,7.6792187499999995,4.5725,0,0,0,0
tmse,0.6,0,181,0.25,1.0,11.391874999999999,1.87875,0,7.6792187499999995,-3.7126562499999993,0,0,0,0
tmse,0.6,0,182,0.25,1.0,11.391874999999999,1.87875,0,7.6792187499999995,-3.7126562499999993,0,0,0,0
tmse,0.6,0,183,0.0,0.0,1.38,-0.59,1,7.6792187499999995,6.29921875,0,0,0,0
tmse,0.6,0,184,0.5,0.25,3.9499999999999997,0.90609375,1,7.6792187499999995,3.72921875,0,0,0,0
tmse,0.6,0,185,0.25,0.75,7.6792187499999995,1.2816796875,1,7.6792187499999995,0.0,1,1,1,1
tmse,0.6,0,186,0.5,0.0,2.8075,0.7725000000000001,1,7.6792187499999995,4.871718749999999,0,0,0,0
tmse,0.6,0,187,0.5,0.0,2.8075,0.7725000000000001,1,7.6792187499999995,4.871718749999999,0,0,0,0
tmse,0.6,0,188,0.5,0.25,3.9499999999999997,0.90609375,1,7.6792187499999995,3.72921875,0,0,0,0
tmse,0.6,0,189,0.5,0.25,3.9499999999999997,0.90609375,1,7.6792187499999995,3.72921875,0,0,0,0
tmse,0.6,0,190,0.25,0.25,3.1067187499999993,0.3319921875,1,7.6792187499999995,4.5725,0,0,0,0
tmse,0.6,0,191,0.25,0.75,7.6792187499999995,1.2816796875,1,7.6792187499999995,0.0,1,1,1,1
tmse,0.6,0,192,0.25,1.0,11.391874999999999,1.87875,0,7.6792187499999995,-3.7126562499999993,0,0,0,0
tmse,0.6,0,193,0.5,0.25,3.9499999999999997,0.90609375,1,7.6792187499999995,3.72921875,0,0,0,0
tmse,0.6,0,194,0.0,0.5,3.4974999999999996,0.6575,1,7.6792187499999995,4.18171875,0,0,0,0
tmse,0.6,0,195,0.5,0.25,3.9499999999999997,0.90609375,1,7.6792187499999995,3.72921875,0,0,0,0
tmse,0.6,0,196,0.25,0.5,4.9174999999999995,0.76609375,1,7.6792187499999995,2.76171875,0,0,0,0
tmse,0.6,0,197,0.5,0.0,2.8075,0.7725000000000001,1,7.6792187499999995,4.871718749999999,0,0,0,0
tmse,0.6,0,198,0.25,0.75,7.6792187499999995,1.2816796875,1,7.6792187499999995,0.0,1,1,1,1
tmse,0.6,0,199,0.25,0.25,3.1067187499999993,0.3319921875,1,7.6792187499999995,4.5725,0,0,0,0
tmse,0.6,1,0,0.5,0.75,13.205468749999998,1.6223437500000002,1,13.205468749999998,0.0,1,1,1,1
tmse,0.6,1,1,0.5,0.75,13.205468749999998,1.6223437500000002,1,13.205468749999998,0.0,1,1,1,1
tmse,0.6,1,2,0.5,0.5,10.089374999999997,1.189375,1,13.205468749999998,3.116093750000001,0,0,0,0
tmse,0.6,1,3,0.25,1.0,11.206249999999999,1.87875,1,13.205468749999998,1.999218749999999,0,0,0,1
tmse,0.6,1,4,0.25,0.75,9.212304687500001,1.2816796875,1,13.205468749999998,3.9931640624999964,0,0,0,0
tmse,0.6,1,5,0.5,0.75,13.205468749999998,1.6223437500000002,1,13.205468749999998,0.0,1,1,1,1
tmse,0.6,1,6,0.5,0.75,13.205468749999998,1.6223437500000002,1,13.205468749999998,0.0,1,1,1,1
tmse,0.6,1,7,0.5,1.0,15.885000000000002,2.205,0,13.205468749999998,-2.6795312500000037,0,0,0,0
tmse,0.6,1,8,0.25,1.0,11.206249999999999,1.87875,1,13.205468749999998,1.999218749999999,0,0,0,1
tmse,0.6,1,9,0.25,0.75,9.212304687500001,1.2816796875,1,13.205468749999998,3.9931640624999964,0,0,0,0
tmse,0.6,1,10,0.5,1.0,15.885000000000002,2.205,0,13.205468749999998,-2.6795312500000037,0,0,0,0
tmse,0.6,1,11,0.25,1.0,11.206249999999999,1.87875,1,13.205468749999998,1.999218749999999,0,0,0,1
tmse,0.6,1,12,0.5,0.5,10.089374999999997,1.189375,1,13.205468749999998,3.116093750000001,0,0,0,0
tmse,0.6,1,13,0.5,0.5,10.089374999999997,1.189375,1,13.205468749999998,3.116093750000001,0,0,0,0
tmse,0.6,1,14,0.5,0.75,13.205468749999998,1.6223437500000002,1,13.205468749999998,0.0,1,1,1,1
tmse,0.6,1,15,0.25,1.0,11.206249999999999,1.87875,1,13.205468749999998,1.999218749999999,0,0,0,1
tmse,0.6,1,16,0.5,0.75,13.205468749999998,1.6223437500000002,1,13.205468749999998,0.0,1,1,1,1
tmse,0.6,1,17,0.25,1.0,11.206249999999999,1.87875,1,13.205468749999998,1.999218749999999,0,0,0,1
tmse,0.6,1,18,0.75,0.5,12.123593750000001,1.9273437500000001,1,13.205468749999998,1.0818749999999966,0,0,0,1
tmse,0.6,1,19,0.25,1.0,11.206249999999999,1.87875,1,13.205468749999998,1.999218749999999,0,0,0,1
tmse,0.6,1,20,0.5,1.0,15.885000000000002,2.205,0,13.205468749999998,-2.6795312500000037,0,0,0,0
tmse,0.6,1,21,0.0,0.0,-1.05,-0.59,1,13.205468749999998,14.255468749999999,0,0,0,0
tmse,0.6,1,22,0.25,0.5,6.889843749999999,0.76609375,1,13.205468749999998,6.315624999999999,0,0,0,0
tmse,0.6,1,23,0.5,0.75,13.205468749999998,1.6223437500000002,1,13.205468749999998,0.0,1,1,1,1
tmse,0.6,1,24,0.5,0.75,13.205468749999998,1.6223437500000002,1,13.205468749999998,0.0,1,1,1,1
tmse,0.6,1,25,0.75,0.25,7.777304687499998,1.7266796875000003,1,13.205468749999998,5.4281640625,0,0,0,0
tmse,0.6,1,26,0.5,0.75,13.205468749999998,1.6223437500000002,1,13.205468749999998,0.0,1,1,1,1
tmse,0.6,1,27,0.25,1.0,11.206249999999999,1.87875,1,13.205468749999998,1.999218749999999,0,0,0,1
tmse,0.6,1,28,0.5,0.5,10.089374999999997,1.189375,1,13.205468749999998,3.116093750000001,0,0,0,0
tmse,0.6,1,29,0.25,0.75,9.212304687500001,1.2816796875,1,13.205468749999998,3.9931640624999964,0,0,0,0
tmse,0.6,1,30,0.5,1.0,15.885000000000002,2.205,0,13.205468749999998,-2.6795312500000037,0,0,0,0
tmse,0.6,1,31,0.75,0.5,12.123593750000001,1.9273437500000001,1,13.205468749999998,1.0818749999999966,0,0,0,1
tmse,0.6,1,32,0.5,0.5,10.089374999999997,1.189375,1,13.205468749999998,3.116093750000001,0,0,0,0
tmse,0.6,1,33,0.25,0.75,9.212304687500001,1.2816796875,1,13.205468749999998,3.9931640624999964,0,0,0,0
tmse,0.6,1,34,0.5,0.75,13.205468749999998,1.6223437500000002,1,13.205468749999998,0.0,1,1,1,1
tmse,0.6,1,35,0.75,1.0,18.966250000000002,3.1187500000000004,0,13.205468749999998,-5.760781250000004,0,0,0,0
tmse,0.6,1,36,0.5,0.75,13.205468749999998,1.6223437500000002,1,13.205468749999998,0.0,1,1,1,1
tmse,0.6,1,37,0.5,0.5,10.089374999999997,1.189375,1,13.205468749999998,3.116093750000001,0,0,0,0
tmse,0.6,1,38,0.5,0.5,10.089374999999997,1.189375,1,13.205468749999998,3.116093750000001,0,0,0,0
tmse,0.6,1,39,0.5,0.5,10.089374999999997,1.189375,1,13.205468749999998,3.116093750000001,0,0,0,0
tmse,0.6,1,40,0.75,1.0,18.966250000000002,3.1187500000000004,0,13.205468749999998,-5.760781250000004,0,0,0,0
tmse,0.6,1,41,0.5,0.5,10.089374999999997,1.189375,1,13.205468749999998,3.116093750000001,0,0,0,0
tmse,0.6,1,42,0.5,0.75,13.205468749999998,1.6223437500000002,1,13.205468749999998,0.0,1,1,1,1
tmse,0.6,1,43,0.5,1.0,15.885000000000002,2.205,0,13.205468749999998,-2.6795312500000037,0,0,0,0
tmse,0.6,1,44,0.75,0.25,7.777304687499998,1.7266796875000003,1,13.205468749999998,5.4281640625,0,0,0,0
tmse,0.6,1,45,0.5,0.75,13.205468749999998,1.6223437500000002,1,13.205468749999998,0.0,1,1,1,1
tmse,0.6,1,46,0.5,0.75,13.205468749999998,1.6223437500000002,1,13.205468749999998,0.0,1,1,1,1
tmse,0.6,1,47,0.5,0.75,13.205468749999998,1.6223437500000002,1,13.205468749999998,0.0,1,1,1,1
tmse,0.6,1,48,0.5,1.0,15.885000000000002,2.205,0,13.205468749999998,-2.6795312500000037,0,0,0,0
tmse,0.6,1,49,0.25,0.75,9.212304687500001,1.2816796875,1,13.205468749999998,3.9931640624999964,0,0,0,0
tmse,0.6,1,50,0.25,1.0,11.206249999999999,1.87875,1,13.205468749999998,1.999218749999999,0,0,0,1
tmse,0.6,1,51,0.5,0.25,6.536718749999999,0.90609375,1,13.205468749999998,6.668749999999999,0,0,0,0
tmse,0.6,1,52,0.5,0.75,13.205468749999998,1.6223437500000002,1,13.205468749999998,0.0,1,1,1,1
tmse,0.6,1,53,0.5,0.5,10.089374999999997,1.189375,1,13.205468749999998,3.116093750000001,0,0,0,0
tmse,0.6,1,54,0.75,0.75,15.853242187500001,2.3913671875,0,13.205468749999998,-2.6477734375000033,0,0,0,0
tmse,0.6,1,55,0.25,0.75,9.212304687500001,1.2816796875,1,13.205468749999998,3.9931640624999964,0,0,0,0
tmse,0.6,1,56,0.25,0.0,1.259375,-0.02062499999999995,1,13.205468749999998,11.946093749999998,0,0,0,0
tmse,0.6,1,57,0.5,0.75,13.205468749999998,1.6223437500000002,1,13.205468749999998,0.0,1,1,1,1
tmse,0.6,1,58,0.5,0.75,13.205468749999998,1.6223437500000002,1,13.205468749999998,0.0,1,1,1,1
tmse,0.6,1,59,0.25,1.0,11.206249999999999,1.87875,1,13.205468749999998,1.999218749999999,0,0,0,1
tmse,0.6,1,60,0.5,0.25,6.536718749999999,0.90609375,1,13.205468749999998,6.668749999999999,0,0,0,0
tmse,0.6,1,61,0.25,1.0,11.206249999999999,1.87875,1,13.205468749999998,1.999218749999999,0,0,0,1
tmse,0.6,1,62,0.5,1.0,15.885000000000002,2.205,0,13.205468749999998,-2.6795312500000037,0,0,0,0
tmse,0.6,1,63,0.5,0.75,13.205468749999998,1.6223437500000002,1,13.205468749999998,0.0,1,1,1,1
tmse,0.6,1,64,0.0,0.75,3.8737500000000002,1.369375,1,13.205468749999998,9.331718749999997,0,0,0,0
tmse,0.6,1,65,0.5,0.75,13.205468749999998,1.6223437500000002,1,13.205468749999998,0.0,1,1,1,1
tmse,0.6,1,66,0.25,1.0,11.206249999999999,1.87875,1,13.205468749999998,1.999218749999999,0,0,0,1
tmse,0.6,1,67,0.5,0.75,13.205468749999998,1.6223437500000002,1,13.205468749999998,0.0,1,1,1,1
tmse,0.6,1,68,0.0,1.0,4.930000000000001,2.1399999999999997,0,13.205468749999998,8.275468749999998,0,0,0,0
tmse,0.6,1,69,0.5,0.75,13.205468749999998,1.6223437500000002,1,13.205468749999998,0.0,1,1,1,1
tmse,0.6,1,70,0.5,0.75,13.205468749999998,1.6223437500000002,1,13.205468749999998,0.0,1,1,1,1
tmse,0.6,1,71,0.5,0.75,13.205468749999998,1.6223437500000002,1,13.205468749999998,0.0,1,1,1,1
tmse,0.6,1,72,1.0,1.0,20.45,4.62,0,13.205468749999998,-7.244531250000001,0,0,0,0
tmse,0.6,1,73,0.5,0.75,13.205468749999998,1.6223437500000002,1,13.205468749999998,0.0,1,1,1,1
tmse,0.6,1,74,0.5,0.75,13.205468749999998,1.6223437500000002,1,13.205468749999998,0.0,1,1,1,1
tmse,0.6,1,75,0.75,0.75,15.853242187500001,2.3913671875,0,13.205468749999998,-2.6477734375000033,0,0,0,0
tmse,0.6,1,76,0.75,0.5,12.123593750000001,1.9273437500000001,1,13.205468749999998,1.0818749999999966,0,0,0,1
tmse,0.6,1,77,0.5,0.75,13.205468749999998,1.6223437500000002,1,13.205468749999998,0.0,1,1,1,1
tmse,0.6,1,78,0.5,0.5,10.089374999999997,1.189375,1,13.205468749999998,3.116093750000001,0,0,0,0
tmse,0.6,1,79,0.5,0.5,10.089374999999997,1.189375,1,13.205468749999998,3.116093750000001,0,0,0,0
tmse,0.6,1,80,0.5,0.5,10.089374999999997,1.189375,1,13.205468749999998,3.116093750000001,0,0,0,0
tmse,0.6,1,81,0.5,0.25,6.536718749999999,0.90609375,1,13.205468749999998,6.668749999999999,0,0,0,0
tmse,0.6,1,82,0.5,1.0,15.885000000000002,2.205,0,13.205468749999998,-2.6795312500000037,0,0,0,0
tmse,0.6,1,83,0.5,0.75,13.205468749999998,1.6223437500000002,1,13.205468749999998,0.0,1,1,1,1
tmse,0.6,1,84,0.5,0.5,10.089374999999997,1.189375,1,13.205468749999998,3.116093750000001,0,0,0,0
tmse,0.6,1,85,0.5,1.0,15.885000000000002,2.205,0,13.205468749999998,-2.6795312500000037,0,0,0,0
tmse,0.6,1,86,0.5,1.0,15.885000000000002,2.205,0,13.205468749999998,-2.6795312500000037,0,0,0,0
tmse,0.6,1,87,0.5,0.75,13.205468749999998,1.6223437500000002,1,13.205468749999998,0.0,1,1,1,1
tmse,0.6,1,88,0.5,0.75,13.205468749999998,1.6223437500000002,1,13.205468749999998,0.0,1,1,1,1
tmse,0.6,1,89,0.5,1.0,15.885000000000002,2.205,0,13.205468749999998,-2.6795312500000037,0,0,0,0
tmse,0.6,1,90,0.5,0.75,13.205468749999998,1.6223437500000002,1,13.205468749999998,0.0,1,1,1,1
tmse,0.6,1,91,0.5,1.0,15.885000000000002,2.205,0,13.205468749999998,-2.6795312500000037,0,0,0,0
tmse,0.6,1,92,0.0,0.75,3.8737500000000002,1.369375,1,13.205468749999998,9.331718749999997,0,0,0,0
tmse,0.6,1,93,0.25,0.75,9.212304687500001,1.2816796875,1,13.205468749999998,3.9931640624999964,0,0,0,0
tmse,0.6,1,94,0.5,0.5,10.089374999999997,1.189375,1,13.205468749999998,3.116093750000001,0,0,0,0
tmse,0.6,1,95,0.25,0.75,9.212304687500001,1.2816796875,1,13.205468749999998,3.9931640624999964,0,0,0,0
tmse,0.6,1,96,0.25,1.0,11.206249999999999,1.87875,1,13.205468749999998,1.999218749999999,0,0,0,1
tmse,0.6,1,97,0.5,0.75,13.205468749999998,1.6223437500000002,1,13.205468749999998,0.0,1,1,1,1
tmse,0.6,1,98,0.5,0.75,13.205468749999998,1.6223437500000002,1,13.205468749999998,0.0,1,1,1,1
tmse,0.6,1,99,0.25,1.0,11.206249999999999,1.87875,1,13.205468749999998,1.999218749999999,0,0,0,1
tmse,0.6,1,100,0.75,1.0,18.966250000000002,3.1187500000000004,0,13.205468749999998,-5.760781250000004,0,0,0,0
tmse,0.6,1,101,0.0,0.5,2.5250000000000004,0.6575,1,13.205468749999998,10.680468749999998,0,0,0,0
tmse,0.6,1,102,0.25,1.0,11.206249999999999,1.87875,1,13.205468749999998,1.999218749999999,0,0,0,1
tmse,0.6,1,103,0.5,0.5,10.089374999999997,1.189375,1,13.205468749999998,3.116093750000001,0,0,0,0
tmse,0.6,1,104,0.25,0.75,9.212304687500001,1.2816796875,1,13.205468749999998,3.9931640624999964,0,0,0,0
tmse,0.6,1,105,0.5,0.75,13.205468749999998,1.6223437500000002,1,13.205468749999998,0.0,1,1,1,1
tmse,0.6,1,106,0.5,0.5,10.089374999999997,1.189375,1,13.205468749999998,3.116093750000001,0,0,0,0
tmse,0.6,1,107,0.0,0.0,-1.05,-0.59,1,13.205468749999998,14.255468749999999,0,0,0,0
tmse,0.6,1,108,0.5,0.5,10.089374999999997,1.189375,1,13.205468749999998,3.116093750000001,0,0,0,0
tmse,0.6,1,109,0.5,0.75,13.205468749999998,1.6223437500000002,1,13.205468749999998,0.0,1,1,1,1
tmse,0.6,1,110,0.5,0.75,13.205468749999998,1.6223437500000002,1,13.205468749999998,0.0,1,1,1,1
tmse,0.6,1,111,0.5,0.75,13.205468749999998,1.6223437500000002,1,13.205468749999998,0.0,1,1,1,1
tmse,0.6,1,112,0.25,1.0,11.206249999999999,1.87875,1,13.205468749999998,1.999218749999999,0,0,0,1
tmse,0.6,1,113,0.5,1.0,15.885000000000002,2.205,0,13.205468749999998,-2.6795312500000037,0,0,0,0
tmse,0.6,1,114,0.5,1.0,15.885000000000002,2.205,0,13.205468749999998,-2.6795312500000037,0,0,0,0
tmse,0.6,1,115,0.25,0.75,9.212304687500001,1.2816796875,1,13.205468749999998,3.9931640624999964,0,0,0,0
tmse,0.6,1,116,0.5,0.75,13.205468749999998,1.6223437500000002,1,13.205468749999998,0.0,1,1,1,1
tmse,0.6,1,117,0.25,0.75,9.212304687500001,1.2816796875,1,13.205468749999998,3.9931640624999964,0,0,0,0
tmse,0.6,1,118,0.5,0.75,13.205468749999998,1.6223437500000002,1,13.205468749999998,0.0,1,1,1,1
tmse,0.6,1,119,1.0,0.25,7.960624999999998,2.79375,0,13.205468749999998,5.24484375,0,0,0,0
tmse,0.6,1,120,0.75,0.25,7.777304687499998,1.7266796875000003,1,13.205468749999998,5.4281640625,0,0,0,0
tmse,0.6,1,121,0.75,0.75,15.853242187500001,2.3913671875,0,13.205468749999998,-2.6477734375000033,0,0,0,0
tmse,0.6,1,122,0.5,0.75,13.205468749999998,1.6223437500000002,1,13.205468749999998,0.0,1,1,1,1
tmse,0.6,1,123,0.5,0.75,13.205468749999998,1.6223437500000002,1,13.205468749999998,0.0,1,1,1,1
tmse,0.6,1,124,0.25,1.0,11.206249999999999,1.87875,1,13.205468749999998,1.999218749999999,0,0,0,1
tmse,0.6,1,125,0.25,1.0,11.206249999999999,1.87875,1,13.205468749999998,1.999218749999999,0,0,0,1
tmse,0.6,1,126,0.75,0.0,2.814374999999999,1.7893750000000002,1,13.205468749999998,10.39109375,0,0,0,0
tmse,0.6,1,127,0.5,0.75,13.205468749999998,1.6223437500000002,1,13.205468749999998,0.0,1,1,1,1
tmse,0.6,1,128,0.75,1.0,18.966250000000002,3.1187500000000004,0,13.205468749999998,-5.760781250000004,0,0,0,0
tmse,0.6,1,129,0.5,0.5,10.089374999999997,1.189375,1,13.205468749999998,3.116093750000001,0,0,0,0
tmse,0.6,1,130,0.5,1.0,15.885000000000002,2.205,0,13.205468749999998,-2.6795312500000037,0,0,0,0
tmse,0.6,1,131,0.5,0.75,13.205468749999998,1.6223437500000002,1,13.205468749999998,0.0,1,1,1,1
tmse,0.6,1,132,0.5,0.75,13.205468749999998,1.6223437500000002,1,13.205468749999998,0.0,1,1,1,1
tmse,0.6,1,133,0.5,1.0,15.885000000000002,2.205,0,13.205468749999998,-2.6795312500000037,0,0,0,0
tmse,0.6,1,134,0.75,0.25,7.777304687499998,1.7266796875000003,1,13.205468749999998,5.4281640625,0,0,0,0
tmse,0.6,1,135,0.75,0.0,2.814374999999999,1.7893750000000002,1,13.205468749999998,10.39109375,0,0,0,0
tmse,0.6,1,136,0.25,0.75,9.212304687500001,1.2816796875,1,13.205468749999998,3.9931640624999964,0,0,0,0
tmse,0.6,1,137,0.25,0.75,9.212304687500001,1.2816796875,1,13.205468749999998,3.9931640624999964,0,0,0,0
tmse,0.6,1,138,0.5,0.5,10.089374999999997,1.189375,1,13.205468749999998,3.116093750000001,0,0,0,0
tmse,0.6,1,139,0.25,0.75,9.212304687500001,1.2816796875,1,13.205468749999998,3.9931640624999964,0,0,0,0
tmse,0.6,1,140,0.75,0.5,12.123593750000001,1.9273437500000001,1,13.205468749999998,1.0818749999999966,0,0,0,1
tmse,0.6,1,141,0.25,0.75,9.212304687500001,1.2816796875,1,13.205468749999998,3.9931640624999964,0,0,0,0
tmse,0.6,1,142,0.0,1.0,4.930000000000001,2.1399999999999997,0,13.205468749999998,8.275468749999998,0,0,0,0
tmse,0.6,1,143,0.25,1.0,11.206249999999999,1.87875,1,13.205468749999998,1.999218749999999,0,0,0,1
tmse,0.6,1,144,0.25,1.0,11.206249999999999,1.87875,1,13.205468749999998,1.999218749999999,0,0,0,1
tmse,0.6,1,145,0.5,0.75,13.205468749999998,1.6223437500000002,1,13.205468749999998,0.0,1,1,1,1
tmse,0.6,1,146,0.75,0.5,12.123593750000001,1.9273437500000001,1,13.205468749999998,1.0818749999999966,0,0,0,1
tmse,0.6,1,147,0.5,0.75,13.205468749999998,1.6223437500000002,1,13.205468749999998,0.0,1,1,1,1
tmse,0.6,1,148,0.75,0.5,12.123593750000001,1.9273437500000001,1,13.205468749999998,1.0818749999999966,0,0,0,1
tmse,0.6,1,149,0.5,0.5,10.089374999999997,1.189375,1,13.205468749999998,3.116093750000001,0,0,0,0
tmse,0.6,1,150,0.5,0.5,10.089374999999997,1.189375,1,13.205468749999998,3.116093750000001,0,0,0,0
tmse,0.6,1,151,0.0,1.0,4.930000000000001,2.1399999999999997,0,13.205468749999998,8.275468749999998,0,0,0,0
tmse,0.6,1,152,0.5,1.0,15.885000000000002,2.205,0,13.205468749999998,-2.6795312500000037,0,0,0,0
tmse,0.6,1,153,0.5,0.75,13.205468749999998,1.6223437500000002,1,13.205468749999998,0.0,1,1,1,1
tmse,0.6,1,154,0.0,1.0,4.930000000000001,2.1399999999999997,0,13.205468749999998,8.275468749999998,0,0,0,0
tmse,0.6,1,155,1.0,0.25,7.960624999999998,2.79375,0,13.205468749999998,5.24484375,0,0,0,0
tmse,0.6,1,156,0.25,0.5,6.889843749999999,0.76609375,1,13.205468749999998,6.315624999999999,0,0,0,0
tmse,0.6,1,157,0.0,0.0,-1.05,-0.59,1,13.205468749999998,14.255468749999999,0,0,0,0
tmse,0.6,1,158,0.5,1.0,15.885000000000002,2.205,0,13.205468749999998,-2.6795312500000037,0,0,0,0
tmse,0.6,1,159,0.5,0.75,13.205468749999998,1.6223437500000002,1,13.205468749999998,0.0,1,1,1,1
tmse,0.6,1,160,0.5,0.5,10.089374999999997,1.189375,1,13.205468749999998,3.116093750000001,0,0,0,0
tmse,0.6,1,161,0.5,0.75,13.205468749999998,1.6223437500000002,1,13.205468749999998,0.0,1,1,1,1
tmse,0.6,1,162,0.0,0.0,-1.05,-0.59,1,13.205468749999998,14.255468749999999,0,0,0,0
tmse,0.6,1,163,0.25,1.0,11.206249999999999,1.87875,1,13.205468749999998,1.999218749999999,0,0,0,1
tmse,0.6,1,164,0.5,0.5,10.089374999999997,1.189375,1,13.205468749999998,3.116093750000001,0,0,0,0
tmse,0.6,1,165,0.25,1.0,11.206249999999999,1.87875,1,13.205468749999998,1.999218749999999,0,0,0,1
tmse,0.6,1,166,0.25,0.5,6.889843749999999,0.76609375,1,13.205468749999998,6.315624999999999,0,0,0,0
tmse,0.6,1,167,0.5,0.25,6.536718749999999,0.90609375,1,13.205468749999998,6.668749999999999,0,0,0,0
tmse,0.6,1,168,0.5,0.75,13.205468749999998,1.6223437500000002,1,13.205468749999998,0.0,1,1,1,1
tmse,0.6,1,169,0.5,0.75,13.205468749999998,1.6223437500000002,1,13.205468749999998,0.0,1,1,1,1
tmse,0.6,1,170,0.5,0.5,10.089374999999997,1.189375,1,13.205468749999998,3.116093750000001,0,0,0,0
tmse,0.6,1,171,0.25,1.0,11.206249999999999,1.87875,1,13.205468749999998,1.999218749999999,0,0,0,1
tmse,0.6,1,172,0.25,0.75,9.212304687500001,1.2816796875,1,13.205468749999998,3.9931640624999964,0,0,0,0
tmse,0.6,1,173,0.0,1.0,4.930000000000001,2.1399999999999997,0,13.205468749999998,8.275468749999998,0,0,0,0
tmse,0.6,1,174,0.25,0.75,9.212304687500001,1.2816796875,1,13.205468749999998,3.9931640624999964,0,0,0,0
tmse,0.6,1,175,0.5,0.5,10.089374999999997,1.189375,1,13.205468749999998,3.116093750000001,0,0,0,0
tmse,0.6,1,176,0.25,1.0,11.206249999999999,1.87875,1,13.205468749999998,1.999218749999999,0,0,0,1
tmse,0.6,1,177,0.25,0.75,9.212304687500001,1.2816796875,1,13.205468749999998,3.9931640624999964,0,0,0,0
tmse,0.6,1,178,0.5,0.75,13.205468749999998,1.6223437500000002,1,13.205468749999998,0.0,1,1,1,1
tmse,0.6,1,179,0.25,0.5,6.889843749999999,0.76609375,1,13.205468749999998,6.315624999999999,0,0,0,0
tmse,0.6,1,180,0.5,0.5,10.089374999999997,1.189375,1,13.205468749999998,3.116093750000001,0,0,0,0
tmse,0.6,1,181,0.5,0.75,13.205468749999998,1.6223437500000002,1,13.205468749999998,0.0,1,1,1,1
tmse,0.6,1,182,0.5,1.0,15.885000000000002,2.205,0,13.205468749999998,-2.6795312500000037,0,0,0,0
tmse,0.6,1,183,0.75,0.5,12.123593750000001,1.9273437500000001,1,13.205468749999998,1.0818749999999966,0,0,0,1
tmse,0.6,1,184,0.5,0.25,6.536718749999999,0.90609375,1,13.205468749999998,6.668749999999999,0,0,0,0
tmse,0.6,1,185,0.5,1.0,15.885000000000002,2.205,0,13.205468749999998,-2.6795312500000037,0,0,0,0
tmse,0.6,1,186,0.75,0.25,7.777304687499998,1.7266796875000003,1,13.205468749999998,5.4281640625,0,0,0,0
tmse,0.6,1,187,0.5,0.5,10.089374999999997,1.189375,1,13.205468749999998,3.116093750000001,0,0,0,0
tmse,0.6,1,188,0.5,0.75,13.205468749999998,1.6223437500000002,1,13.205468749999998,0.0,1,1,1,1
tmse,0.6,1,189,0.5,0.75,13.205468749999998,1.6223437500000002,1,13.205468749999998,0.0,1,1,1,1
tmse,0.6,1,190,0.75,0.25,7.777304687499998,1.7266796875000003,1,13.205468749999998,5.4281640625,0,0,0,0
tmse,0.6,1,191,0.5,0.75,13.205468749999998,1.6223437500000002,1,13.205468749999998,0.0,1,1,1,1
tmse,0.6,1,192,0.5,1.0,15.885000000000002,2.205,0,13.205468749999998,-2.6795312500000037,0,0,0,0
tmse,0.6,1,193,0.5,0.75,13.205468749999998,1.6223437500000002,1,13.205468749999998,0.0,1,1,1,1
tmse,0.6,1,194,0.25,1.0,11.206249999999999,1.87875,1,13.205468749999998,1.999218749999999,0,0,0,1
tmse,0.6,1,195,0.5,0.75,13.205468749999998,1.6223437500000002,1,13.205468749999998,0.0,1,1,1,1
tmse,0.6,1,196,0.5,0.5,10.089374999999997,1.189375,1,13.205468749999998,3.116093750000001,0,0,0,0
tmse,0.6,1,197,0.75,0.25,7.777304687499998,1.7266796875000003,1,13.205468749999998,5.4281640625,0,0,0,0
tmse,0.6,1,198,0.25,1.0,11.206249999999999,1.87875,1,13.205468749999998,1.999218749999999,0,0,0,1
tmse,0.6,1,199,0.5,0.25,6.536718749999999,0.90609375,1,13.205468749999998,6.668749999999999,0,0,0,0
tmse,0.7,0,0,0.0,0.5,3.4974999999999996,0.6575,1,7.6792187499999995,4.18171875,0,0,0,0
tmse,0.7,0,1,0.5,0.5,6.08,1.189375,1,7.6792187499999995,1.5992187499999995,0,0,0,1
tmse,0.7,0,2,0.25,0.5,4.9174999999999995,0.76609375,1,7.6792187499999995,2.76171875,0,0,0,0
tmse,0.7,0,3,0.0,1.0,9.37,2.1399999999999997,0,7.6792187499999995,-1.6907812499999997,0,0,0,0
tmse,0.7,0,4,0.25,0.5,4.9174999999999995,0.76609375,1,7.6792187499999995,2.76171875,0,0,0,0
tmse,0.7,0,5,0.25,1.0,11.391874999999999,1.87875,0,7.6792187499999995,-3.7126562499999993,0,0,0,0
tmse,0.7,0,6,0.0,0.0,1.38,-0.59,1,7.6792187499999995,6.29921875,0,0,0,0
tmse,0.7,0,7,0.0,0.75,5.9643749999999995,1.369375,1,7.6792187499999995,1.71484375,0,0,0,1
tmse,0.7,0,8,0.25,0.5,4.9174999999999995,0.76609375,1,7.6792187499999995,2.76171875,0,0,0,0
tmse,0.7,0,9,0.0,0.75,5.9643749999999995,1.369375,1,7.6792187499999995,1.71484375,0,0,0,1
tmse,0.7,0,10,0.25,1.0,11.391874999999999,1.87875,0,7.6792187499999995,-3.7126562499999993,0,0,0,0
tmse,0.7,0,11,0.0,0.5,3.4974999999999996,0.6575,1,7.6792187499999995,4.18171875,0,0,0,0
tmse,0.7,0,12,0.25,0.5,4.9174999999999995,0.76609375,1,7.6792187499999995,2.76171875,0,0,0,0
tmse,0.7,0,13,0.0,0.0,1.38,-0.59,1,7.6792187499999995,6.29921875,0,0,0,0
tmse,0.7,0,14,0.25,0.75,7.6792187499999995,1.2816796875,1,7.6792187499999995,0.0,1,1,1,1
tmse,0.7,0,15,0.25,0.75,7.6792187499999995,1.2816796875,1,7.6792187499999995,0.0,1,1,1,1
tmse,0.7,0,16,0.0,0.0,1.38,-0.59,1,7.6792187499999995,6.29921875,0,0,0,0
tmse,0.7,0,17,0.5,0.25,3.9499999999999997,0.90609375,1,7.6792187499999995,3.72921875,0,0,0,0
tmse,0.7,0,18,0.25,0.5,4.9174999999999995,0.76609375,1,7.6792187499999995,2.76171875,0,0,0,0
tmse,0.7,0,19,0.25,0.75,7.6792187499999995,1.2816796875,1,7.6792187499999995,0.0,1,1,1,1
tmse,0.7,0,20,0.25,0.75,7.6792187499999995,1.2816796875,1,7.6792187499999995,0.0,1,1,1,1
tmse,0.7,0,21,0.0,0.0,1.38,-0.59,1,7.6792187499999995,6.29921875,0,0,0,0
tmse,0.7,0,22,0.0,0.0,1.38,-0.59,1,7.6792187499999995,6.29921875,0,0,0,0
tmse,0.7,0,23,0.5,0.5,6.08,1.189375,1,7.6792187499999995,1.5992187499999995,0,0,0,1
tmse,0.7,0,24,0.5,1.0,13.302500000000002,2.205,0,7.6792187499999995,-5.6232812500000025,0,0,0,0
tmse,0.7,0,25,0.25,0.25,3.1067187499999993,0.3319921875,1,7.6792187499999995,4.5725,0,0,0,0
tmse,0.7,0,26,0.0,0.0,1.38,-0.59,1,7.6792187499999995,6.29921875,0,0,0,0
tmse,0.7,0,27,0.25,0.25,3.1067187499999993,0.3319921875,1,7.6792187499999995,4.5725,0,0,0,0
tmse,0.7,0,28,0.25,0.5,4.9174999999999995,0.76609375,1,7.6792187499999995,2.76171875,0,0,0,0
tmse,0.7,0,29,0.5,0.25,3.9499999999999997,0.90609375,1,7.6792187499999995,3.72921875,0,0,0,0
tmse,0.7,0,30,0.0,0.75,5.9643749999999995,1.369375,1,7.6792187499999995,1.71484375,0,0,0,1
tmse,0.7,0,31,0.25,0.75,7.6792187499999995,1.2816796875,1,7.6792187499999995,0.0,1,1,1,1
tmse,0.7,0,32,0.25,1.0,11.391874999999999,1.87875,0,7.6792187499999995,-3.7126562499999993,0,0,0,0
tmse,0.7,0,33,0.25,0.5,4.9174999999999995,0.76609375,1,7.6792187499999995,2.76171875,0,0,0,0
tmse,0.7,0,34,0.0,0.75,5.9643749999999995,1.369375,1,7.6792187499999995,1.71484375,0,0,0,1
tmse,0.7,0,35,0.25,1.0,11.391874999999999,1.87875,0,7.6792187499999995,-3.7126562499999993,0,0,0,0
tmse,0.7,0,36,0.5,0.5,6.08,1.189375,1,7.6792187499999995,1.5992187499999995,0,0,0,1
tmse,0.7,0,37,0.25,0.5,4.9174999999999995,0.76609375,1,7.6792187499999995,2.76171875,0,0,0,0
tmse,0.7,0,38,0.25,0.5,4.9174999999999995,0.76609375,1,7.6792187499999995,2.76171875,0,0,0,0
tmse,0.7,0,39,0.25,0.5,4.9174999999999995,0.76609375,1,7.6792187499999995,2.76171875,0,0,0,0
tmse,0.7,0,40,0.0,0.75,5.9643749999999995,1.369375,1,7.6792187499999995,1.71484375,0,0,0,1
tmse,0.7,0,41,0.5,0.25,3.9499999999999997,0.90609375,1,7.6792187499999995,3.72921875,0,0,0,0
tmse,0.7,0,42,0.25,0.5,4.9174999999999995,0.76609375,1,7.6792187499999995,2.76171875,0,0,0,0
tmse,0.7,0,43,0.25,0.5,4.9174999999999995,0.76609375,1,7.6792187499999995,2.76171875,0,0,0,0
tmse,0.7,0,44,0.25,0.75,7.6792187499999995,1.2816796875,1,7.6792187499999995,0.0,1,1,1,1
tmse,0.7,0,45,0.0,0.5,3.4974999999999996,0.6575,1,7.6792187499999995,4.18171875,0,0,0,0
tmse,0.7,0,46,0.0,0.5,3.4974999999999996,0.6575,1,7.6792187499999995,4.18171875,0,0,0,0
tmse,0.7,0,47,0.25,1.0,11.391874999999999,1.87875,0,7.6792187499999995,-3.7126562499999993,0,0,0,0
tmse,0.7,0,48,0.0,0.75,5.9643749999999995,1.369375,1,7.6792187499999995,1.71484375,0,0,0,1
tmse,0.7,0,49,0.0,0.5,3.4974999999999996,0.6575,1,7.6792187499999995,4.18171875,0,0,0,0
tmse,0.7,0,50,0.5,0.25,3.9499999999999997,0.90609375,1,7.6792187499999995,3.72921875,0,0,0,0
tmse,0.7,0,51,0.25,0.5,4.9174999999999995,0.76609375,1,7.6792187499999995,2.76171875,0,0,0,0
tmse,0.7,0,52,0.5,0.5,6.08,1.189375,1,7.6792187499999995,1.5992187499999995,0,0,0,1
tmse,0.7,0,53,0.0,0.75,5.9643749999999995,1.369375,1,7.6792187499999995,1.71484375,0,0,0,1
tmse,0.7,0,54,0.25,0.75,7.6792187499999995,1.2816796875,1,7.6792187499999995,0.0,1,1,1,1
tmse,0.7,0,55,0.25,0.75,7.6792187499999995,1.2816796875,1,7.6792187499999995,0.0,1,1,1,1
tmse,0.7,0,56,0.25,0.0,2.2468749999999997,-0.02062499999999995,1,7.6792187499999995,5.432343749999999,0,0,0,0
tmse,0.7,0,57,0.5,0.75,9.1975,1.6223437500000002,0,7.6792187499999995,-1.5182812500000002,0,0,0,0
tmse,0.7,0,58,0.0,0.75,5.9643749999999995,1.369375,1,7.6792187499999995,1.71484375,0,0,0,1
tmse,0.7,0,59,0.25,0.75,7.6792187499999995,1.2816796875,1,7.6792187499999995,0.0,1,1,1,1
tmse,0.7,0,60,0.25,0.25,3.1067187499999993,0.3319921875,1,7.6792187499999995,4.5725,0,0,0,0
tmse,0.7,0,61,0.25,0.5,4.9174999999999995,0.76609375,1,7.6792187499999995,2.76171875,0,0,0,0
tmse,0.7,0,62,0.5,0.75,9.1975,1.6223437500000002,0,7.6792187499999995,-1.5182812500000002,0,0,0,0
tmse,0.7,0,63,0.25,1.0,11.391874999999999,1.87875,0,7.6792187499999995,-3.7126562499999993,0,0,0,0
tmse,0.7,0,64,0.5,0.0,2.8075,0.7725000000000001,1,7.6792187499999995,4.871718749999999,0,0,0,0
tmse,0.7,0,65,0.25,0.75,7.6792187499999995,1.2816796875,1,7.6792187499999995,0.0,1,1,1,1
tmse,0.7,0,66,0.0,0.0,1.38,-0.59,1,7.6792187499999995,6.29921875,0,0,0,0
tmse,0.7,0,67,0.25,0.75,7.6792187499999995,1.2816796875,1,7.6792187499999995,0.0,1,1,1,1
tmse,0.7,0,68,0.25,0.5,4.9174999999999995,0.76609375,1,7.6792187499999995,2.76171875,0,0,0,0
tmse,0.7,0,69,0.25,0.75,7.6792187499999995,1.2816796875,1,7.6792187499999995,0.0,1,1,1,1
tmse,0.7,0,70,0.25,0.5,4.9174999999999995,0.76609375,1,7.6792187499999995,2.76171875,0,0,0,0
tmse,0.7,0,71,0.25,0.0,2.2468749999999997,-0.02062499999999995,1,7.6792187499999995,5.432343749999999,0,0,0,0
tmse,0.7,0,72,0.0,0.75,5.9643749999999995,1.369375,1,7.6792187499999995,1.71484375,0,0,0,1
tmse,0.7,0,73,0.25,0.75,7.6792187499999995,1.2816796875,1,7.6792187499999995,0.0,1,1,1,1
tmse,0.7,0,74,0.25,0.75,7.6792187499999995,1.2816796875,1,7.6792187499999995,0.0,1,1,1,1
tmse,0.7,0,75,0.5,0.25,3.9499999999999997,0.90609375,1,7.6792187499999995,3.72921875,0,0,0,0
tmse,0.7,0,76,0.25,0.25,3.1067187499999993,0.3319921875,1,7.6792187499999995,4.5725,0,0,0,0
tmse,0.7,0,77,0.25,0.5,4.9174999999999995,0.76609375,1,7.6792187499999995,2.76171875,0,0,0,0
tmse,0.7,0,78,0.0,0.0,1.38,-0.59,1,7.6792187499999995,6.29921875,0,0,0,0
tmse,0.7,0,79,0.0,0.5,3.4974999999999996,0.6575,1,7.6792187499999995,4.18171875,0,0,0,0
tmse,0.7,0,80,0.5,0.25,3.9499999999999997,0.90609375,1,7.6792187499999995,3.72921875,0,0,0,0
tmse,0.7,0,81,0.25,0.0,2.2468749999999997,-0.02062499999999995,1,7.6792187499999995,5.432343749999999,0,0,0,0
tmse,0.7,0,82,0.0,0.75,5.9643749999999995,1.369375,1,7.6792187499999995,1.71484375,0,0,0,1
tmse,0.7,0,83,0.5,0.75,9.1975,1.6223437500000002,0,7.6792187499999995,-1.5182812500000002,0,0,0,0
tmse,0.7,0,84,0.25,0.25,3.1067187499999993,0.3319921875,1,7.6792187499999995,4.5725,0,0,0,0
tmse,0.7,0,85,1.0,0.25,4.7543750000000005,2.79375,0,7.6792187499999995,2.924843749999999,0,0,0,0
tmse,0.7,0,86,0.5,0.5,6.08,1.189375,1,7.6792187499999995,1.5992187499999995,0,0,0,1
tmse,0.7,0,87,0.25,0.75,7.6792187499999995,1.2816796875,1,7.6792187499999995,0.0,1,1,1,1
tmse,0.7,0,88,0.0,0.75,5.9643749999999995,1.369375,1,7.6792187499999995,1.71484375,0,0,0,1
tmse,0.7,0,89,0.25,0.5,4.9174999999999995,0.76609375,1,7.6792187499999995,2.76171875,0,0,0,0
tmse,0.7,0,90,0.25,0.5,4.9174999999999995,0.76609375,1,7.6792187499999995,2.76171875,0,0,0,0
tmse,0.7,0,91,0.25,0.5,4.9174999999999995,0.76609375,1,7.6792187499999995,2.76171875,0,0,0,0
tmse,0.7,0,92,0.0,0.25,1.9693749999999999,0.004374999999999976,1,7.6792187499999995,5.709843749999999,0,0,0,0
tmse,0.7,0,93,0.25,0.5,4.9174999999999995,0.76609375,1,7.6792187499999995,2.76171875,0,0,0,0
tmse,0.7,0,94,0.25,0.5,4.9174999999999995,0.76609375,1,7.6792187499999995,2.76171875,0,0,0,0
tmse,0.7,0,95,0.25,0.5,4.9174999999999995,0.76609375,1,7.6792187499999995,2.76171875,0,0,0,0
tmse,0.7,0,96,0.25,0.5,4.9174999999999995,0.76609375,1,7.6792187499999995,2.76171875,0,0,0,0
tmse,0.7,0,97,0.25,0.75,7.6792187499999995,1.2816796875,1,7.6792187499999995,0.0,1,1,1,1
tmse,0.7,0,98,0.0,0.75,5.9643749999999995,1.369375,1,7.6792187499999995,1.71484375,0,0,0,1
tmse,0.7,0,99,0.0,0.75,5.9643749999999995,1.369375,1,7.6792187499999995,1.71484375,0,0,0,1
tmse,0.7,0,100,0.5,0.5,6.08,1.189375,1,7.6792187499999995,1.5992187499999995,0,0,0,1
tmse,0.7,0,101,0.25,0.0,2.2468749999999997,-0.02062499999999995,1,7.6792187499999995,5.432343749999999,0,0,0,0
tmse,0.7,0,102,0.0,0.75,5.9643749999999995,1.369375,1,7.6792187499999995,1.71484375,0,0,0,1
tmse,0.7,0,103,0.25,0.5,4.9174999999999995,0.76609375,1,7.6792187499999995,2.76171875,0,0,0,0
tmse,0.7,0,104,0.0,0.25,1.9693749999999999,0.004374999999999976,1,7.6792187499999995,5.709843749999999,0,0,0,0
tmse,0.7,0,105,0.25,0.5,4.9174999999999995,0.76609375,1,7.6792187499999995,2.76171875,0,0,0,0
tmse,0.7,0,106,0.25,0.5,4.9174999999999995,0.76609375,1,7.6792187499999995,2.76171875,0,0,0,0
tmse,0.7,0,107,0.0,0.0,1.38,-0.59,1,7.6792187499999995,6.29921875,0,0,0,0
tmse,0.7,0,108,0.0,0.0,1.38,-0.59,1,7.6792187499999995,6.29921875,0,0,0,0
tmse,0.7,0,109,0.0,0.75,5.9643749999999995,1.369375,1,7.6792187499999995,1.71484375,0,0,0,1
tmse,0.7,0,110,0.5,0.5,6.08,1.189375,1,7.6792187499999995,1.5992187499999995,0,0,0,1
tmse,0.7,0,111,0.0,0.5,3.4974999999999996,0.6575,1,7.6792187499999995,4.18171875,0,0,0,0
tmse,0.7,0,112,0.5,0.5,6.08,1.189375,1,7.6792187499999995,1.5992187499999995,0,0,0,1
tmse,0.7,0,113,0.25,0.5,4.9174999999999995,0.76609375,1,7.6792187499999995,2.76171875,0,0,0,0
tmse,0.7,0,114,0.0,0.5,3.4974999999999996,0.6575,1,7.6792187499999995,4.18171875,0,0,0,0
tmse,0.7,0,115,0.25,0.75,7.6792187499999995,1.2816796875,1,7.6792187499999995,0.0,1,1,1,1
tmse,0.7,0,116,0.25,1.0,11.391874999999999,1.87875,0,7.6792187499999995,-3.7126562499999993,0,0,0,0
tmse,0.7,0,117,0.25,0.5,4.9174999999999995,0.76609375,1,7.6792187499999995,2.76171875,0,0,0,0
tmse,0.7,0,118,0.0,1.0,9.37,2.1399999999999997,0,7.6792187499999995,-1.6907812499999997,0,0,0,0
tmse,0.7,0,119,0.5,0.5,6.08,1.189375,1,7.6792187499999995,1.5992187499999995,0,0,0,1
tmse,0.7,0,120,0.5,0.0,2.8075,0.7725000000000001,1,7.6792187499999995,4.871718749999999,0,0,0,0
tmse,0.7,0,121,0.25,0.5,4.9174999999999995,0.76609375,1,7.6792187499999995,2.76171875,0,0,0,0
tmse,0.7,0,122,0.75,0.0,3.0618749999999992,1.7893750000000002,0,7.6792187499999995,4.61734375,0,0,0,0
tmse,0.7,0,123,0.25,0.0,2.2468749999999997,-0.02062499999999995,1,7.6792187499999995,5.432343749999999,0,0,0,0
tmse,0.7,0,124,0.0,0.5,3.4974999999999996,0.6575,1,7.6792187499999995,4.18171875,0,0,0,0
tmse,0.7,0,125,0.5,0.5,6.08,1.189375,1,7.6792187499999995,1.5992187499999995,0,0,0,1
tmse,0.7,0,126,0.25,0.0,2.2468749999999997,-0.02062499999999995,1,7.6792187499999995,5.432343749999999,0,0,0,0
tmse,0.7,0,127,0.5,0.25,3.9499999999999997,0.90609375,1,7.6792187499999995,3.72921875,0,0,0,0
tmse,0.7,0,128,0.0,0.75,5.9643749999999995,1.369375,1,7.6792187499999995,1.71484375,0,0,0,1
tmse,0.7,0,129,0.25,0.5,4.9174999999999995,0.76609375,1,7.6792187499999995,2.76171875,0,0,0,0
tmse,0.7,0,130,0.0,0.5,3.4974999999999996,0.6575,1,7.6792187499999995,4.18171875,0,0,0,0
tmse,0.7,0,131,0.5,0.5,6.08,1.189375,1,7.6792187499999995,1.5992187499999995,0,0,0,1
tmse,0.7,0,132,0.5,0.0,2.8075,0.7725000000000001,1,7.6792187499999995,4.871718749999999,0,0,0,0
tmse,0.7,0,133,0.0,0.75,5.9643749999999995,1.369375,1,7.6792187499999995,1.71484375,0,0,0,1
tmse,0.7,0,134,0.25,0.5,4.9174999999999995,0.76609375,1,7.6792187499999995,2.76171875,0,0,0,0
tmse,0.7,0,135,0.0,0.0,1.38,-0.59,1,7.6792187499999995,6.29921875,0,0,0,0
tmse,0.7,0,136,0.5,0.0,2.8075,0.7725000000000001,1,7.6792187499999995,4.871718749999999,0,0,0,0
tmse,0.7,0,137,0.5,0.5,6.08,1.189375,1,7.6792187499999995,1.5992187499999995,0,0,0,1
tmse,0.7,0,138,0.0,0.5,3.4974999999999996,0.6575,1,7.6792187499999995,4.18171875,0,0,0,0
tmse,0.7,0,139,0.75,0.0,3.0618749999999992,1.7893750000000002,0,7.6792187499999995,4.61734375,0,0,0,0
tmse,0.7,0,140,0.0,0.0,1.38,-0.59,1,7.6792187499999995,6.29921875,0,0,0,0
tmse,0.7,0,141,0.25,0.5,4.9174999999999995,0.76609375,1,7.6792187499999995,2.76171875,0,0,0,0
tmse,0.7,0,142,0.0,0.75,5.9643749999999995,1.369375,1,7.6792187499999995,1.71484375,0,0,0,1
tmse,0.7,0,143,0.0,0.25,1.9693749999999999,0.004374999999999976,1,7.6792187499999995,5.709843749999999,0,0,0,0
tmse,0.7,0,144,0.25,0.75,7.6792187499999995,1.2816796875,1,7.6792187499999995,0.0,1,1,1,1
tmse,0.7,0,145,0.5,0.5,6.08,1.189375,1,7.6792187499999995,1.5992187499999995,0,0,0,1
tmse,0.7,0,146,0.0,0.75,5.9643749999999995,1.369375,1,7.6792187499999995,1.71484375,0,0,0,1
tmse,0.7,0,147,0.0,0.5,3.4974999999999996,0.6575,1,7.6792187499999995,4.18171875,0,0,0,0
tmse,0.7,0,148,0.25,0.5,4.9174999999999995,0.76609375,1,7.6792187499999995,2.76171875,0,0,0,0
tmse,0.7,0,149,0.25,0.5,4.9174999999999995,0.76609375,1,7.6792187499999995,2.76171875,0,0,0,0
tmse,0.7,0,150,0.0,0.25,1.9693749999999999,0.004374999999999976,1,7.6792187499999995,5.709843749999999,0,0,0,0
tmse,0.7,0,151,0.5,0.25,3.9499999999999997,0.90609375,1,7.6792187499999995,3.72921875,0,0,0,0
tmse,0.7,0,152,0.25,1.0,11.391874999999999,1.87875,0,7.6792187499999995,-3.7126562499999993,0,0,0,0
tmse,0.7,0,153,0.0,0.75,5.9643749999999995,1.369375,1,7.6792187499999995,1.71484375,0,0,0,1
tmse,0.7,0,154,0.0,0.75,5.9643749999999995,1.369375,1,7.6792187499999995,1.71484375,0,0,0,1
tmse,0.7,0,155,0.0,0.75,5.9643749999999995,1.369375,1,7.6792187499999995,1.71484375,0,0,0,1
tmse,0.7,0,156,0.0,0.5,3.4974999999999996,0.6575,1,7.6792187499999995,4.18171875,0,0,0,0
tmse,0.7,0,157,0.5,0.0,2.8075,0.7725000000000001,1,7.6792187499999995,4.871718749999999,0,0,0,0
tmse,0.7,0,158,0.5,0.5,6.08,1.189375,1,7.6792187499999995,1.5992187499999995,0,0,0,1
tmse,0.7,0,159,0.5,1.0,13.302500000000002,2.205,0,7.6792187499999995,-5.6232812500000025,0,0,0,0
tmse,0.7,0,160,0.25,0.5,4.9174999999999995,0.76609375,1,7.6792187499999995,2.76171875,0,0,0,0
tmse,0.7,0,161,0.0,0.0,1.38,-0.59,1,7.6792187499999995,6.29921875,0,0,0,0
tmse,0.7,0,162,0.0,0.25,1.9693749999999999,0.004374999999999976,1,7.6792187499999995,5.709843749999999,0,0,0,0
tmse,0.7,0,163,0.0,0.75,5.9643749999999995,1.369375,1,7.6792187499999995,1.71484375,0,0,0,1
tmse,0.7,0,164,0.25,0.25,3.1067187499999993,0.3319921875,1,7.6792187499999995,4.5725,0,0,0,0
tmse,0.7,0,165,0.25,0.5,4.9174999999999995,0.76609375,1,7.6792187499999995,2.76171875,0,0,0,0
tmse,0.7,0,166,0.0,0.0,1.38,-0.59,1,7.6792187499999995,6.29921875,0,0,0,0
tmse,0.7,0,167,0.25,0.5,4.9174999999999995,0.76609375,1,7.6792187499999995,2.76171875,0,0,0,0
tmse,0.7,0,168,0.0,0.75,5.9643749999999995,1.369375,1,7.6792187499999995,1.71484375,0,0,0,1
tmse,0.7,0,169,0.25,0.5,4.9174999999999995,0.76609375,1,7.6792187499999995,2.76171875,0,0,0,0
tmse,0.7,0,170,0.5,0.0,2.8075,0.7725000000000001,1,7.6792187499999995,4.871718749999999,0,0,0,0
tmse,0.7,0,171,0.25,0.25,3.1067187499999993,0.3319921875,1,7.6792187499999995,4.5725,0,0,0,0
tmse,0.7,0,172,0.25,0.5,4.9174999999999995,0.76609375,1,7.6792187499999995,2.76171875,0,0,0,0
tmse,0.7,0,173,0.0,0.5,3.4974999999999996,0.6575,1,7.6792187499999995,4.18171875,0,0,0,0
tmse,0.7,0,174,0.75,0.0,3.0618749999999992,1.7893750000000002,0,7.6792187499999995,4.61734375,0,0,0,0
tmse,0.7,0,175,0.5,0.5,6.08,1.189375,1,7.6792187499999995,1.5992187499999995,0,0,0,1
tmse,0.7,0,176,0.5,0.5,6.08,1.189375,1,7.6792187499999995,1.5992187499999995,0,0,0,1
tmse,0.7,0,177,0.25,0.25,3.1067187499999993,0.3319921875,1,7.6792187499999995,4.5725,0,0,0,0
tmse,0.7,0,178,0.25,0.5,4.9174999999999995,0.76609375,1,7.6792187499999995,2.76171875,0,0,0,0
tmse,0.7,0,179,0.25,0.25,3.1067187499999993,0.3319921875,1,7.6792187499999995,4.5725,0,0,0,0
tmse,0.7,0,180,0.5,0.25,3.9499999999999997,0.90609375,1,7.6792187499999995,3.72921875,0,0,0,0
tmse,0.7,0,181,0.25,0.0,2.2468749999999997,-0.02062499999999995,1,7.6792187499999995,5.432343749999999,0,0,0,0
tmse,0.7,0,182,0.25,1.0,11.391874999999999,1.87875,0,7.6792187499999995,-3.7126562499999993,0,0,0,0
tmse,0.7,0,183,0.0,0.0,1.38,-0.59,1,7.6792187499999995,6.29921875,0,0,0,0
tmse,0.7,0,184,0.5,0.25,3.9499999999999997,0.90609375,1,7.6792187499999995,3.72921875,0,0,0,0
tmse,0.7,0,185,0.0,0.75,5.9643749999999995,1.369375,1,7.6792187499999995,1.71484375,0,0,0,1
tmse,0.7,0,186,0.0,0.0,1.38,-0.59,1,7.6792187499999995,6.29921875,0,0,0,0
tmse,0.7,0,187,0.25,0.25,3.1067187499999993,0.3319921875,1,7.6792187499999995,4.5725,0,0,0,0
tmse,0.7,0,188,0.5,0.25,3.9499999999999997,0.90609375,1,7.6792187499999995,3.72921875,0,0,0,0
tmse,0.7,0,189,0.25,0.5,4.9174999999999995,0.76609375,1,7.6792187499999995,2.76171875,0,0,0,0
tmse,0.7,0,190,0.25,0.25,3.1067187499999993,0.3319921875,1,7.6792187499999995,4.5725,0,0,0,0
tmse,0.7,0,191,0.5,0.25,3.9499999999999997,0.90609375,1,7.6792187499999995,3.72921875,0,0,0,0
tmse,0.7,0,192,0.0,1.0,9.37,2.1399999999999997,0,7.6792187499999995,-1.6907812499999997,0,0,0,0
tmse,0.7,0,193,0.25,0.25,3.1067187499999993,0.3319921875,1,7.6792187499999995,4.5725,0,0,0,0
tmse,0.7,0,194,0.0,0.5,3.4974999999999996,0.6575,1,7.6792187499999995,4.18171875,0,0,0,0
tmse,0.7,0,195,0.25,0.5,4.9174999999999995,0.76609375,1,7.6792187499999995,2.76171875,0,0,0,0
tmse,0.7,0,196,0.25,0.25,3.1067187499999993,0.3319921875,1,7.6792187499999995,4.5725,0,0,0,0
tmse,0.7,0,197,0.5,0.0,2.8075,0.7725000000000001,1,7.6792187499999995,4.871718749999999,0,0,0,0
tmse,0.7,0,198,0.25,0.75,7.6792187499999995,1.2816796875,1,7.6792187499999995,0.0,1,1,1,1
tmse,0.7,0,199,0.25,0.0,2.2468749999999997,-0.02062499999999995,1,7.6792187499999995,5.432343749999999,0,0,0,0
tmse,0.7,1,0,0.25,0.75,9.212304687500001,1.2816796875,1,13.205468749999998,3.9931640624999964,0,0,0,0
tmse,0.7,1,1,0.5,1.0,15.885000000000002,2.205,0,13.205468749999998,-2.6795312500000037,0,0,0,0
tmse,0.7,1,2,0.25,1.0,11.206249999999999,1.87875,1,13.205468749999998,1.999218749999999,0,0,0,1
tmse,0.7,1,3,0.5,0.75,13.205468749999998,1.6223437500000002,1,13.205468749999998,0.0,1,1,1,1
tmse,0.7,1,4,0.25,0.75,9.212304687500001,1.2816796875,1,13.205468749999998,3.9931640624999964,0,0,0,0
tmse,0.7,1,5,0.25,1.0,11.206249999999999,1.87875,1,13.205468749999998,1.999218749999999,0,0,0,1
tmse,0.7,1,6,0.25,0.25,4.2388671874999995,0.3319921875,1,13.205468749999998,8.9666015625,0,0,0,0
tmse,0.7,1,7,0.0,1.0,4.930000000000001,2.1399999999999997,0,13.205468749999998,8.275468749999998,0,0,0,0
tmse,0.7,1,8,0.5,0.75,13.205468749999998,1.6223437500000002,1,13.205468749999998,0.0,1,1,1,1
tmse,0.7,1,9,0.25,0.75,9.212304687500001,1.2816796875,1,13.205468749999998,3.9931640624999964,0,0,0,0
tmse,0.7,1,10,0.5,1.0,15.885000000000002,2.205,0,13.205468749999998,-2.6795312500000037,0,0,0,0
tmse,0.7,1,11,0.5,0.75,13.205468749999998,1.6223437500000002,1,13.205468749999998,0.0,1,1,1,1
tmse,0.7,1,12,0.5,0.5,10.089374999999997,1.189375,1,13.205468749999998,3.116093750000001,0,0,0,0
tmse,0.7,1,13,0.5,0.75,13.205468749999998,1.6223437500000002,1,13.205468749999998,0.0,1,1,1,1
tmse,0.7,1,14,0.25,0.75,9.212304687500001,1.2816796875,1,13.205468749999998,3.9931640624999964,0,0,0,0
tmse,0.7,1,15,0.25,0.75,9.212304687500001,1.2816796875,1,13.205468749999998,3.9931640624999964,0,0,0,0
tmse,0.7,1,16,0.5,1.0,15.885000000000002,2.205,0,13.205468749999998,-2.6795312500000037,0,0,0,0
tmse,0.7,1,17,0.5,1.0,15.885000000000002,2.205,0,13.205468749999998,-2.6795312500000037,0,0,0,0
tmse,0.7,1,18,0.25,0.75,9.212304687500001,1.2816796875,1,13.205468749999998,3.9931640624999964,0,0,0,0
tmse,0.7,1,19,0.25,0.75,9.212304687500001,1.2816796875,1,13.205468749999998,3.9931640624999964,0,0,0,0
tmse,0.7,1,20,0.5,1.0,15.885000000000002,2.205,0,13.205468749999998,-2.6795312500000037,0,0,0,0
tmse,0.7,1,21,0.0,0.0,-1.05,-0.59,1,13.205468749999998,14.255468749999999,0,0,0,0
tmse,0.7,1,22,0.5,0.5,10.089374999999997,1.189375,1,13.205468749999998,3.116093750000001,0,0,0,0
tmse,0.7,1,23,0.75,0.5,12.123593750000001,1.9273437500000001,1,13.205468749999998,1.0818749999999966,0,0,0,1
tmse,0.7,1,24,0.5,1.0,15.885000000000002,2.205,0,13.205468749999998,-2.6795312500000037,0,0,0,0
tmse,0.7,1,25,0.5,0.5,10.089374999999997,1.189375,1,13.205468749999998,3.116093750000001,0,0,0,0
tmse,0.7,1,26,0.0,0.0,-1.05,-0.59,1,13.205468749999998,14.255468749999999,0,0,0,0
tmse,0.7,1,27,0.25,0.75,9.212304687500001,1.2816796875,1,13.205468749999998,3.9931640624999964,0,0,0,0
tmse,0.7,1,28,0.25,0.75,9.212304687500001,1.2816796875,1,13.205468749999998,3.9931640624999964,0,0,0,0
tmse,0.7,1,29,0.5,0.5,10.089374999999997,1.189375,1,13.205468749999998,3.116093750000001,0,0,0,0
tmse,0.7,1,30,0.25,1.0,11.206249999999999,1.87875,1,13.205468749999998,1.999218749999999,0,0,0,1
tmse,0.7,1,31,0.75,0.25,7.777304687499998,1.7266796875000003,1,13.205468749999998,5.4281640625,0,0,0,0
tmse,0.7,1,32,0.5,1.0,15.885000000000002,2.205,0,13.205468749999998,-2.6795312500000037,0,0,0,0
tmse,0.7,1,33,0.25,0.75,9.212304687500001,1.2816796875,1,13.205468749999998,3.9931640624999964,0,0,0,0
tmse,0.7,1,34,0.75,0.5,12.123593750000001,1.9273437500000001,1,13.205468749999998,1.0818749999999966,0,0,0,1
tmse,0.7,1,35,0.75,0.25,7.777304687499998,1.7266796875000003,1,13.205468749999998,5.4281640625,0,0,0,0
tmse,0.7,1,36,0.0,1.0,4.930000000000001,2.1399999999999997,0,13.205468749999998,8.275468749999998,0,0,0,0
tmse,0.7,1,37,0.75,0.5,12.123593750000001,1.9273437500000001,1,13.205468749999998,1.0818749999999966,0,0,0,1
tmse,0.7,1,38,0.25,1.0,11.206249999999999,1.87875,1,13.205468749999998,1.999218749999999,0,0,0,1
tmse,0.7,1,39,0.5,0.5,10.089374999999997,1.189375,1,13.205468749999998,3.116093750000001,0,0,0,0
tmse,0.7,1,40,0.5,0.75,13.205468749999998,1.6223437500000002,1,13.205468749999998,0.0,1,1,1,1
tmse,0.7,1,41,0.25,0.25,4.2388671874999995,0.3319921875,1,13.205468749999998,8.9666015625,0,0,0,0
tmse,0.7,1,42,0.25,0.75,9.212304687500001,1.2816796875,1,13.205468749999998,3.9931640624999964,0,0,0,0
tmse,0.7,1,43,0.5,0.75,13.205468749999998,1.6223437500000002,1,13.205468749999998,0.0,1,1,1,1
tmse,0.7,1,44,0.5,0.75,13.205468749999998,1.6223437500000002,1,13.205468749999998,0.0,1,1,1,1
tmse,0.7,1,45,0.25,1.0,11.206249999999999,1.87875,1,13.205468749999998,1.999218749999999,0,0,0,1
tmse,0.7,1,46,0.25,0.75,9.212304687500001,1.2816796875,1,13.205468749999998,3.9931640624999964,0,0,0,0
tmse,0.7,1,47,0.5,0.75,13.205468749999998,1.6223437500000002,1,13.205468749999998,0.0,1,1,1,1
tmse,0.7,1,48,0.5,0.75,13.205468749999998,1.6223437500000002,1,13.205468749999998,0.0,1,1,1,1
tmse,0.7,1,49,0.25,0.75,9.212304687500001,1.2816796875,1,13.205468749999998,3.9931640624999964,0,0,0,0
tmse,0.7,1,50,0.5,0.5,10.089374999999997,1.189375,1,13.205468749999998,3.116093750000001,0,0,0,0
tmse,0.7,1,51,0.75,0.25,7.777304687499998,1.7266796875000003,1,13.205468749999998,5.4281640625,0,0,0,0
tmse,0.7,1,52,0.5,0.75,13.205468749999998,1.6223437500000002,1,13.205468749999998,0.0,1,1,1,1
tmse,0.7,1,53,0.5,0.5,10.089374999999997,1.189375,1,13.205468749999998,3.116093750000001,0,0,0,0
tmse,0.7,1,54,0.75,0.75,15.853242187500001,2.3913671875,0,13.205468749999998,-2.6477734375000033,0,0,0,0
tmse,0.7,1,55,0.25,0.75,9.212304687500001,1.2816796875,1,13.205468749999998,3.9931640624999964,0,0,0,0
tmse,0.7,1,56,0.25,0.0,1.259375,-0.02062499999999995,1,13.205468749999998,11.946093749999998,0,0,0,0
tmse,0.7,1,57,0.25,1.0,11.206249999999999,1.87875,1,13.205468749999998,1.999218749999999,0,0,0,1
tmse,0.7,1,58,0.5,1.0,15.885000000000002,2.205,0,13.205468749999998,-2.6795312500000037,0,0,0,0
tmse,0.7,1,59,0.25,0.75,9.212304687500001,1.2816796875,1,13.205468749999998,3.9931640624999964,0,0,0,0
tmse,0.7,1,60,0.5,0.25,6.536718749999999,0.90609375,1,13.205468749999998,6.668749999999999,0,0,0,0
tmse,0.7,1,61,0.25,0.75,9.212304687500001,1.2816796875,1,13.205468749999998,3.9931640624999964,0,0,0,0
tmse,0.7,1,62,0.5,1.0,15.885000000000002,2.205,0,13.205468749999998,-2.6795312500000037,0,0,0,0
tmse,0.7,1,63,0.5,0.25,6.536718749999999,0.90609375,1,13.205468749999998,6.668749999999999,0,0,0,0
tmse,0.7,1,64,0.0,0.75,3.8737500000000002,1.369375,1,13.205468749999998,9.331718749999997,0,0,0,0
tmse,0.7,1,65,0.25,1.0,11.206249999999999,1.87875,1,13.205468749999998,1.999218749999999,0,0,0,1
tmse,0.7,1,66,0.25,0.75,9.212304687500001,1.2816796875,1,13.205468749999998,3.9931640624999964,0,0,0,0
tmse,0.7,1,67,0.5,0.75,13.205468749999998,1.6223437500000002,1,13.205468749999998,0.0,1,1,1,1
tmse,0.7,1,68,0.5,0.5,10.089374999999997,1.189375,1,13.205468749999998,3.116093750000001,0,0,0,0
tmse,0.7,1,69,0.5,0.75,13.205468749999998,1.6223437500000002,1,13.205468749999998,0.0,1,1,1,1
tmse,0.7,1,70,0.5,0.75,13.205468749999998,1.6223437500000002,1,13.205468749999998,0.0,1,1,1,1
tmse,0.7,1,71,0.5,0.5,10.089374999999997,1.189375,1,13.205468749999998,3.116093750000001,0,0,0,0
tmse,0.7,1,72,0.5,0.5,10.089374999999997,1.189375,1,13.205468749999998,3.116093750000001,0,0,0,0
tmse,0.7,1,73,0.25,0.75,9.212304687500001,1.2816796875,1,13.205468749999998,3.9931640624999964,0,0,0,0
tmse,0.7,1,74,0.25,0.75,9.212304687500001,1.2816796875,1,13.205468749999998,3.9931640624999964,0,0,0,0
tmse,0.7,1,75,0.25,0.75,9.212304687500001,1.2816796875,1,13.205468749999998,3.9931640624999964,0,0,0,0
tmse,0.7,1,76,0.5,0.0,2.5475,0.7725000000000001,1,13.205468749999998,10.657968749999998,0,0,0,0
tmse,0.7,1,77,0.25,1.0,11.206249999999999,1.87875,1,13.205468749999998,1.999218749999999,0,0,0,1
tmse,0.7,1,78,0.25,0.75,9.212304687500001,1.2816796875,1,13.205468749999998,3.9931640624999964,0,0,0,0
tmse,0.7,1,79,0.5,0.25,6.536718749999999,0.90609375,1,13.205468749999998,6.668749999999999,0,0,0,0
tmse,0.7,1,80,0.5,0.25,6.536718749999999,0.90609375,1,13.205468749999998,6.668749999999999,0,0,0,0
tmse,0.7,1,81,0.0,1.0,4.930000000000001,2.1399999999999997,0,13.205468749999998,8.275468749999998,0,0,0,0
tmse,0.7,1,82,0.5,0.75,13.205468749999998,1.6223437500000002,1,13.205468749999998,0.0,1,1,1,1
tmse,0.7,1,83,0.75,0.5,12.123593750000001,1.9273437500000001,1,13.205468749999998,1.0818749999999966,0,0,0,1
tmse,0.7,1,84,0.5,0.5,10.089374999999997,1.189375,1,13.205468749999998,3.116093750000001,0,0,0,0
tmse,0.7,1,85,0.5,0.75,13.205468749999998,1.6223437500000002,1,13.205468749999998,0.0,1,1,1,1
tmse,0.7,1,86,0.5,0.75,13.205468749999998,1.6223437500000002,1,13.205468749999998,0.0,1,1,1,1
tmse,0.7,1,87,0.5,0.75,13.205468749999998,1.6223437500000002,1,13.205468749999998,0.0,1,1,1,1
tmse,0.7,1,88,0.75,0.25,7.777304687499998,1.7266796875000003,1,13.205468749999998,5.4281640625,0,0,0,0
tmse,0.7,1,89,0.5,0.75,13.205468749999998,1.6223437500000002,1,13.205468749999998,0.0,1,1,1,1
tmse,0.7,1,90,0.25,1.0,11.206249999999999,1.87875,1,13.205468749999998,1.999218749999999,0,0,0,1
tmse,0.7,1,91,0.0,1.0,4.930000000000001,2.1399999999999997,0,13.205468749999998,8.275468749999998,0,0,0,0
tmse,0.7,1,92,0.5,0.5,10.089374999999997,1.189375,1,13.205468749999998,3.116093750000001,0,0,0,0
tmse,0.7,1,93,0.75,0.25,7.777304687499998,1.7266796875000003,1,13.205468749999998,5.4281640625,0,0,0,0
tmse,0.7,1,94,0.5,0.5,10.089374999999997,1.189375,1,13.205468749999998,3.116093750000001,0,0,0,0
tmse,0.7,1,95,0.5,0.25,6.536718749999999,0.90609375,1,13.205468749999998,6.668749999999999,0,0,0,0
tmse,0.7,1,96,0.25,0.0,1.259375,-0.02062499999999995,1,13.205468749999998,11.946093749999998,0,0,0,0
tmse,0.7,1,97,0.5,0.75,13.205468749999998,1.6223437500000002,1,13.205468749999998,0.0,1,1,1,1
tmse,0.7,1,98,0.25,1.0,11.206249999999999,1.87875,1,13.205468749999998,1.999218749999999,0,0,0,1
tmse,0.7,1,99,0.75,0.5,12.123593750000001,1.9273437500000001,1,13.205468749999998,1.0818749999999966,0,0,0,1
tmse,0.7,1,100,0.5,0.25,6.536718749999999,0.90609375,1,13.205468749999998,6.668749999999999,0,0,0,0
tmse,0.7,1,101,0.5,0.0,2.5475,0.7725000000000001,1,13.205468749999998,10.657968749999998,0,0,0,0
tmse,0.7,1,102,0.5,1.0,15.885000000000002,2.205,0,13.205468749999998,-2.6795312500000037,0,0,0,0
tmse,0.7,1,103,0.25,0.75,9.212304687500001,1.2816796875,1,13.205468749999998,3.9931640624999964,0,0,0,0
tmse,0.7,1,104,0.25,0.5,6.889843749999999,0.76609375,1,13.205468749999998,6.315624999999999,0,0,0,0
tmse,0.7,1,105,0.5,0.75,13.205468749999998,1.6223437500000002,1,13.205468749999998,0.0,1,1,1,1
tmse,0.7,1,106,0.25,1.0,11.206249999999999,1.87875,1,13.205468749999998,1.999218749999999,0,0,0,1
tmse,0.7,1,107,0.0,0.0,-1.05,-0.59,1,13.205468749999998,14.255468749999999,0,0,0,0
tmse,0.7,1,108,0.5,0.5,10.089374999999997,1.189375,1,13.205468749999998,3.116093750000001,0,0,0,0
tmse,0.7,1,109,0.75,0.25,7.777304687499998,1.7266796875000003,1,13.205468749999998,5.4281640625,0,0,0,0
tmse,0.7,1,110,0.25,0.75,9.212304687500001,1.2816796875,1,13.205468749999998,3.9931640624999964,0,0,0,0
tmse,0.7,1,111,0.25,0.75,9.212304687500001,1.2816796875,1,13.205468749999998,3.9931640624999964,0,0,0,0
tmse,0.7,1,112,0.5,1.0,15.885000000000002,2.205,0,13.205468749999998,-2.6795312500000037,0,0,0,0
tmse,0.7,1,113,0.0,1.0,4.930000000000001,2.1399999999999997,0,13.205468749999998,8.275468749999998,0,0,0,0
tmse,0.7,1,114,0.75,0.75,15.853242187500001,2.3913671875,0,13.205468749999998,-2.6477734375000033,0,0,0,0
tmse,0.7,1,115,0.5,0.5,10.089374999999997,1.189375,1,13.205468749999998,3.116093750000001,0,0,0,0
tmse,0.7,1,116,0.5,1.0,15.885000000000002,2.205,0,13.205468749999998,-2.6795312500000037,0,0,0,0
tmse,0.7,1,117,0.5,0.25,6.536718749999999,0.90609375,1,13.205468749999998,6.668749999999999,0,0,0,0
tmse,0.7,1,118,0.25,0.75,9.212304687500001,1.2816796875,1,13.205468749999998,3.9931640624999964,0,0,0,0
tmse,0.7,1,119,0.5,0.5,10.089374999999997,1.189375,1,13.205468749999998,3.116093750000001,0,0,0,0
tmse,0.7,1,120,0.0,0.75,3.8737500000000002,1.369375,1,13.205468749999998,9.331718749999997,0,0,0,0
tmse,0.7,1,121,0.25,0.75,9.212304687500001,1.2816796875,1,13.205468749999998,3.9931640624999964,0,0,0,0
tmse,0.7,1,122,0.75,0.75,15.853242187500001,2.3913671875,0,13.205468749999998,-2.6477734375000033,0,0,0,0
tmse,0.7,1,123,0.25,1.0,11.206249999999999,1.87875,1,13.205468749999998,1.999218749999999,0,0,0,1
tmse,0.7,1,124,0.25,0.75,9.212304687500001,1.2816796875,1,13.205468749999998,3.9931640624999964,0,0,0,0
tmse,0.7,1,125,0.25,0.75,9.212304687500001,1.2816796875,1,13.205468749999998,3.9931640624999964,0,0,0,0
tmse,0.7,1,126,0.75,0.25,7.777304687499998,1.7266796875000003,1,13.205468749999998,5.4281640625,0,0,0,0
tmse,0.7,1,127,0.5,0.5,10.089374999999997,1.189375,1,13.205468749999998,3.116093750000001,0,0,0,0
tmse,0.7,1,128,0.5,1.0,15.885000000000002,2.205,0,13.205468749999998,-2.6795312500000037,0,0,0,0
tmse,0.7,1,129,0.25,1.0,11.206249999999999,1.87875,1,13.205468749999998,1.999218749999999,0,0,0,1
tmse,0.7,1,130,0.5,0.5,10.089374999999997,1.189375,1,13.205468749999998,3.116093750000001,0,0,0,0
tmse,0.7,1,131,0.5,0.75,13.205468749999998,1.6223437500000002,1,13.205468749999998,0.0,1,1,1,1
tmse,0.7,1,132,0.25,0.75,9.212304687500001,1.2816796875,1,13.205468749999998,3.9931640624999964,0,0,0,0
tmse,0.7,1,133,0.5,0.75,13.205468749999998,1.6223437500000002,1,13.205468749999998,0.0,1,1,1,1
tmse,0.7,1,134,0.25,0.75,9.212304687500001,1.2816796875,1,13.205468749999998,3.9931640624999964,0,0,0,0
tmse,0.7,1,135,0.25,0.5,6.889843749999999,0.76609375,1,13.205468749999998,6.315624999999999,0,0,0,0
tmse,0.7,1,136,0.0,0.75,3.8737500000000002,1.369375,1,13.205468749999998,9.331718749999997,0,0,0,0
tmse,0.7,1,137,0.75,0.5,12.123593750000001,1.9273437500000001,1,13.205468749999998,1.0818749999999966,0,0,0,1
tmse,0.7,1,138,0.25,0.75,9.212304687500001,1.2816796875,1,13.205468749999998,3.9931640624999964,0,0,0,0
tmse,0.7,1,139,0.5,0.5,10.089374999999997,1.189375,1,13.205468749999998,3.116093750000001,0,0,0,0
tmse,0.7,1,140,0.75,0.5,12.123593750000001,1.9273437500000001,1,13.205468749999998,1.0818749999999966,0,0,0,1
tmse,0.7,1,141,0.25,1.0,11.206249999999999,1.87875,1,13.205468749999998,1.999218749999999,0,0,0,1
tmse,0.7,1,142,0.25,0.75,9.212304687500001,1.2816796875,1,13.205468749999998,3.9931640624999964,0,0,0,0
tmse,0.7,1,143,0.5,0.0,2.5475,0.7725000000000001,1,13.205468749999998,10.657968749999998,0,0,0,0
tmse,0.7,1,144,0.25,1.0,11.206249999999999,1.87875,1,13.205468749999998,1.999218749999999,0,0,0,1
tmse,0.7,1,145,0.5,0.75,13.205468749999998,1.6223437500000002,1,13.205468749999998,0.0,1,1,1,1
tmse,0.7,1,146,0.25,0.75,9.212304687500001,1.2816796875,1,13.205468749999998,3.9931640624999964,0,0,0,0
tmse,0.7,1,147,0.5,1.0,15.885000000000002,2.205,0,13.205468749999998,-2.6795312500000037,0,0,0,0
tmse,0.7,1,148,0.25,0.75,9.212304687500001,1.2816796875,1,13.205468749999998,3.9931640624999964,0,0,0,0
tmse,0.7,1,149,0.25,0.75,9.212304687500001,1.2816796875,1,13.205468749999998,3.9931640624999964,0,0,0,0
tmse,0.7,1,150,0.5,0.5,10.089374999999997,1.189375,1,13.205468749999998,3.116093750000001,0,0,0,0
tmse,0.7,1,151,0.5,0.5,10.089374999999997,1.189375,1,13.205468749999998,3.116093750000001,0,0,0,0
tmse,0.7,1,152,0.5,0.75,13.205468749999998,1.6223437500000002,1,13.205468749999998,0.0,1,1,1,1
tmse,0.7,1,153,0.75,0.75,15.853242187500001,2.3913671875,0,13.205468749999998,-2.6477734375000033,0,0,0,0
tmse,0.7,1,154,0.5,0.75,13.205468749999998,1.6223437500000002,1,13.205468749999998,0.0,1,1,1,1
tmse,0.7,1,155,0.75,0.5,12.123593750000001,1.9273437500000001,1,13.205468749999998,1.0818749999999966,0,0,0,1
tmse,0.7,1,156,0.75,0.5,12.123593750000001,1.9273437500000001,1,13.205468749999998,1.0818749999999966,0,0,0,1
tmse,0.7,1,157,0.0,0.0,-1.05,-0.59,1,13.205468749999998,14.255468749999999,0,0,0,0
tmse,0.7,1,158,0.5,0.75,13.205468749999998,1.6223437500000002,1,13.205468749999998,0.0,1,1,1,1
tmse,0.7,1,159,0.5,0.5,10.089374999999997,1.189375,1,13.205468749999998,3.116093750000001,0,0,0,0
tmse,0.7,1,160,0.5,0.5,10.089374999999997,1.189375,1,13.205468749999998,3.116093750000001,0,0,0,0
tmse,0.7,1,161,0.5,0.75,13.205468749999998,1.6223437500000002,1,13.205468749999998,0.0,1,1,1,1
tmse,0.7,1,162,0.25,0.25,4.2388671874999995,0.3319921875,1,13.205468749999998,8.9666015625,0,0,0,0
tmse,0.7,1,163,0.5,0.5,10.089374999999997,1.189375,1,13.205468749999998,3.116093750000001,0,0,0,0
tmse,0.7,1,164,0.75,0.25,7.777304687499998,1.7266796875000003,1,13.205468749999998,5.4281640625,0,0,0,0
tmse,0.7,1,165,0.5,0.5,10.089374999999997,1.189375,1,13.205468749999998,3.116093750000001,0,0,0,0
tmse,0.7,1,166,0.25,0.5,6.889843749999999,0.76609375,1,13.205468749999998,6.315624999999999,0,0,0,0
tmse,0.7,1,167,0.25,0.75,9.212304687500001,1.2816796875,1,13.205468749999998,3.9931640624999964,0,0,0,0
tmse,0.7,1,168,0.5,0.75,13.205468749999998,1.6223437500000002,1,13.205468749999998,0.0,1,1,1,1
tmse,0.7,1,169,0.5,0.5,10.089374999999997,1.189375,1,13.205468749999998,3.116093750000001,0,0,0,0
tmse,0.7,1,170,0.75,0.5,12.123593750000001,1.9273437500000001,1,13.205468749999998,1.0818749999999966,0,0,0,1
tmse,0.7,1,171,0.5,1.0,15.885000000000002,2.205,0,13.205468749999998,-2.6795312500000037,0,0,0,0
tmse,0.7,1,172,0.0,0.0,-1.05,-0.59,1,13.205468749999998,14.255468749999999,0,0,0,0
tmse,0.7,1,173,0.0,0.0,-1.05,-0.59,1,13.205468749999998,14.255468749999999,0,0,0,0
tmse,0.7,1,174,0.5,0.25,6.536718749999999,0.90609375,1,13.205468749999998,6.668749999999999,0,0,0,0
tmse,0.7,1,175,0.25,0.5,6.889843749999999,0.76609375,1,13.205468749999998,6.315624999999999,0,0,0,0
tmse,0.7,1,176,0.5,0.5,10.089374999999997,1.189375,1,13.205468749999998,3.116093750000001,0,0,0,0
tmse,0.7,1,177,0.25,0.75,9.212304687500001,1.2816796875,1,13.205468749999998,3.9931640624999964,0,0,0,0
tmse,0.7,1,178,0.25,0.75,9.212304687500001,1.2816796875,1,13.205468749999998,3.9931640624999964,0,0,0,0
tmse,0.7,1,179,0.5,0.75,13.205468749999998,1.6223437500000002,1,13.205468749999998,0.0,1,1,1,1
tmse,0.7,1,180,0.25,0.75,9.212304687500001,1.2816796875,1,13.205468749999998,3.9931640624999964,0,0,0,0
tmse,0.7,1,181,0.5,0.5,10.089374999999997,1.189375,1,13.205468749999998,3.116093750000001,0,0,0,0
tmse,0.7,1,182,0.25,1.0,11.206249999999999,1.87875,1,13.205468749999998,1.999218749999999,0,0,0,1
tmse,0.7,1,183,0.5,0.5,10.089374999999997,1.189375,1,13.205468749999998,3.116093750000001,0,0,0,0
tmse,0.7,1,184,0.25,0.75,9.212304687500001,1.2816796875,1,13.205468749999998,3.9931640624999964,0,0,0,0
tmse,0.7,1,185,0.75,0.25,7.777304687499998,1.7266796875000003,1,13.205468749999998,5.4281640625,0,0,0,0
tmse,0.7,1,186,0.75,0.25,7.777304687499998,1.7266796875000003,1,13.205468749999998,5.4281640625,0,0,0,0
tmse,0.7,1,187,0.5,0.75,13.205468749999998,1.6223437500000002,1,13.205468749999998,0.0,1,1,1,1
tmse,0.7,1,188,0.5,0.75,13.205468749999998,1.6223437500000002,1,13.205468749999998,0.0,1,1,1,1
tmse,0.7,1,189,0.5,0.75,13.205468749999998,1.6223437500000002,1,13.205468749999998,0.0,1,1,1,1
tmse,0.7,1,190,0.5,0.5,10.089374999999997,1.189375,1,13.205468749999998,3.116093750000001,0,0,0,0
tmse,0.7,1,191,0.5,0.75,13.205468749999998,1.6223437500000002,1,13.205468749999998,0.0,1,1,1,1
tmse,0.7,1,192,0.5,1.0,15.885000000000002,2.205,0,13.205468749999998,-2.6795312500000037,0,0,0,0
tmse,0.7,1,193,0.5,0.75,13.205468749999998,1.6223437500000002,1,13.205468749999998,0.0,1,1,1,1
tmse,0.7,1,194,0.25,0.75,9.212304687500001,1.2816796875,1,13.205468749999998,3.9931640624999964,0,0,0,0
tmse,0.7,1,195,0.5,0.75,13.205468749999998,1.6223437500000002,1,13.205468749999998,0.0,1,1,1,1
tmse,0.7,1,196,0.25,0.75,9.212304687500001,1.2816796875,1,13.205468749999998,3.9931640624999964,0,0,0,0
tmse,0.7,1,197,0.25,0.75,9.212304687500001,1.2816796875,1,13.205468749999998,3.9931640624999964,0,0,0,0
tmse,0.7,1,198,0.5,0.75,13.205468749999998,1.6223437500000002,1,13.205468749999998,0.0,1,1,1,1
tmse,0.7,1,199,0.5,0.25,6.536718749999999,0.90609375,1,13.205468749999998,6.668749999999999,0,0,0,0
tmse,0.8,0,0,0.25,0.25,3.1067187499999993,0.3319921875,1,7.6792187499999995,4.5725,0,0,0,0
tmse,0.8,0,1,0.25,0.25,3.1067187499999993,0.3319921875,1,7.6792187499999995,4.5725,0,0,0,0
tmse,0.8,0,2,0.0,0.25,1.9693749999999999,0.004374999999999976,1,7.6792187499999995,5.709843749999999,0,0,0,0
tmse,0.8,0,3,0.5,0.25,3.9499999999999997,0.90609375,1,7.6792187499999995,3.72921875,0,0,0,0
tmse,0.8,0,4,0.25,0.5,4.9174999999999995,0.76609375,1,7.6792187499999995,2.76171875,0,0,0,0
tmse,0.8,0,5,0.25,0.75,7.6792187499999995,1.2816796875,1,7.6792187499999995,0.0,1,1,1,1
tmse,0.8,0,6,0.0,0.5,3.4974999999999996,0.6575,1,7.6792187499999995,4.18171875,0,0,0,0
tmse,0.8,0,7,0.0,0.75,5.9643749999999995,1.369375,1,7.6792187499999995,1.71484375,0,0,0,1
tmse,0.8,0,8,0.5,0.0,2.8075,0.7725000000000001,1,7.6792187499999995,4.871718749999999,0,0,0,0
tmse,0.8,0,9,0.5,0.0,2.8075,0.7725000000000001,1,7.6792187499999995,4.871718749999999,0,0,0,0
tmse,0.8,0,10,0.25,0.75,7.6792187499999995,1.2816796875,1,7.6792187499999995,0.0,1,1,1,1
tmse,0.8,0,11,0.5,0.5,6.08,1.189375,1,7.6792187499999995,1.5992187499999995,0,0,0,1
tmse,0.8,0,12,0.25,0.75,7.6792187499999995,1.2816796875,1,7.6792187499999995,0.0,1,1,1,1
tmse,0.8,0,13,0.0,0.0,1.38,-0.59,1,7.6792187499999995,6.29921875,0,0,0,0
tmse,0.8,0,14,0.25,1.0,11.391874999999999,1.87875,0,7.6792187499999995,-3.7126562499999993,0,0,0,0
tmse,0.8,0,15,0.25,0.75,7.6792187499999995,1.2816796875,1,7.6792187499999995,0.0,1,1,1,1
tmse,0.8,0,16,0.25,0.5,4.9174999999999995,0.76609375,1,7.6792187499999995,2.76171875,0,0,0,0
tmse,0.8,0,17,0.0,0.75,5.9643749999999995,1.369375,1,7.6792187499999995,1.71484375,0,0,0,1
tmse,0.8,0,18,0.0,0.5,3.4974999999999996,0.6575,1,7.6792187499999995,4.18171875,0,0,0,0
tmse,0.8,0,19,0.25,0.5,4.9174999999999995,0.76609375,1,7.6792187499999995,2.76171875,0,0,0,0
tmse,0.8,0,20,0.25,0.75,7.6792187499999995,1.2816796875,1,7.6792187499999995,0.0,1,1,1,1
tmse,0.8,0,21,0.0,0.0,1.38,-0.59,1,7.6792187499999995,6.29921875,0,0,0,0
tmse,0.8,0,22,0.0,0.5,3.4974999999999996,0.6575,1,7.6792187499999995,4.18171875,0,0,0,0
tmse,0.8,0,23,0.25,0.75,7.6792187499999995,1.2816796875,1,7.6792187499999995,0.0,1,1,1,1
tmse,0.8,0,24,0.5,1.0,13.302500000000002,2.205,0,7.6792187499999995,-5.6232812500000025,0,0,0,0
tmse,0.8,0,25,0.25,0.25,3.1067187499999993,0.3319921875,1,7.6792187499999995,4.5725,0,0,0,0
tmse,0.8,0,26,0.0,0.0,1.38,-0.59,1,7.6792187499999995,6.29921875,0,0,0,0
tmse,0.8,0,27,0.25,0.25,3.1067187499999993,0.3319921875,1,7.6792187499999995,4.5725,0,0,0,0
tmse,0.8,0,28,0.25,0.5,4.9174999999999995,0.76609375,1,7.6792187499999995,2.76171875,0,0,0,0
tmse,0.8,0,29,0.25,0.5,4.9174999999999995,0.76609375,1,7.6792187499999995,2.76171875,0,0,0,0
tmse,0.8,0,30,0.5,0.0,2.8075,0.7725000000000001,1,7.6792187499999995,4.871718749999999,0,0,0,0
tmse,0.8,0,31,0.25,0.75,7.6792187499999995,1.2816796875,1,7.6792187499999995,0.0,1,1,1,1
tmse,0.8,0,32,0.25,0.25,3.1067187499999993,0.3319921875,1,7.6792187499999995,4.5725,0,0,0,0
tmse,0.8,0,33,0.0,0.5,3.4974999999999996,0.6575,1,7.6792187499999995,4.18171875,0,0,0,0
tmse,0.8,0,34,0.0,0.0,1.38,-0.59,1,7.6792187499999995,6.29921875,0,0,0,0
tmse,0.8,0,35,0.5,0.75,9.1975,1.6223437500000002,0,7.6792187499999995,-1.5182812500000002,0,0,0,0
tmse,0.8,0,36,0.5,0.25,3.9499999999999997,0.90609375,1,7.6792187499999995,3.72921875,0,0,0,0
tmse,0.8,0,37,0.25,1.0,11.391874999999999,1.87875,0,7.6792187499999995,-3.7126562499999993,0,0,0,0
tmse,0.8,0,38,0.0,0.5,3.4974999999999996,0.6575,1,7.6792187499999995,4.18171875,0,0,0,0
tmse,0.8,0,39,0.25,0.5,4.9174999999999995,0.76609375,1,7.6792187499999995,2.76171875,0,0,0,0
tmse,0.8,0,40,0.0,0.75,5.9643749999999995,1.369375,1,7.6792187499999995,1.71484375,0,0,0,1
tmse,0.8,0,41,0.5,0.25,3.9499999999999997,0.90609375,1,7.6792187499999995,3.72921875,0,0,0,0
tmse,0.8,0,42,0.0,0.0,1.38,-0.59,1,7.6792187499999995,6.29921875,0,0,0,0
tmse,0.8,0,43,0.0,0.5,3.4974999999999996,0.6575,1,7.6792187499999995,4.18171875,0,0,0,0
tmse,0.8,0,44,0.5,0.5,6.08,1.189375,1,7.6792187499999995,1.5992187499999995,0,0,0,1
tmse,0.8,0,45,0.0,0.5,3.4974999999999996,0.6575,1,7.6792187499999995,4.18171875,0,0,0,0
tmse,0.8,0,46,0.5,0.0,2.8075,0.7725000000000001,1,7.6792187499999995,4.871718749999999,0,0,0,0
tmse,0.8,0,47,0.25,0.75,7.6792187499999995,1.2816796875,1,7.6792187499999995,0.0,1,1,1,1
tmse,0.8,0,48,0.25,0.5,4.9174999999999995,0.76609375,1,7.6792187499999995,2.76171875,0,0,0,0
tmse,0.8,0,49,0.0,0.5,3.4974999999999996,0.6575,1,7.6792187499999995,4.18171875,0,0,0,0
tmse,0.8,0,50,0.5,0.25,3.9499999999999997,0.90609375,1,7.6792187499999995,3.72921875,0,0,0,0
tmse,0.8,0,51,0.0,0.5,3.4974999999999996,0.6575,1,7.6792187499999995,4.18171875,0,0,0,0
tmse,0.8,0,52,0.25,0.5,4.9174999999999995,0.76609375,1,7.6792187499999995,2.76171875,0,0,0,0
tmse,0.8,0,53,0.0,0.5,3.4974999999999996,0.6575,1,7.6792187499999995,4.18171875,0,0,0,0
tmse,0.8,0,54,0.0,0.0,1.38,-0.59,1,7.6792187499999995,6.29921875,0,0,0,0
tmse,0.8,0,55,0.25,0.75,7.6792187499999995,1.2816796875,1,7.6792187499999995,0.0,1,1,1,1
tmse,0.8,0,56,0.25,0.0,2.2468749999999997,-0.02062499999999995,1,7.6792187499999995,5.432343749999999,0,0,0,0
tmse,0.8,0,57,0.5,0.5,6.08,1.189375,1,7.6792187499999995,1.5992187499999995,0,0,0,1
tmse,0.8,0,58,0.0,0.75,5.9643749999999995,1.369375,1,7.6792187499999995,1.71484375,0,0,0,1
tmse,0.8,0,59,0.25,0.5,4.9174999999999995,0.76609375,1,7.6792187499999995,2.76171875,0,0,0,0
tmse,0.8,0,60,0.0,0.0,1.38,-0.59,1,7.6792187499999995,6.29921875,0,0,0,0
tmse,0.8,0,61,0.25,0.5,4.9174999999999995,0.76609375,1,7.6792187499999995,2.76171875,0,0,0,0
tmse,0.8,0,62,0.25,0.5,4.9174999999999995,0.76609375,1,7.6792187499999995,2.76171875,0,0,0,0
tmse,0.8,0,63,0.0,0.25,1.9693749999999999,0.004374999999999976,1,7.6792187499999995,5.709843749999999,0,0,0,0
tmse,0.8,0,64,0.5,0.25,3.9499999999999997,0.90609375,1,7.6792187499999995,3.72921875,0,0,0,0
tmse,0.8,0,65,0.25,0.5,4.9174999999999995,0.76609375,1,7.6792187499999995,2.76171875,0,0,0,0
tmse,0.8,0,66,0.0,0.0,1.38,-0.59,1,7.6792187499999995,6.29921875,0,0,0,0
tmse,0.8,0,67,0.25,0.5,4.9174999999999995,0.76609375,1,7.6792187499999995,2.76171875,0,0,0,0
tmse,0.8,0,68,0.25,0.5,4.9174999999999995,0.76609375,1,7.6792187499999995,2.76171875,0,0,0,0
tmse,0.8,0,69,0.5,0.75,9.1975,1.6223437500000002,0,7.6792187499999995,-1.5182812500000002,0,0,0,0
tmse,0.8,0,70,0.25,0.5,4.9174999999999995,0.76609375,1,7.6792187499999995,2.76171875,0,0,0,0
tmse,0.8,0,71,0.25,0.25,3.1067187499999993,0.3319921875,1,7.6792187499999995,4.5725,0,0,0,0
tmse,0.8,0,72,0.0,0.75,5.9643749999999995,1.369375,1,7.6792187499999995,1.71484375,0,0,0,1
tmse,0.8,0,73,0.25,0.0,2.2468749999999997,-0.02062499999999995,1,7.6792187499999995,5.432343749999999,0,0,0,0
tmse,0.8,0,74,0.25,0.5,4.9174999999999995,0.76609375,1,7.6792187499999995,2.76171875,0,0,0,0
tmse,0.8,0,75,0.0,0.0,1.38,-0.59,1,7.6792187499999995,6.29921875,0,0,0,0
tmse,0.8,0,76,0.25,0.25,3.1067187499999993,0.3319921875,1,7.6792187499999995,4.5725,0,0,0,0
tmse,0.8,0,77,0.25,0.5,4.9174999999999995,0.76609375,1,7.6792187499999995,2.76171875,0,0,0,0
tmse,0.8,0,78,0.0,0.0,1.38,-0.59,1,7.6792187499999995,6.29921875,0,0,0,0
tmse,0.8,0,79,0.25,0.0,2.2468749999999997,-0.02062499999999995,1,7.6792187499999995,5.432343749999999,0,0,0,0
tmse,0.8,0,80,0.5,0.25,3.9499999999999997,0.90609375,1,7.6792187499999995,3.72921875,0,0,0,0
tmse,0.8,0,81,0.25,0.0,2.2468749999999997,-0.02062499999999995,1,7.6792187499999995,5.432343749999999,0,0,0,0
tmse,0.8,0,82,0.5,0.0,2.8075,0.7725000000000001,1,7.6792187499999995,4.871718749999999,0,0,0,0
tmse,0.8,0,83,0.25,0.75,7.6792187499999995,1.2816796875,1,7.6792187499999995,0.0,1,1,1,1
tmse,0.8,0,84,0.25,0.25,3.1067187499999993,0.3319921875,1,7.6792187499999995,4.5725,0,0,0,0
tmse,0.8,0,85,0.25,0.5,4.9174999999999995,0.76609375,1,7.6792187499999995,2.76171875,0,0,0,0
tmse,0.8,0,86,0.25,0.75,7.6792187499999995,1.2816796875,1,7.6792187499999995,0.0,1,1,1,1
tmse,0.8,0,87,0.25,0.75,7.6792187499999995,1.2816796875,1,7.6792187499999995,0.0,1,1,1,1
tmse,0.8,0,88,0.5,0.0,2.8075,0.7725000000000001,1,7.6792187499999995,4.871718749999999,0,0,0,0
tmse,0.8,0,89,0.5,0.25,3.9499999999999997,0.90609375,1,7.6792187499999995,3.72921875,0,0,0,0
tmse,0.8,0,90,0.0,0.5,3.4974999999999996,0.6575,1,7.6792187499999995,4.18171875,0,0,0,0
tmse,0.8,0,91,0.5,0.0,2.8075,0.7725000000000001,1,7.6792187499999995,4.871718749999999,0,0,0,0
tmse,0.8,0,92,0.0,0.25,1.9693749999999999,0.004374999999999976,1,7.6792187499999995,5.709843749999999,0,0,0,0
tmse,0.8,0,93,0.25,0.5,4.9174999999999995,0.76609375,1,7.6792187499999995,2.76171875,0,0,0,0
tmse,0.8,0,94,0.5,0.25,3.9499999999999997,0.90609375,1,7.6792187499999995,3.72921875,0,0,0,0
tmse,0.8,0,95,0.0,0.25,1.9693749999999999,0.004374999999999976,1,7.6792187499999995,5.709843749999999,0,0,0,0
tmse,0.8,0,96,0.0,0.5,3.4974999999999996,0.6575,1,7.6792187499999995,4.18171875,0,0,0,0
tmse,0.8,0,97,0.25,0.75,7.6792187499999995,1.2816796875,1,7.6792187499999995,0.0,1,1,1,1
tmse,0.8,0,98,0.25,0.25,3.1067187499999993,0.3319921875,1,7.6792187499999995,4.5725,0,0,0,0
tmse,0.8,0,99,0.25,0.25,3.1067187499999993,0.3319921875,1,7.6792187499999995,4.5725,0,0,0,0
tmse,0.8,0,100,0.0,0.25,1.9693749999999999,0.004374999999999976,1,7.6792187499999995,5.709843749999999,0,0,0,0
tmse,0.8,0,101,0.0,0.0,1.38,-0.59,1,7.6792187499999995,6.29921875,0,0,0,0
tmse,0.8,0,102,0.0,0.5,3.4974999999999996,0.6575,1,7.6792187499999995,4.18171875,0,0,0,0
tmse,0.8,0,103,0.5,0.25,3.9499999999999997,0.90609375,1,7.6792187499999995,3.72921875,0,0,0,0
tmse,0.8,0,104,0.0,0.25,1.9693749999999999,0.004374999999999976,1,7.6792187499999995,5.709843749999999,0,0,0,0
tmse,0.8,0,105,0.25,0.5,4.9174999999999995,0.76609375,1,7.6792187499999995,2.76171875,0,0,0,0
tmse,0.8,0,106,0.5,0.25,3.9499999999999997,0.90609375,1,7.6792187499999995,3.72921875,0,0,0,0
tmse,0.8,0,107,0.0,0.0,1.38,-0.59,1,7.6792187499999995,6.29921875,0,0,0,0
tmse,0.8,0,108,0.0,0.0,1.38,-0.59,1,7.6792187499999995,6.29921875,0,0,0,0
tmse,0.8,0,109,0.0,0.5,3.4974999999999996,0.6575,1,7.6792187499999995,4.18171875,0,0,0,0
tmse,0.8,0,110,0.25,0.5,4.9174999999999995,0.76609375,1,7.6792187499999995,2.76171875,0,0,0,0
tmse,0.8,0,111,0.25,0.25,3.1067187499999993,0.3319921875,1,7.6792187499999995,4.5725,0,0,0,0
tmse,0.8,0,112,0.0,0.5,3.4974999999999996,0.6575,1,7.6792187499999995,4.18171875,0,0,0,0
tmse,0.8,0,113,0.0,0.5,3.4974999999999996,0.6575,1,7.6792187499999995,4.18171875,0,0,0,0
tmse,0.8,0,114,0.0,0.25,1.9693749999999999,0.004374999999999976,1,7.6792187499999995,5.709843749999999,0,0,0,0
tmse,0.8,0,115,0.5,0.25,3.9499999999999997,0.90609375,1,7.6792187499999995,3.72921875,0,0,0,0
tmse,0.8,0,116,0.25,1.0,11.391874999999999,1.87875,0,7.6792187499999995,-3.7126562499999993,0,0,0,0
tmse,0.8,0,117,0.25,0.75,7.6792187499999995,1.2816796875,1,7.6792187499999995,0.0,1,1,1,1
tmse,0.8,0,118,0.25,0.75,7.6792187499999995,1.2816796875,1,7.6792187499999995,0.0,1,1,1,1
tmse,0.8,0,119,0.25,0.5,4.9174999999999995,0.76609375,1,7.6792187499999995,2.76171875,0,0,0,0
tmse,0.8,0,120,0.25,0.75,7.6792187499999995,1.2816796875,1,7.6792187499999995,0.0,1,1,1,1
tmse,0.8,0,121,0.25,0.25,3.1067187499999993,0.3319921875,1,7.6792187499999995,4.5725,0,0,0,0
tmse,0.8,0,122,0.75,0.0,3.0618749999999992,1.7893750000000002,0,7.6792187499999995,4.61734375,0,0,0,0
tmse,0.8,0,123,0.25,0.0,2.2468749999999997,-0.02062499999999995,1,7.6792187499999995,5.432343749999999,0,0,0,0
tmse,0.8,0,124,0.25,0.0,2.2468749999999997,-0.02062499999999995,1,7.6792187499999995,5.432343749999999,0,0,0,0
tmse,0.8,0,125,0.25,0.5,4.9174999999999995,0.76609375,1,7.6792187499999995,2.76171875,0,0,0,0
tmse,0.8,0,126,0.0,0.0,1.38,-0.59,1,7.6792187499999995,6.29921875,0,0,0,0
tmse,0.8,0,127,0.25,0.5,4.9174999999999995,0.76609375,1,7.6792187499999995,2.76171875,0,0,0,0
tmse,0.8,0,128,0.5,0.0,2.8075,0.7725000000000001,1,7.6792187499999995,4.871718749999999,0,0,0,0
tmse,0.8,0,129,0.0,0.0,1.38,-0.59,1,7.6792187499999995,6.29921875,0,0,0,0
tmse,0.8,0,130,0.0,0.5,3.4974999999999996,0.6575,1,7.6792187499999995,4.18171875,0,0,0,0
tmse,0.8,0,131,0.0,1.0,9.37,2.1399999999999997,0,7.6792187499999995,-1.6907812499999997,0,0,0,0
tmse,0.8,0,132,0.5,0.25,3.9499999999999997,0.90609375,1,7.6792187499999995,3.72921875,0,0,0,0
tmse,0.8,0,133,0.0,0.5,3.4974999999999996,0.6575,1,7.6792187499999995,4.18171875,0,0,0,0
tmse,0.8,0,134,0.25,0.5,4.9174999999999995,0.76609375,1,7.6792187499999995,2.76171875,0,0,0,0
tmse,0.8,0,135,0.0,0.25,1.9693749999999999,0.004374999999999976,1,7.6792187499999995,5.709843749999999,0,0,0,0
tmse,0.8,0,136,0.0,0.5,3.4974999999999996,0.6575,1,7.6792187499999995,4.18171875,0,0,0,0
tmse,0.8,0,137,0.25,0.0,2.2468749999999997,-0.02062499999999995,1,7.6792187499999995,5.432343749999999,0,0,0,0
tmse,0.8,0,138,0.25,0.5,4.9174999999999995,0.76609375,1,7.6792187499999995,2.76171875,0,0,0,0
tmse,0.8,0,139,0.25,0.5,4.9174999999999995,0.76609375,1,7.6792187499999995,2.76171875,0,0,0,0
tmse,0.8,0,140,0.0,0.0,1.38,-0.59,1,7.6792187499999995,6.29921875,0,0,0,0
tmse,0.8,0,141,0.25,0.25,3.1067187499999993,0.3319921875,1,7.6792187499999995,4.5725,0,0,0,0
tmse,0.8,0,142,0.25,0.5,4.9174999999999995,0.76609375,1,7.6792187499999995,2.76171875,0,0,0,0
tmse,0.8,0,143,0.5,0.0,2.8075,0.7725000000000001,1,7.6792187499999995,4.871718749999999,0,0,0,0
tmse,0.8,0,144,0.0,0.0,1.38,-0.59,1,7.6792187499999995,6.29921875,0,0,0,0
tmse,0.8,0,145,0.25,0.5,4.9174999999999995,0.76609375,1,7.6792187499999995,2.76171875,0,0,0,0
tmse,0.8,0,146,0.0,0.5,3.4974999999999996,0.6575,1,7.6792187499999995,4.18171875,0,0,0,0
tmse,0.8,0,147,0.0,0.5,3.4974999999999996,0.6575,1,7.6792187499999995,4.18171875,0,0,0,0
tmse,0.8,0,148,0.25,0.5,4.9174999999999995,0.76609375,1,7.6792187499999995,2.76171875,0,0,0,0
tmse,0.8,0,149,0.0,0.25,1.9693749999999999,0.004374999999999976,1,7.6792187499999995,5.709843749999999,0,0,0,0
tmse,0.8,0,150,0.0,0.25,1.9693749999999999,0.004374999999999976,1,7.6792187499999995,5.709843749999999,0,0,0,0
tmse,0.8,0,151,0.25,0.5,4.9174999999999995,0.76609375,1,7.6792187499999995,2.76171875,0,0,0,0
tmse,0.8,0,152,0.25,1.0,11.391874999999999,1.87875,0,7.6792187499999995,-3.7126562499999993,0,0,0,0
tmse,0.8,0,153,0.0,0.0,1.38,-0.59,1,7.6792187499999995,6.29921875,0,0,0,0
tmse,0.8,0,154,0.25,0.5,4.9174999999999995,0.76609375,1,7.6792187499999995,2.76171875,0,0,0,0
tmse,0.8,0,155,0.5,0.25,3.9499999999999997,0.90609375,1,7.6792187499999995,3.72921875,0,0,0,0
tmse,0.8,0,156,0.25,0.25,3.1067187499999993,0.3319921875,1,7.6792187499999995,4.5725,0,0,0,0
tmse,0.8,0,157,0.0,0.25,1.9693749999999999,0.004374999999999976,1,7.6792187499999995,5.709843749999999,0,0,0,0
tmse,0.8,0,158,0.5,0.25,3.9499999999999997,0.90609375,1,7.6792187499999995,3.72921875,0,0,0,0
tmse,0.8,0,159,0.5,0.5,6.08,1.189375,1,7.6792187499999995,1.5992187499999995,0,0,0,1
tmse,0.8,0,160,0.5,0.25,3.9499999999999997,0.90609375,1,7.6792187499999995,3.72921875,0,0,0,0
tmse,0.8,0,161,0.0,0.25,1.9693749999999999,0.004374999999999976,1,7.6792187499999995,5.709843749999999,0,0,0,0
tmse,0.8,0,162,0.25,0.25,3.1067187499999993,0.3319921875,1,7.6792187499999995,4.5725,0,0,0,0
tmse,0.8,0,163,0.25,0.0,2.2468749999999997,-0.02062499999999995,1,7.6792187499999995,5.432343749999999,0,0,0,0
tmse,0.8,0,164,0.25,0.25,3.1067187499999993,0.3319921875,1,7.6792187499999995,4.5725,0,0,0,0
tmse,0.8,0,165,0.25,0.5,4.9174999999999995,0.76609375,1,7.6792187499999995,2.76171875,0,0,0,0
tmse,0.8,0,166,0.0,0.0,1.38,-0.59,1,7.6792187499999995,6.29921875,0,0,0,0
tmse,0.8,0,167,0.25,0.25,3.1067187499999993,0.3319921875,1,7.6792187499999995,4.5725,0,0,0,0
tmse,0.8,0,168,0.0,0.5,3.4974999999999996,0.6575,1,7.6792187499999995,4.18171875,0,0,0,0
tmse,0.8,0,169,0.0,0.25,1.9693749999999999,0.004374999999999976,1,7.6792187499999995,5.709843749999999,0,0,0,0
tmse,0.8,0,170,0.0,0.5,3.4974999999999996,0.6575,1,7.6792187499999995,4.18171875,0,0,0,0
tmse,0.8,0,171,0.0,0.5,3.4974999999999996,0.6575,1,7.6792187499999995,4.18171875,0,0,0,0
tmse,0.8,0,172,0.0,0.5,3.4974999999999996,0.6575,1,7.6792187499999995,4.18171875,0,0,0,0
tmse,0.8,0,173,0.0,0.5,3.4974999999999996,0.6575,1,7.6792187499999995,4.18171875,0,0,0,0
tmse,0.8,0,174,0.25,0.5,4.9174999999999995,0.76609375,1,7.6792187499999995,2.76171875,0,0,0,0
tmse,0.8,0,175,0.25,0.5,4.9174999999999995,0.76609375,1,7.6792187499999995,2.76171875,0,0,0,0
tmse,0.8,0,176,0.5,0.5,6.08,1.189375,1,7.6792187499999995,1.5992187499999995,0,0,0,1
tmse,0.8,0,177,0.0,0.25,1.9693749999999999,0.004374999999999976,1,7.6792187499999995,5.709843749999999,0,0,0,0
tmse,0.8,0,178,0.25,0.5,4.9174999999999995,0.76609375,1,7.6792187499999995,2.76171875,0,0,0,0
tmse,0.8,0,179,0.0,0.25,1.9693749999999999,0.004374999999999976,1,7.6792187499999995,5.709843749999999,0,0,0,0
tmse,0.8,0,180,0.5,0.25,3.9499999999999997,0.90609375,1,7.6792187499999995,3.72921875,0,0,0,0
tmse,0.8,0,181,0.5,0.5,6.08,1.189375,1,7.6792187499999995,1.5992187499999995,0,0,0,1
tmse,0.8,0,182,0.0,0.75,5.9643749999999995,1.369375,1,7.6792187499999995,1.71484375,0,0,0,1
tmse,0.8,0,183,0.0,0.0,1.38,-0.59,1,7.6792187499999995,6.29921875,0,0,0,0
tmse,0.8,0,184,0.25,0.25,3.1067187499999993,0.3319921875,1,7.6792187499999995,4.5725,0,0,0,0
tmse,0.8,0,185,0.0,0.5,3.4974999999999996,0.6575,1,7.6792187499999995,4.18171875,0,0,0,0
tmse,0.8,0,186,0.0,0.0,1.38,-0.59,1,7.6792187499999995,6.29921875,0,0,0,0
tmse,0.8,0,187,0.25,0.25,3.1067187499999993,0.3319921875,1,7.6792187499999995,4.5725,0,0,0,0
tmse,0.8,0,188,0.5,0.25,3.9499999999999997,0.90609375,1,7.6792187499999995,3.72921875,0,0,0,0
tmse,0.8,0,189,0.25,0.5,4.9174999999999995,0.76609375,1,7.6792187499999995,2.76171875,0,0,0,0
tmse,0.8,0,190,0.5,0.25,3.9499999999999997,0.90609375,1,7.6792187499999995,3.72921875,0,0,0,0
tmse,0.8,0,191,0.0,0.75,5.9643749999999995,1.369375,1,7.6792187499999995,1.71484375,0,0,0,1
tmse,0.8,0,192,0.25,0.75,7.6792187499999995,1.2816796875,1,7.6792187499999995,0.0,1,1,1,1
tmse,0.8,0,193,0.5,0.25,3.9499999999999997,0.90609375,1,7.6792187499999995,3.72921875,0,0,0,0
tmse,0.8,0,194,0.0,0.5,3.4974999999999996,0.6575,1,7.6792187499999995,4.18171875,0,0,0,0
tmse,0.8,0,195,0.0,0.5,3.4974999999999996,0.6575,1,7.6792187499999995,4.18171875,0,0,0,0
tmse,0.8,0,196,0.25,0.5,4.9174999999999995,0.76609375,1,7.6792187499999995,2.76171875,0,0,0,0
tmse,0.8,0,197,0.5,0.0,2.8075,0.7725000000000001,1,7.6792187499999995,4.871718749999999,0,0,0,0
tmse,0.8,0,198,0.25,0.0,2.2468749999999997,-0.02062499999999995,1,7.6792187499999995,5.432343749999999,0,0,0,0
tmse,0.8,0,199,0.25,0.25,3.1067187499999993,0.3319921875,1,7.6792187499999995,4.5725,0,0,0,0
tmse,0.8,1,0,0.5,0.25,6.536718749999999,0.90609375,1,13.205468749999998,6.668749999999999,0,0,0,0
tmse,0.8,1,1,0.25,1.0,11.206249999999999,1.87875,1,13.205468749999998,1.999218749999999,0,0,0,1
tmse,0.8,1,2,0.25,0.5,6.889843749999999,0.76609375,1,13.205468749999998,6.315624999999999,0,0,0,0
tmse,0.8,1,3,0.5,0.75,13.205468749999998,1.6223437500000002,1,13.205468749999998,0.0,1,1,1,1
tmse,0.8,1,4,0.25,0.5,6.889843749999999,0.76609375,1,13.205468749999998,6.315624999999999,0,0,0,0
tmse,0.8,1,5,0.25,1.0,11.206249999999999,1.87875,1,13.205468749999998,1.999218749999999,0,0,0,1
tmse,0.8,1,6,0.25,0.25,4.2388671874999995,0.3319921875,1,13.205468749999998,8.9666015625,0,0,0,0
tmse,0.8,1,7,0.5,0.5,10.089374999999997,1.189375,1,13.205468749999998,3.116093750000001,0,0,0,0
tmse,0.8,1,8,0.5,0.5,10.089374999999997,1.189375,1,13.205468749999998,3.116093750000001,0,0,0,0
tmse,0.8,1,9,0.25,0.75,9.212304687500001,1.2816796875,1,13.205468749999998,3.9931640624999964,0,0,0,0
tmse,0.8,1,10,0.25,1.0,11.206249999999999,1.87875,1,13.205468749999998,1.999218749999999,0,0,0,1
tmse,0.8,1,11,0.5,0.75,13.205468749999998,1.6223437500000002,1,13.205468749999998,0.0,1,1,1,1
tmse,0.8,1,12,0.25,0.75,9.212304687500001,1.2816796875,1,13.205468749999998,3.9931640624999964,0,0,0,0
tmse,0.8,1,13,0.5,0.25,6.536718749999999,0.90609375,1,13.205468749999998,6.668749999999999,0,0,0,0
tmse,0.8,1,14,0.25,0.75,9.212304687500001,1.2816796875,1,13.205468749999998,3.9931640624999964,0,0,0,0
tmse,0.8,1,15,0.25,0.75,9.212304687500001,1.2816796875,1,13.205468749999998,3.9931640624999964,0,0,0,0
tmse,0.8,1,16,0.5,0.5,10.089374999999997,1.189375,1,13.205468749999998,3.116093750000001,0,0,0,0
tmse,0.8,1,17,0.5,0.75,13.205468749999998,1.6223437500000002,1,13.205468749999998,0.0,1,1,1,1
tmse,0.8,1,18,0.25,0.75,9.212304687500001,1.2816796875,1,13.205468749999998,3.9931640624999964,0,0,0,0
tmse,0.8,1,19,0.0,1.0,4.930000000000001,2.1399999999999997,0,13.205468749999998,8.275468749999998,0,0,0,0
tmse,0.8,1,20,0.5,0.5,10.089374999999997,1.189375,1,13.205468749999998,3.116093750000001,0,0,0,0
tmse,0.8,1,21,0.0,0.0,-1.05,-0.59,1,13.205468749999998,14.255468749999999,0,0,0,0
tmse,0.8,1,22,0.5,0.0,2.5475,0.7725000000000001,1,13.205468749999998,10.657968749999998,0,0,0,0
tmse,0.8,1,23,0.5,0.75,13.205468749999998,1.6223437500000002,1,13.205468749999998,0.0,1,1,1,1
tmse,0.8,1,24,0.75,0.25,7.777304687499998,1.7266796875000003,1,13.205468749999998,5.4281640625,0,0,0,0
tmse,0.8,1,25,0.5,0.25,6.536718749999999,0.90609375,1,13.205468749999998,6.668749999999999,0,0,0,0
tmse,0.8,1,26,0.25,0.75,9.212304687500001,1.2816796875,1,13.205468749999998,3.9931640624999964,0,0,0,0
tmse,0.8,1,27,0.5,0.25,6.536718749999999,0.90609375,1,13.205468749999998,6.668749999999999,0,0,0,0
tmse,0.8,1,28,0.25,1.0,11.206249999999999,1.87875,1,13.205468749999998,1.999218749999999,0,0,0,1
tmse,0.8,1,29,0.25,0.5,6.889843749999999,0.76609375,1,13.205468749999998,6.315624999999999,0,0,0,0
tmse,0.8,1,30,0.5,0.5,10.089374999999997,1.189375,1,13.205468749999998,3.116093750000001,0,0,0,0
tmse,0.8,1,31,0.5,0.5,10.089374999999997,1.189375,1,13.205468749999998,3.116093750000001,0,0,0,0
tmse,0.8,1,32,0.75,0.25,7.777304687499998,1.7266796875000003,1,13.205468749999998,5.4281640625,0,0,0,0
tmse,0.8,1,33,0.25,0.5,6.889843749999999,0.76609375,1,13.205468749999998,6.315624999999999,0,0,0,0
tmse,0.8,1,34,0.5,0.5,10.089374999999997,1.189375,1,13.205468749999998,3.116093750000001,0,0,0,0
tmse,0.8,1,35,0.25,0.75,9.212304687500001,1.2816796875,1,13.205468749999998,3.9931640624999964,0,0,0,0
tmse,0.8,1,36,0.25,1.0,11.206249999999999,1.87875,1,13.205468749999998,1.999218749999999,0,0,0,1
tmse,0.8,1,37,0.25,0.75,9.212304687500001,1.2816796875,1,13.205468749999998,3.9931640624999964,0,0,0,0
tmse,0.8,1,38,0.25,0.75,9.212304687500001,1.2816796875,1,13.205468749999998,3.9931640624999964,0,0,0,0
tmse,0.8,1,39,0.25,0.5,6.889843749999999,0.76609375,1,13.205468749999998,6.315624999999999,0,0,0,0
tmse,0.8,1,40,0.5,1.0,15.885000000000002,2.205,0,13.205468749999998,-2.6795312500000037,0,0,0,0
tmse,0.8,1,41,0.25,0.75,9.212304687500001,1.2816796875,1,13.205468749999998,3.9931640624999964,0,0,0,0
tmse,0.8,1,42,0.0,0.0,-1.05,-0.59,1,13.205468749999998,14.255468749999999,0,0,0,0
tmse,0.8,1,43,0.25,0.75,9.212304687500001,1.2816796875,1,13.205468749999998,3.9931640624999964,0,0,0,0
tmse,0.8,1,44,0.25,0.75,9.212304687500001,1.2816796875,1,13.205468749999998,3.9931640624999964,0,0,0,0
tmse,0.8,1,45,0.0,0.0,-1.05,-0.59,1,13.205468749999998,14.255468749999999,0,0,0,0
tmse,0.8,1,46,0.25,0.75,9.212304687500001,1.2816796875,1,13.205468749999998,3.9931640624999964,0,0,0,0
tmse,0.8,1,47,0.5,0.25,6.536718749999999,0.90609375,1,13.205468749999998,6.668749999999999,0,0,0,0
tmse,0.8,1,48,0.5,0.75,13.205468749999998,1.6223437500000002,1,13.205468749999998,0.0,1,1,1,1
tmse,0.8,1,49,0.25,0.5,6.889843749999999,0.76609375,1,13.205468749999998,6.315624999999999,0,0,0,0
tmse,0.8,1,50,0.5,0.5,10.089374999999997,1.189375,1,13.205468749999998,3.116093750000001,0,0,0,0
tmse,0.8,1,51,0.25,0.75,9.212304687500001,1.2816796875,1,13.205468749999998,3.9931640624999964,0,0,0,0
tmse,0.8,1,52,0.5,0.5,10.089374999999997,1.189375,1,13.205468749999998,3.116093750000001,0,0,0,0
tmse,0.8,1,53,0.0,0.75,3.8737500000000002,1.369375,1,13.205468749999998,9.331718749999997,0,0,0,0
tmse,0.8,1,54,0.75,1.0,18.966250000000002,3.1187500000000004,0,13.205468749999998,-5.760781250000004,0,0,0,0
tmse,0.8,1,55,0.0,0.0,-1.05,-0.59,1,13.205468749999998,14.255468749999999,0,0,0,0
tmse,0.8,1,56,0.25,0.0,1.259375,-0.02062499999999995,1,13.205468749999998,11.946093749999998,0,0,0,0
tmse,0.8,1,57,0.5,0.75,13.205468749999998,1.6223437500000002,1,13.205468749999998,0.0,1,1,1,1
tmse,0.8,1,58,0.5,0.75,13.205468749999998,1.6223437500000002,1,13.205468749999998,0.0,1,1,1,1
tmse,0.8,1,59,0.25,0.75,9.212304687500001,1.2816796875,1,13.205468749999998,3.9931640624999964,0,0,0,0
tmse,0.8,1,60,0.5,0.25,6.536718749999999,0.90609375,1,13.205468749999998,6.668749999999999,0,0,0,0
tmse,0.8,1,61,0.0,0.75,3.8737500000000002,1.369375,1,13.205468749999998,9.331718749999997,0,0,0,0
tmse,0.8,1,62,0.5,1.0,15.885000000000002,2.205,0,13.205468749999998,-2.6795312500000037,0,0,0,0
tmse,0.8,1,63,0.5,0.5,10.089374999999997,1.189375,1,13.205468749999998,3.116093750000001,0,0,0,0
tmse,0.8,1,64,0.5,0.25,6.536718749999999,0.90609375,1,13.205468749999998,6.668749999999999,0,0,0,0
tmse,0.8,1,65,0.25,0.75,9.212304687500001,1.2816796875,1,13.205468749999998,3.9931640624999964,0,0,0,0
tmse,0.8,1,66,0.25,0.5,6.889843749999999,0.76609375,1,13.205468749999998,6.315624999999999,0,0,0,0
tmse,0.8,1,67,0.25,0.75,9.212304687500001,1.2816796875,1,13.205468749999998,3.9931640624999964,0,0,0,0
tmse,0.8,1,68,0.5,0.25,6.536718749999999,0.90609375,1,13.205468749999998,6.668749999999999,0,0,0,0
tmse,0.8,1,69,0.5,0.75,13.205468749999998,1.6223437500000002,1,13.205468749999998,0.0,1,1,1,1
tmse,0.8,1,70,0.25,0.75,9.212304687500001,1.2816796875,1,13.205468749999998,3.9931640624999964,0,0,0,0
tmse,0.8,1,71,0.5,0.5,10.089374999999997,1.189375,1,13.205468749999998,3.116093750000001,0,0,0,0
tmse,0.8,1,72,0.25,1.0,11.206249999999999,1.87875,1,13.205468749999998,1.999218749999999,0,0,0,1
tmse,0.8,1,73,0.5,0.25,6.536718749999999,0.90609375,1,13.205468749999998,6.668749999999999,0,0,0,0
tmse,0.8,1,74,0.0,0.75,3.8737500000000002,1.369375,1,13.205468749999998,9.331718749999997,0,0,0,0
tmse,0.8,1,75,0.5,0.5,10.089374999999997,1.189375,1,13.205468749999998,3.116093750000001,0,0,0,0
tmse,0.8,1,76,0.5,0.0,2.5475,0.7725000000000001,1,13.205468749999998,10.657968749999998,0,0,0,0
tmse,0.8,1,77,0.25,0.5,6.889843749999999,0.76609375,1,13.205468749999998,6.315624999999999,0,0,0,0
tmse,0.8,1,78,0.0,0.0,-1.05,-0.59,1,13.205468749999998,14.255468749999999,0,0,0,0
tmse,0.8,1,79,0.5,0.75,13.205468749999998,1.6223437500000002,1,13.205468749999998,0.0,1,1,1,1
tmse,0.8,1,80,0.5,0.5,10.089374999999997,1.189375,1,13.205468749999998,3.116093750000001,0,0,0,0
tmse,0.8,1,81,0.25,0.75,9.212304687500001,1.2816796875,1,13.205468749999998,3.9931640624999964,0,0,0,0
tmse,0.8,1,82,0.25,0.25,4.2388671874999995,0.3319921875,1,13.205468749999998,8.9666015625,0,0,0,0
tmse,0.8,1,83,0.75,0.5,12.123593750000001,1.9273437500000001,1,13.205468749999998,1.0818749999999966,0,0,0,1
tmse,0.8,1,84,0.5,0.5,10.089374999999997,1.189375,1,13.205468749999998,3.116093750000001,0,0,0,0
tmse,0.8,1,85,0.5,0.75,13.205468749999998,1.6223437500000002,1,13.205468749999998,0.0,1,1,1,1
tmse,0.8,1,86,0.25,0.75,9.212304687500001,1.2816796875,1,13.205468749999998,3.9931640624999964,0,0,0,0
tmse,0.8,1,87,0.5,0.75,13.205468749999998,1.6223437500000002,1,13.205468749999998,0.0,1,1,1,1
tmse,0.8,1,88,0.5,0.75,13.205468749999998,1.6223437500000002,1,13.205468749999998,0.0,1,1,1,1
tmse,0.8,1,89,0.25,0.75,9.212304687500001,1.2816796875,1,13.205468749999998,3.9931640624999964,0,0,0,0
tmse,0.8,1,90,0.25,0.75,9.212304687500001,1.2816796875,1,13.205468749999998,3.9931640624999964,0,0,0,0
tmse,0.8,1,91,0.25,0.75,9.212304687500001,1.2816796875,1,13.205468749999998,3.9931640624999964,0,0,0,0
tmse,0.8,1,92,0.25,0.75,9.212304687500001,1.2816796875,1,13.205468749999998,3.9931640624999964,0,0,0,0
tmse,0.8,1,93,0.25,0.75,9.212304687500001,1.2816796875,1,13.205468749999998,3.9931640624999964,0,0,0,0
tmse,0.8,1,94,0.75,0.0,2.814374999999999,1.7893750000000002,1,13.205468749999998,10.39109375,0,0,0,0
tmse,0.8,1,95,0.5,0.5,10.089374999999997,1.189375,1,13.205468749999998,3.116093750000001,0,0,0,0
tmse,0.8,1,96,0.5,0.5,10.089374999999997,1.189375,1,13.205468749999998,3.116093750000001,0,0,0,0
tmse,0.8,1,97,0.5,0.75,13.205468749999998,1.6223437500000002,1,13.205468749999998,0.0,1,1,1,1
tmse,0.8,1,98,0.25,0.75,9.212304687500001,1.2816796875,1,13.205468749999998,3.9931640624999964,0,0,0,0
tmse,0.8,1,99,0.5,0.5,10.089374999999997,1.189375,1,13.205468749999998,3.116093750000001,0,0,0,0
tmse,0.8,1,100,0.25,0.75,9.212304687500001,1.2816796875,1,13.205468749999998,3.9931640624999964,0,0,0,0
tmse,0.8,1,101,0.25,0.25,4.2388671874999995,0.3319921875,1,13.205468749999998,8.9666015625,0,0,0,0
tmse,0.8,1,102,0.25,0.75,9.212304687500001,1.2816796875,1,13.205468749999998,3.9931640624999964,0,0,0,0
tmse,0.8,1,103,0.5,0.5,10.089374999999997,1.189375,1,13.205468749999998,3.116093750000001,0,0,0,0
tmse,0.8,1,104,0.25,0.75,9.212304687500001,1.2816796875,1,13.205468749999998,3.9931640624999964,0,0,0,0
tmse,0.8,1,105,0.75,0.25,7.777304687499998,1.7266796875000003,1,13.205468749999998,5.4281640625,0,0,0,0
tmse,0.8,1,106,0.5,0.5,10.089374999999997,1.189375,1,13.205468749999998,3.116093750000001,0,0,0,0
tmse,0.8,1,107,0.0,0.0,-1.05,-0.59,1,13.205468749999998,14.255468749999999,0,0,0,0
tmse,0.8,1,108,0.25,1.0,11.206249999999999,1.87875,1,13.205468749999998,1.999218749999999,0,0,0,1
tmse,0.8,1,109,0.25,1.0,11.206249999999999,1.87875,1,13.205468749999998,1.999218749999999,0,0,0,1
tmse,0.8,1,110,0.25,1.0,11.206249999999999,1.87875,1,13.205468749999998,1.999218749999999,0,0,0,1
tmse,0.8,1,111,0.25,0.75,9.212304687500001,1.2816796875,1,13.205468749999998,3.9931640624999964,0,0,0,0
tmse,0.8,1,112,0.5,0.75,13.205468749999998,1.6223437500000002,1,13.205468749999998,0.0,1,1,1,1
tmse,0.8,1,113,0.25,0.75,9.212304687500001,1.2816796875,1,13.205468749999998,3.9931640624999964,0,0,0,0
tmse,0.8,1,114,1.0,0.5,12.9925,2.9800000000000004,0,13.205468749999998,0.21296874999999815,0,0,0,0
tmse,0.8,1,115,0.0,0.75,3.8737500000000002,1.369375,1,13.205468749999998,9.331718749999997,0,0,0,0
tmse,0.8,1,116,0.5,0.75,13.205468749999998,1.6223437500000002,1,13.205468749999998,0.0,1,1,1,1
tmse,0.8,1,117,0.0,0.75,3.8737500000000002,1.369375,1,13.205468749999998,9.331718749999997,0,0,0,0
tmse,0.8,1,118,0.25,0.75,9.212304687500001,1.2816796875,1,13.205468749999998,3.9931640624999964,0,0,0,0
tmse,0.8,1,119,0.5,0.5,10.089374999999997,1.189375,1,13.205468749999998,3.116093750000001,0,0,0,0
tmse,0.8,1,120,0.25,0.75,9.212304687500001,1.2816796875,1,13.205468749999998,3.9931640624999964,0,0,0,0
tmse,0.8,1,121,0.5,0.75,13.205468749999998,1.6223437500000002,1,13.205468749999998,0.0,1,1,1,1
tmse,0.8,1,122,0.5,0.5,10.089374999999997,1.189375,1,13.205468749999998,3.116093750000001,0,0,0,0
tmse,0.8,1,123,0.5,0.75,13.205468749999998,1.6223437500000002,1,13.205468749999998,0.0,1,1,1,1
tmse,0.8,1,124,0.0,0.75,3.8737500000000002,1.369375,1,13.205468749999998,9.331718749999997,0,0,0,0
tmse,0.8,1,125,0.25,0.75,9.212304687500001,1.2816796875,1,13.205468749999998,3.9931640624999964,0,0,0,0
tmse,0.8,1,126,0.75,0.0,2.814374999999999,1.7893750000000002,1,13.205468749999998,10.39109375,0,0,0,0
tmse,0.8,1,127,0.5,0.75,13.205468749999998,1.6223437500000002,1,13.205468749999998,0.0,1,1,1,1
tmse,0.8,1,128,0.5,1.0,15.885000000000002,2.205,0,13.205468749999998,-2.6795312500000037,0,0,0,0
tmse,0.8,1,129,0.25,0.5,6.889843749999999,0.76609375,1,13.205468749999998,6.315624999999999,0,0,0,0
tmse,0.8,1,130,0.5,0.5,10.089374999999997,1.189375,1,13.205468749999998,3.116093750000001,0,0,0,0
tmse,0.8,1,131,0.5,0.5,10.089374999999997,1.189375,1,13.205468749999998,3.116093750000001,0,0,0,0
tmse,0.8,1,132,0.5,0.75,13.205468749999998,1.6223437500000002,1,13.205468749999998,0.0,1,1,1,1
tmse,0.8,1,133,0.5,0.75,13.205468749999998,1.6223437500000002,1,13.205468749999998,0.0,1,1,1,1
tmse,0.8,1,134,0.5,0.5,10.089374999999997,1.189375,1,13.205468749999998,3.116093750000001,0,0,0,0
tmse,0.8,1,135,0.25,0.25,4.2388671874999995,0.3319921875,1,13.205468749999998,8.9666015625,0,0,0,0
tmse,0.8,1,136,0.5,0.0,2.5475,0.7725000000000001,1,13.205468749999998,10.657968749999998,0,0,0,0
tmse,0.8,1,137,0.5,0.5,10.089374999999997,1.189375,1,13.205468749999998,3.116093750000001,0,0,0,0
tmse,0.8,1,138,0.5,0.5,10.089374999999997,1.189375,1,13.205468749999998,3.116093750000001,0,0,0,0
tmse,0.8,1,139,0.25,0.75,9.212304687500001,1.2816796875,1,13.205468749999998,3.9931640624999964,0,0,0,0
tmse,0.8,1,140,0.75,0.5,12.123593750000001,1.9273437500000001,1,13.205468749999998,1.0818749999999966,0,0,0,1
tmse,0.8,1,141,0.25,0.75,9.212304687500001,1.2816796875,1,13.205468749999998,3.9931640624999964,0,0,0,0
tmse,0.8,1,142,0.25,0.5,6.889843749999999,0.76609375,1,13.205468749999998,6.315624999999999,0,0,0,0
tmse,0.8,1,143,0.5,0.0,2.5475,0.7725000000000001,1,13.205468749999998,10.657968749999998,0,0,0,0
tmse,0.8,1,144,0.5,1.0,15.885000000000002,2.205,0,13.205468749999998,-2.6795312500000037,0,0,0,0
tmse,0.8,1,145,0.25,0.75,9.212304687500001,1.2816796875,1,13.205468749999998,3.9931640624999964,0,0,0,0
tmse,0.8,1,146,0.75,0.5,12.123593750000001,1.9273437500000001,1,13.205468749999998,1.0818749999999966,0,0,0,1
tmse,0.8,1,147,0.5,0.25,6.536718749999999,0.90609375,1,13.205468749999998,6.668749999999999,0,0,0,0
tmse,0.8,1,148,0.25,0.75,9.212304687500001,1.2816796875,1,13.205468749999998,3.9931640624999964,0,0,0,0
tmse,0.8,1,149,0.5,0.5,10.089374999999997,1.189375,1,13.205468749999998,3.116093750000001,0,0,0,0
tmse,0.8,1,150,0.5,0.25,6.536718749999999,0.90609375,1,13.205468749999998,6.668749999999999,0,0,0,0
tmse,0.8,1,151,0.25,0.5,6.889843749999999,0.76609375,1,13.205468749999998,6.315624999999999,0,0,0,0
tmse,0.8,1,152,0.5,0.75,13.205468749999998,1.6223437500000002,1,13.205468749999998,0.0,1,1,1,1
tmse,0.8,1,153,1.0,0.25,7.960624999999998,2.79375,0,13.205468749999998,5.24484375,0,0,0,0
tmse,0.8,1,154,0.25,0.75,9.212304687500001,1.2816796875,1,13.205468749999998,3.9931640624999964,0,0,0,0
tmse,0.8,1,155,0.75,0.5,12.123593750000001,1.9273437500000001,1,13.205468749999998,1.0818749999999966,0,0,0,1
tmse,0.8,1,156,0.5,0.25,6.536718749999999,0.90609375,1,13.205468749999998,6.668749999999999,0,0,0,0
tmse,0.8,1,157,0.0,0.0,-1.05,-0.59,1,13.205468749999998,14.255468749999999,0,0,0,0
tmse,0.8,1,158,0.5,0.75,13.205468749999998,1.6223437500000002,1,13.205468749999998,0.0,1,1,1,1
tmse,0.8,1,159,0.5,1.0,15.885000000000002,2.205,0,13.205468749999998,-2.6795312500000037,0,0,0,0
tmse,0.8,1,160,0.5,0.75,13.205468749999998,1.6223437500000002,1,13.205468749999998,0.0,1,1,1,1
tmse,0.8,1,161,0.25,0.25,4.2388671874999995,0.3319921875,1,13.205468749999998,8.9666015625,0,0,0,0
tmse,0.8,1,162,0.75,0.25,7.777304687499998,1.7266796875000003,1,13.205468749999998,5.4281640625,0,0,0,0
tmse,0.8,1,163,0.25,0.75,9.212304687500001,1.2816796875,1,13.205468749999998,3.9931640624999964,0,0,0,0
tmse,0.8,1,164,0.75,0.25,7.777304687499998,1.7266796875000003,1,13.205468749999998,5.4281640625,0,0,0,0
tmse,0.8,1,165,0.25,0.75,9.212304687500001,1.2816796875,1,13.205468749999998,3.9931640624999964,0,0,0,0
tmse,0.8,1,166,0.25,0.5,6.889843749999999,0.76609375,1,13.205468749999998,6.315624999999999,0,0,0,0
tmse,0.8,1,167,0.5,0.75,13.205468749999998,1.6223437500000002,1,13.205468749999998,0.0,1,1,1,1
tmse,0.8,1,168,0.5,0.75,13.205468749999998,1.6223437500000002,1,13.205468749999998,0.0,1,1,1,1
tmse,0.8,1,169,0.25,0.75,9.212304687500001,1.2816796875,1,13.205468749999998,3.9931640624999964,0,0,0,0
tmse,0.8,1,170,0.75,0.25,7.777304687499998,1.7266796875000003,1,13.205468749999998,5.4281640625,0,0,0,0
tmse,0.8,1,171,0.5,0.5,10.089374999999997,1.189375,1,13.205468749999998,3.116093750000001,0,0,0,0
tmse,0.8,1,172,0.25,0.5,6.889843749999999,0.76609375,1,13.205468749999998,6.315624999999999,0,0,0,0
tmse,0.8,1,173,0.0,0.0,-1.05,-0.59,1,13.205468749999998,14.255468749999999,0,0,0,0
tmse,0.8,1,174,0.5,0.5,10.089374999999997,1.189375,1,13.205468749999998,3.116093750000001,0,0,0,0
tmse,0.8,1,175,0.5,0.5,10.089374999999997,1.189375,1,13.205468749999998,3.116093750000001,0,0,0,0
tmse,0.8,1,176,0.0,0.75,3.8737500000000002,1.369375,1,13.205468749999998,9.331718749999997,0,0,0,0
tmse,0.8,1,177,0.5,0.25,6.536718749999999,0.90609375,1,13.205468749999998,6.668749999999999,0,0,0,0
tmse,0.8,1,178,0.5,0.5,10.089374999999997,1.189375,1,13.205468749999998,3.116093750000001,0,0,0,0
tmse,0.8,1,179,0.5,0.75,13.205468749999998,1.6223437500000002,1,13.205468749999998,0.0,1,1,1,1
tmse,0.8,1,180,0.25,0.25,4.2388671874999995,0.3319921875,1,13.205468749999998,8.9666015625,0,0,0,0
tmse,0.8,1,181,0.25,0.0,1.259375,-0.02062499999999995,1,13.205468749999998,11.946093749999998,0,0,0,0
tmse,0.8,1,182,0.25,1.0,11.206249999999999,1.87875,1,13.205468749999998,1.999218749999999,0,0,0,1
tmse,0.8,1,183,0.5,0.0,2.5475,0.7725000000000001,1,13.205468749999998,10.657968749999998,0,0,0,0
tmse,0.8,1,184,0.5,0.25,6.536718749999999,0.90609375,1,13.205468749999998,6.668749999999999,0,0,0,0
tmse,0.8,1,185,0.25,0.75,9.212304687500001,1.2816796875,1,13.205468749999998,3.9931640624999964,0,0,0,0
tmse,0.8,1,186,0.25,0.75,9.212304687500001,1.2816796875,1,13.205468749999998,3.9931640624999964,0,0,0,0
tmse,0.8,1,187,0.0,0.75,3.8737500000000002,1.369375,1,13.205468749999998,9.331718749999997,0,0,0,0
tmse,0.8,1,188,0.25,0.75,9.212304687500001,1.2816796875,1,13.205468749999998,3.9931640624999964,0,0,0,0
tmse,0.8,1,189,0.5,0.5,10.089374999999997,1.189375,1,13.205468749999998,3.116093750000001,0,0,0,0
tmse,0.8,1,190,0.5,0.25,6.536718749999999,0.90609375,1,13.205468749999998,6.668749999999999,0,0,0,0
tmse,0.8,1,191,0.25,0.75,9.212304687500001,1.2816796875,1,13.205468749999998,3.9931640624999964,0,0,0,0
tmse,0.8,1,192,0.25,1.0,11.206249999999999,1.87875,1,13.205468749999998,1.999218749999999,0,0,0,1
tmse,0.8,1,193,0.0,1.0,4.930000000000001,2.1399999999999997,0,13.205468749999998,8.275468749999998,0,0,0,0
tmse,0.8,1,194,0.0,0.75,3.8737500000000002,1.369375,1,13.205468749999998,9.331718749999997,0,0,0,0
tmse,0.8,1,195,0.25,0.75,9.212304687500001,1.2816796875,1,13.205468749999998,3.9931640624999964,0,0,0,0
tmse,0.8,1,196,0.25,0.5,6.889843749999999,0.76609375,1,13.205468749999998,6.315624999999999,0,0,0,0
tmse,0.8,1,197,0.25,0.75,9.212304687500001,1.2816796875,1,13.205468749999998,3.9931640624999964,0,0,0,0
tmse,0.8,1,198,0.5,0.75,13.205468749999998,1.6223437500000002,1,13.205468749999998,0.0,1,1,1,1
tmse,0.8,1,199,0.25,0.75,9.212304687500001,1.2816796875,1,13.205468749999998,3.9931640624999964,0,0,0,0
tmse,0.9,0,0,0.25,0.25,3.1067187499999993,0.3319921875,1,7.6792187499999995,4.5725,0,0,0,0
tmse,0.9,0,1,0.25,0.25,3.1067187499999993,0.3319921875,1,7.6792187499999995,4.5725,0,0,0,0
tmse,0.9,0,2,0.0,0.5,3.4974999999999996,0.6575,1,7.6792187499999995,4.18171875,0,0,0,0
tmse,0.9,0,3,0.5,0.0,2.8075,0.7725000000000001,1,7.6792187499999995,4.871718749999999,0,0,0,0
tmse,0.9,0,4,0.25,0.25,3.1067187499999993,0.3319921875,1,7.6792187499999995,4.5725,0,0,0,0
tmse,0.9,0,5,0.25,0.75,7.6792187499999995,1.2816796875,1,7.6792187499999995,0.0,1,1,1,1
tmse,0.9,0,6,0.0,0.0,1.38,-0.59,1,7.6792187499999995,6.29921875,0,0,0,0
tmse,0.9,0,7,0.25,0.5,4.9174999999999995,0.76609375,1,7.6792187499999995,2.76171875,0,0,0,0
tmse,0.9,0,8,0.0,0.5,3.4974999999999996,0.6575,1,7.6792187499999995,4.18171875,0,0,0,0
tmse,0.9,0,9,0.0,0.5,3.4974999999999996,0.6575,1,7.6792187499999995,4.18171875,0,0,0,0
tmse,0.9,0,10,0.25,0.25,3.1067187499999993,0.3319921875,1,7.6792187499999995,4.5725,0,0,0,0
tmse,0.9,0,11,0.75,0.5,6.985,1.9273437500000001,0,7.6792187499999995,0.6942187499999992,0,0,0,0
tmse,0.9,0,12,0.25,0.5,4.9174999999999995,0.76609375,1,7.6792187499999995,2.76171875,0,0,0,0
tmse,0.9,0,13,0.0,0.0,1.38,-0.59,1,7.6792187499999995,6.29921875,0,0,0,0
tmse,0.9,0,14,0.25,0.25,3.1067187499999993,0.3319921875,1,7.6792187499999995,4.5725,0,0,0,0
tmse,0.9,0,15,0.25,0.75,7.6792187499999995,1.2816796875,1,7.6792187499999995,0.0,1,1,1,1
tmse,0.9,0,16,0.5,0.25,3.9499999999999997,0.90609375,1,7.6792187499999995,3.72921875,0,0,0,0
tmse,0.9,0,17,0.25,0.75,7.6792187499999995,1.2816796875,1,7.6792187499999995,0.0,1,1,1,1
tmse,0.9,0,18,0.0,0.5,3.4974999999999996,0.6575,1,7.6792187499999995,4.18171875,0,0,0,0
tmse,0.9,0,19,0.25,0.25,3.1067187499999993,0.3319921875,1,7.6792187499999995,4.5725,0,0,0,0
tmse,0.9,0,20,0.25,0.75,7.6792187499999995,1.2816796875,1,7.6792187499999995,0.0,1,1,1,1
tmse,0.9,0,21,0.0,0.0,1.38,-0.59,1,7.6792187499999995,6.29921875,0,0,0,0
tmse,0.9,0,22,0.0,0.25,1.9693749999999999,0.004374999999999976,1,7.6792187499999995,5.709843749999999,0,0,0,0
tmse,0.9,0,23,0.25,0.0,2.2468749999999997,-0.02062499999999995,1,7.6792187499999995,5.432343749999999,0,0,0,0
tmse,0.9,0,24,0.75,0.5,6.985,1.9273437500000001,0,7.6792187499999995,0.6942187499999992,0,0,0,0
tmse,0.9,0,25,0.25,0.25,3.1067187499999993,0.3319921875,1,7.6792187499999995,4.5725,0,0,0,0
tmse,0.9,0,26,0.0,0.0,1.38,-0.59,1,7.6792187499999995,6.29921875,0,0,0,0
tmse,0.9,0,27,0.5,0.25,3.9499999999999997,0.90609375,1,7.6792187499999995,3.72921875,0,0,0,0
tmse,0.9,0,28,0.25,0.5,4.9174999999999995,0.76609375,1,7.6792187499999995,2.76171875,0,0,0,0
tmse,0.9,0,29,0.0,0.5,3.4974999999999996,0.6575,1,7.6792187499999995,4.18171875,0,0,0,0
tmse,0.9,0,30,0.25,0.5,4.9174999999999995,0.76609375,1,7.6792187499999995,2.76171875,0,0,0,0
tmse,0.9,0,31,0.25,0.75,7.6792187499999995,1.2816796875,1,7.6792187499999995,0.0,1,1,1,1
tmse,0.9,0,32,0.0,0.75,5.9643749999999995,1.369375,1,7.6792187499999995,1.71484375,0,0,0,1
tmse,0.9,0,33,0.0,0.25,1.9693749999999999,0.004374999999999976,1,7.6792187499999995,5.709843749999999,0,0,0,0
tmse,0.9,0,34,0.0,0.25,1.9693749999999999,0.004374999999999976,1,7.6792187499999995,5.709843749999999,0,0,0,0
tmse,0.9,0,35,0.0,0.5,3.4974999999999996,0.6575,1,7.6792187499999995,4.18171875,0,0,0,0
tmse,0.9,0,36,0.5,0.25,3.9499999999999997,0.90609375,1,7.6792187499999995,3.72921875,0,0,0,0
tmse,0.9,0,37,0.25,0.0,2.2468749999999997,-0.02062499999999995,1,7.6792187499999995,5.432343749999999,0,0,0,0
tmse,0.9,0,38,0.0,0.5,3.4974999999999996,0.6575,1,7.6792187499999995,4.18171875,0,0,0,0
tmse,0.9,0,39,0.0,0.25,1.9693749999999999,0.004374999999999976,1,7.6792187499999995,5.709843749999999,0,0,0,0
tmse,0.9,0,40,0.5,0.25,3.9499999999999997,0.90609375,1,7.6792187499999995,3.72921875,0,0,0,0
tmse,0.9,0,41,0.5,0.25,3.9499999999999997,0.90609375,1,7.6792187499999995,3.72921875,0,0,0,0
tmse,0.9,0,42,0.0,0.0,1.38,-0.59,1,7.6792187499999995,6.29921875,0,0,0,0
tmse,0.9,0,43,0.5,0.0,2.8075,0.7725000000000001,1,7.6792187499999995,4.871718749999999,0,0,0,0
tmse,0.9,0,44,0.25,0.75,7.6792187499999995,1.2816796875,1,7.6792187499999995,0.0,1,1,1,1
tmse,0.9,0,45,0.0,0.5,3.4974999999999996,0.6575,1,7.6792187499999995,4.18171875,0,0,0,0
tmse,0.9,0,46,0.5,0.0,2.8075,0.7725000000000001,1,7.6792187499999995,4.871718749999999,0,0,0,0
tmse,0.9,0,47,0.25,0.5,4.9174999999999995,0.76609375,1,7.6792187499999995,2.76171875,0,0,0,0
tmse,0.9,0,48,0.25,0.25,3.1067187499999993,0.3319921875,1,7.6792187499999995,4.5725,0,0,0,0
tmse,0.9,0,49,0.25,0.25,3.1067187499999993,0.3319921875,1,7.6792187499999995,4.5725,0,0,0,0
tmse,0.9,0,50,0.5,0.25,3.9499999999999997,0.90609375,1,7.6792187499999995,3.72921875,0,0,0,0
tmse,0.9,0,51,0.0,0.5,3.4974999999999996,0.6575,1,7.6792187499999995,4.18171875,0,0,0,0
tmse,0.9,0,52,0.25,0.5,4.9174999999999995,0.76609375,1,7.6792187499999995,2.76171875,0,0,0,0
tmse,0.9,0,53,0.0,0.75,5.9643749999999995,1.369375,1,7.6792187499999995,1.71484375,0,0,0,1
tmse,0.9,0,54,0.0,0.0,1.38,-0.59,1,7.6792187499999995,6.29921875,0,0,0,0
tmse,0.9,0,55,0.25,0.75,7.6792187499999995,1.2816796875,1,7.6792187499999995,0.0,1,1,1,1
tmse,0.9,0,56,0.25,0.0,2.2468749999999997,-0.02062499999999995,1,7.6792187499999995,5.432343749999999,0,0,0,0
tmse,0.9,0,57,0.5,0.5,6.08,1.189375,1,7.6792187499999995,1.5992187499999995,0,0,0,1
tmse,0.9,0,58,0.25,0.5,4.9174999999999995,0.76609375,1,7.6792187499999995,2.76171875,0,0,0,0
tmse,0.9,0,59,0.25,0.25,3.1067187499999993,0.3319921875,1,7.6792187499999995,4.5725,0,0,0,0
tmse,0.9,0,60,0.25,0.0,2.2468749999999997,-0.02062499999999995,1,7.6792187499999995,5.432343749999999,0,0,0,0
tmse,0.9,0,61,0.0,0.5,3.4974999999999996,0.6575,1,7.6792187499999995,4.18171875,0,0,0,0
tmse,0.9,0,62,0.25,0.75,7.6792187499999995,1.2816796875,1,7.6792187499999995,0.0,1,1,1,1
tmse,0.9,0,63,0.25,0.25,3.1067187499999993,0.3319921875,1,7.6792187499999995,4.5725,0,0,0,0
tmse,0.9,0,64,0.5,0.0,2.8075,0.7725000000000001,1,7.6792187499999995,4.871718749999999,0,0,0,0
tmse,0.9,0,65,0.0,0.5,3.4974999999999996,0.6575,1,7.6792187499999995,4.18171875,0,0,0,0
tmse,0.9,0,66,0.0,0.0,1.38,-0.59,1,7.6792187499999995,6.29921875,0,0,0,0
tmse,0.9,0,67,0.0,0.5,3.4974999999999996,0.6575,1,7.6792187499999995,4.18171875,0,0,0,0
tmse,0.9,0,68,0.0,0.0,1.38,-0.59,1,7.6792187499999995,6.29921875,0,0,0,0
tmse,0.9,0,69,0.25,0.5,4.9174999999999995,0.76609375,1,7.6792187499999995,2.76171875,0,0,0,0
tmse,0.9,0,70,0.25,0.5,4.9174999999999995,0.76609375,1,7.6792187499999995,2.76171875,0,0,0,0
tmse,0.9,0,71,0.25,0.5,4.9174999999999995,0.76609375,1,7.6792187499999995,2.76171875,0,0,0,0
tmse,0.9,0,72,0.0,0.0,1.38,-0.59,1,7.6792187499999995,6.29921875,0,0,0,0
tmse,0.9,0,73,0.0,0.0,1.38,-0.59,1,7.6792187499999995,6.29921875,0,0,0,0
tmse,0.9,0,74,0.25,0.5,4.9174999999999995,0.76609375,1,7.6792187499999995,2.76171875,0,0,0,0
tmse,0.9,0,75,0.5,0.25,3.9499999999999997,0.90609375,1,7.6792187499999995,3.72921875,0,0,0,0
tmse,0.9,0,76,0.5,0.0,2.8075,0.7725000000000001,1,7.6792187499999995,4.871718749999999,0,0,0,0
tmse,0.9,0,77,0.25,0.5,4.9174999999999995,0.76609375,1,7.6792187499999995,2.76171875,0,0,0,0
tmse,0.9,0,78,0.25,0.25,3.1067187499999993,0.3319921875,1,7.6792187499999995,4.5725,0,0,0,0
tmse,0.9,0,79,0.5,0.0,2.8075,0.7725000000000001,1,7.6792187499999995,4.871718749999999,0,0,0,0
tmse,0.9,0,80,0.0,0.25,1.9693749999999999,0.004374999999999976,1,7.6792187499999995,5.709843749999999,0,0,0,0
tmse,0.9,0,81,0.0,0.5,3.4974999999999996,0.6575,1,7.6792187499999995,4.18171875,0,0,0,0
tmse,0.9,0,82,0.0,0.5,3.4974999999999996,0.6575,1,7.6792187499999995,4.18171875,0,0,0,0
tmse,0.9,0,83,0.5,1.0,13.302500000000002,2.205,0,7.6792187499999995,-5.6232812500000025,0,0,0,0
tmse,0.9,0,84,0.25,0.25,3.1067187499999993,0.3319921875,1,7.6792187499999995,4.5725,0,0,0,0
tmse,0.9,0,85,0.0,0.25,1.9693749999999999,0.004374999999999976,1,7.6792187499999995,5.709843749999999,0,0,0,0
tmse,0.9,0,86,0.25,0.5,4.9174999999999995,0.76609375,1,7.6792187499999995,2.76171875,0,0,0,0
tmse,0.9,0,87,0.0,0.5,3.4974999999999996,0.6575,1,7.6792187499999995,4.18171875,0,0,0,0
tmse,0.9,0,88,0.0,0.75,5.9643749999999995,1.369375,1,7.6792187499999995,1.71484375,0,0,0,1
tmse,0.9,0,89,0.5,0.25,3.9499999999999997,0.90609375,1,7.6792187499999995,3.72921875,0,0,0,0
tmse,0.9,0,90,0.0,0.5,3.4974999999999996,0.6575,1,7.6792187499999995,4.18171875,0,0,0,0
tmse,0.9,0,91,0.0,0.0,1.38,-0.59,1,7.6792187499999995,6.29921875,0,0,0,0
tmse,0.9,0,92,0.25,0.0,2.2468749999999997,-0.02062499999999995,1,7.6792187499999995,5.432343749999999,0,0,0,0
tmse,0.9,0,93,0.25,0.5,4.9174999999999995,0.76609375,1,7.6792187499999995,2.76171875,0,0,0,0
tmse,0.9,0,94,0.0,0.5,3.4974999999999996,0.6575,1,7.6792187499999995,4.18171875,0,0,0,0
tmse,0.9,0,95,0.5,0.25,3.9499999999999997,0.90609375,1,7.6792187499999995,3.72921875,0,0,0,0
tmse,0.9,0,96,0.0,0.0,1.38,-0.59,1,7.6792187499999995,6.29921875,0,0,0,0
tmse,0.9,0,97,0.25,0.5,4.9174999999999995,0.76609375,1,7.6792187499999995,2.76171875,0,0,0,0
tmse,0.9,0,98,0.0,0.75,5.9643749999999995,1.369375,1,7.6792187499999995,1.71484375,0,0,0,1
tmse,0.9,0,99,0.0,0.5,3.4974999999999996,0.6575,1,7.6792187499999995,4.18171875,0,0,0,0
tmse,0.9,0,100,0.0,0.5,3.4974999999999996,0.6575,1,7.6792187499999995,4.18171875,0,0,0,0
tmse,0.9,0,101,0.0,0.0,1.38,-0.59,1,7.6792187499999995,6.29921875,0,0,0,0
tmse,0.9,0,102,0.0,0.5,3.4974999999999996,0.6575,1,7.6792187499999995,4.18171875,0,0,0,0
tmse,0.9,0,103,0.5,0.25,3.9499999999999997,0.90609375,1,7.6792187499999995,3.72921875,0,0,0,0
tmse,0.9,0,104,0.0,0.25,1.9693749999999999,0.004374999999999976,1,7.6792187499999995,5.709843749999999,0,0,0,0
tmse,0.9,0,105,0.0,0.25,1.9693749999999999,0.004374999999999976,1,7.6792187499999995,5.709843749999999,0,0,0,0
tmse,0.9,0,106,0.0,0.0,1.38,-0.59,1,7.6792187499999995,6.29921875,0,0,0,0
tmse,0.9,0,107,0.0,0.0,1.38,-0.59,1,7.6792187499999995,6.29921875,0,0,0,0
tmse,0.9,0,108,0.0,0.0,1.38,-0.59,1,7.6792187499999995,6.29921875,0,0,0,0
tmse,0.9,0,109,0.25,0.5,4.9174999999999995,0.76609375,1,7.6792187499999995,2.76171875,0,0,0,0
tmse,0.9,0,110,0.25,0.5,4.9174999999999995,0.76609375,1,7.6792187499999995,2.76171875,0,0,0,0
tmse,0.9,0,111,0.25,0.25,3.1067187499999993,0.3319921875,1,7.6792187499999995,4.5725,0,0,0,0
tmse,0.9,0,112,0.0,0.0,1.38,-0.59,1,7.6792187499999995,6.29921875,0,0,0,0
tmse,0.9,0,113,0.25,0.5,4.9174999999999995,0.76609375,1,7.6792187499999995,2.76171875,0,0,0,0
tmse,0.9,0,114,0.0,0.5,3.4974999999999996,0.6575,1,7.6792187499999995,4.18171875,0,0,0,0
tmse,0.9,0,115,0.25,0.5,4.9174999999999995,0.76609375,1,7.6792187499999995,2.76171875,0,0,0,0
tmse,0.9,0,116,0.25,0.75,7.6792187499999995,1.2816796875,1,7.6792187499999995,0.0,1,1,1,1
tmse,0.9,0,117,0.25,0.5,4.9174999999999995,0.76609375,1,7.6792187499999995,2.76171875,0,0,0,0
tmse,0.9,0,118,0.0,0.0,1.38,-0.59,1,7.6792187499999995,6.29921875,0,0,0,0
tmse,0.9,0,119,0.5,0.25,3.9499999999999997,0.90609375,1,7.6792187499999995,3.72921875,0,0,0,0
tmse,0.9,0,120,0.25,0.5,4.9174999999999995,0.76609375,1,7.6792187499999995,2.76171875,0,0,0,0
tmse,0.9,0,121,0.25,0.25,3.1067187499999993,0.3319921875,1,7.6792187499999995,4.5725,0,0,0,0
tmse,0.9,0,122,0.75,0.0,3.0618749999999992,1.7893750000000002,0,7.6792187499999995,4.61734375,0,0,0,0
tmse,0.9,0,123,0.25,0.0,2.2468749999999997,-0.02062499999999995,1,7.6792187499999995,5.432343749999999,0,0,0,0
tmse,0.9,0,124,0.0,0.5,3.4974999999999996,0.6575,1,7.6792187499999995,4.18171875,0,0,0,0
tmse,0.9,0,125,0.5,0.25,3.9499999999999997,0.90609375,1,7.6792187499999995,3.72921875,0,0,0,0
tmse,0.9,0,126,0.25,0.0,2.2468749999999997,-0.02062499999999995,1,7.6792187499999995,5.432343749999999,0,0,0,0
tmse,0.9,0,127,0.0,0.25,1.9693749999999999,0.004374999999999976,1,7.6792187499999995,5.709843749999999,0,0,0,0
tmse,0.9,0,128,0.0,0.5,3.4974999999999996,0.6575,1,7.6792187499999995,4.18171875,0,0,0,0
tmse,0.9,0,129,0.0,0.0,1.38,-0.59,1,7.6792187499999995,6.29921875,0,0,0,0
tmse,0.9,0,130,0.25,0.5,4.9174999999999995,0.76609375,1,7.6792187499999995,2.76171875,0,0,0,0
tmse,0.9,0,131,1.0,0.5,7.632499999999999,2.9800000000000004,0,7.6792187499999995,0.04671875000000014,0,0,0,0
tmse,0.9,0,132,0.5,0.5,6.08,1.189375,1,7.6792187499999995,1.5992187499999995,0,0,0,1
tmse,0.9,0,133,0.5,0.5,6.08,1.189375,1,7.6792187499999995,1.5992187499999995,0,0,0,1
tmse,0.9,0,134,0.5,0.25,3.9499999999999997,0.90609375,1,7.6792187499999995,3.72921875,0,0,0,0
tmse,0.9,0,135,0.25,0.5,4.9174999999999995,0.76609375,1,7.6792187499999995,2.76171875,0,0,0,0
tmse,0.9,0,136,0.0,0.25,1.9693749999999999,0.004374999999999976,1,7.6792187499999995,5.709843749999999,0,0,0,0
tmse,0.9,0,137,0.0,0.5,3.4974999999999996,0.6575,1,7.6792187499999995,4.18171875,0,0,0,0
tmse,0.9,0,138,0.25,0.5,4.9174999999999995,0.76609375,1,7.6792187499999995,2.76171875,0,0,0,0
tmse,0.9,0,139,0.25,0.5,4.9174999999999995,0.76609375,1,7.6792187499999995,2.76171875,0,0,0,0
tmse,0.9,0,140,0.0,0.0,1.38,-0.59,1,7.6792187499999995,6.29921875,0,0,0,0
tmse,0.9,0,141,0.0,0.0,1.38,-0.59,1,7.6792187499999995,6.29921875,0,0,0,0
tmse,0.9,0,142,0.0,0.0,1.38,-0.59,1,7.6792187499999995,6.29921875,0,0,0,0
tmse,0.9,0,143,0.0,0.0,1.38,-0.59,1,7.6792187499999995,6.29921875,0,0,0,0
tmse,0.9,0,144,0.25,0.0,2.2468749999999997,-0.02062499999999995,1,7.6792187499999995,5.432343749999999,0,0,0,0
tmse,0.9,0,145,0.25,0.5,4.9174999999999995,0.76609375,1,7.6792187499999995,2.76171875,0,0,0,0
tmse,0.9,0,146,0.5,0.5,6.08,1.189375,1,7.6792187499999995,1.5992187499999995,0,0,0,1
tmse,0.9,0,147,0.0,0.0,1.38,-0.59,1,7.6792187499999995,6.29921875,0,0,0,0
tmse,0.9,0,148,0.25,0.5,4.9174999999999995,0.76609375,1,7.6792187499999995,2.76171875,0,0,0,0
tmse,0.9,0,149,0.25,0.0,2.2468749999999997,-0.02062499999999995,1,7.6792187499999995,5.432343749999999,0,0,0,0
tmse,0.9,0,150,0.0,0.25,1.9693749999999999,0.004374999999999976,1,7.6792187499999995,5.709843749999999,0,0,0,0
tmse,0.9,0,151,0.0,0.25,1.9693749999999999,0.004374999999999976,1,7.6792187499999995,5.709843749999999,0,0,0,0
tmse,0.9,0,152,0.5,0.25,3.9499999999999997,0.90609375,1,7.6792187499999995,3.72921875,0,0,0,0
tmse,0.9,0,153,0.0,0.0,1.38,-0.59,1,7.6792187499999995,6.29921875,0,0,0,0
tmse,0.9,0,154,0.25,0.5,4.9174999999999995,0.76609375,1,7.6792187499999995,2.76171875,0,0,0,0
tmse,0.9,0,155,0.0,0.25,1.9693749999999999,0.004374999999999976,1,7.6792187499999995,5.709843749999999,0,0,0,0
tmse,0.9,0,156,0.25,0.0,2.2468749999999997,-0.02062499999999995,1,7.6792187499999995,5.432343749999999,0,0,0,0
tmse,0.9,0,157,0.25,0.0,2.2468749999999997,-0.02062499999999995,1,7.6792187499999995,5.432343749999999,0,0,0,0
tmse,0.9,0,158,0.25,0.75,7.6792187499999995,1.2816796875,1,7.6792187499999995,0.0,1,1,1,1
tmse,0.9,0,159,0.5,1.0,13.302500000000002,2.205,0,7.6792187499999995,-5.6232812500000025,0,0,0,0
tmse,0.9,0,160,0.25,0.25,3.1067187499999993,0.3319921875,1,7.6792187499999995,4.5725,0,0,0,0
tmse,0.9,0,161,0.0,0.25,1.9693749999999999,0.004374999999999976,1,7.6792187499999995,5.709843749999999,0,0,0,0
tmse,0.9,0,162,0.0,0.25,1.9693749999999999,0.004374999999999976,1,7.6792187499999995,5.709843749999999,0,0,0,0
tmse,0.9,0,163,0.0,0.25,1.9693749999999999,0.004374999999999976,1,7.6792187499999995,5.709843749999999,0,0,0,0
tmse,0.9,0,164,0.25,0.75,7.6792187499999995,1.2816796875,1,7.6792187499999995,0.0,1,1,1,1
tmse,0.9,0,165,0.25,0.5,4.9174999999999995,0.76609375,1,7.6792187499999995,2.76171875,0,0,0,0
tmse,0.9,0,166,0.0,0.25,1.9693749999999999,0.004374999999999976,1,7.6792187499999995,5.709843749999999,0,0,0,0
tmse,0.9,0,167,0.5,0.25,3.9499999999999997,0.90609375,1,7.6792187499999995,3.72921875,0,0,0,0
tmse,0.9,0,168,0.25,0.5,4.9174999999999995,0.76609375,1,7.6792187499999995,2.76171875,0,0,0,0
tmse,0.9,0,169,0.25,0.25,3.1067187499999993,0.3319921875,1,7.6792187499999995,4.5725,0,0,0,0
tmse,0.9,0,170,0.0,0.0,1.38,-0.59,1,7.6792187499999995,6.29921875,0,0,0,0
tmse,0.9,0,171,0.25,0.5,4.9174999999999995,0.76609375,1,7.6792187499999995,2.76171875,0,0,0,0
tmse,0.9,0,172,0.5,0.5,6.08,1.189375,1,7.6792187499999995,1.5992187499999995,0,0,0,1
tmse,0.9,0,173,0.0,0.75,5.9643749999999995,1.369375,1,7.6792187499999995,1.71484375,0,0,0,1
tmse,0.9,0,174,0.25,0.0,2.2468749999999997,-0.02062499999999995,1,7.6792187499999995,5.432343749999999,0,0,0,0
tmse,0.9,0,175,0.25,0.5,4.9174999999999995,0.76609375,1,7.6792187499999995,2.76171875,0,0,0,0
tmse,0.9,0,176,0.5,0.5,6.08,1.189375,1,7.6792187499999995,1.5992187499999995,0,0,0,1
tmse,0.9,0,177,0.0,0.25,1.9693749999999999,0.004374999999999976,1,7.6792187499999995,5.709843749999999,0,0,0,0
tmse,0.9,0,178,0.25,0.5,4.9174999999999995,0.76609375,1,7.6792187499999995,2.76171875,0,0,0,0
tmse,0.9,0,179,0.25,0.0,2.2468749999999997,-0.02062499999999995,1,7.6792187499999995,5.432343749999999,0,0,0,0
tmse,0.9,0,180,0.5,0.25,3.9499999999999997,0.90609375,1,7.6792187499999995,3.72921875,0,0,0,0
tmse,0.9,0,181,0.0,0.5,3.4974999999999996,0.6575,1,7.6792187499999995,4.18171875,0,0,0,0
tmse,0.9,0,182,0.5,0.25,3.9499999999999997,0.90609375,1,7.6792187499999995,3.72921875,0,0,0,0
tmse,0.9,0,183,0.0,0.0,1.38,-0.59,1,7.6792187499999995,6.29921875,0,0,0,0
tmse,0.9,0,184,0.5,0.25,3.9499999999999997,0.90609375,1,7.6792187499999995,3.72921875,0,0,0,0
tmse,0.9,0,185,0.25,0.5,4.9174999999999995,0.76609375,1,7.6792187499999995,2.76171875,0,0,0,0
tmse,0.9,0,186,0.25,0.0,2.2468749999999997,-0.02062499999999995,1,7.6792187499999995,5.432343749999999,0,0,0,0
tmse,0.9,0,187,0.25,0.0,2.2468749999999997,-0.02062499999999995,1,7.6792187499999995,5.432343749999999,0,0,0,0
tmse,0.9,0,188,0.5,0.0,2.8075,0.7725000000000001,1,7.6792187499999995,4.871718749999999,0,0,0,0
tmse,0.9,0,189,0.25,0.5,4.9174999999999995,0.76609375,1,7.6792187499999995,2.76171875,0,0,0,0
tmse,0.9,0,190,0.25,0.0,2.2468749999999997,-0.02062499999999995,1,7.6792187499999995,5.432343749999999,0,0,0,0
tmse,0.9,0,191,0.0,0.5,3.4974999999999996,0.6575,1,7.6792187499999995,4.18171875,0,0,0,0
tmse,0.9,0,192,0.25,0.75,7.6792187499999995,1.2816796875,1,7.6792187499999995,0.0,1,1,1,1
tmse,0.9,0,193,0.5,0.25,3.9499999999999997,0.90609375,1,7.6792187499999995,3.72921875,0,0,0,0
tmse,0.9,0,194,0.0,0.5,3.4974999999999996,0.6575,1,7.6792187499999995,4.18171875,0,0,0,0
tmse,0.9,0,195,0.0,0.25,1.9693749999999999,0.004374999999999976,1,7.6792187499999995,5.709843749999999,0,0,0,0
tmse,0.9,0,196,0.25,0.25,3.1067187499999993,0.3319921875,1,7.6792187499999995,4.5725,0,0,0,0
tmse,0.9,0,197,0.5,0.25,3.9499999999999997,0.90609375,1,7.6792187499999995,3.72921875,0,0,0,0
tmse,0.9,0,198,0.75,0.0,3.0618749999999992,1.7893750000000002,0,7.6792187499999995,4.61734375,0,0,0,0
tmse,0.9,0,199,0.25,0.25,3.1067187499999993,0.3319921875,1,7.6792187499999995,4.5725,0,0,0,0
tmse,0.9,1,0,0.25,0.25,4.2388671874999995,0.3319921875,1,13.205468749999998,8.9666015625,0,0,0,0
tmse,0.9,1,1,0.0,1.0,4.930000000000001,2.1399999999999997,0,13.205468749999998,8.275468749999998,0,0,0,0
tmse,0.9,1,2,0.75,0.5,12.123593750000001,1.9273437500000001,1,13.205468749999998,1.0818749999999966,0,0,0,1
tmse,0.9,1,3,1.0,0.0,2.0599999999999987,3.0300000000000002,0,13.205468749999998,11.14546875,0,0,0,0
tmse,0.9,1,4,0.25,0.75,9.212304687500001,1.2816796875,1,13.205468749999998,3.9931640624999964,0,0,0,0
tmse,0.9,1,5,0.5,1.0,15.885000000000002,2.205,0,13.205468749999998,-2.6795312500000037,0,0,0,0
tmse,0.9,1,6,0.5,0.25,6.536718749999999,0.90609375,1,13.205468749999998,6.668749999999999,0,0,0,0
tmse,0.9,1,7,0.0,1.0,4.930000000000001,2.1399999999999997,0,13.205468749999998,8.275468749999998,0,0,0,0
tmse,0.9,1,8,0.5,0.0,2.5475,0.7725000000000001,1,13.205468749999998,10.657968749999998,0,0,0,0
tmse,0.9,1,9,0.0,0.0,-1.05,-0.59,1,13.205468749999998,14.255468749999999,0,0,0,0
tmse,0.9,1,10,0.25,1.0,11.206249999999999,1.87875,1,13.205468749999998,1.999218749999999,0,0,0,1
tmse,0.9,1,11,0.5,0.5,10.089374999999997,1.189375,1,13.205468749999998,3.116093750000001,0,0,0,0
tmse,0.9,1,12,0.25,0.25,4.2388671874999995,0.3319921875,1,13.205468749999998,8.9666015625,0,0,0,0
tmse,0.9,1,13,0.25,0.5,6.889843749999999,0.76609375,1,13.205468749999998,6.315624999999999,0,0,0,0
tmse,0.9,1,14,0.25,0.75,9.212304687500001,1.2816796875,1,13.205468749999998,3.9931640624999964,0,0,0,0
tmse,0.9,1,15,0.25,0.75,9.212304687500001,1.2816796875,1,13.205468749999998,3.9931640624999964,0,0,0,0
tmse,0.9,1,16,0.25,0.75,9.212304687500001,1.2816796875,1,13.205468749999998,3.9931640624999964,0,0,0,0
tmse,0.9,1,17,0.0,0.75,3.8737500000000002,1.369375,1,13.205468749999998,9.331718749999997,0,0,0,0
tmse,0.9,1,18,0.0,0.5,2.5250000000000004,0.6575,1,13.205468749999998,10.680468749999998,0,0,0,0
tmse,0.9,1,19,0.25,0.75,9.212304687500001,1.2816796875,1,13.205468749999998,3.9931640624999964,0,0,0,0
tmse,0.9,1,20,0.5,0.5,10.089374999999997,1.189375,1,13.205468749999998,3.116093750000001,0,0,0,0
tmse,0.9,1,21,0.0,0.0,-1.05,-0.59,1,13.205468749999998,14.255468749999999,0,0,0,0
tmse,0.9,1,22,0.0,0.75,3.8737500000000002,1.369375,1,13.205468749999998,9.331718749999997,0,0,0,0
tmse,0.9,1,23,0.5,0.75,13.205468749999998,1.6223437500000002,1,13.205468749999998,0.0,1,1,1,1
tmse,0.9,1,24,0.5,0.5,10.089374999999997,1.189375,1,13.205468749999998,3.116093750000001,0,0,0,0
tmse,0.9,1,25,0.25,0.25,4.2388671874999995,0.3319921875,1,13.205468749999998,8.9666015625,0,0,0,0
tmse,0.9,1,26,0.25,1.0,11.206249999999999,1.87875,1,13.205468749999998,1.999218749999999,0,0,0,1
tmse,0.9,1,27,0.75,0.25,7.777304687499998,1.7266796875000003,1,13.205468749999998,5.4281640625,0,0,0,0
tmse,0.9,1,28,0.25,0.5,6.889843749999999,0.76609375,1,13.205468749999998,6.315624999999999,0,0,0,0
tmse,0.9,1,29,0.25,0.5,6.889843749999999,0.76609375,1,13.205468749999998,6.315624999999999,0,0,0,0
tmse,0.9,1,30,0.5,0.25,6.536718749999999,0.90609375,1,13.205468749999998,6.668749999999999,0,0,0,0
tmse,0.9,1,31,0.25,0.5,6.889843749999999,0.76609375,1,13.205468749999998,6.315624999999999,0,0,0,0
tmse,0.9,1,32,0.5,0.75,13.205468749999998,1.6223437500000002,1,13.205468749999998,0.0,1,1,1,1
tmse,0.9,1,33,0.5,0.5,10.089374999999997,1.189375,1,13.205468749999998,3.116093750000001,0,0,0,0
tmse,0.9,1,34,0.5,0.5,10.089374999999997,1.189375,1,13.205468749999998,3.116093750000001,0,0,0,0
tmse,0.9,1,35,0.5,0.75,13.205468749999998,1.6223437500000002,1,13.205468749999998,0.0,1,1,1,1
tmse,0.9,1,36,0.5,0.5,10.089374999999997,1.189375,1,13.205468749999998,3.116093750000001,0,0,0,0
tmse,0.9,1,37,0.25,0.75,9.212304687500001,1.2816796875,1,13.205468749999998,3.9931640624999964,0,0,0,0
tmse,0.9,1,38,0.0,0.75,3.8737500000000002,1.369375,1,13.205468749999998,9.331718749999997,0,0,0,0
tmse,0.9,1,39,0.25,0.5,6.889843749999999,0.76609375,1,13.205468749999998,6.315624999999999,0,0,0,0
tmse,0.9,1,40,0.5,0.5,10.089374999999997,1.189375,1,13.205468749999998,3.116093750000001,0,0,0,0
tmse,0.9,1,41,0.25,0.75,9.212304687500001,1.2816796875,1,13.205468749999998,3.9931640624999964,0,0,0,0
tmse,0.9,1,42,0.25,0.0,1.259375,-0.02062499999999995,1,13.205468749999998,11.946093749999998,0,0,0,0
tmse,0.9,1,43,0.5,0.5,10.089374999999997,1.189375,1,13.205468749999998,3.116093750000001,0,0,0,0
tmse,0.9,1,44,0.25,1.0,11.206249999999999,1.87875,1,13.205468749999998,1.999218749999999,0,0,0,1
tmse,0.9,1,45,0.5,0.0,2.5475,0.7725000000000001,1,13.205468749999998,10.657968749999998,0,0,0,0
tmse,0.9,1,46,0.25,0.75,9.212304687500001,1.2816796875,1,13.205468749999998,3.9931640624999964,0,0,0,0
tmse,0.9,1,47,0.25,1.0,11.206249999999999,1.87875,1,13.205468749999998,1.999218749999999,0,0,0,1
tmse,0.9,1,48,0.5,0.5,10.089374999999997,1.189375,1,13.205468749999998,3.116093750000001,0,0,0,0
tmse,0.9,1,49,0.25,0.5,6.889843749999999,0.76609375,1,13.205468749999998,6.315624999999999,0,0,0,0
tmse,0.9,1,50,0.5,0.0,2.5475,0.7725000000000001,1,13.205468749999998,10.657968749999998,0,0,0,0
tmse,0.9,1,51,0.25,0.25,4.2388671874999995,0.3319921875,1,13.205468749999998,8.9666015625,0,0,0,0
tmse,0.9,1,52,0.25,0.75,9.212304687500001,1.2816796875,1,13.205468749999998,3.9931640624999964,0,0,0,0
tmse,0.9,1,53,0.0,0.75,3.8737500000000002,1.369375,1,13.205468749999998,9.331718749999997,0,0,0,0
tmse,0.9,1,54,0.5,1.0,15.885000000000002,2.205,0,13.205468749999998,-2.6795312500000037,0,0,0,0
tmse,0.9,1,55,0.0,0.0,-1.05,-0.59,1,13.205468749999998,14.255468749999999,0,0,0,0
tmse,0.9,1,56,0.25,0.0,1.259375,-0.02062499999999995,1,13.205468749999998,11.946093749999998,0,0,0,0
tmse,0.9,1,57,0.5,0.25,6.536718749999999,0.90609375,1,13.205468749999998,6.668749999999999,0,0,0,0
tmse,0.9,1,58,0.5,0.5,10.089374999999997,1.189375,1,13.205468749999998,3.116093750000001,0,0,0,0
tmse,0.9,1,59,0.25,0.5,6.889843749999999,0.76609375,1,13.205468749999998,6.315624999999999,0,0,0,0
tmse,0.9,1,60,0.5,0.25,6.536718749999999,0.90609375,1,13.205468749999998,6.668749999999999,0,0,0,0
tmse,0.9,1,61,0.0,0.5,2.5250000000000004,0.6575,1,13.205468749999998,10.680468749999998,0,0,0,0
tmse,0.9,1,62,0.25,1.0,11.206249999999999,1.87875,1,13.205468749999998,1.999218749999999,0,0,0,1
tmse,0.9,1,63,0.25,0.25,4.2388671874999995,0.3319921875,1,13.205468749999998,8.9666015625,0,0,0,0
tmse,0.9,1,64,0.5,0.25,6.536718749999999,0.90609375,1,13.205468749999998,6.668749999999999,0,0,0,0
tmse,0.9,1,65,0.25,0.75,9.212304687500001,1.2816796875,1,13.205468749999998,3.9931640624999964,0,0,0,0
tmse,0.9,1,66,0.25,0.75,9.212304687500001,1.2816796875,1,13.205468749999998,3.9931640624999964,0,0,0,0
tmse,0.9,1,67,0.5,0.0,2.5475,0.7725000000000001,1,13.205468749999998,10.657968749999998,0,0,0,0
tmse,0.9,1,68,0.25,0.75,9.212304687500001,1.2816796875,1,13.205468749999998,3.9931640624999964,0,0,0,0
tmse,0.9,1,69,0.25,0.75,9.212304687500001,1.2816796875,1,13.205468749999998,3.9931640624999964,0,0,0,0
tmse,0.9,1,70,0.0,0.25,0.88375,0.004374999999999976,1,13.205468749999998,12.321718749999999,0,0,0,0
tmse,0.9,1,71,0.0,0.0,-1.05,-0.59,1,13.205468749999998,14.255468749999999,0,0,0,0
tmse,0.9,1,72,0.25,0.25,4.2388671874999995,0.3319921875,1,13.205468749999998,8.9666015625,0,0,0,0
tmse,0.9,1,73,0.25,0.75,9.212304687500001,1.2816796875,1,13.205468749999998,3.9931640624999964,0,0,0,0
tmse,0.9,1,74,0.25,0.5,6.889843749999999,0.76609375,1,13.205468749999998,6.315624999999999,0,0,0,0
tmse,0.9,1,75,0.5,0.5,10.089374999999997,1.189375,1,13.205468749999998,3.116093750000001,0,0,0,0
tmse,0.9,1,76,0.5,0.0,2.5475,0.7725000000000001,1,13.205468749999998,10.657968749999998,0,0,0,0
tmse,0.9,1,77,0.25,0.5,6.889843749999999,0.76609375,1,13.205468749999998,6.315624999999999,0,0,0,0
tmse,0.9,1,78,0.0,0.0,-1.05,-0.59,1,13.205468749999998,14.255468749999999,0,0,0,0
tmse,0.9,1,79,0.5,0.5,10.089374999999997,1.189375,1,13.205468749999998,3.116093750000001,0,0,0,0
tmse,0.9,1,80,0.5,0.25,6.536718749999999,0.90609375,1,13.205468749999998,6.668749999999999,0,0,0,0
tmse,0.9,1,81,0.25,0.5,6.889843749999999,0.76609375,1,13.205468749999998,6.315624999999999,0,0,0,0
tmse,0.9,1,82,0.0,0.0,-1.05,-0.59,1,13.205468749999998,14.255468749999999,0,0,0,0
tmse,0.9,1,83,0.5,0.75,13.205468749999998,1.6223437500000002,1,13.205468749999998,0.0,1,1,1,1
tmse,0.9,1,84,0.25,0.5,6.889843749999999,0.76609375,1,13.205468749999998,6.315624999999999,0,0,0,0
tmse,0.9,1,85,0.5,0.75,13.205468749999998,1.6223437500000002,1,13.205468749999998,0.0,1,1,1,1
tmse,0.9,1,86,0.25,1.0,11.206249999999999,1.87875,1,13.205468749999998,1.999218749999999,0,0,0,1
tmse,0.9,1,87,0.5,0.25,6.536718749999999,0.90609375,1,13.205468749999998,6.668749999999999,0,0,0,0
tmse,0.9,1,88,0.5,0.5,10.089374999999997,1.189375,1,13.205468749999998,3.116093750000001,0,0,0,0
tmse,0.9,1,89,0.0,0.75,3.8737500000000002,1.369375,1,13.205468749999998,9.331718749999997,0,0,0,0
tmse,0.9,1,90,0.0,1.0,4.930000000000001,2.1399999999999997,0,13.205468749999998,8.275468749999998,0,0,0,0
tmse,0.9,1,91,0.5,0.5,10.089374999999997,1.189375,1,13.205468749999998,3.116093750000001,0,0,0,0
tmse,0.9,1,92,0.0,0.5,2.5250000000000004,0.6575,1,13.205468749999998,10.680468749999998,0,0,0,0
tmse,0.9,1,93,0.5,0.25,6.536718749999999,0.90609375,1,13.205468749999998,6.668749999999999,0,0,0,0
tmse,0.9,1,94,0.25,0.25,4.2388671874999995,0.3319921875,1,13.205468749999998,8.9666015625,0,0,0,0
tmse,0.9,1,95,0.5,0.25,6.536718749999999,0.90609375,1,13.205468749999998,6.668749999999999,0,0,0,0
tmse,0.9,1,96,0.5,0.25,6.536718749999999,0.90609375,1,13.205468749999998,6.668749999999999,0,0,0,0
tmse,0.9,1,97,0.25,0.75,9.212304687500001,1.2816796875,1,13.205468749999998,3.9931640624999964,0,0,0,0
tmse,0.9,1,98,0.0,1.0,4.930000000000001,2.1399999999999997,0,13.205468749999998,8.275468749999998,0,0,0,0
tmse,0.9,1,99,0.25,0.75,9.212304687500001,1.2816796875,1,13.205468749999998,3.9931640624999964,0,0,0,0
tmse,0.9,1,100,0.5,0.25,6.536718749999999,0.90609375,1,13.205468749999998,6.668749999999999,0,0,0,0
tmse,0.9,1,101,0.0,0.0,-1.05,-0.59,1,13.205468749999998,14.255468749999999,0,0,0,0
tmse,0.9,1,102,0.75,0.0,2.814374999999999,1.7893750000000002,1,13.205468749999998,10.39109375,0,0,0,0
tmse,0.9,1,103,0.5,0.5,10.089374999999997,1.189375,1,13.205468749999998,3.116093750000001,0,0,0,0
tmse,0.9,1,104,0.25,0.75,9.212304687500001,1.2816796875,1,13.205468749999998,3.9931640624999964,0,0,0,0
tmse,0.9,1,105,0.75,0.25,7.777304687499998,1.7266796875000003,1,13.205468749999998,5.4281640625,0,0,0,0
tmse,0.9,1,106,0.5,0.5,10.089374999999997,1.189375,1,13.205468749999998,3.116093750000001,0,0,0,0
tmse,0.9,1,107,0.0,0.0,-1.05,-0.59,1,13.205468749999998,14.255468749999999,0,0,0,0
tmse,0.9,1,108,0.25,0.75,9.212304687500001,1.2816796875,1,13.205468749999998,3.9931640624999964,0,0,0,0
tmse,0.9,1,109,0.0,1.0,4.930000000000001,2.1399999999999997,0,13.205468749999998,8.275468749999998,0,0,0,0
tmse,0.9,1,110,0.25,0.75,9.212304687500001,1.2816796875,1,13.205468749999998,3.9931640624999964,0,0,0,0
tmse,0.9,1,111,0.25,0.75,9.212304687500001,1.2816796875,1,13.205468749999998,3.9931640624999964,0,0,0,0
tmse,0.9,1,112,0.75,0.5,12.123593750000001,1.9273437500000001,1,13.205468749999998,1.0818749999999966,0,0,0,1
tmse,0.9,1,113,0.5,0.25,6.536718749999999,0.90609375,1,13.205468749999998,6.668749999999999,0,0,0,0
tmse,0.9,1,114,1.0,0.25,7.960624999999998,2.79375,0,13.205468749999998,5.24484375,0,0,0,0
tmse,0.9,1,115,0.25,0.75,9.212304687500001,1.2816796875,1,13.205468749999998,3.9931640624999964,0,0,0,0
tmse,0.9,1,116,0.5,0.75,13.205468749999998,1.6223437500000002,1,13.205468749999998,0.0,1,1,1,1
tmse,0.9,1,117,0.5,0.25,6.536718749999999,0.90609375,1,13.205468749999998,6.668749999999999,0,0,0,0
tmse,0.9,1,118,0.5,0.5,10.089374999999997,1.189375,1,13.205468749999998,3.116093750000001,0,0,0,0
tmse,0.9,1,119,0.5,0.5,10.089374999999997,1.189375,1,13.205468749999998,3.116093750000001,0,0,0,0
tmse,0.9,1,120,0.25,0.5,6.889843749999999,0.76609375,1,13.205468749999998,6.315624999999999,0,0,0,0
tmse,0.9,1,121,0.25,0.75,9.212304687500001,1.2816796875,1,13.205468749999998,3.9931640624999964,0,0,0,0
tmse,0.9,1,122,1.0,0.0,2.0599999999999987,3.0300000000000002,0,13.205468749999998,11.14546875,0,0,0,0
tmse,0.9,1,123,0.5,0.5,10.089374999999997,1.189375,1,13.205468749999998,3.116093750000001,0,0,0,0
tmse,0.9,1,124,0.0,0.75,3.8737500000000002,1.369375,1,13.205468749999998,9.331718749999997,0,0,0,0
tmse,0.9,1,125,0.25,0.75,9.212304687500001,1.2816796875,1,13.205468749999998,3.9931640624999964,0,0,0,0
tmse,0.9,1,126,0.25,0.25,4.2388671874999995,0.3319921875,1,13.205468749999998,8.9666015625,0,0,0,0
tmse,0.9,1,127,0.5,0.5,10.089374999999997,1.189375,1,13.205468749999998,3.116093750000001,0,0,0,0
tmse,0.9,1,128,0.25,0.5,6.889843749999999,0.76609375,1,13.205468749999998,6.315624999999999,0,0,0,0
tmse,0.9,1,129,0.0,0.5,2.5250000000000004,0.6575,1,13.205468749999998,10.680468749999998,0,0,0,0
tmse,0.9,1,130,0.5,0.5,10.089374999999997,1.189375,1,13.205468749999998,3.116093750000001,0,0,0,0
tmse,0.9,1,131,0.0,0.5,2.5250000000000004,0.6575,1,13.205468749999998,10.680468749999998,0,0,0,0
tmse,0.9,1,132,0.0,0.0,-1.05,-0.59,1,13.205468749999998,14.255468749999999,0,0,0,0
tmse,0.9,1,133,0.5,0.5,10.089374999999997,1.189375,1,13.205468749999998,3.116093750000001,0,0,0,0
tmse,0.9,1,134,0.25,0.5,6.889843749999999,0.76609375,1,13.205468749999998,6.315624999999999,0,0,0,0
tmse,0.9,1,135,0.0,0.5,2.5250000000000004,0.6575,1,13.205468749999998,10.680468749999998,0,0,0,0
tmse,0.9,1,136,0.25,0.0,1.259375,-0.02062499999999995,1,13.205468749999998,11.946093749999998,0,0,0,0
tmse,0.9,1,137,0.5,0.5,10.089374999999997,1.189375,1,13.205468749999998,3.116093750000001,0,0,0,0
tmse,0.9,1,138,0.25,0.75,9.212304687500001,1.2816796875,1,13.205468749999998,3.9931640624999964,0,0,0,0
tmse,0.9,1,139,0.25,0.75,9.212304687500001,1.2816796875,1,13.205468749999998,3.9931640624999964,0,0,0,0
tmse,0.9,1,140,0.5,0.5,10.089374999999997,1.189375,1,13.205468749999998,3.116093750000001,0,0,0,0
tmse,0.9,1,141,0.0,1.0,4.930000000000001,2.1399999999999997,0,13.205468749999998,8.275468749999998,0,0,0,0
tmse,0.9,1,142,0.25,0.5,6.889843749999999,0.76609375,1,13.205468749999998,6.315624999999999,0,0,0,0
tmse,0.9,1,143,0.5,0.0,2.5475,0.7725000000000001,1,13.205468749999998,10.657968749999998,0,0,0,0
tmse,0.9,1,144,0.25,1.0,11.206249999999999,1.87875,1,13.205468749999998,1.999218749999999,0,0,0,1
tmse,0.9,1,145,0.25,0.75,9.212304687500001,1.2816796875,1,13.205468749999998,3.9931640624999964,0,0,0,0
tmse,0.9,1,146,0.5,0.5,10.089374999999997,1.189375,1,13.205468749999998,3.116093750000001,0,0,0,0
tmse,0.9,1,147,0.25,1.0,11.206249999999999,1.87875,1,13.205468749999998,1.999218749999999,0,0,0,1
tmse,0.9,1,148,0.25,0.0,1.259375,-0.02062499999999995,1,13.205468749999998,11.946093749999998,0,0,0,0
tmse,0.9,1,149,0.5,0.5,10.089374999999997,1.189375,1,13.205468749999998,3.116093750000001,0,0,0,0
tmse,0.9,1,150,0.5,0.25,6.536718749999999,0.90609375,1,13.205468749999998,6.668749999999999,0,0,0,0
tmse,0.9,1,151,0.25,0.5,6.889843749999999,0.76609375,1,13.205468749999998,6.315624999999999,0,0,0,0
tmse,0.9,1,152,0.5,0.75,13.205468749999998,1.6223437500000002,1,13.205468749999998,0.0,1,1,1,1
tmse,0.9,1,153,0.0,1.0,4.930000000000001,2.1399999999999997,0,13.205468749999998,8.275468749999998,0,0,0,0
tmse,0.9,1,154,0.25,0.5,6.889843749999999,0.76609375,1,13.205468749999998,6.315624999999999,0,0,0,0
tmse,0.9,1,155,0.25,0.25,4.2388671874999995,0.3319921875,1,13.205468749999998,8.9666015625,0,0,0,0
tmse,0.9,1,156,0.5,0.25,6.536718749999999,0.90609375,1,13.205468749999998,6.668749999999999,0,0,0,0
tmse,0.9,1,157,0.0,0.0,-1.05,-0.59,1,13.205468749999998,14.255468749999999,0,0,0,0
tmse,0.9,1,158,0.5,0.75,13.205468749999998,1.6223437500000002,1,13.205468749999998,0.0,1,1,1,1
tmse,0.9,1,159,0.5,1.0,15.885000000000002,2.205,0,13.205468749999998,-2.6795312500000037,0,0,0,0
tmse,0.9,1,160,0.5,0.75,13.205468749999998,1.6223437500000002,1,13.205468749999998,0.0,1,1,1,1
tmse,0.9,1,161,0.25,0.5,6.889843749999999,0.76609375,1,13.205468749999998,6.315624999999999,0,0,0,0
tmse,0.9,1,162,0.5,0.25,6.536718749999999,0.90609375,1,13.205468749999998,6.668749999999999,0,0,0,0
tmse,0.9,1,163,0.25,0.75,9.212304687500001,1.2816796875,1,13.205468749999998,3.9931640624999964,0,0,0,0
tmse,0.9,1,164,0.25,0.0,1.259375,-0.02062499999999995,1,13.205468749999998,11.946093749999998,0,0,0,0
tmse,0.9,1,165,0.25,0.5,6.889843749999999,0.76609375,1,13.205468749999998,6.315624999999999,0,0,0,0
tmse,0.9,1,166,0.25,0.25,4.2388671874999995,0.3319921875,1,13.205468749999998,8.9666015625,0,0,0,0
tmse,0.9,1,167,0.25,0.75,9.212304687500001,1.2816796875,1,13.205468749999998,3.9931640624999964,0,0,0,0
tmse,0.9,1,168,0.5,0.5,10.089374999999997,1.189375,1,13.205468749999998,3.116093750000001,0,0,0,0
tmse,0.9,1,169,0.25,0.5,6.889843749999999,0.76609375,1,13.205468749999998,6.315624999999999,0,0,0,0
tmse,0.9,1,170,0.75,0.25,7.777304687499998,1.7266796875000003,1,13.205468749999998,5.4281640625,0,0,0,0
tmse,0.9,1,171,0.5,0.5,10.089374999999997,1.189375,1,13.205468749999998,3.116093750000001,0,0,0,0
tmse,0.9,1,172,0.25,0.5,6.889843749999999,0.76609375,1,13.205468749999998,6.315624999999999,0,0,0,0
tmse,0.9,1,173,0.0,0.5,2.5250000000000004,0.6575,1,13.205468749999998,10.680468749999998,0,0,0,0
tmse,0.9,1,174,0.5,0.5,10.089374999999997,1.189375,1,13.205468749999998,3.116093750000001,0,0,0,0
tmse,0.9,1,175,0.25,0.5,6.889843749999999,0.76609375,1,13.205468749999998,6.315624999999999,0,0,0,0
tmse,0.9,1,176,0.5,0.5,10.089374999999997,1.189375,1,13.205468749999998,3.116093750000001,0,0,0,0
tmse,0.9,1,177,0.25,0.25,4.2388671874999995,0.3319921875,1,13.205468749999998,8.9666015625,0,0,0,0
tmse,0.9,1,178,0.25,0.5,6.889843749999999,0.76609375,1,13.205468749999998,6.315624999999999,0,0,0,0
tmse,0.9,1,179,0.5,0.5,10.089374999999997,1.189375,1,13.205468749999998,3.116093750000001,0,0,0,0
tmse,0.9,1,180,0.25,0.25,4.2388671874999995,0.3319921875,1,13.205468749999998,8.9666015625,0,0,0,0
tmse,0.9,1,181,0.25,0.5,6.889843749999999,0.76609375,1,13.205468749999998,6.315624999999999,0,0,0,0
tmse,0.9,1,182,0.25,0.75,9.212304687500001,1.2816796875,1,13.205468749999998,3.9931640624999964,0,0,0,0
tmse,0.9,1,183,0.25,0.0,1.259375,-0.02062499999999995,1,13.205468749999998,11.946093749999998,0,0,0,0
tmse,0.9,1,184,0.75,0.25,7.777304687499998,1.7266796875000003,1,13.205468749999998,5.4281640625,0,0,0,0
tmse,0.9,1,185,0.5,0.5,10.089374999999997,1.189375,1,13.205468749999998,3.116093750000001,0,0,0,0
tmse,0.9,1,186,0.25,0.75,9.212304687500001,1.2816796875,1,13.205468749999998,3.9931640624999964,0,0,0,0
tmse,0.9,1,187,0.25,0.25,4.2388671874999995,0.3319921875,1,13.205468749999998,8.9666015625,0,0,0,0
tmse,0.9,1,188,0.25,0.75,9.212304687500001,1.2816796875,1,13.205468749999998,3.9931640624999964,0,0,0,0
tmse,0.9,1,189,0.25,0.75,9.212304687500001,1.2816796875,1,13.205468749999998,3.9931640624999964,0,0,0,0
tmse,0.9,1,190,0.5,0.0,2.5475,0.7725000000000001,1,13.205468749999998,10.657968749999998,0,0,0,0
tmse,0.9,1,191,0.25,0.75,9.212304687500001,1.2816796875,1,13.205468749999998,3.9931640624999964,0,0,0,0
tmse,0.9,1,192,0.5,0.0,2.5475,0.7725000000000001,1,13.205468749999998,10.657968749999998,0,0,0,0
tmse,0.9,1,193,0.75,0.25,7.777304687499998,1.7266796875000003,1,13.205468749999998,5.4281640625,0,0,0,0
tmse,0.9,1,194,0.5,0.75,13.205468749999998,1.6223437500000002,1,13.205468749999998,0.0,1,1,1,1
tmse,0.9,1,195,0.25,0.5,6.889843749999999,0.76609375,1,13.205468749999998,6.315624999999999,0,0,0,0
tmse,0.9,1,196,0.25,0.25,4.2388671874999995,0.3319921875,1,13.205468749999998,8.9666015625,0,0,0,0
tmse,0.9,1,197,0.25,0.75,9.212304687500001,1.2816796875,1,13.205468749999998,3.9931640624999964,0,0,0,0
tmse,0.9,1,198,0.25,0.75,9.212304687500001,1.2816796875,1,13.205468749999998,3.9931640624999964,0,0,0,0
tmse,0.9,1,199,0.25,0.75,9.212304687500001,1.2816796875,1,13.205468749999998,3.9931640624999964,0,0,0,0
