surface_id,surface,tau,policy,policy_label,policy_role,monte_carlo_replicate_sets_planned,trial_rows,N_max,post_initialization_enrollment,terminal_recommendation_pct_estimate,terminal_recommendation_pct_mcse,terminal_recommendation_pct_ci95_low,terminal_recommendation_pct_ci95_high,terminal_recommendation_pct_eligible_trials,terminal_recommendation_pct_eligible_replicate_sets,assignment_count_estimate,assignment_count_mcse,assignment_count_ci95_low,assignment_count_ci95_high,assignment_count_eligible_trials,assignment_count_eligible_replicate_sets,assignment_pct_nmax_estimate,assignment_pct_nmax_mcse,assignment_pct_nmax_ci95_low,assignment_pct_nmax_ci95_high,assignment_pct_nmax_eligible_trials,assignment_pct_nmax_eligible_replicate_sets,recommendation_pct_estimate,recommendation_pct_mcse,recommendation_pct_ci95_low,recommendation_pct_ci95_high,recommendation_pct_eligible_trials,recommendation_pct_eligible_replicate_sets,recommended_efficacy_estimate,recommended_efficacy_mcse,recommended_efficacy_ci95_low,recommended_efficacy_ci95_high,recommended_efficacy_eligible_trials,recommended_efficacy_eligible_replicate_sets,dose_location_error_estimate,dose_location_error_mcse,dose_location_error_ci95_low,dose_location_error_ci95_high,dose_location_error_eligible_trials,dose_location_error_eligible_replicate_sets,admitted_doses_estimate,admitted_doses_mcse,admitted_doses_ci95_low,admitted_doses_ci95_high,admitted_doses_eligible_trials,admitted_doses_eligible_replicate_sets,false_admissions_estimate,false_admissions_mcse,false_admissions_ci95_low,false_admissions_ci95_high,false_admissions_eligible_trials,false_admissions_eligible_replicate_sets,feasible_recall_pct_estimate,feasible_recall_pct_mcse,feasible_recall_pct_ci95_low,feasible_recall_pct_ci95_high,feasible_recall_pct_eligible_trials,feasible_recall_pct_eligible_replicate_sets,gate_precision_pct_estimate,gate_precision_pct_mcse,gate_precision_pct_ci95_low,gate_precision_pct_ci95_high,gate_precision_pct_eligible_trials,gate_precision_pct_eligible_replicate_sets,final_empty_gate_pct_estimate,final_empty_gate_pct_mcse,final_empty_gate_pct_ci95_low,final_empty_gate_pct_ci95_high,final_empty_gate_pct_eligible_trials,final_empty_gate_pct_eligible_replicate_sets,obd_feasibility_pct_estimate,obd_feasibility_pct_mcse,obd_feasibility_pct_ci95_low,obd_feasibility_pct_ci95_high,obd_feasibility_pct_eligible_trials,obd_feasibility_pct_eligible_replicate_sets,obd_posterior_sd_estimate,obd_posterior_sd_mcse,obd_posterior_sd_ci95_low,obd_posterior_sd_ci95_high,obd_posterior_sd_eligible_trials,obd_posterior_sd_eligible_replicate_sets
osa,OSA,0.5,cKG,cKG,target,200,400,40,36,34.0,2.5002512436567317,29.06961319780342,38.93038680219658,400,200,9.08,0.2823412525908548,8.523235319241893,9.636764680758107,400,200,25.222222222222225,0.7842812571968187,23.675653664560816,26.768790779883634,400,200,100.0,0.0,100.0,100.0,400,200,9.411082421875,0.20135882387694395,9.0140115713885,9.8081532723615,400,200,1.3589361383967784,0.04312612774210261,1.2738932885676038,1.443978988225953,400,200,11.5125,0.24600929171078112,11.027380367264765,11.997619632735233,400,200,1.38,0.09538601816991607,1.1919029172399422,1.5680970827600575,400,200,74.48579545454545,1.4249648442470084,71.67582670460725,77.29576420448366,400,200,89.69446943604511,0.6115014780659368,88.4886150945548,90.90032377753542,400,200,0.0,0.0,0.0,0.0,400,200,54.67694224832171,1.5654379027096712,51.589966731457324,57.76391776518609,400,200,0.5790009903560756,0.01650702440300206,0.5464498555584911,0.61155212515366,400,200
osa,OSA,0.5,tmse,tMSE-only,principal_boundary,200,400,40,36,21.25,2.3089703811667937,16.696810746380123,25.803189253619877,400,200,13.895,0.36134850033377386,13.18243646001211,14.60756353998789,400,200,38.59722222222222,1.0037458342604828,36.61787905558919,40.57656538885525,400,200,100.0,0.0,100.0,100.0,400,200,9.047311328125,0.16636386945866805,8.719249007019327,9.375373649230673,400,200,1.29831585720323,0.04137753786269214,1.216721150629967,1.379910563776493,400,200,11.3,0.17813946317901755,10.948716719795064,11.651283280204938,400,200,0.7225,0.054989434800682316,0.6140632241802191,0.830936775819781,400,200,77.80681818181819,1.1736535942528834,75.49242429594939,80.12121206768698,400,200,94.34050025052348,0.41618486864442794,93.51980177518251,95.16119872586444,399,200,0.25,0.25,-0.24298913606234873,0.7429891360623487,400,200,55.062290616675625,1.7058928925521049,51.69834396341897,58.42623726993228,400,200,0.48883057323727613,0.014159561731431018,0.46090853281727745,0.5167526136572749,400,200
osa,OSA,0.5,qBIG,Entropy reduction,principal_boundary,200,400,40,36,29.5,2.5605727217395295,24.45066186433925,34.54933813566075,400,200,11.045,0.3481680340001039,10.35842776685505,11.73157223314495,400,200,30.680555555555554,0.9671334277780664,28.773410463486247,32.587700647624864,400,200,100.0,0.0,100.0,100.0,400,200,9.530422949218751,0.18742799693728474,9.160823084082717,9.900022814354786,400,200,1.288000734980646,0.04179261729884846,1.2055875097968713,1.3704139601644205,400,200,12.7825,0.2748818270534105,12.240444982246798,13.324555017753204,400,200,1.9475,0.17444807077461452,1.6034959852043174,2.2915040147956827,400,200,79.6434659090909,1.2003468695485104,77.27643404431545,82.01049777386636,400,200,88.15804579622305,0.7881140414530229,86.60391915456492,89.71217243788118,397,200,0.75,0.43083126382546477,-0.09958053016786284,1.599580530167863,400,200,60.783535125973486,1.8273549913910037,57.1800704920332,64.38699975991378,400,200,0.4340959669550958,0.013740590075366611,0.4070001204341283,0.46119181347606325,400,200
osa,OSA,0.5,cEI,cEI,secondary,200,400,40,36,21.0,2.223673451316639,16.615012585402518,25.384987414597482,400,200,6.74,0.41402789214905183,5.923554988574895,7.556445011425105,400,200,18.72222222222222,1.1500774781918108,16.45431941270804,20.990125031736405,400,200,100.0,0.0,100.0,100.0,400,200,8.2187611328125,0.20067062988840248,7.823047370965416,8.614474894659583,400,200,1.6141722343718266,0.05209273050460475,1.5114476335454512,1.716896835198202,400,200,13.2075,0.39489960399597884,12.428775141578635,13.986224858421364,400,200,3.3675,0.2255500674231175,2.9227250684890915,3.812274931510909,400,200,72.16051136363636,1.5686531341338574,69.06719555012377,75.25382717714895,400,200,80.67812989247857,0.9629313782057124,78.77927105956272,82.57698872539441,396,200,1.0,0.4962168435058351,0.021481948081890634,1.9785180519181094,400,200,56.148990722335654,1.6556407207639108,52.88413916809947,59.413842276571835,400,200,0.5776708229995748,0.019706067781726587,0.5388113136759769,0.6165303323231728,400,200
osa,OSA,0.5,cEI-tMSE,cEI–tMSE hybrid,secondary,200,400,40,36,20.75,2.164047831050732,16.4825917174908,25.0174082825092,400,200,11.69,0.3488956014390517,11.001993035482434,12.378006964517565,400,200,32.47222222222223,0.9691544484418102,30.561091765228987,34.38335267921547,400,200,100.0,0.0,100.0,100.0,400,200,8.77812607421875,0.1762404630459166,8.430587539753812,9.125664608683689,400,200,1.327281735393258,0.04622726211428517,1.2361235833442612,1.4184398874422548,400,200,11.045,0.2120784319692426,10.626790548184102,11.463209451815898,400,200,0.8925,0.07731985872183043,0.7400285985930478,1.0449714014069522,400,200,74.71022727272728,1.3161787747025282,72.11477992455048,77.30567462090409,400,200,93.59989063108561,0.47880077361949686,92.65571631215498,94.54406495001625,399,200,0.25,0.25,-0.24298913606234873,0.7429891360623487,400,200,52.61262448172709,1.72229520674331,49.21633317766025,56.008915785793924,400,200,0.4987948601722674,0.014623927910655758,0.46995710982621836,0.5276326105183163,400,200
osa,OSA,0.6,cKG,cKG,target,200,400,40,36,24.25,2.296422277452888,19.721555061616677,28.778444938383323,400,200,7.365,0.2753871190281658,6.821948568430422,7.908051431569579,400,200,20.45833333333333,0.7649642195226828,18.949857134528944,21.966809532137713,400,200,100.0,0.0,100.0,100.0,400,200,8.36014638671875,0.20662768860821187,7.9526855639446605,8.767607209492839,400,200,1.5395997468589717,0.04870121875724005,1.4435630598177107,1.6356364339002327,400,200,9.955,0.2606811236764297,9.440948152203978,10.469051847796022,400,200,0.9575,0.0849754250611411,0.7899321544503088,1.1250678455496912,400,200,65.99289772727272,1.589813543113519,62.8578545067937,69.12794094775174,400,200,91.99958326374347,0.6034033417961162,90.80969809506666,93.18946843242028,398,200,0.5,0.35266394669214823,-0.1954379776004015,1.1954379776004016,400,200,51.51291141680706,1.544643508944374,48.46694154081185,54.55888129280226,400,200,0.627937820949901,0.019509191357224558,0.5894665433800084,0.6664090985197937,400,200
osa,OSA,0.6,tmse,tMSE-only,principal_boundary,200,400,40,36,16.75,1.9178315591957589,12.968119506075903,20.5318804939241,400,200,11.75,0.3651770411140108,11.029886743965596,12.470113256034404,400,200,32.638888888888886,1.014380669761141,30.63857428879332,34.63920348898445,400,200,100.0,0.0,100.0,100.0,400,200,8.290838671875001,0.18045114758075614,7.934996850485815,8.646680493264187,400,200,1.499289622342677,0.04852562599399427,1.4035991966000214,1.5949800480853327,400,200,9.9875,0.2142369156568278,9.565034112150714,10.409965887849287,400,200,0.5775,0.05526290522101906,0.4685239523951774,0.6864760476048226,400,200,68.80539772727273,1.4245126726026975,65.99632064016765,71.61447481437781,400,200,95.22774651797292,0.45831736506347365,94.32396459059287,96.13152844535297,399,200,0.25,0.25,-0.24298913606234873,0.7429891360623487,400,200,53.29698321219579,1.6692776371398061,50.005240251468784,56.5887261729228,400,200,0.5302519039482676,0.016908593561315858,0.4969088922209776,0.5635949156755576,400,200
osa,OSA,0.6,qBIG,Entropy reduction,principal_boundary,200,400,40,36,21.5,2.3109418558904795,16.94292308389693,26.05707691610307,400,200,9.43,0.3416270557583674,8.756326291704633,10.103673708295366,400,200,26.194444444444443,0.9489640437732427,24.32312858806843,28.065760300820457,400,200,100.0,0.0,100.0,100.0,400,200,8.836765625,0.1880987879555437,8.465842989125687,9.207688260874313,400,200,1.4448352248110097,0.04960786265893343,1.3470106753945008,1.5426597742275185,400,200,11.31,0.31396635866261097,10.690871984361111,11.92912801563889,400,200,1.55,0.17167516363482876,1.2114640375852137,1.8885359624147864,400,200,71.33380681818181,1.517195367743843,68.34196348385447,74.32565015250916,400,200,90.72554425378804,0.7789594087127624,89.18947015007227,92.26161835750382,398,200,0.5,0.35266394669214823,-0.1954379776004015,1.1954379776004016,400,200,58.121760338117674,1.860262761275732,54.45340301199654,61.79011766423881,400,200,0.49020994521246053,0.017851107326534183,0.4550083372978031,0.525411553127118,400,200
osa,OSA,0.6,cEI,cEI,secondary,200,400,40,36,13.75,1.8395945314663784,10.122399524909476,17.377600475090524,400,200,5.9,0.3672524633808417,5.175794101444438,6.624205898555562,400,200,16.388888888888886,1.020145731613449,14.377205837345658,18.400571940432112,400,200,100.0,0.0,100.0,100.0,400,200,7.3261101562499995,0.18439780230860178,6.962485703242346,7.689734609257653,400,200,1.773031941794737,0.05067792809973139,1.6730972698294715,1.8729666137600027,400,200,11.0025,0.402528089784212,10.208732099105815,11.796267900894184,400,200,2.4425,0.21014404906345532,2.0281050672142533,2.8568949327857465,400,200,62.54829545454546,1.7023266142249884,59.19138134717458,65.90520956191634,400,200,85.67123068672403,0.9400142292019317,83.81756347576173,87.52489789768633,395,200,1.25,0.5533702132974128,0.15877798649548347,2.3412220135045168,400,200,55.05777975722078,1.6132378178050266,51.87654488496954,58.23901462947202,400,200,0.6277088908687061,0.021467376706997172,0.585376156883476,0.6700416248539361,400,200
osa,OSA,0.6,cEI-tMSE,cEI–tMSE hybrid,secondary,200,400,40,36,13.75,1.8051260065428916,10.190369958202968,17.309630041797032,400,200,9.96,0.3353420214598581,9.298720106220413,10.621279893779588,400,200,27.666666666666664,0.9315056151662724,25.829778072834475,29.503555260498853,400,200,100.0,0.0,100.0,100.0,400,200,8.06945546875,0.17164004206402605,7.730988764546603,8.407922172953398,400,200,1.539552893100631,0.04963071487953351,1.4416832800981592,1.637422506103103,400,200,9.42,0.2537022351509797,8.919710217103326,9.920289782896674,400,200,0.5925,0.06660065303677301,0.4611664063928521,0.7238335936071479,400,200,64.77414772727273,1.6340486763033382,61.551874746414306,67.99642070813117,400,200,95.66711196569169,0.44088623264827265,94.79770347395147,96.5365204574319,398,200,0.5,0.35266394669214823,-0.1954379776004015,1.1954379776004016,400,200,52.50264725540701,1.6606487942745036,49.22791999783754,55.777374512976486,400,200,0.5589166491079246,0.018958444240410585,0.5215314209192597,0.5963018772965895,400,200
osa,OSA,0.7,cKG,cKG,target,200,400,40,36,19.5,2.060333680346914,15.437111515702462,23.562888484297538,400,200,6.03,0.24215427616983493,5.552482290388919,6.507517709611082,400,200,16.75,0.6726507671384303,15.423561917746996,18.076438082253002,400,200,100.0,0.0,100.0,100.0,400,200,7.585557421875,0.19898127529171178,7.193174993880419,7.977939849869582,400,200,1.6935590493940815,0.05306740008401281,1.5889124425121115,1.7982056562760516,400,200,8.48,0.25781357449905523,7.97160283457026,8.988397165429742,400,200,0.685,0.07991122587034004,0.5274185351859915,0.8425814648140086,400,200,56.6875,1.6164640379622328,53.499903161796574,59.875096838203426,400,200,93.78916626781371,0.5576998286102267,92.689406441059,94.88892609456842,398,200,0.5,0.35266394669214823,-0.1954379776004015,1.1954379776004016,400,200,53.26666331831941,1.4527768768266505,50.4018504487269,56.13147618791192,400,200,0.692690160988898,0.020222453345739747,0.6528123617729884,0.7325679602048076,400,200
osa,OSA,0.7,tmse,tMSE-only,principal_boundary,200,400,40,36,11.5,1.7618942524407983,8.025621098623972,14.974378901376028,400,200,9.815,0.37510986665282675,9.07529964364144,10.554700356358559,400,200,27.263888888888893,1.0419718518134078,25.209165676781783,29.318612100996003,400,200,100.0,0.0,100.0,100.0,400,200,7.554134375,0.1835797161542001,7.192123152338279,7.916145597661721,400,200,1.6316950544739866,0.0518274038600338,1.5294936662607366,1.7338964426872365,400,200,8.2725,0.2344617887887279,7.810151541221649,8.734848458778352,400,200,0.3575,0.04954282194253927,0.25980370804982716,0.4551962919501728,400,200,58.04119318181818,1.5813591471707502,54.92282166274617,61.159564700890186,400,200,97.05413905946995,0.3648004118440245,96.33476849998925,97.77350961895064,397,200,0.75,0.43083126382546477,-0.09958053016786284,1.599580530167863,400,200,53.26496092946728,1.5980242485398448,50.11372655468991,56.416195304244646,400,200,0.580359424727902,0.019015545026690502,0.5428615962700507,0.6178572531857534,400,200
osa,OSA,0.7,qBIG,Entropy reduction,principal_boundary,200,400,40,36,18.5,2.106164677379527,14.346734781174526,22.653265218825474,400,200,7.9,0.3259312132626982,7.257277811031478,8.542722188968524,400,200,21.944444444444443,0.9053644812852728,20.15910503064299,23.729783858245895,400,200,100.0,0.0,100.0,100.0,400,200,8.085902734374999,0.18338800309378422,7.724269561537383,8.447535907212615,400,200,1.6361323665489238,0.04879359025725747,1.5399135269237014,1.7323512061741462,400,200,9.9975,0.3396809303186014,9.327663966501511,10.66733603349849,400,200,1.31,0.1697455974074025,0.9752690583349496,1.6447309416650504,400,200,63.36647727272727,1.6691893723387852,60.07490836635227,66.65804617910229,400,200,92.04674080520442,0.7602912287319971,90.54747954117094,93.5460020692379,397,200,0.75,0.43083126382546477,-0.09958053016786284,1.599580530167863,400,200,58.342456427864946,1.7071317289609944,54.97606684304453,61.70884601268536,400,200,0.5270652761458338,0.019999791499136346,0.4876265564154884,0.5665039958761791,400,200
osa,OSA,0.7,cEI,cEI,secondary,200,400,40,36,9.75,1.573073520693657,6.647967376282708,12.852032623717292,400,200,5.19,0.3257299494980466,4.547674694429302,5.8323253055706985,400,200,14.416666666666664,0.9048054152723517,12.63242970674806,16.20090362658527,400,200,100.0,0.0,100.0,100.0,400,200,6.680289062500001,0.18406441282626493,6.317322039063826,7.043256085936176,400,200,1.923214496672391,0.04895737169618754,1.826672687166844,2.019756306177938,400,200,9.36,0.3928564380336952,8.585304176068947,10.134695823931052,400,200,1.875,0.1962509802171212,1.4880015952454893,2.2619984047545105,400,200,54.14630681818182,1.7086236065884781,50.77697531551067,57.51563832085297,400,200,88.97224304931096,0.8777377776519649,87.24138229453524,90.70310380408668,397,200,0.75,0.43083126382546477,-0.09958053016786284,1.599580530167863,400,200,55.22273029392065,1.5864534895965716,52.0943129529634,58.3511476348779,400,200,0.6794328290992161,0.02260784448722351,0.634851142211263,0.7240145159871691,400,200
osa,OSA,0.7,cEI-tMSE,cEI–tMSE hybrid,secondary,200,400,40,36,6.75,1.2620026758168321,4.26138556456275,9.238614435437249,400,200,8.14,0.317182952135874,7.514529001811321,8.76547099818868,400,200,22.611111111111114,0.8810637559329833,20.873691671698115,24.348530550524114,400,200,100.0,0.0,100.0,100.0,400,200,7.1373462890625,0.17056774271254496,6.80099411258265,7.47369846554235,400,200,1.71832461258465,0.05227531248213117,1.6152399680328293,1.8214092571364708,400,200,8.075,0.24046515852054648,7.60081315699144,8.54918684300856,400,200,0.36,0.04386479913341762,0.27350052228667193,0.44649947771332804,400,200,56.40767045454546,1.6327540640659137,53.18795039276088,59.62739051633004,400,200,96.77779898592979,0.38830403860728413,96.0120802958397,97.54351767601989,399,200,0.25,0.25,-0.24298913606234873,0.7429891360623487,400,200,51.64247308852259,1.4913303840230396,48.7016343781104,54.58331179893479,400,200,0.6122769090774342,0.020701717300033718,0.5714540221704317,0.6530997959844366,400,200
osa,OSA,0.8,cKG,cKG,target,200,400,40,36,10.25,1.596852274297672,7.101076707499176,13.398923292500825,400,200,5.21,0.2562377586241411,4.704710274997328,5.7152897250026715,400,200,14.472222222222221,0.7117715517337253,13.068639652770354,15.875804791674089,400,200,100.0,0.0,100.0,100.0,400,200,6.518623535156251,0.18373120867228265,6.156313575832092,6.880933494480409,400,200,1.907462848045906,0.051739826482486505,1.8054341586154385,2.0094915374763733,400,200,6.675,0.24067404300188744,6.2004012458714675,7.149598754128532,400,200,0.3975,0.061829062054772135,0.27557577645629017,0.5194242235437099,400,200,45.47727272727272,1.5503354500336792,42.420078590796976,48.53446686374846,400,200,96.14128801191048,0.4602203089116345,95.23372551908261,97.04885050473834,395,199,1.25,0.6571504650141714,-0.045872160041228405,2.5458721600412284,400,200,52.570727823918624,1.3625259499084554,49.88388586028702,55.257569787550224,400,200,0.7517029436673903,0.020688290737198103,0.7109065333588384,0.7924993539759423,400,200
osa,OSA,0.8,tmse,tMSE-only,principal_boundary,200,400,40,36,4.75,1.0392727936872457,2.7005992132280845,6.7994007867719155,400,200,7.27,0.3162841734768906,6.646301354269735,7.8936986457302645,400,200,20.194444444444443,0.8785671485469183,18.461948206304818,21.926940682584068,400,200,100.0,0.0,100.0,100.0,400,200,6.44125263671875,0.1660130896080436,6.113882038235108,6.7686232352023925,400,200,1.8738278962569677,0.05090839947373659,1.7734387447574704,1.974217047756465,400,200,6.8475,0.22723478383584814,6.399402880933803,7.295597119066198,400,200,0.215,0.0369214159367415,0.14219257222058868,0.2878074277794113,400,200,48.07954545454546,1.546833761166257,45.029256496347756,51.129834412743165,400,200,97.96172542765805,0.3765967447235367,97.2190700649679,98.70438079034821,397,199,0.75,0.5578922105505371,-0.3501391955808928,1.8501391955808928,400,200,52.93647954772016,1.4457710077828076,50.08548194743681,55.78747714800351,400,200,0.6524162440723864,0.020276513614764735,0.6124318403551892,0.6924006477895837,400,200
osa,OSA,0.8,qBIG,Entropy reduction,principal_boundary,200,400,40,36,12.75,1.772114400154849,9.255467411456054,16.244532588543947,400,200,6.555,0.2997232810879573,5.9639587143947015,7.146041285605298,400,200,18.208333333333332,0.8325646696887704,16.566551984429726,19.85011468223694,400,200,100.0,0.0,100.0,100.0,400,200,7.313592089843751,0.18597849242303405,6.946850584620512,7.6803335950669895,400,200,1.771363338556863,0.04978075588299872,1.6731978512157022,1.8695288258980238,400,200,8.7075,0.34590710803181635,8.025386214614278,9.389613785385722,400,200,1.085,0.16928426035523825,0.7511787949540696,1.4188212050459303,400,200,54.96306818181818,1.6853238856260442,51.63968271637808,58.28645364725828,400,200,93.48521507541513,0.7648354505953263,91.97694619917418,94.99348395165607,396,199,1.0,0.6098026701174832,-0.20250436603892608,2.202504366038926,400,200,57.71949560562766,1.604108022564745,54.556264292848155,60.88272691840716,400,200,0.590351037659553,0.021319120839070022,0.5483106578033052,0.6323914175158007,400,200
osa,OSA,0.8,cEI,cEI,secondary,200,400,40,36,4.75,1.0392727936872457,2.7005992132280845,6.7994007867719155,400,200,4.73,0.28774901822150006,4.162571440416775,5.297428559583226,400,200,13.138888888888888,0.7993028283930558,11.56269844560215,14.715079332175625,400,200,100.0,0.0,100.0,100.0,400,200,6.127220019531251,0.17386963632457483,5.784356652334743,6.470083386727758,400,200,1.989622909078171,0.051444951930363615,1.8881756994504948,2.091070118705847,400,200,7.3875,0.37061400737466943,6.656665282767027,8.118334717232973,400,200,1.3575,0.1751301561925878,1.0121509424006079,1.702849057599392,400,200,43.80965909090909,1.6321141910311308,40.591200830942945,47.02811735087524,400,200,92.1592044429001,0.7876323524103672,90.60602767110194,93.71238121469827,396,200,1.0,0.4962168435058351,0.021481948081890634,1.9785180519181094,400,200,55.71750001024944,1.482264087428278,52.79453964273939,58.64046037775949,400,200,0.7123031902640862,0.02287266087061581,0.6671992969758782,0.7574070835522941,400,200
osa,OSA,0.8,cEI-tMSE,cEI–tMSE hybrid,secondary,200,400,40,36,6.5,1.3407977824665942,3.856005038349923,9.143994961650076,400,200,6.755,0.3069952858394379,6.149618637035207,7.360381362964793,400,200,18.763888888888886,0.8527646828873275,17.08227399176446,20.44550378601331,400,200,100.0,0.0,100.0,100.0,400,200,6.4518412109375,0.1696508202740778,6.117297165660755,6.7863852562142455,400,200,1.892252849825435,0.04915578328064907,1.795319781297454,1.989185918353416,400,200,6.4575,0.2246375500544652,6.014524513085946,6.900475486914053,400,200,0.2275,0.03414378038081705,0.16016994883263375,0.29483005116736627,400,200,45.23011363636364,1.5454833463401791,42.18248763751967,48.27773963520761,400,200,97.64745324120325,0.3490810326050253,96.95908061448444,98.33582586792207,397,200,0.75,0.43083126382546477,-0.09958053016786284,1.599580530167863,400,200,51.41791995817701,1.4286912677330552,48.600602863058846,54.23523705329517,400,200,0.6845288568802437,0.02202655114697785,0.6410934551987166,0.7279642585617707,400,200
osa,OSA,0.9,cKG,cKG,target,200,400,40,36,6.0,1.205098048514171,3.623599016770306,8.376400983229694,400,200,4.575,0.24632346874847594,4.089260823799232,5.0607391762007685,400,200,12.708333333333332,0.6842318576346554,11.359057843886752,14.057608822779912,400,200,100.0,0.0,100.0,100.0,400,200,5.4288833007812505,0.178195089397456,5.077490328090831,5.78027627347167,400,200,2.1998786700754964,0.05471131590336575,2.0919903326353584,2.3077670075156345,400,200,5.2325,0.2390537643738465,4.761096364915541,5.703903635084459,400,200,0.3325,0.07735234759457504,0.17996453194782383,0.48503546805217623,400,200,35.50426136363637,1.414049397242864,32.71581740085139,38.29270532642134,400,200,97.38330625265299,0.44522287557273227,96.50531896049209,98.26129354481388,391,199,2.25,0.8157910733618531,0.6412954541438556,3.8587045458561446,400,200,53.008095163229974,1.425343183946213,50.19738034384597,55.81880998261398,400,200,0.7809701376763656,0.0208177871714883,0.7399183660267581,0.8220219093259731,400,200
osa,OSA,0.9,tmse,tMSE-only,principal_boundary,200,400,40,36,5.0,1.1755464889738276,2.6818734079986615,7.318126592001338,400,200,6.005,0.2919779626157877,5.4292321458431925,6.580767854156807,400,200,16.680555555555557,0.8110498961549659,15.08120040511998,18.279910705991135,400,200,100.0,0.0,100.0,100.0,400,200,5.448634082031249,0.15856253114780275,5.13595566106159,5.761312503000907,400,200,2.142954070863746,0.04846446722889247,2.0473842475481714,2.2385238941793206,400,200,5.1075,0.19993332745476844,4.713240166512012,5.501759833487988,400,200,0.135,0.028290932901233756,0.07921150972249158,0.19078849027750844,400,200,35.81534090909091,1.3466907013378662,33.159725367507896,38.47095645067392,400,200,98.5301570699147,0.32045104848059036,97.89822200152078,99.16209213830861,390,199,2.5,0.849918707315721,0.8239972430287781,4.176002756971222,400,200,51.13158673541491,1.4124401061094023,48.34631622481217,53.916857246017656,400,200,0.7428727338539555,0.020407344168674704,0.7026303379697877,0.7831151297381233,400,200
osa,OSA,0.9,qBIG,Entropy reduction,principal_boundary,200,400,40,36,11.0,1.7057396456357186,7.636355543003001,14.363644456997,400,200,5.43,0.28527602784023315,4.867448069982979,5.9925519300170205,400,200,15.083333333333336,0.7924334106673144,13.520689083286056,16.645977583380613,400,200,100.0,0.0,100.0,100.0,400,200,6.353676464843749,0.20523063210953682,5.948970576774908,6.758382352912591,400,200,2.0050837855508177,0.05504732325610079,1.8965328562125379,2.1136347148890975,400,200,6.83,0.3718154564677775,6.0967960773652905,7.56320392263471,400,200,0.95,0.1702791087431804,0.614216997164931,1.285783002835069,400,200,42.57386363636364,1.7615639944842996,39.10013598932622,46.04759128340106,400,200,94.63291145878425,0.7485019342470154,93.15685256225666,96.10897035531184,392,199,2.0,0.7797693255091694,0.4623287755572567,3.537671224442743,400,200,57.75712001334512,1.6805775165128456,54.44309418153922,61.07114584515102,400,200,0.6520107321204475,0.02262612870268887,0.6073929895541511,0.6966284746867438,400,200
osa,OSA,0.9,cEI,cEI,secondary,200,400,40,36,3.25,0.8737877460376908,1.5269285359160474,4.973071464083953,400,200,4.625,0.28447584701989803,4.064025991788222,5.185974008211778,400,200,12.847222222222221,0.7902106861663835,11.288961088300617,14.405483356143826,400,200,100.0,0.0,100.0,100.0,400,200,5.2573373046875,0.16880018978159728,4.9244706657771395,5.59020394359786,400,200,2.191046409246024,0.054598299913849534,2.083380934426017,2.2987118840660306,400,200,5.5625,0.32995236255827737,4.911848279362656,6.213151720637344,400,200,0.945,0.15161567055482403,0.6460204862386545,1.2439795137613454,400,200,33.52556818181819,1.4682237122309574,30.63029482406221,36.42084153957416,400,200,94.12447698621213,0.7244314634065446,92.69588547888164,95.55306849354263,385,199,3.75,0.9985856832711807,1.7808324268796416,5.719167573120359,400,200,55.94172175112108,1.5336771948088477,52.91737697005172,58.96606653219044,400,200,0.7337127103737103,0.022889384072123875,0.6885758396588478,0.7788495810885728,400,200
osa,OSA,0.9,cEI-tMSE,cEI–tMSE hybrid,secondary,200,400,40,36,4.25,1.108300115369769,2.064480334504225,6.435519665495775,400,200,5.835,0.2924319703562388,5.25833686230827,6.41166313769173,400,200,16.208333333333336,0.81231102876733,14.60649128418964,17.81017538247703,400,200,100.0,0.0,100.0,100.0,400,200,5.296637304687499,0.1682337387023147,4.964887682689927,5.628386926685071,400,200,2.1989777306991227,0.05432544863849889,2.0918503067371503,2.306105154661095,400,200,4.435,0.18188398478040332,4.076332685918126,4.7936673140818735,400,200,0.09,0.017636759236943435,0.05522107720335843,0.12477892279664157,400,200,31.52414772727273,1.2707938022174332,29.018197572598492,34.03009788194697,400,200,98.69238940846984,0.28475709246579367,98.13084344519012,99.25393537174955,392,199,2.0,0.7797693255091694,0.4623287755572567,3.537671224442743,400,200,51.918818934983356,1.4367082559769984,49.08569268743238,54.751945182534335,400,200,0.7564160583664469,0.021668433935354645,0.7136868482639886,0.7991452684689051,400,200
efftox,Logistic,0.5,cKG,cKG,target,100,200,40,36,41.5,4.0858835573770875,33.39272058356178,49.60727941643822,200,100,7.32,0.47073550874341236,6.385958623874258,8.254041376125743,200,100,20.333333333333336,1.3075986353983677,17.738773955206273,22.927892711460398,200,100,100.0,0.0,100.0,100.0,200,100,0.4698937310086213,0.008388599042062073,0.45324893058995225,0.48653853142729037,200,100,1.399308034182146,0.05495682057484976,1.2902617791965079,1.5083542891677841,200,100,3.44,0.1614767706970494,3.119595054308034,3.760404945691966,200,100,0.815,0.09915170500833866,0.618261506151466,1.0117384938485339,200,100,58.91666666666666,1.8997570581288052,55.147136508179216,62.6861968251541,200,100,83.47757936507938,1.7388581614232301,80.02730752491418,86.92785120524458,198,100,1.0,0.7035264706814485,-0.39594914896120637,2.3959491489612064,200,100,36.843511718655876,2.1886046022423855,32.50084536673661,41.18617807057514,200,100,0.15028797386572365,0.00638833155815641,0.13761213809617182,0.1629638096352755,200,100
efftox,Logistic,0.5,tmse,tMSE-only,principal_boundary,100,200,40,36,19.5,3.3253692739424907,12.90174591661719,26.098254083382812,200,100,12.52,0.7183707717165041,11.094596537291737,13.945403462708262,200,100,34.77777777777777,1.995474365879178,30.818323714699268,38.737231840856275,200,100,100.0,0.0,100.0,100.0,200,100,0.4315123345318078,0.006610131153768274,0.4183964002448052,0.44462826881881046,200,100,1.1461007983301383,0.0342465126360043,1.0781482874277224,1.2140533092325543,200,100,2.82,0.13152562449572286,2.5590246263178207,3.080975373682179,200,100,0.275,0.058333333333333334,0.15925401116199353,0.3907459888380065,200,100,57.16666666666667,2.180865158487836,52.83935705024044,61.493976283092906,200,100,93.68726952060285,1.2648849148245873,91.17714657353818,96.19739246766753,194,99,3.0,1.3889898953170714,0.24394270423759634,5.756057295762403,200,100,35.12062200140929,2.0998673168922504,30.95402967531263,39.28721432750594,200,100,0.14114679857940282,0.006406877143395819,0.12843416434524332,0.15385943281356232,200,100
efftox,Logistic,0.5,qBIG,Entropy reduction,principal_boundary,100,200,40,36,21.5,3.4270905291441442,14.699908877717327,28.300091122282673,200,100,12.05,0.6178122038224231,10.82412655232661,13.27587344767339,200,100,33.472222222222214,1.7161450106178417,30.067018200907246,36.87742624353719,200,100,100.0,0.0,100.0,100.0,200,100,0.4325841027144308,0.0075891586970119,0.41752556538013025,0.4476426400487314,200,100,1.1751240640591412,0.03522898044733706,1.105222123871167,1.2450260042471153,200,100,2.875,0.15833333333333335,2.5608323160111253,3.1891676839888747,200,100,0.425,0.08943566052608642,0.24754024631476335,0.6024597536852366,200,100,55.58333333333334,2.078884138007518,51.45837618647631,59.70829048019038,200,100,91.53980278980279,1.4296857224412196,88.70263800355968,94.3769675760459,194,99,3.0,1.3889898953170714,0.24394270423759634,5.756057295762403,200,100,34.64309162067613,2.2151526418153256,30.24774819860692,39.03843504274534,200,100,0.14331005027441243,0.006407518453710409,0.13059614354145554,0.15602395700736932,200,100
efftox,Logistic,0.5,cEI,cEI,secondary,100,200,40,36,21.5,3.3525958584206044,14.847722466164033,28.152277533835967,200,100,10.98,0.6708926663013761,9.648803398881952,12.311196601118048,200,100,30.5,1.863590739726045,26.802231663560978,34.197768336439026,200,100,100.0,0.0,100.0,100.0,200,100,0.43253771896168075,0.00713031011800565,0.4183896367560201,0.4466858011673414,200,100,1.1592504306442422,0.03598747661209091,1.087843469508509,1.2306573917799752,200,100,2.775,0.15347407901431737,2.4704741308026086,3.0795258691973912,200,100,0.405,0.08695029347479818,0.23247175374865067,0.5775282462513494,200,100,53.83333333333333,2.0495407495218574,49.76659983532425,57.90006683134241,200,100,91.31154842889536,1.4548119105410073,88.42414949873621,94.19894735905451,193,98,3.5,1.6291225871739683,0.2674673464437305,6.7325326535562695,200,100,32.77564366413117,1.9549533545445315,28.896592078635145,36.65469524962719,200,100,0.15070149773418118,0.005891873126796223,0.13901074319985365,0.1623922522685087,200,100
efftox,Logistic,0.5,cEI-tMSE,cEI–tMSE hybrid,secondary,100,200,40,36,15.5,3.07277060515737,9.402956477149154,21.597043522850846,200,100,11.4,0.6239334333828644,10.161980704868707,12.638019295131294,200,100,31.666666666666664,1.7331484260635122,28.22772418019085,35.10560915314248,200,100,100.0,0.0,100.0,100.0,200,100,0.4238050969319388,0.007014773834758776,0.40988626377801085,0.43772393008586674,200,100,1.100846118275458,0.030534307638870634,1.0402594274558299,1.1614328090950863,200,100,2.865,0.13556000572261406,2.5960195386985756,3.133980461301425,200,100,0.285,0.06123930539492202,0.1634879321367786,0.40651206786322136,200,100,58.16666666666666,2.1121076860959396,53.975786792503314,62.35754654083,200,100,93.6878707712041,1.2260056913927486,91.2549023776933,96.12083916471491,195,99,2.5,1.305582419667734,-0.09055876869644042,5.09055876869644,200,100,36.70058090662078,2.1822682146327885,32.37048732240781,41.030674490833746,200,100,0.13885995484506103,0.0062949632884407416,0.12636938197901207,0.15135052771111,200,100
efftox,Logistic,0.6,cKG,cKG,target,100,200,40,36,29.5,3.69923552025867,22.159914173079706,36.840085826920294,200,100,7.54,0.5074037700476672,6.5332008382120055,8.546799161787995,200,100,20.94444444444444,1.4094549167990753,18.147780106144452,23.741108782744426,200,100,100.0,0.0,100.0,100.0,200,100,0.44410975384918977,0.007860006533157746,0.42851379564712916,0.4597057120512504,200,100,1.3251933222324594,0.04680668051864169,1.2323187133035194,1.4180679311613995,200,100,2.72,0.13638922318871166,2.4493741913458575,2.990625808654143,200,100,0.53,0.07548496405231839,0.3802214547433663,0.6797785452566337,200,100,49.33333333333333,1.8753226433963348,45.61228635475825,53.05438031190841,200,100,87.43531746031748,1.7461499565527494,83.97057711664937,90.90005780398559,196,100,2.0,0.9847319278346619,0.04607821609863905,3.953921783901361,200,100,35.824169558969785,1.93920558092845,31.976364972831313,39.67197414510826,200,100,0.15413688396610742,0.006093992320737697,0.14204508110093594,0.1662286868312789,200,100
efftox,Logistic,0.6,tmse,tMSE-only,principal_boundary,100,200,40,36,12.0,2.5741527977691274,6.892322382892996,17.107677617107004,200,100,9.99,0.5994096422246802,8.800641227000035,11.179358772999965,200,100,27.75,1.6650267839574453,24.446225630555652,31.053774369444348,200,100,100.0,0.0,100.0,100.0,200,100,0.408207952164626,0.006782441731182876,0.39475011630899304,0.421665788020259,200,100,1.1230782184515318,0.03127480295606073,1.061022224271022,1.1851342126320414,200,100,2.28,0.11554001449495732,2.0507435446615467,2.509256455338453,200,100,0.21,0.051335694554116386,0.1081388446482503,0.3118611553517497,200,100,47.25,1.804311926019129,43.669853690583565,50.830146309416435,200,100,94.86692320025654,1.1573557391080536,92.57018840280266,97.16365799771042,193,99,3.5,1.4659433478105144,0.5912503593229887,6.408749640677011,200,100,33.08616454643462,2.0168910116749914,29.084215211723603,37.08811388114563,200,100,0.1518535832878657,0.0063183848478314,0.139316536966643,0.16439062960908837,200,100
efftox,Logistic,0.6,qBIG,Entropy reduction,principal_boundary,100,200,40,36,11.5,2.5480235953429164,6.444168389276485,16.555831610723516,200,100,9.77,0.5866967967469494,8.605866270498858,10.934133729501141,200,100,27.138888888888882,1.6297133242970816,23.905184084719046,30.372593693058718,200,100,100.0,0.0,100.0,100.0,200,100,0.4044110637075843,0.007001956044143056,0.39051766383107694,0.4183044635840916,200,100,1.1355056291852004,0.03298973875221916,1.0700468303272042,1.2009644280431966,200,100,2.265,0.10951108057030927,2.0477062575543594,2.482293742445641,200,100,0.175,0.04226838252897976,0.0911303588731449,0.25886964112685507,200,100,47.83333333333333,1.786986880194921,44.287563673526954,51.3791029931397,200,100,95.39682539682539,1.14013533044721,93.13454954713808,97.6591012465127,195,100,2.5,1.0952145677879517,0.3268566890558908,4.673143310944109,200,100,33.94254781265153,2.017139029072029,29.940106357617047,37.94498926768602,200,100,0.14800213801311593,0.005964158698291014,0.13616795322247893,0.15983632280375293,200,100
efftox,Logistic,0.6,cEI,cEI,secondary,100,200,40,36,14.5,2.779342993361466,8.985180518515294,20.014819481484707,200,100,9.37,0.568473945104458,8.242024361632717,10.497975638367281,200,100,26.027777777777775,1.5790942919568276,22.894512115646435,29.161043439909115,200,100,100.0,0.0,100.0,100.0,200,100,0.41028382793525275,0.00663168332993124,0.39712512945496564,0.42344252641553987,200,100,1.1266401688628247,0.030470579803063835,1.0661799278952873,1.1871004098303621,200,100,2.305,0.09946701397290898,2.107635864759003,2.502364135240997,200,100,0.21,0.04391221730091557,0.12286863405319047,0.2971313659468095,200,100,47.91666666666666,1.6470861595737738,44.64849038824504,51.18484294508828,200,100,94.55968414301748,1.1408486855667175,92.29570705608485,96.8236612299501,194,99,3.0,1.3889898953170714,0.24394270423759634,5.756057295762403,200,100,33.92553999163666,1.9952901333373394,29.966451485890694,37.88462849738263,200,100,0.15145409529978499,0.006171009455682228,0.13920947372989995,0.16369871686967002,200,100
efftox,Logistic,0.6,cEI-tMSE,cEI–tMSE hybrid,secondary,100,200,40,36,11.5,2.446911060372595,6.644797595174611,16.355202404825388,200,100,9.44,0.5949823866334536,8.259425862592808,10.620574137407191,200,100,26.222222222222225,1.652728851759593,22.94284961831336,29.50159482613109,200,100,100.0,0.0,100.0,100.0,200,100,0.4097739759412436,0.006278515138524901,0.3973160397730786,0.4222319121094086,200,100,1.1170701035543207,0.030673013584499274,1.0562081900461011,1.1779320170625402,200,100,2.32,0.11135528725660045,2.0990469513853345,2.540953048614665,200,100,0.19,0.04309960275426859,0.10448103761168995,0.2755189623883101,200,100,48.58333333333333,1.917398484209863,44.77879875816706,52.387867908499594,200,100,94.9342632675966,1.1241241113849336,92.70347555381687,97.16505098137634,194,99,3.0,1.3889898953170714,0.24394270423759634,5.756057295762403,200,100,34.206039848362806,2.019486421572035,30.198940657337964,38.21313903938765,200,100,0.15047422249166892,0.006295944473036429,0.13798170274251265,0.1629667422408252,200,100
efftox,Logistic,0.7,cKG,cKG,target,100,200,40,36,23.0,3.211406438483194,16.627872906577522,29.372127093422478,200,100,6.92,0.47962106254455045,5.968327757398496,7.8716722426015036,200,100,19.22222222222222,1.3322807292904184,16.57868821499582,21.86575622944862,200,100,100.0,0.0,100.0,100.0,200,100,0.41712434457396164,0.00798536154618414,0.4012796548300975,0.4329690343178258,200,100,1.3039801576878978,0.046797498138983734,1.2111237685923302,1.3968365467834654,200,100,2.35,0.12742595393943001,2.0971592621312185,2.6028407378687817,200,100,0.42,0.0720269309902816,0.2770829425639372,0.5629170574360628,200,100,43.91666666666667,1.7117431274087829,40.52019693663368,47.31313639669966,200,100,89.92380952380952,1.5121007663642008,86.92347355080041,92.92414549681864,191,100,4.5,1.4381174563233068,1.6464629649027471,7.353537035097252,200,100,36.06813039340871,1.9054262456120334,32.287351337015764,39.84890944980165,200,100,0.16126744586597025,0.006600595015798209,0.14817043334557972,0.17436445838636078,200,100
efftox,Logistic,0.7,tmse,tMSE-only,principal_boundary,100,200,40,36,8.0,1.974586006987262,4.0819929727240325,11.918007027275968,200,100,7.95,0.5318872440696809,6.894620314025703,9.005379685974297,200,100,22.083333333333325,1.477464566860225,19.151723094515834,25.014943572150816,200,100,100.0,0.0,100.0,100.0,200,100,0.3896130660119019,0.007108519146742559,0.3755082218208112,0.4037179102029925,200,100,1.1359067615428333,0.029534975117719638,1.077302963251867,1.1945105598337997,200,100,1.895,0.10182550929621881,1.6929560983584377,2.0970439016415625,200,100,0.11,0.030633051405040253,0.04921738012568226,0.17078261987431775,200,100,40.66666666666667,1.8850227814655767,36.926372509702624,44.40696082363072,200,100,96.75073637702502,0.9406072257504289,94.88364579059771,98.61782696345233,186,97,7.0,2.134374745810949,2.7649374484898788,11.235062551510122,200,100,34.8854567691869,1.9636753447267818,30.989098862920365,38.78181467545344,200,100,0.15790271475294837,0.00650571076803595,0.14499397316539886,0.17081145634049788,200,100
efftox,Logistic,0.7,qBIG,Entropy reduction,principal_boundary,100,200,40,36,10.0,2.2473328748774737,5.540804013985375,14.459195986014624,200,100,8.31,0.5432217769842249,7.2321301416792325,9.38786985832077,200,100,23.08333333333333,1.5089493805117358,20.089250393553417,26.07741627311324,200,100,100.0,0.0,100.0,100.0,200,100,0.3945128584515522,0.00764407866263619,0.37934534799048364,0.4096803689126208,200,100,1.1595625385696133,0.03168300009496228,1.096696592706538,1.2224284844326887,200,100,1.92,0.10462052640593308,1.7124101780295857,2.127589821970414,200,100,0.145,0.043978300434315436,0.05773751077968964,0.23226248922031034,200,100,40.50000000000001,1.8080596466229626,36.912417399831924,44.08758260016809,200,100,95.92504574463338,1.1102597492857114,93.72119756057688,98.12889392868988,184,97,8.0,2.215646837627989,3.603675986221938,12.396324013778063,200,100,34.24444733081783,1.9506727551439553,30.373889383215044,38.11500527842061,200,100,0.1558928121770653,0.0065024214448808505,0.14299059732027913,0.16879502703385146,200,100
efftox,Logistic,0.7,cEI,cEI,secondary,100,200,40,36,10.5,2.591263488078058,5.35837106113,15.64162893887,200,100,7.98,0.5554104861098754,6.877945098415108,9.082054901584893,200,100,22.16666666666666,1.5428069058607652,19.10540305115307,25.227930282180253,200,100,100.0,0.0,100.0,100.0,200,100,0.39263770098788364,0.00752868922909618,0.37769914819687017,0.4075762537788971,200,100,1.1814282605606006,0.032201215463555026,1.1175340629786312,1.24532245814257,200,100,1.92,0.11207861598724425,1.6976117102564778,2.142388289743522,200,100,0.165,0.055982951950490335,0.05391767774434102,0.276082322255659,200,100,40.25,1.7409981720959107,36.79548191438166,43.70451808561834,200,100,96.18197278911565,1.2130845049002241,93.77433584562995,98.58960973260135,187,98,6.5,1.9662557351884868,2.598522039237837,10.401477960762163,200,100,34.02945250482168,1.9175053231692694,30.224705937981078,37.834199071662276,200,100,0.15341389276245568,0.006280307738523931,0.14095239968698534,0.16587538583792602,200,100
efftox,Logistic,0.7,cEI-tMSE,cEI–tMSE hybrid,secondary,100,200,40,36,10.5,2.591263488078058,5.35837106113,15.64162893887,200,100,8.09,0.5637348398821646,6.971427774549776,9.208572225450224,200,100,22.47222222222222,1.5659301107837904,19.365077151527156,25.579367292917286,200,100,100.0,0.0,100.0,100.0,200,100,0.39691583363940597,0.008074920879534302,0.38089343874814263,0.4129382285306693,200,100,1.1524890725957173,0.035152470283735616,1.0827389451713239,1.2222392000201108,200,100,1.955,0.11461287497969463,1.7275831906041446,2.1824168093958556,200,100,0.14,0.04927760980691767,0.04222253129128346,0.23777746870871658,200,100,41.33333333333333,1.909571848992503,37.544328500438624,45.12233816622803,200,100,96.31086267684206,1.079492186763792,94.16808762169562,98.45363773198851,186,97,7.0,2.134374745810949,2.7649374484898788,11.235062551510122,200,100,35.8000295975904,2.0822960680810416,31.668302441244123,39.93175675393668,200,100,0.14945321181700225,0.006228813744598432,0.13709389399717975,0.16181252963682474,200,100
efftox,Logistic,0.8,cKG,cKG,target,100,200,40,36,14.0,2.666666666666667,8.708754795976844,19.291245204023156,200,100,6.39,0.49254954116824684,5.41267485095614,7.367325149043859,200,100,17.750000000000004,1.3681931699117968,15.035207919322616,20.46479208067739,200,100,100.0,0.0,100.0,100.0,200,100,0.3868409527453745,0.008246083594162526,0.37047893389427955,0.40320297159646945,200,100,1.2602330259636607,0.038414451234118255,1.1840104206420197,1.3364556312853018,200,100,1.82,0.1272315950850212,1.5675449122648122,2.0724550877351877,200,100,0.255,0.07402395189764902,0.1081204198270215,0.40187958017297853,200,100,36.16666666666667,1.7132382161232527,32.76723035626242,39.566102977070926,200,100,94.63383838383838,1.2877562582930397,92.07832800002156,97.1893487676552,179,99,10.5,2.166666666666667,6.200863271731187,14.799136728268813,200,100,36.76315651908173,1.9234909316417834,32.946533206444876,40.57977983171859,200,100,0.16070466684121637,0.006272463501722596,0.1482587384333789,0.17315059524905385,200,100
efftox,Logistic,0.8,tmse,tMSE-only,principal_boundary,100,200,40,36,9.5,2.212795663061695,5.109333335128089,13.890666664871912,200,100,7.11,0.5196920222399013,6.078818279907761,8.14118172009224,200,100,19.749999999999996,1.4435889506663924,16.88560633307711,22.614393666922883,200,100,100.0,0.0,100.0,100.0,200,100,0.37641478849953364,0.007290292254205707,0.36194926702728625,0.390880309971781,200,100,1.1812268567217616,0.027361127423259645,1.1269364438761407,1.2355172695673826,200,100,1.585,0.08319837556689251,1.419916372862186,1.750083627137814,200,100,0.095,0.02532116932848118,0.044757306586405914,0.14524269341359408,200,100,34.083333333333336,1.5172733459350933,31.072733840256625,37.09393282641005,200,100,97.19266277939747,0.8378223800176302,95.52981727600405,98.85550828279088,180,98,10.0,2.2473328748774737,5.540804013985375,14.459195986014624,200,100,35.59388707874301,1.9035339369623496,31.816862773250254,39.37091138423576,200,100,0.15891540855689984,0.00638270860396555,0.14625072994837107,0.1715800871654286,200,100
efftox,Logistic,0.8,qBIG,Entropy reduction,principal_boundary,100,200,40,36,7.0,1.8829377433825436,3.263843010944851,10.73615698905515,200,100,7.1,0.5155168045346105,6.077102817654837,8.122897182345161,200,100,19.722222222222218,1.4319911237072513,16.880841160152322,22.563603284292114,200,100,100.0,0.0,100.0,100.0,200,100,0.37495473630012344,0.006966388213582889,0.361131910715942,0.3887775618843049,200,100,1.1760609240983886,0.0321740056305808,1.1122207167282543,1.2399011314685229,200,100,1.585,0.07883463065112305,1.4285749894961157,1.7414250105038842,200,100,0.09,0.032082595426382345,0.02634117030657722,0.15365882969342276,200,100,34.083333333333336,1.5079986886245553,31.09113677251163,37.07552989415504,200,100,97.2874149659864,0.9103635747375216,95.48059527149032,99.09423466048248,180,98,10.0,2.2473328748774737,5.540804013985375,14.459195986014624,200,100,34.805580618098766,1.8087481873810614,31.21663180368666,38.39452943251087,200,100,0.1570378030822485,0.006375054472014194,0.14438831193208668,0.1696872942324103,200,100
efftox,Logistic,0.8,cEI,cEI,secondary,100,200,40,36,10.0,2.1320071635561044,5.769635245334033,14.230364754665967,200,100,7.13,0.5078485020260481,6.122318393481624,8.137681606518376,200,100,19.805555555555557,1.4106902834056894,17.0064399818934,22.604671129217714,200,100,100.0,0.0,100.0,100.0,200,100,0.3777286198248307,0.007873655815742526,0.36210557848488945,0.39335166116477194,200,100,1.2052860792621791,0.03299239126178331,1.1398220172497417,1.2707501412746165,200,100,1.635,0.10821205332516562,1.4202838094346448,1.8497161905653552,200,100,0.18,0.06175873552900363,0.05745727005960945,0.30254272994039055,200,100,33.41666666666667,1.5780080568898966,30.28555633056846,36.54777700276488,200,100,96.19415807560138,0.9703467850880811,94.26803493045698,98.12028122074578,179,97,10.5,2.3884190282581184,5.760858476824346,15.239141523175654,200,100,35.59618576749671,2.0009391543620665,31.625888378474052,39.566483156519375,200,100,0.1594505114308456,0.00663108343260486,0.14629300327700265,0.17260801958468855,200,100
efftox,Logistic,0.8,cEI-tMSE,cEI–tMSE hybrid,secondary,100,200,40,36,8.5,2.1385117075275324,4.256728818924092,12.743271181075908,200,100,7.21,0.5554677708422375,6.107831433078092,8.312168566921908,200,100,20.027777777777775,1.5429660301173262,16.96619842521692,23.08935713033863,200,100,100.0,0.0,100.0,100.0,200,100,0.3723561093092072,0.007501547926717124,0.3574714107504603,0.3872408078679541,200,100,1.1664922241704083,0.028014840047778135,1.1109047036538027,1.222079744687014,200,100,1.53,0.08640403095722193,1.3585556570959993,1.7014443429040007,200,100,0.095,0.036718283228281835,0.02214295998814622,0.16785704001185378,200,100,33.333333333333336,1.5668779856049062,30.224307473350304,36.44235919331637,200,100,97.31770833333333,0.9894210104635122,95.35345927941756,99.2819573872491,178,96,11.0,2.520622017188486,5.998539065148596,16.001460934851405,200,100,35.55517082215804,1.9819722351511295,31.622507915751616,39.48783372856447,200,100,0.15988604755906913,0.006545431307719084,0.1468984918033573,0.17287360331478097,200,100
efftox,Logistic,0.9,cKG,cKG,target,100,200,40,36,7.5,1.929960485281363,3.670539689362796,11.329460310637204,200,100,5.97,0.4734261539377849,5.030619800069088,6.9093801999309115,200,100,16.583333333333332,1.3150726498271805,13.973943889080799,19.192722777585864,200,100,100.0,0.0,100.0,100.0,200,100,0.3611570582118564,0.008040895535601859,0.3452021769848047,0.3771119394389081,200,100,1.2630479261415148,0.03222185405104502,1.1991127771243926,1.3269830751586371,200,100,1.31,0.08281048096452379,1.1456860399076048,1.4743139600923953,200,100,0.12,0.036320681700539696,0.047931887679437915,0.1920681123205621,200,100,28.333333333333336,1.4213381090374029,25.513090163556026,31.153576503110646,200,100,96.26773049645391,1.2089709385882543,93.86695381311398,98.66850717979383,171,94,14.5,2.8687624474323385,8.807752921953217,20.192247078046783,200,100,37.21702121401806,1.9001933869232943,33.44662528454016,40.98741714349596,200,100,0.16105749114863638,0.006025491666657822,0.14910160844247963,0.17301337385479312,200,100
efftox,Logistic,0.9,tmse,tMSE-only,principal_boundary,100,200,40,36,6.0,1.9174899417644091,2.1952839532036625,9.804716046796337,200,100,6.15,0.48914995325327054,5.179420370925182,7.120579629074819,200,100,17.083333333333332,1.3587498701479737,14.387278808125501,19.779387858541163,200,100,100.0,0.0,100.0,100.0,200,100,0.3534857551030566,0.0072342127241210126,0.33913150758503585,0.3678400026210773,200,100,1.2086464799610275,0.027552330735971603,1.153976678261139,1.263316281660916,200,100,1.215,0.07291028110567872,1.070330184290849,1.3596698157091511,200,100,0.05,0.024099960182707374,0.0021804504747877443,0.09781954952521227,200,100,27.833333333333336,1.412526133762987,25.030575034271795,30.636091632394876,200,100,98.2982456140351,0.7999972577440019,96.70983230535538,99.88665892271482,171,95,14.5,2.779342993361466,8.985180518515294,20.014819481484707,200,100,37.32789584574164,1.9723536734853222,33.41431825244164,41.241473439041634,200,100,0.1642331549392219,0.006227812744524159,0.15187582332071525,0.17659048655772852,200,100
efftox,Logistic,0.9,qBIG,Entropy reduction,principal_boundary,100,200,40,36,6.0,1.7809315460503168,2.466245436850395,9.533754563149605,200,100,6.03,0.4527034393953773,5.1317381615454085,6.928261838454592,200,100,16.750000000000004,1.2575095538760481,14.254828226515027,19.24517177348498,200,100,100.0,0.0,100.0,100.0,200,100,0.3528408460069137,0.007201853053951354,0.3385508070949888,0.36713088491883855,200,100,1.223350754698719,0.02478691135136401,1.1741681450197996,1.2725333643776384,200,100,1.21,0.07041722700153605,1.0702769445053173,1.3497230554946826,200,100,0.055,0.022355032425551858,0.01064276570969374,0.09935723429030627,200,100,27.416666666666664,1.3520103915153285,24.733984729206057,30.09934860412727,200,100,98.19298245614036,0.7597866957263876,96.68440816095725,99.70155675132347,172,95,14.0,2.759739410915751,8.52407827911438,19.47592172088562,200,100,36.43164361470585,1.8947183700103256,32.67211130659646,40.19117592281523,200,100,0.16390814291110423,0.006179410253790601,0.15164685233520633,0.17616943348700212,200,100
efftox,Logistic,0.9,cEI,cEI,secondary,100,200,40,36,6.5,1.8333333333333333,2.862268922234082,10.137731077765919,200,100,6.36,0.551493839082047,5.265716575840801,7.4542834241591995,200,100,17.666666666666668,1.5319273307834633,14.62699048844667,20.706342844886663,200,100,100.0,0.0,100.0,100.0,200,100,0.35318470102932653,0.007161874156298399,0.3389739889238273,0.36739541313482577,200,100,1.2208461112424605,0.027100362051088494,1.167073113468668,1.2746191090162529,200,100,1.225,0.07329716739052573,1.0795625179661494,1.3704374820338507,200,100,0.06,0.023868325657594204,0.012640063626071951,0.10735993637392804,200,100,27.5,1.3989534327741961,24.72417288431818,30.27582711568182,200,100,98.10401002506265,0.7739735665416637,96.56726736530908,99.64075268481622,171,95,14.5,2.779342993361466,8.985180518515294,20.014819481484707,200,100,36.36756798349096,1.950187792196488,32.49797230758939,40.23716365939252,200,100,0.16329281802843848,0.006172314435108064,0.1510456070962553,0.17554002896062165,200,100
efftox,Logistic,0.9,cEI-tMSE,cEI–tMSE hybrid,secondary,100,200,40,36,6.0,1.7809315460503168,2.466245436850395,9.533754563149605,200,100,6.21,0.5144959286583914,5.189128456873818,7.230871543126182,200,100,17.250000000000004,1.429155357384421,14.414245713538385,20.085754286461622,200,100,100.0,0.0,100.0,100.0,200,100,0.3528386326615091,0.0070139638839199075,0.33892140662576553,0.3667558586972527,200,100,1.1997806665977444,0.02591106081478774,1.1483675004974703,1.2511938326980185,200,100,1.225,0.06976692799904724,1.0865672788096048,1.3634327211903954,200,100,0.045,0.020219752318917854,0.004879624693496197,0.08512037530650379,200,100,28.083333333333336,1.3947100234036882,25.315926062456665,30.850740604210007,200,100,98.4122807017544,0.7271971812092893,96.96841365160404,99.85614775190476,171,95,14.5,2.779342993361466,8.985180518515294,20.014819481484707,200,100,37.214754115653434,1.9591010573858068,33.327472587869934,41.102035643436935,200,100,0.16308301361793676,0.0062006212075421735,0.15077963590804733,0.17538639132782619,200,100
mariposa,MARIPOSA-motivated,0.5,cKG,cKG,target,100,200,40,36,40.0,4.923659639173309,30.2303910804932,49.7696089195068,200,100,2.66,0.2667499869832341,2.130710154013147,3.1892898459868535,200,100,7.388888888888889,0.7409721860645391,5.918639316703185,8.859138461074593,200,100,100.0,0.0,100.0,100.0,200,100,42.221782629507224,0.3541307116374794,41.519110468426305,42.92445479058814,200,100,1.6121725378317695,0.0882766856916653,1.4370124416593633,1.7873326340041757,200,100,17.89,0.42590248800978997,17.04491706360125,18.73508293639875,200,100,2.03,0.262641976996839,1.5088613370651185,2.551138662934881,200,100,88.11111111111113,1.2233440418454626,85.6837311257542,90.53849109646805,200,100,90.95282491304332,1.0907236967341989,88.7885924645711,93.11705736151553,200,100,0.0,0.0,0.0,0.0,200,100,61.0374278707489,2.8647727975110313,55.35309712370656,66.72175861779124,200,100,0.38368530276125334,0.012217066134195305,0.35944399304008035,0.40792661248242634,200,100
mariposa,MARIPOSA-motivated,0.5,tmse,tMSE-only,principal_boundary,100,200,40,36,30.0,4.605661864718383,20.861367655108694,39.138632344891306,200,100,9.5,0.675322594069387,8.160013461110704,10.839986538889296,200,100,26.388888888888896,1.8758960946371865,22.666704058640853,30.11107371913694,200,100,100.0,0.0,100.0,100.0,200,100,41.96383986646746,0.25331250703866615,41.461212895972174,42.466466836962745,200,100,1.6028743873286002,0.08644102158180136,1.431356647000262,1.7743921276569383,200,100,16.6,0.24577233449686808,16.112334367679452,17.08766563232055,200,100,0.63,0.09391055275735481,0.4436610892933061,0.8163389107066938,200,100,88.72222222222224,1.051886825425117,86.63505055214507,90.80939389229941,200,100,96.69863540312457,0.47306878490025106,95.75996430089587,97.63730650535327,200,100,0.0,0.0,0.0,0.0,200,100,56.23329082615012,3.0900848003715096,50.101892183653646,62.36468946864659,200,100,0.24674000827271986,0.007990805183756663,0.23088451717090644,0.2625954993745333,200,100
mariposa,MARIPOSA-motivated,0.5,qBIG,Entropy reduction,principal_boundary,100,200,40,36,31.0,4.648231987117318,21.77689929661693,40.22310070338307,200,100,7.16,0.5882210812305526,5.992841759387572,8.327158240612428,200,100,19.88888888888889,1.6339474478626463,16.646782664965478,23.1309951128123,200,100,100.0,0.0,100.0,100.0,200,100,41.00798187984051,0.4438334257433068,40.127320072834465,41.88864368684655,200,100,1.7189457882232404,0.08633749364355792,1.5476334697849197,1.8902581066615611,200,100,17.91,0.36239801769921876,17.190923710088068,18.629076289911932,200,100,1.63,0.2299121483514865,1.1738044178832014,2.0861955821167983,200,100,90.44444444444446,1.0418359383603348,88.37721591485892,92.51167297402999,200,100,92.60744412278468,0.9492000351288759,90.72402532270934,94.49086292286003,200,100,0.0,0.0,0.0,0.0,200,100,59.61387657526982,3.1953470514054607,53.27361478991782,65.95413836062183,200,100,0.23827639729777464,0.008674581587120998,0.22106414546536407,0.2554886491301852,200,100
mariposa,MARIPOSA-motivated,0.5,cEI,cEI,secondary,100,200,40,36,0.0,0.0,0.0,0.0,200,100,1.0,0.28919952219248846,0.42616540569745287,1.5738345943025471,200,100,2.777777777777778,0.8033320060902458,1.183792793604036,4.37176276195152,200,100,100.0,0.0,100.0,100.0,200,100,36.06188264610573,0.48005399280725713,35.10935137593814,37.01441391627332,200,100,1.9015483546764966,0.07916195517281426,1.7444738613080282,2.058622848044965,200,100,21.48,0.5300047646059897,20.428355561688427,22.531644438311574,200,100,5.06,0.2870328879899981,4.490464478009752,5.629535521990247,200,100,91.22222222222223,1.4839625688839357,88.27771853763835,94.1667259068061,200,100,79.0806242879927,1.1467943801553253,76.80513543899362,81.3561131369918,200,100,0.0,0.0,0.0,0.0,200,100,79.82114234038156,2.6930247337715447,74.4775970127999,85.16468766796321,200,100,0.2790147306222663,0.025140654451258092,0.22913021788805776,0.3288992433564748,200,100
mariposa,MARIPOSA-motivated,0.5,cEI-tMSE,cEI–tMSE hybrid,secondary,100,200,40,36,28.0,4.51260859854213,19.046005523248866,36.953994476751134,200,100,6.5,0.4407294229370491,5.6254972079796675,7.3745027920203325,200,100,18.055555555555557,1.2242483970473583,15.626381133276857,20.484729977834256,200,100,100.0,0.0,100.0,100.0,200,100,41.08778370633821,0.3867131860630621,40.32046084717995,41.85510656549646,200,100,1.5616111398027892,0.07083667491574971,1.4210558086464486,1.7021664709591298,200,100,16.88,0.37126047922495525,16.143338663696607,17.61666133630339,200,100,1.05,0.16779918252651194,0.7170500175815955,1.3829499824184046,200,100,87.94444444444447,1.4878964647319437,84.99213505703351,90.89675383185543,200,100,95.00663044643694,0.7304218353518029,93.55731505897981,96.45594583389408,200,100,0.0,0.0,0.0,0.0,200,100,57.07758903716595,3.019683131373683,51.08588257970947,63.06929549462243,200,100,0.27215279155220645,0.007992532578453327,0.25629387292455397,0.28801171017985894,200,100
mariposa,MARIPOSA-motivated,0.6,cKG,cKG,target,100,200,40,36,24.0,4.2923469599092785,15.48305240039125,32.51694759960875,200,100,2.1,0.207680796250672,1.6879162435765958,2.5120837564234044,200,100,5.833333333333334,0.5768911006963111,4.688656232157211,6.978010434509457,200,100,100.0,0.0,100.0,100.0,200,100,41.45570997926814,0.44234257620091755,40.578006341196264,42.33341361734002,200,100,1.4524755502049018,0.0830786825251186,1.2876294200295533,1.6173216803802504,200,100,16.84,0.46094325775380085,15.925388574281271,17.75461142571873,200,100,1.66,0.25235056584206045,1.1592817295333755,2.1607182704666243,200,100,84.33333333333334,1.5541520042857742,81.24955858120832,87.41710808545837,200,100,92.453699436435,1.0729849138596421,90.32466458164161,94.58273429122839,200,100,0.0,0.0,0.0,0.0,200,100,64.5051490443809,2.82321101993011,58.903285880949454,70.10701220781235,200,100,0.3865389399378812,0.012684868700076568,0.36136940843552734,0.41170847144023504,200,100
mariposa,MARIPOSA-motivated,0.6,tmse,tMSE-only,principal_boundary,100,200,40,36,23.0,4.2295258468165065,14.607703117902572,31.392296882097426,200,100,8.0,0.636277050386453,6.7374882907672555,9.262511709232744,200,100,22.222222222222225,1.7674362510734807,18.715245252131268,25.72919919231318,200,100,100.0,0.0,100.0,100.0,200,100,41.31670464077743,0.30268673915091154,40.716108481957306,41.917300799597555,200,100,1.6976715505680926,0.0935328541248506,1.5120820758905753,1.88326102524561,200,100,15.69,0.2646495681828972,15.164877840602042,16.215122159397957,200,100,0.49,0.08932406102942184,0.3127616839278251,0.6672383160721749,200,100,84.44444444444446,1.1765256033438483,82.10996239840561,86.7789264904833,200,100,97.40819082018774,0.4591754893216887,96.49708703055835,98.31929460981713,200,100,0.0,0.0,0.0,0.0,200,100,54.18020755804474,3.141093471407903,47.94759664580393,60.41281847028556,200,100,0.25227963970503053,0.008133864835184275,0.23614028721777752,0.26841899219228355,200,100
mariposa,MARIPOSA-motivated,0.6,qBIG,Entropy reduction,principal_boundary,100,200,40,36,26.0,4.4084400227680804,17.252698577114252,34.74730142288575,200,100,6.06,0.5321615916204021,5.004075948964957,7.1159240510350426,200,100,16.833333333333336,1.4782266433900058,13.900210969347105,19.766455697319564,200,100,100.0,0.0,100.0,100.0,200,100,40.724434861397654,0.404073139393241,39.922666088564256,41.52620363423105,200,100,1.784220120815787,0.081621723312886,1.6222649138070073,1.9461753278245668,200,100,16.86,0.3879550114498985,16.090213089858366,17.629786910141632,200,100,1.36,0.21997245006563615,0.9235269357148677,1.7964730642851325,200,100,86.11111111111114,1.40257010275024,83.32810773755484,88.89411448466744,200,100,93.45153492018817,0.9654712998065555,91.53583040091688,95.36723943945945,200,100,0.0,0.0,0.0,0.0,200,100,58.24471790444916,3.3291770921108546,51.63890828370842,64.8505275251899,200,100,0.24814990455271146,0.009351616132289095,0.22959426929902138,0.26670553980640155,200,100
mariposa,MARIPOSA-motivated,0.6,cEI,cEI,secondary,100,200,40,36,0.0,0.0,0.0,0.0,200,100,0.94,0.25497870776623965,0.43406692577644856,1.4459330742235514,200,100,2.6111111111111107,0.7082741882395545,1.205741460490135,4.016480761732087,200,100,100.0,0.0,100.0,100.0,200,100,35.267822473645566,0.5702631949817089,34.13629657534136,36.39934837194977,200,100,1.9524828334551112,0.07908281817418283,1.7955653650608188,2.1094003018494036,200,100,20.19,0.66129578950128,18.877845684510245,21.502154315489758,200,100,4.59,0.3206984171265501,3.9536647644154965,5.226335235584503,200,100,86.66666666666666,2.074194320708611,82.55101513479359,90.78231819853973,200,100,81.1551525553013,1.2934835367327089,78.58860059521885,83.72170451538375,200,100,0.0,0.0,0.0,0.0,200,100,79.17356174754853,2.6766747240622304,73.86245838638943,84.48466510870763,200,100,0.2881240518353345,0.02526167173333544,0.2379994145586026,0.3382486891120664,200,100
mariposa,MARIPOSA-motivated,0.6,cEI-tMSE,cEI–tMSE hybrid,secondary,100,200,40,36,20.0,4.020151261036848,12.02314772022168,27.97685227977832,200,100,5.64,0.41911884479298483,4.808377283465022,6.471622716534977,200,100,15.66666666666667,1.1642190133138466,13.356603565180622,17.976729768152715,200,100,100.0,0.0,100.0,100.0,200,100,40.2131636698778,0.42845599939115225,39.363014012910284,41.06331332684532,200,100,1.671850170727727,0.07112503604633136,1.53072266852793,1.8129776729275238,200,100,16.22,0.35005915805962584,15.525406684547232,16.914593315452766,200,100,0.89,0.14763796834476456,0.5970542405240159,1.182945759475984,200,100,85.16666666666669,1.4496904649596878,82.29016627165316,88.04316706168021,200,100,95.57752268543288,0.6678296492368074,94.25240377469711,96.90264159616865,200,100,0.0,0.0,0.0,0.0,200,100,54.91486353925854,2.7958507043148013,49.36728917786962,60.46243790064746,200,100,0.28854296983155575,0.01131440343668288,0.2660927387362815,0.31099320092683,200,100
mariposa,MARIPOSA-motivated,0.7,cKG,cKG,target,100,200,40,36,20.0,4.020151261036848,12.02314772022168,27.97685227977832,200,100,1.84,0.18787487776967335,1.4672154827667925,2.212784517233208,200,100,5.111111111111111,0.5218746604713147,4.07559856324109,6.146623658981132,200,100,100.0,0.0,100.0,100.0,200,100,39.53421500694725,0.6281571277172139,38.28781498591975,40.78061502797475,200,100,1.5745905457846576,0.08235032566504659,1.4111896336378116,1.7379914579315037,200,100,15.15,0.4829151796196417,14.191791514457847,16.108208485542153,200,100,1.16,0.20534277821646554,0.7525553785930011,1.5674446214069988,200,100,77.72222222222221,2.0247486715492653,73.70468158558947,81.73976285885496,200,100,94.2796079230367,0.9370418074111502,92.42031368449916,96.13890216157425,200,100,0.0,0.0,0.0,0.0,200,100,63.280663608562,2.707294010395299,57.908804940417724,68.65252227670628,200,100,0.40666978631043726,0.015296454293398858,0.3763183024034975,0.437021270217377,200,100
mariposa,MARIPOSA-motivated,0.7,tmse,tMSE-only,principal_boundary,100,200,40,36,14.0,3.48735088019777,7.080339267652859,20.91966073234714,200,100,5.82,0.5326472860281288,4.763112225887893,6.876887774112108,200,100,16.166666666666668,1.47957579452258,13.230867294133038,19.102466039200298,200,100,100.0,0.0,100.0,100.0,200,100,40.220564779921695,0.36869794861605215,39.48898806029125,40.95214149955214,200,100,1.5561228567486938,0.08500716611509787,1.387450196743402,1.7247955167539855,200,100,14.78,0.2914886902877306,14.20162319955802,15.35837680044198,200,100,0.28,0.06828342597311785,0.14451086867705132,0.41548913132294873,200,100,80.55555555555557,1.418044157659223,77.74184829994029,83.36926281117086,200,100,98.52798847609219,0.3497343270798486,97.83403969577587,99.22193725640851,200,100,0.0,0.0,0.0,0.0,200,100,55.013029300385654,3.1098814696177994,48.84234977118728,61.18370882958403,200,100,0.27345119497756776,0.010505347914258991,0.2526063055645987,0.29429608439053684,200,100
mariposa,MARIPOSA-motivated,0.7,qBIG,Entropy reduction,principal_boundary,100,200,40,36,16.0,3.6845294917747062,8.689094124086957,23.310905875913043,200,100,4.8,0.4890725091353215,3.8295740368568096,5.77042596314319,200,100,13.333333333333332,1.3585347475981153,10.637705657935582,16.02896100873108,200,100,100.0,0.0,100.0,100.0,200,100,40.06383822718365,0.5343240422956891,39.003623404861905,41.1240530495054,200,100,1.5979638967784664,0.08740574912871427,1.4245319276979562,1.7713958658589766,200,100,15.59,0.48743712363231984,14.622818996494118,16.55718100350588,200,100,1.18,0.219448344166858,0.7445668755236088,1.615433124476391,200,100,80.05555555555556,1.959966902306497,76.16655600360305,83.94455510750807,200,100,94.38575220676783,0.9820009375315776,92.43724930012026,96.33425511341541,200,100,0.0,0.0,0.0,0.0,200,100,63.21333105940662,3.0589506684942256,57.14370928915156,69.28295282966168,200,100,0.2582262071609363,0.012528459502950192,0.23336702543889248,0.2830853888829801,200,100
mariposa,MARIPOSA-motivated,0.7,cEI,cEI,secondary,100,200,40,36,0.0,0.0,0.0,0.0,200,100,1.0,0.2988192251059648,0.4070778281080557,1.5929221718919444,200,100,2.777777777777778,0.8300534030721245,1.1307717447445993,4.424783810810957,200,100,100.0,0.0,100.0,100.0,200,100,35.36175233727235,0.6004400214883008,34.17034906827102,36.55315560627368,200,100,1.903192013565484,0.08232582760800218,1.7398397108787047,2.0665443162522634,200,100,19.22,0.7249632522905676,17.781515625584188,20.65848437441581,200,100,4.31,0.32835525230635754,3.6584719422568144,4.961528057743185,200,100,82.83333333333334,2.3385583633630396,78.193126186656,87.47354048001068,200,100,82.19015151515151,1.3262699587063724,79.5585441808096,84.82175884949342,200,100,0.0,0.0,0.0,0.0,200,100,78.78090383636228,2.65179008536682,73.51917699713478,84.04263067558979,200,100,0.2890602785364334,0.02453787903339328,0.24037180300430497,0.33774875406856186,200,100
mariposa,MARIPOSA-motivated,0.7,cEI-tMSE,cEI–tMSE hybrid,secondary,100,200,40,36,10.0,3.015113445777636,4.017360790166259,15.982639209833742,200,100,4.92,0.4220393011523592,4.082582464450611,5.757417535549389,200,100,13.666666666666668,1.1723313920898866,11.340506845696144,15.992826487637192,200,100,100.0,0.0,100.0,100.0,200,100,39.04927212288565,0.5413597977567105,37.97509683531147,40.123447410459825,200,100,1.630079614483134,0.08379854658210087,1.4638051178431395,1.7963541111231285,200,100,14.72,0.40752517428591783,13.911381641015351,15.52861835898465,200,100,0.54,0.13440478586957555,0.2733117455136936,0.8066882544863065,200,100,78.77777777777779,1.8841956615314746,75.03912480620792,82.51643074934765,200,100,97.35517519288416,0.5966029012493002,96.17138560290604,98.53896478286228,200,100,0.0,0.0,0.0,0.0,200,100,56.863275693432435,2.882067463810084,51.14462857634883,62.58192281051604,200,100,0.3128763145700415,0.013203247955894526,0.2866782061609832,0.3390744229790998,200,100
mariposa,MARIPOSA-motivated,0.8,cKG,cKG,target,100,200,40,36,12.0,3.265986323710904,5.5195745730973,18.4804254269027,200,100,1.7,0.1806274138281967,1.3415960235749183,2.0584039764250814,200,100,4.722222222222223,0.5017428161894354,3.7266556210414405,5.717788823403006,200,100,100.0,0.0,100.0,100.0,200,100,37.730713126983574,0.6700867858636494,36.401115567490955,39.06031068647619,200,100,1.7556556952752402,0.09136925692112893,1.5743592668455841,1.9369521237048963,200,100,13.22,0.49514409697347367,12.237526689345776,14.202473310654225,200,100,0.8,0.19227505550564006,0.41848457551343615,1.181515424486564,200,100,69.00000000000001,2.1641975628760184,64.70576250932764,73.29423749067239,200,100,96.03154046862488,0.8969081801766656,94.25188005357154,97.81120088367823,200,100,0.0,0.0,0.0,0.0,200,100,60.960874322348154,2.5498320128307874,55.9014544189898,66.02029422570651,200,100,0.43354015563279596,0.01762830513952231,0.39856177374858814,0.4685185375170038,200,100
mariposa,MARIPOSA-motivated,0.8,tmse,tMSE-only,principal_boundary,100,200,40,36,6.0,2.3868325657594203,1.264006362607196,10.735993637392804,200,100,3.98,0.4163283474966518,3.153914235503546,4.806085764496454,200,100,11.055555555555554,1.156467631935144,8.760872876398738,13.35023823471237,200,100,100.0,0.0,100.0,100.0,200,100,39.31372737139373,0.46208213934541387,38.39685615751517,40.2305985852723,200,100,1.4709721991572697,0.08302337821740015,1.3062358047267877,1.6357085935877518,200,100,13.24,0.4114816784708302,12.423531078342933,14.056468921657068,200,100,0.27,0.09832434473555758,0.07490316842972317,0.46509683157027687,200,100,72.05555555555556,2.0763800913071053,67.93556698060885,76.17554413050226,200,100,98.59299018490968,0.4633086324457034,97.6736853426306,99.51229502718876,200,100,0.0,0.0,0.0,0.0,200,100,56.05802102990764,2.78857572077923,50.52488181417195,61.59116024564334,200,100,0.30201550325454346,0.014097769177792985,0.27404247067351,0.3299885358355769,200,100
mariposa,MARIPOSA-motivated,0.8,qBIG,Entropy reduction,principal_boundary,100,200,40,36,8.0,2.7265992434429074,2.589835561189834,13.410164438810167,200,100,3.26,0.3904465198314423,2.485269396692881,4.034730603307119,200,100,9.055555555555557,1.0845736661984506,6.903526101924672,11.207585009186442,200,100,100.0,0.0,100.0,100.0,200,100,38.37477938307828,0.5518192942847413,37.279850185188934,39.46970858096762,200,100,1.7283738103433837,0.09593542204844144,1.5380171196647263,1.918730501022041,200,100,13.92,0.5231373885249718,12.881981925720767,14.958018074279233,200,100,0.76,0.20256935462784947,0.35805845269124725,1.1619415473087527,200,100,73.1111111111111,2.223232093768202,68.6997363035181,77.5224859187041,200,100,96.7940056022409,0.8182662408942336,95.17038785621128,98.41762334827052,200,100,0.0,0.0,0.0,0.0,200,100,60.768266509217966,2.818360537357147,55.1760277555308,66.36050526290514,200,100,0.3097342666304669,0.018489094786273523,0.27304789133749213,0.34642064192344163,200,100
mariposa,MARIPOSA-motivated,0.8,cEI,cEI,secondary,100,200,40,36,0.0,0.0,0.0,0.0,200,100,0.94,0.29053068823806,0.363524083464557,1.516475916535443,200,100,2.6111111111111107,0.8070296895501666,1.0097891207348804,4.212433101487341,200,100,100.0,0.0,100.0,100.0,200,100,34.267526385094015,0.6885596234924769,32.90127470803581,35.633778062152224,200,100,1.9286515122126362,0.07977253715074752,1.7703654917332667,2.0869375326920054,200,100,17.75,0.815924214147566,16.131029343142,19.368970656858,200,100,3.91,0.33487371357036083,3.245537900919027,4.574462099080973,200,100,76.8888888888889,2.811490150692303,71.31028247288553,82.46749530489227,200,100,83.78356829161177,1.357618969233688,81.08975771916855,86.477378864055,200,100,0.0,0.0,0.0,0.0,200,100,78.15102042236482,2.680244866406021,72.83283312424787,83.46920772048178,200,100,0.29245111286180214,0.024563799027410203,0.24371120643816233,0.34119101928544193,200,100
mariposa,MARIPOSA-motivated,0.8,cEI-tMSE,cEI–tMSE hybrid,secondary,100,200,40,36,5.0,2.1904291355759034,0.6537133781117817,9.346286621888218,200,100,3.8,0.3679042475339683,3.0699981555110534,4.530001844488946,200,100,10.555555555555559,1.0219562431499116,8.527772654197374,12.583338456913744,200,100,100.0,0.0,100.0,100.0,200,100,37.15784040132558,0.6865322137436713,35.795611545058605,38.52006925759255,200,100,1.7346479042444358,0.0822308644492449,1.5714840290670313,1.8978117794218403,200,100,12.9,0.4524903034844778,12.002161069432791,13.79783893056721,200,100,0.27,0.10622541307916097,0.05922573468731668,0.48077426531268336,200,100,70.16666666666667,2.321915036685394,65.55948349091261,74.77384984242073,200,100,98.5258432275976,0.5262600627769481,97.4814972604522,99.57018919474301,198,99,1.0,1.0,-0.9842169515086827,2.9842169515086825,200,100,55.51762572904888,2.8408344118191104,49.880793932688206,61.154457525409555,200,100,0.3500484933331818,0.017417982449271868,0.31548743729625583,0.3846095493701077,200,100
mariposa,MARIPOSA-motivated,0.9,cKG,cKG,target,100,200,40,36,6.0,2.3868325657594203,1.264006362607196,10.735993637392804,200,100,1.36,0.15276574791940026,1.056879613368424,1.6631203866315762,200,100,3.777777777777778,0.4243492997761117,2.9357767038011775,4.619778851754378,200,100,100.0,0.0,100.0,100.0,200,100,35.868982162409004,0.7451882953437319,34.390366914722115,37.347597410095894,200,100,1.657994918796297,0.08286934705919152,1.493564155600993,1.822425681991601,200,100,11.42,0.520718229705351,10.386782061659051,12.453217938340948,200,100,0.45,0.14932508094081112,0.15370664311183646,0.7462933568881636,200,100,60.944444444444436,2.4254118251363845,56.13190118661921,65.75698770226967,200,100,98.0040859394864,0.6445696539188599,96.72511990575252,99.28305197322028,200,100,0.0,0.0,0.0,0.0,200,100,64.20030440611824,2.5253882305079807,59.18938627000378,69.21122254223269,200,100,0.4269116493273466,0.013883092774547573,0.3993645813047216,0.4544587173499716,200,100
mariposa,MARIPOSA-motivated,0.9,tmse,tMSE-only,principal_boundary,100,200,40,36,2.0,1.407052941362897,-0.7918982979224127,4.791898297922413,200,100,2.82,0.30760725320158205,2.2096404737903974,3.4303595262096023,200,100,7.833333333333334,0.8544645922266169,6.137890204973327,9.528776461693342,200,100,100.0,0.0,100.0,100.0,200,100,36.53841493695074,0.5898119327134397,35.36810010185863,37.708729772042844,200,100,1.5679370344340766,0.07438148450475413,1.420348032001363,1.7155260368667902,200,100,10.44,0.43189037142461617,9.583035803825895,11.296964196174104,200,100,0.06,0.027779797906341424,0.00487885408475193,0.11512114591524807,200,100,57.66666666666665,2.3567315955456345,52.9903998846289,62.3429334487044,200,100,99.59980220158239,0.1873170400280431,99.22812455545233,99.97147984771246,200,100,0.0,0.0,0.0,0.0,200,100,55.21345272037128,2.589257893849135,50.07580331556816,60.3511021251744,200,100,0.3737656271907735,0.01783271041392421,0.33838166089611965,0.40914959348542734,200,100
mariposa,MARIPOSA-motivated,0.9,qBIG,Entropy reduction,principal_boundary,100,200,40,36,3.0,1.7144660799776528,-0.40187265867829947,6.4018726586782995,200,100,2.38,0.3017725412735007,1.781217808105266,2.9787821918947337,200,100,6.611111111111111,0.8382570590930575,4.9478272447368505,8.274394977485372,200,100,100.0,0.0,100.0,100.0,200,100,36.06496443267771,0.7099595454651579,34.65625066768035,37.47367819767508,200,100,1.822123411268778,0.09100698092687505,1.6415458170080452,2.002701005529511,200,100,11.81,0.5887317305063916,10.641828520438176,12.978171479561825,200,100,0.58,0.18432514092157254,0.21425893079418895,0.945741069205811,200,100,62.388888888888886,2.7123093063455057,57.007078785503374,67.77069899227439,200,100,97.5257031857032,0.7585472448905116,96.02058088387123,99.03082548753515,200,100,0.0,0.0,0.0,0.0,200,100,61.064576434296875,2.7419417791382728,55.62396907608084,66.50518379251291,200,100,0.3550236222330638,0.020802467098570164,0.3137470143828792,0.39630023008324833,200,100
mariposa,MARIPOSA-motivated,0.9,cEI,cEI,secondary,100,200,40,36,1.0,1.0,-0.9842169515086827,2.9842169515086825,200,100,0.98,0.3634792589917225,0.2587782927868094,1.7012217072131905,200,100,2.7222222222222223,1.0096646083103402,0.718828591074471,4.725615853369973,200,100,100.0,0.0,100.0,100.0,200,100,32.7771467120567,0.8056683718529959,31.178525871331583,34.37576755278182,200,100,1.9811912362685755,0.07723304747756843,1.8279441142469093,2.1344383582902418,200,100,15.59,0.9185072430610198,13.767482358234819,17.41251764176518,200,100,3.34,0.34530618823931275,2.6548376078347076,4.025162392165292,200,100,68.05555555555554,3.297010288503672,61.513571851808024,74.59753925930306,200,100,86.25333333333334,1.3954481075537781,83.48446154337442,89.02220512329227,200,100,0.0,0.0,0.0,0.0,200,100,78.19097226190675,2.700231796014255,72.83312655925253,83.54881796456097,200,100,0.29574393135745497,0.02517121346904095,0.24579878290214024,0.3456890798127697,200,100
mariposa,MARIPOSA-motivated,0.9,cEI-tMSE,cEI–tMSE hybrid,secondary,100,200,40,36,4.0,1.9694638556693238,0.0921564321972781,7.907843567802722,200,100,2.94,0.3486829476469963,2.2481373845768156,3.6318626154231843,200,100,8.166666666666668,0.9685637434638787,6.2448260682689325,10.088507265064404,200,100,100.0,0.0,100.0,100.0,200,100,34.65491006529207,0.8860768281345047,32.896741402568544,36.4130787280156,200,100,1.8937561622698555,0.0890555674895132,1.7170505956309379,2.0704617289087732,200,100,10.36,0.5052292209052893,9.3575156154822,11.3624843845178,200,100,0.18,0.09679719505077083,-0.012066635278231874,0.37206663527823186,200,100,56.55555555555555,2.6324260750832407,51.332251113781915,61.778859997329185,200,100,99.05888888888889,0.48012618109128136,98.10621438150444,100.01156339627333,200,100,0.0,0.0,0.0,0.0,200,100,57.219718050596555,2.5435465475242847,52.17276987404748,62.26666622714563,200,100,0.3959833633413401,0.01824467487046661,0.35978197018859576,0.43218475649408444,200,100
gbump,Gaussian bump,0.5,cKG,cKG,target,200,400,40,36,27.75,2.3696547890136817,23.07714373119255,32.42285626880745,400,200,13.67,0.5586735007157669,12.568320134164825,14.771679865835175,400,200,37.97222222222223,1.5518708353215747,34.912000372680076,41.03244407176438,400,200,100.0,0.0,100.0,100.0,400,200,1.525336410377068,0.07591553911815703,1.3756342662027972,1.6750385545513387,400,200,1.4761045551235008,0.05402639538992614,1.3695668511721306,1.582642259074871,400,200,3.77,0.22216499821565233,3.3319002778654894,4.208099722134511,400,200,0.775,0.0818097744525671,0.6136746798846934,0.9363253201153067,400,200,29.95,1.5811348573685702,26.832070770671216,33.06792922932878,400,200,85.92208920505624,1.068756008256117,83.81326576101982,88.03091264909266,331,182,17.25,2.258359679548644,12.796612850645085,21.703387149354917,400,200,32.263450748373224,1.453389028144549,29.39743074298331,35.12947075376314,400,200,0.698532711200308,0.017918221590946727,0.6631987568727298,0.7338666655278863,400,200
gbump,Gaussian bump,0.5,tmse,tMSE-only,principal_boundary,200,400,40,36,18.0,2.1278247556964773,13.804022047988461,22.19597795201154,400,200,15.595,0.5470385092964354,14.516263831636461,16.67373616836354,400,200,43.31944444444444,1.5195514147123208,40.32295508787905,46.315933801009834,400,200,100.0,0.0,100.0,100.0,400,200,1.2712470989558817,0.06983597175455261,1.1335335974304759,1.4089606004812876,400,200,1.5326923806639703,0.048293249433458696,1.4374601914005931,1.6279245699273475,400,200,3.5375,0.1983264623755286,3.146408834620745,3.928591165379255,400,200,0.4425,0.05377431669187803,0.33645938428691163,0.5485406157130883,400,200,30.95,1.6228542075289671,27.749802025100585,34.15019797489941,400,200,90.99509261873392,1.0692673789449956,88.88541533961275,93.10476989785509,346,184,13.5,2.1180606470360126,9.323276445960227,17.676723554039775,400,200,31.572042370650006,1.4842982591076328,28.645070704984725,34.49901403631529,400,200,0.7116233584686118,0.016230319887645547,0.679617872950908,0.7436288439863156,400,200
gbump,Gaussian bump,0.5,qBIG,Entropy reduction,principal_boundary,200,400,40,36,21.5,2.3109418558904795,16.94292308389693,26.05707691610307,400,200,13.29,0.5457275812755152,12.213848924726353,14.366151075273645,400,200,36.916666666666664,1.5159099479875424,33.92735812423987,39.905975209093455,400,200,100.0,0.0,100.0,100.0,400,200,1.6056112931772537,0.07927470724548542,1.4492850154310637,1.7619375709234437,400,200,1.371092058298914,0.05309629436196843,1.266388473156438,1.4757956434413897,400,200,5.7125,0.4103166674508114,4.9033733624057705,6.52162663759423,400,200,1.895,0.2426453354053398,1.4165139429158509,2.373486057084149,400,200,38.175,1.9661640011446107,34.297810030875304,42.05218996912469,400,200,82.19554800770308,1.4109483014111555,79.41183090063853,84.97926511476763,348,185,13.0,2.07400760309321,8.910147134257343,17.089852865742657,400,200,38.24666055879298,1.980473688057882,34.341252508913506,42.15206860867246,400,200,0.6091595595285747,0.017947397439527335,0.573768071695454,0.6445510473616954,400,200
gbump,Gaussian bump,0.5,cEI,cEI,secondary,200,400,40,36,26.0,2.4028877099718304,21.261609855224606,30.738390144775394,400,200,11.255,0.6626806191636174,9.948222616293064,12.561777383706938,400,200,31.263888888888886,1.840779497676715,27.633951711925175,34.8938260658526,400,200,100.0,0.0,100.0,100.0,400,200,1.1367423653808677,0.05917004714731895,1.0200616036851669,1.2534231270765686,400,200,1.7241532764799046,0.04726893544226517,1.6309409898948277,1.8173655630649814,400,200,5.9475,0.44009760081282656,5.079646655968689,6.815353344031311,400,200,2.4725,0.2594252804386135,1.9609246204953417,2.9840753795046586,400,200,34.75,1.951275191860917,30.90217011577837,38.59782988422163,400,200,75.0241631709652,1.567422977071604,71.93150585246056,78.11682048946983,331,183,17.25,2.2303722338451797,12.851802877356857,21.648197122643143,400,200,35.20671152381074,1.7325912659245502,31.79011683846148,38.62330620916,400,200,0.6771423780071055,0.019918437266999385,0.637864085287225,0.716420670726986,400,200
gbump,Gaussian bump,0.5,cEI-tMSE,cEI–tMSE hybrid,secondary,200,400,40,36,19.75,2.2388052045049815,15.335173425676796,24.164826574323204,400,200,14.605,0.5386516527544266,13.542802348280157,15.667197651719844,400,200,40.56944444444444,1.4962545909845184,37.61889541188932,43.519993476999566,400,200,100.0,0.0,100.0,100.0,400,200,1.3195996456357173,0.068027918465671,1.1854515466256732,1.4537477446457614,400,200,1.5277535610202426,0.05066284575440487,1.4278486307845464,1.6276584912559389,400,200,3.595,0.19617542913161903,3.2081505787029707,3.9818494212970297,400,200,0.5775,0.06068055204911146,0.45784058827808866,0.6971594117219114,400,200,30.175,1.5263092658024364,27.165184454752396,33.1848155452476,400,200,88.63658038658039,1.0777079159974454,86.51032674625884,90.76283402690194,342,185,14.5,2.114498883338128,10.33030008919334,18.66969991080666,400,200,30.48602489871912,1.4870312062354276,27.553663980080096,33.41838581735814,400,200,0.683349190785008,0.017042437453371414,0.6497422447188712,0.7169561368511448,400,200
gbump,Gaussian bump,0.6,cKG,cKG,target,200,400,40,36,18.25,2.1318799357143705,14.046025409214067,22.453974590785933,400,200,12.645,0.5908811876252681,11.479807975188498,13.810192024811501,400,200,35.125,1.6413366322924112,31.888355486634715,38.361644513365285,400,200,100.0,0.0,100.0,100.0,400,200,1.3331950961170727,0.0732612800969629,1.1887270353897788,1.4776631568443666,400,200,1.5732071171909126,0.05153298750193368,1.4715863052417522,1.674827929140073,400,200,2.6625,0.16043821506820424,2.346122811848563,2.9788771881514373,400,200,0.435,0.05805797656839309,0.32051219316007923,0.5494878068399207,400,200,22.275,1.2101940851029187,19.88854985406939,24.66145014593061,400,200,89.76649057157532,1.0837087463871324,87.62775409432716,91.90522704882348,321,177,19.75,2.427271251558675,14.963526570820452,24.536473429179548,400,200,32.29627777920653,1.4601115453718603,29.417001261976388,35.175554296436665,400,200,0.7361107509159227,0.018764689038223002,0.699107599566194,0.7731139022656515,400,200
gbump,Gaussian bump,0.6,tmse,tMSE-only,principal_boundary,200,400,40,36,14.0,2.0100251254711035,10.036317799721546,17.963682200278456,400,200,13.99,0.560777905499568,12.884170339379658,15.095829660620343,400,200,38.861111111111114,1.5577164041654665,35.789362053832384,41.932860168389844,400,200,100.0,0.0,100.0,100.0,400,200,1.15306548315339,0.06042456100996066,1.0339108746364012,1.2722200916703787,400,200,1.605253959942662,0.04828672783983706,1.510034630978506,1.7004732889068181,400,200,2.6125,0.1698520454297899,2.27755914746058,2.94744085253942,400,200,0.25,0.04208748963670318,0.16700529937987457,0.33299470062012543,400,200,23.625,1.427008634597591,20.811000984304886,26.438999015695114,400,200,94.13167053253261,0.8878597331723812,92.37923844002458,95.88410262504064,319,174,20.25,2.508715962179551,15.302921140717118,25.197078859282882,400,200,30.4676719248376,1.3879987481267366,27.730598710059112,33.20474513961609,400,200,0.7298486237916609,0.018720235531285583,0.6929331328258522,0.7667641147574696,400,200
gbump,Gaussian bump,0.6,qBIG,Entropy reduction,principal_boundary,200,400,40,36,17.5,2.2063749573137623,13.149124463857147,21.85087553614285,400,200,13.045,0.5662757420907255,11.928328844534512,14.161671155465488,400,200,36.236111111111114,1.572988172474238,33.134246790373645,39.337975431848584,400,200,100.0,0.0,100.0,100.0,400,200,1.3948065067886564,0.07856091670304977,1.2398877929738457,1.549725220603467,400,200,1.4633547678701757,0.05338007789936706,1.3580915739239763,1.5686179618163751,400,200,4.1925,0.3629457491611809,3.47678675473411,4.90821324526589,400,200,1.3,0.21010884951190437,0.885674479200289,1.714325520799711,400,200,28.925,1.7852260459605331,25.404611815703657,32.44538818429635,400,200,86.89538956939526,1.3647634082078033,84.20187549934313,89.5889036394474,326,176,18.5,2.437922750351909,13.69252227806907,23.30747772193093,400,200,36.85668844829852,1.8716501577834654,33.165875671112005,40.547501225485036,400,200,0.6271524168695031,0.01903458536588021,0.5896170416901818,0.6646877920488243,400,200
gbump,Gaussian bump,0.6,cEI,cEI,secondary,200,400,40,36,25.5,2.3508257931092507,20.864273692887938,30.135726307112062,400,200,11.03,0.6518204118054536,9.7446384732649,12.3153615267351,400,200,30.638888888888886,1.8106122550151489,27.06844020351361,34.20933757426416,400,200,100.0,0.0,100.0,100.0,400,200,1.050169407388496,0.05465170439277209,0.9423986212567856,1.1579401935202063,400,200,1.7616755560859128,0.047372427910643305,1.668259186850537,1.8550919253212885,400,200,4.435,0.37025575162047136,3.7048717475460324,5.165128252453966,400,200,1.705,0.2157780708955314,1.279495020992047,2.130504979007953,400,200,27.3,1.7042070320357798,23.939377790421208,30.660622209578793,400,200,78.88382052564847,1.5702519305243883,75.78487434340354,81.9827667078934,318,177,20.5,2.434828938508616,15.698623140580127,25.301376859419875,400,200,35.12315481137571,1.711467350293921,31.748215569694445,38.49809405305698,400,200,0.6947955790545719,0.020278889023194354,0.6548064911351765,0.7347846669739673,400,200
gbump,Gaussian bump,0.6,cEI-tMSE,cEI–tMSE hybrid,secondary,200,400,40,36,14.75,2.0605623226263106,10.686660643063313,18.813339356936687,400,200,13.325,0.5467095496315127,12.246912525800498,14.4030874741995,400,200,37.013888888888886,1.518637637865313,34.01920146055694,40.00857631722083,400,200,100.0,0.0,100.0,100.0,400,200,1.1078274005346913,0.057478115206448244,0.994483055102215,1.2211717459671676,400,200,1.6247848122790045,0.046715693322517786,1.5326634951125178,1.7169061294454913,400,200,2.715,0.1696326951276829,2.3804916967243033,3.0495083032756964,400,200,0.335,0.049254492435976106,0.23787228130719462,0.4321277186928054,400,200,23.8,1.3539631015659215,21.130043601194874,26.469956398805127,400,200,92.7447267238934,1.027784576435424,90.71659383439903,94.77285961338775,320,180,20.0,2.3510929779476553,15.363746815997324,24.636253184002676,400,200,29.05412958244887,1.3676581426834828,26.357167157688203,31.751092007209536,400,200,0.7128161980102761,0.018368362432933404,0.6765945855035083,0.7490378105170439,400,200
gbump,Gaussian bump,0.7,cKG,cKG,target,200,400,40,36,19.25,2.288201659419653,14.73776576314509,23.76223423685491,400,200,12.07,0.6181716435623059,10.850992382007906,13.289007617992095,400,200,33.52777777777778,1.7171434543397386,30.141645505577518,36.913910049978035,400,200,100.0,0.0,100.0,100.0,400,200,1.1354106532764556,0.06317173453010357,1.0108387379582324,1.2599825685946788,400,200,1.6353523405020802,0.04767987281686067,1.541329703271893,1.7293749777322676,400,200,2.0375,0.13056398246678882,1.7800335003313525,2.2949664996686474,400,200,0.28,0.049828852815054066,0.18173966759891427,0.3782603324010858,400,200,17.575,1.001868543217845,15.599358769723962,19.550641230276035,400,200,91.35152696556206,1.2841900398656005,88.81651437110074,93.88653956002338,307,171,23.25,2.6016398964410445,18.119679180432765,28.380320819567235,400,200,32.14997338949671,1.433195243971173,29.323774648960644,34.97617213003277,400,200,0.7453179235336737,0.01947237978927036,0.7069192367761123,0.783716610291235,400,200
gbump,Gaussian bump,0.7,tmse,tMSE-only,principal_boundary,200,400,40,36,16.25,2.1831210657999933,11.94498012740699,20.55501987259301,400,200,13.115,0.6376849421361114,11.8575130051854,14.3724869948146,400,200,36.43055555555556,1.7713470614891982,32.937536125514995,39.92357498559612,400,200,100.0,0.0,100.0,100.0,400,200,0.9802407785543494,0.05718754990762019,0.8674694152644289,1.09301214184427,400,200,1.7091921803225454,0.048231757652662695,1.6140812501787263,1.8043031104663645,400,200,1.8,0.12349597678227026,1.556471300395731,2.0435286996042694,400,200,0.13,0.02303591253524935,0.08457418152335838,0.17542581847664163,400,200,16.7,1.114342314537974,14.502565380312824,18.897434619687175,400,200,94.81351640860844,1.124451056290692,92.59304515725995,97.03398765995692,295,163,26.25,2.7894610527526855,20.749304022095536,31.750695977904464,400,200,30.494002233894836,1.3648073415210373,27.80266146514281,33.18534300264687,400,200,0.7435901435657267,0.020256897029532605,0.7036444229021538,0.7835358642292997,400,200
gbump,Gaussian bump,0.7,qBIG,Entropy reduction,principal_boundary,200,400,40,36,16.75,2.1051951770960193,12.598646593603242,20.90135340639676,400,200,12.355,0.6093038081722995,11.153479368038557,13.556520631961444,400,200,34.31944444444444,1.6925105782563874,30.98188713344043,37.657001755448455,400,200,100.0,0.0,100.0,100.0,400,200,1.2148628407588191,0.06879879301807904,1.0791946106303585,1.3505310708872797,400,200,1.5552400177500827,0.05073760171706776,1.4551876720045915,1.6552923634955738,400,200,3.5775,0.3845982289853835,2.8190890054455457,4.335910994554454,400,200,1.26,0.23179873439329143,0.8029029687644217,1.7170970312355784,400,200,23.175,1.7046999397026183,19.813405797921874,26.536594202078128,400,200,87.433871349534,1.62634569796154,84.2227401931841,90.64500250588391,307,166,23.25,2.7196821237547883,17.886905037783652,28.613094962216348,400,200,36.14704916990557,1.8036696962643612,32.590290908692744,39.7038074311184,400,200,0.6439377222000369,0.02126933400745099,0.6019955198122177,0.6858799245878561,400,200
gbump,Gaussian bump,0.7,cEI,cEI,secondary,200,400,40,36,19.5,2.178872974082227,15.20335717967041,23.796642820329588,400,200,10.75,0.6650178521803704,9.438613694350241,12.061386305649759,400,200,29.861111111111107,1.8472718116121398,26.21837137319511,33.5038508490271,400,200,100.0,0.0,100.0,100.0,400,200,0.9610720031850382,0.05099299499042988,0.8605160330027833,1.0616279733672929,400,200,1.7416984715739847,0.04437953030120323,1.6541839663658127,1.8292129767821568,400,200,3.485,0.33403859645196393,2.8262904036946668,4.1437095963053325,400,200,1.26,0.1990858505253374,0.8674113541891041,1.652588645810896,400,200,22.25,1.4847423342098705,19.322152637530724,25.177847362469276,400,200,82.96862097440133,1.5687807947436314,79.87207959924298,86.06516234955969,308,173,23.0,2.551972338030009,17.967621447278294,28.032378552721706,400,200,35.39748788442437,1.6740409025926697,32.09635197121559,38.698623797633154,400,200,0.7070309114129905,0.021189515435623918,0.6652461077802383,0.7488157150457426,400,200
gbump,Gaussian bump,0.7,cEI-tMSE,cEI–tMSE hybrid,secondary,200,400,40,36,15.0,2.066726102781788,10.924505936448405,19.075494063551595,400,200,12.755,0.6333089896582154,11.506142193311511,14.00385780668849,400,200,35.43055555555556,1.7591916379394872,31.961506092531973,38.89960501857914,400,200,100.0,0.0,100.0,100.0,400,200,1.031896685754081,0.05501996525324949,0.9233997052085614,1.1403936662996006,400,200,1.6643968333086578,0.04702865636563217,1.5716583666211936,1.757135299996122,400,200,1.855,0.1199659708869739,1.6184323186221994,2.0915676813778004,400,200,0.1525,0.029484153822573335,0.0943585299179207,0.21064147008207929,400,200,17.025,1.0669177298231833,14.921084600499464,19.12891539950053,400,200,94.55921490352628,1.1520211657280115,92.28471297107954,96.83371683597302,297,167,25.75,2.698815578663757,20.428052957931786,31.071947042068214,400,200,30.62949576573991,1.4093502771249187,27.85031826362373,33.408673267856095,400,200,0.7346118560559447,0.01904004066980384,0.6970657232543503,0.7721579888575391,400,200
gbump,Gaussian bump,0.8,cKG,cKG,target,200,400,40,36,17.75,2.2388052045049815,13.335173425676796,22.164826574323204,400,200,11.785,0.6460501365176484,10.511017205380808,13.058982794619192,400,200,32.73611111111111,1.7945837125490238,29.197270014946685,36.27495220727553,400,200,100.0,0.0,100.0,100.0,400,200,0.9870356892729055,0.05506558389866308,0.8784487507410228,1.0956226278047883,400,200,1.7051318877371597,0.04741052162569613,1.6116403993510908,1.7986233761232286,400,200,1.4425,0.11164471083435361,1.222341481839365,1.6626585181606348,400,200,0.17,0.042450088931017045,0.08629026932851215,0.2537097306714879,400,200,12.725,0.8497690345383864,11.049292391241538,14.400707608758461,400,200,94.80994152046783,0.9563504310649314,92.9203853679859,96.69949767294976,270,152,32.5,2.98130692059269,26.620992307521234,38.379007692478766,400,200,32.00791161294349,1.4606034949945297,29.127664992435488,34.88815823345149,400,200,0.77619299007184,0.020742766541255994,0.7352891558449728,0.8170968242987071,400,200
gbump,Gaussian bump,0.8,tmse,tMSE-only,principal_boundary,200,400,40,36,14.5,2.0234181736674297,10.509907290683353,18.490092709316645,400,200,11.95,0.6544302059596284,10.659492072603431,13.240507927396568,400,200,33.19444444444444,1.8178616832211902,29.609700201676198,36.77918868721269,400,200,100.0,0.0,100.0,100.0,400,200,0.8565338264654941,0.04878629167777402,0.7603293793218479,0.9527382736091404,400,200,1.7823999636696228,0.04655780509240514,1.6905899952317667,1.874209932107479,400,200,1.285,0.11699278421248441,1.054295313542234,1.515704686457766,400,200,0.1425,0.05261712228722646,0.03874132136613308,0.2462586786338669,400,200,11.425,0.8170432506096811,9.813826215025442,13.03617378497456,400,200,96.81941099421135,0.8966016680542293,95.04741618366077,98.59140580476193,264,147,34.0,3.064630450640823,27.956681927152857,40.04331807284714,400,200,30.130140480692273,1.3674886816956506,27.433512225635557,32.82676873574899,400,200,0.7652486551205865,0.021799998668074996,0.7222600050824479,0.808237305158725,400,200
gbump,Gaussian bump,0.8,qBIG,Entropy reduction,principal_boundary,200,400,40,36,17.0,2.25397471371137,12.555259812724207,21.44474018727579,400,200,11.58,0.6471180796772921,10.303911267878263,12.856088732121737,400,200,32.16666666666667,1.7975502213258114,28.62197574410629,35.711357589227056,400,200,100.0,0.0,100.0,100.0,400,200,1.1099676160586482,0.06048301111702261,0.9906977464705267,1.2292374856467698,400,200,1.6086615396682928,0.04856797828278142,1.5128875970525995,1.7044354822839862,400,200,2.9625,0.33859630244607036,2.2948028055328242,3.6301971944671756,400,200,1.0775,0.20206526322704524,0.6790360818139514,1.4759639181860484,400,200,18.85,1.4859940753447838,15.919684258408026,21.780315741591977,400,200,89.8712189278227,1.3860610415838404,87.13362075230577,92.60881710333962,294,159,26.5,2.8775251091465464,20.825645529776512,32.174354470223484,400,200,36.01270201170344,1.7566897136671844,32.54858623462184,39.47681778878504,400,200,0.6838244884285086,0.022649124497881912,0.6391613991533911,0.7284875777036262,400,200
gbump,Gaussian bump,0.8,cEI,cEI,secondary,200,400,40,36,17.75,2.210570198617333,13.390851630313865,22.109148369686135,400,200,10.59,0.6841416145387725,9.24090246601692,11.93909753398308,400,200,29.41666666666667,1.9003933737188128,25.669173516713673,33.16415981661967,400,200,100.0,0.0,100.0,100.0,400,200,0.943298834939396,0.048314661022655074,0.8480244229525802,1.038573246926212,400,200,1.756575567196372,0.044560197924020745,1.6687047932870511,1.844446341105693,400,200,2.92,0.3269787078341408,2.275212197256255,3.5647878027437447,400,200,1.0875,0.19340370657925082,0.7061162951289566,1.4688837048710432,400,200,18.325,1.446828753588708,15.471916570952551,21.178083429047447,400,200,85.33679927667269,1.5466468018145534,82.28187927463347,88.39171927871192,278,158,30.5,2.8749044117821416,24.830813431094747,36.16918656890525,400,200,35.5564577227738,1.6645297083511936,32.274077471293126,38.838837974254474,400,200,0.7173328879142236,0.021153854536998484,0.6756184060238897,0.7590473698045574,400,200
gbump,Gaussian bump,0.8,cEI-tMSE,cEI–tMSE hybrid,secondary,200,400,40,36,13.75,2.0950258150746364,9.61870013359215,17.88129986640785,400,200,11.825,0.6568325662606129,10.52975472248626,13.120245277513739,400,200,32.84722222222222,1.8245349062794802,29.249318673572944,36.4451257708715,400,200,100.0,0.0,100.0,100.0,400,200,0.9666072431563373,0.05351454625833883,0.8610788834496691,1.0721356028630056,400,200,1.6980702385669926,0.0463225597152827,1.6067241637900576,1.7894163133439276,400,200,1.4575,0.12044606687279427,1.2199855902010932,1.6950144097989068,400,200,0.1475,0.051946713613821444,0.04506333813697566,0.24993666186302432,400,200,13.1,0.8956623556209012,11.333792756395535,14.866207243604464,400,200,95.95717180908264,0.991986937478458,93.99771240368435,97.91663121448093,274,157,31.5,2.886243581205552,25.808453081743902,37.1915469182561,400,200,32.50488486332213,1.4534387617846751,29.638766785355106,35.37100294128916,400,200,0.7632968616817988,0.02074184150874547,0.7223948515788444,0.8041988717847531,400,200
gbump,Gaussian bump,0.9,cKG,cKG,target,200,400,40,36,14.75,2.0298494881945355,10.7472250179135,18.7527749820865,400,200,11.055,0.6709401451634561,9.731935189945283,12.378064810054717,400,200,30.70833333333333,1.8637226254540453,27.03315330540356,34.3835133612631,400,200,100.0,0.0,100.0,100.0,400,200,0.9117369359972411,0.05019597482679551,0.8127526549425639,1.0107212170519184,400,200,1.7508485289565032,0.04601854931870432,1.6601019494706206,1.8415951084423858,400,200,1.0475,0.097364614159623,0.8555012119296143,1.239498788070386,400,200,0.1375,0.04267110104416815,0.053354443045625435,0.2216455569543746,400,200,9.1,0.6704082608238836,7.7779840427494875,10.422015957250512,400,200,95.32475490196079,1.0894946847774238,93.17006967780118,97.4794401261204,233,136,41.75,3.125866713979954,35.585926676915875,47.914073323084125,400,200,34.051521857006264,1.5832754136516172,30.92937154370679,37.173672170305736,400,200,0.7546609333837861,0.021020335598663936,0.7132097450376823,0.79611212172989,400,200
gbump,Gaussian bump,0.9,tmse,tMSE-only,principal_boundary,200,400,40,36,13.75,2.003059845266385,9.800053029603772,17.699946970396226,400,200,10.825,0.6869361552626526,9.470391753148293,12.179608246851705,400,200,30.069444444444443,1.9081559868407016,26.30664375874526,33.832245130143626,400,200,100.0,0.0,100.0,100.0,400,200,0.8044826949674008,0.0447768965625728,0.7161846007596571,0.8927807891751445,400,200,1.7756285897570552,0.045015082636480366,1.6868608029621204,1.86439637655199,400,200,0.9625,0.10603269975382795,0.7534081238160077,1.1715918761839923,400,200,0.13,0.05527909997885604,0.02099201703647824,0.23900798296352177,400,200,8.325,0.6372813449041279,7.068308881388249,9.58169111861175,400,200,96.71547427344528,1.0325512975661733,94.67326772059025,98.75768082630032,237,135,40.75,3.1717483250071923,34.49545013379001,47.00454986620999,400,200,32.78284447873888,1.4810174357636159,29.86234245413736,35.7033465033404,400,200,0.7853207743318004,0.021377901410846275,0.7431644817423637,0.827477066921237,400,200
gbump,Gaussian bump,0.9,qBIG,Entropy reduction,principal_boundary,200,400,40,36,17.0,2.2259321349373464,12.610558559455272,21.38944144054473,400,200,11.14,0.6923864491560145,9.774644010437196,12.505355989562805,400,200,30.944444444444443,1.9232956921000401,27.1517889178811,34.73709997100779,400,200,100.0,0.0,100.0,100.0,400,200,0.9393012838052601,0.05794358210112922,0.8250390578836863,1.053563509726834,400,200,1.709072417369576,0.05023935646986508,1.6100025895999472,1.8081422451392046,400,200,2.0725,0.32291848894498526,1.4357187724658103,2.7092812275341895,400,200,0.7825,0.19512196610912735,0.39772796200429766,1.1672720379957022,400,200,12.9,1.3572622458537995,10.223537832025968,15.576462167974032,400,200,90.90476190476191,1.6611007978499164,87.62047040914355,94.18905340038027,240,140,40.0,3.089941535606675,33.90676956751239,46.09323043248761,400,200,37.8535014316448,1.8221689392735003,34.260263467116445,41.44673939617316,400,200,0.6641125329842413,0.022868611032900298,0.6190166258000197,0.709208440168463,400,200
gbump,Gaussian bump,0.9,cEI,cEI,secondary,200,400,40,36,12.5,1.9971713665423614,8.561664853759282,16.438335146240718,400,200,10.185,0.7037615195376269,8.79721286595688,11.572787134043121,400,200,28.291666666666664,1.9548931098267412,24.43670240543577,32.14663092789756,400,200,100.0,0.0,100.0,100.0,400,200,0.8489982588589342,0.04795953743673493,0.754424135151391,0.9435723825664775,400,200,1.7409393158943758,0.04504244727860536,1.6521175672143216,1.82976106457443,400,200,2.245,0.3150135595709617,1.6238069496767455,2.866193050323255,400,200,0.8975,0.1860491607102946,0.5306191399852271,1.2643808600147728,400,200,13.475,1.3525508656686835,10.807828469014455,16.142171530985543,400,200,88.22405828002843,1.6667387348023759,84.92731362513095,91.52080293492591,235,134,41.25,3.1788698570150986,34.98140678214194,47.51859321785806,400,200,36.37769633740623,1.7203332871739632,32.98527385347346,39.770118821339,400,200,0.7131092018935666,0.021806091276106766,0.6701085374971483,0.756109866289985,400,200
gbump,Gaussian bump,0.9,cEI-tMSE,cEI–tMSE hybrid,secondary,200,400,40,36,12.75,1.973362179493994,8.85861553597257,16.641384464027432,400,200,10.73,0.6920477951368451,9.365311821446534,12.094688178553467,400,200,29.805555555555557,1.9223549864912364,26.014755059573705,33.596356051537406,400,200,100.0,0.0,100.0,100.0,400,200,0.7735394962377603,0.042518538443493625,0.6896947861021936,0.857384206373327,400,200,1.7531825362494318,0.0444244911840393,1.665579370134116,1.8407857023647476,400,200,0.9525,0.1053587732726973,0.7447370775508163,1.1602629224491836,400,200,0.1125,0.052504785615816146,0.008962844400479855,0.21603715559952014,400,200,8.4,0.6562034860280588,7.105995241367704,9.694004758632298,400,200,97.6216481131415,0.8703633129460812,95.90056453208727,99.34273169419573,239,138,40.25,3.1242587060471734,34.08909759868213,46.41090240131787,400,200,33.781721401142924,1.5200800944993704,30.784189511011654,36.779253291274195,400,200,0.7736315363472264,0.02075697305929721,0.7326996874841368,0.8145633852103159,400,200
