surface_id,surface,tau,comparator,comparator_label,comparator_role,contrast,outcome_id,outcome,unit,estimate,mcse,t_critical_95,ci95_low,ci95_high,monte_carlo_replicate_sets,eligible_trial_pairs,pointwise_unadjusted
osa,OSA,0.5,tmse,tMSE-only,principal_boundary,cKG minus tMSE-only,recommendation_pct,Recommendation probability,percentage points,0.0,0.0,1.971956544249395,0.0,0.0,200,400,True
osa,OSA,0.5,tmse,tMSE-only,principal_boundary,cKG minus tMSE-only,recommended_efficacy,Recommended efficacy | recommend,efficacy units,0.36377109375000005,0.1854707274523659,1.971956544249395,-0.0019691210163887973,0.7295113085163889,200,400,True
osa,OSA,0.5,tmse,tMSE-only,principal_boundary,cKG minus tMSE-only,dose_location_error,Dose-location error | recommend,dose-grid units,0.06062028119354808,0.051026416040571135,1.971956544249395,-0.04000159384724847,0.16124215623434462,200,400,True
osa,OSA,0.5,tmse,tMSE-only,principal_boundary,cKG minus tMSE-only,false_admissions,Final false admissions,doses,0.6575,0.08693391905008674,1.971956544249395,0.4860700894119343,0.8289299105880656,200,400,True
osa,OSA,0.5,tmse,tMSE-only,principal_boundary,cKG minus tMSE-only,feasible_recall_pct,Feasible-dose recall,percentage points,-3.321022727272726,1.2013225784417954,1.971956544249395,-5.689978647585582,-0.9520668069598708,200,400,True
osa,OSA,0.5,tmse,tMSE-only,principal_boundary,cKG minus tMSE-only,gate_precision_pct,Admitted-dose precision | nonempty gate,percentage points,-4.663707582155135,0.5852324851358943,1.971956544249395,-5.817760611126198,-3.5096545531840717,200,399,True
osa,OSA,0.5,tmse,tMSE-only,principal_boundary,cKG minus tMSE-only,final_empty_gate_pct,Final empty gate,percentage points,-0.25,0.25,1.971956544249395,-0.7429891360623487,0.24298913606234873,200,400,True
osa,OSA,0.5,tmse,tMSE-only,principal_boundary,cKG minus tMSE-only,obd_feasibility_pct,Feasibility probability at nearest OBD panel dose,percentage points,-0.3853483683539187,1.4687476805706317,1.971956544249395,-3.2816549689062953,2.5109582321984583,200,400,True
osa,OSA,0.5,tmse,tMSE-only,principal_boundary,cKG minus tMSE-only,obd_posterior_sd,Toxicity posterior SD at nearest OBD panel dose,toxicity units,0.09017041711879947,0.013127985556201528,1.971956544249395,0.06428260008843634,0.11605823414916261,200,400,True
osa,OSA,0.5,qBIG,Entropy reduction,principal_boundary,cKG minus Entropy reduction,recommendation_pct,Recommendation probability,percentage points,0.0,0.0,1.971956544249395,0.0,0.0,200,400,True
osa,OSA,0.5,qBIG,Entropy reduction,principal_boundary,cKG minus Entropy reduction,recommended_efficacy,Recommended efficacy | recommend,efficacy units,-0.11934052734374985,0.21063029358203045,1.971956544249395,-0.5346943131900062,0.2960132585025064,200,400,True
osa,OSA,0.5,qBIG,Entropy reduction,principal_boundary,cKG minus Entropy reduction,dose_location_error,Dose-location error | recommend,dose-grid units,0.07093540341613215,0.050922437469746236,1.971956544249395,-0.029481430401464545,0.17135223723372883,200,400,True
osa,OSA,0.5,qBIG,Entropy reduction,principal_boundary,cKG minus Entropy reduction,false_admissions,Final false admissions,doses,-0.5675,0.17070933523295784,1.971956544249395,-0.904131390777095,-0.23086860922290497,200,400,True
osa,OSA,0.5,qBIG,Entropy reduction,principal_boundary,cKG minus Entropy reduction,feasible_recall_pct,Feasible-dose recall,percentage points,-5.157670454545454,1.0978089703556182,1.971956544249395,-7.322502037973905,-2.992838871117003,200,400,True
osa,OSA,0.5,qBIG,Entropy reduction,principal_boundary,cKG minus Entropy reduction,gate_precision_pct,Admitted-dose precision | nonempty gate,percentage points,1.4187080221064436,0.8724618518823231,1.971956544249395,-0.3017488363208496,3.1391648805337367,200,397,True
osa,OSA,0.5,qBIG,Entropy reduction,principal_boundary,cKG minus Entropy reduction,final_empty_gate_pct,Final empty gate,percentage points,-0.75,0.43083126382546477,1.971956544249395,-1.599580530167863,0.09958053016786284,200,400,True
osa,OSA,0.5,qBIG,Entropy reduction,principal_boundary,cKG minus Entropy reduction,obd_feasibility_pct,Feasibility probability at nearest OBD panel dose,percentage points,-6.106592877651773,1.6871724257833844,1.971956544249395,-9.433623583952444,-2.779562171351101,200,400,True
osa,OSA,0.5,qBIG,Entropy reduction,principal_boundary,cKG minus Entropy reduction,obd_posterior_sd,Toxicity posterior SD at nearest OBD panel dose,toxicity units,0.14490502340097983,0.01500249910357684,1.971956544249395,0.1153207471135858,0.17448929968837384,200,400,True
osa,OSA,0.5,cEI,cEI,secondary,cKG minus cEI,recommendation_pct,Recommendation probability,percentage points,0.0,0.0,1.971956544249395,0.0,0.0,200,400,True
osa,OSA,0.5,cEI,cEI,secondary,cKG minus cEI,recommended_efficacy,Recommended efficacy | recommend,efficacy units,1.1923212890625,0.22173983084623836,1.971956544249395,0.7550599785045063,1.6295825996204933,200,400,True
osa,OSA,0.5,cEI,cEI,secondary,cKG minus cEI,dose_location_error,Dose-location error | recommend,dose-grid units,-0.2552360959750484,0.05542166190253076,1.971956544249395,-0.3645252048569213,-0.14594698709317552,200,400,True
osa,OSA,0.5,cEI,cEI,secondary,cKG minus cEI,false_admissions,Final false admissions,doses,-1.9875,0.22007985930648405,1.971956544249395,-2.4214879188169074,-1.5535120811830927,200,400,True
osa,OSA,0.5,cEI,cEI,secondary,cKG minus cEI,feasible_recall_pct,Feasible-dose recall,percentage points,2.325284090909091,1.3858567446999732,1.971956544249395,-0.40756518619418447,5.058133368012366,200,400,True
osa,OSA,0.5,cEI,cEI,secondary,cKG minus cEI,gate_precision_pct,Admitted-dose precision | nonempty gate,percentage points,8.898623925850924,1.0412945995239948,1.971956544249395,6.845236225828029,10.95201162587382,200,396,True
osa,OSA,0.5,cEI,cEI,secondary,cKG minus cEI,final_empty_gate_pct,Final empty gate,percentage points,-1.0,0.4962168435058351,1.971956544249395,-1.9785180519181094,-0.021481948081890634,200,400,True
osa,OSA,0.5,cEI,cEI,secondary,cKG minus cEI,obd_feasibility_pct,Feasibility probability at nearest OBD panel dose,percentage points,-1.47204847401395,1.8357220714959412,1.971956544249395,-5.092012626323427,2.147915678295527,200,400,True
osa,OSA,0.5,cEI,cEI,secondary,cKG minus cEI,obd_posterior_sd,Toxicity posterior SD at nearest OBD panel dose,toxicity units,0.0013301673565007243,0.016832154480220043,1.971956544249395,-0.03186210982458596,0.03452244453758741,200,400,True
osa,OSA,0.5,cEI-tMSE,cEI–tMSE hybrid,secondary,cKG minus cEI–tMSE hybrid,recommendation_pct,Recommendation probability,percentage points,0.0,0.0,1.971956544249395,0.0,0.0,200,400,True
osa,OSA,0.5,cEI-tMSE,cEI–tMSE hybrid,secondary,cKG minus cEI–tMSE hybrid,recommended_efficacy,Recommended efficacy | recommend,efficacy units,0.6329563476562499,0.194922844382387,1.971956544249395,0.24857696905269544,1.0173357262598044,200,400,True
osa,OSA,0.5,cEI-tMSE,cEI–tMSE hybrid,secondary,cKG minus cEI–tMSE hybrid,dose_location_error,Dose-location error | recommend,dose-grid units,0.03165440300351991,0.04957395773698745,1.971956544249395,-0.06610328738027543,0.12941209338731524,200,400,True
osa,OSA,0.5,cEI-tMSE,cEI–tMSE hybrid,secondary,cKG minus cEI–tMSE hybrid,false_admissions,Final false admissions,doses,0.4875,0.09895417319122927,1.971956544249395,0.2923666705947674,0.6826333294052326,200,400,True
osa,OSA,0.5,cEI-tMSE,cEI–tMSE hybrid,secondary,cKG minus cEI–tMSE hybrid,feasible_recall_pct,Feasible-dose recall,percentage points,-0.22443181818181826,1.1226737013293058,1.971956544249395,-2.4382955705748337,1.989431934211197,200,400,True
osa,OSA,0.5,cEI-tMSE,cEI–tMSE hybrid,secondary,cKG minus cEI–tMSE hybrid,gate_precision_pct,Admitted-dose precision | nonempty gate,percentage points,-4.003906043525356,0.5862970066229158,1.971956544249395,-5.160058262609246,-2.8477538244414666,200,399,True
osa,OSA,0.5,cEI-tMSE,cEI–tMSE hybrid,secondary,cKG minus cEI–tMSE hybrid,final_empty_gate_pct,Final empty gate,percentage points,-0.25,0.25,1.971956544249395,-0.7429891360623487,0.24298913606234873,200,400,True
osa,OSA,0.5,cEI-tMSE,cEI–tMSE hybrid,secondary,cKG minus cEI–tMSE hybrid,obd_feasibility_pct,Feasibility probability at nearest OBD panel dose,percentage points,2.0643177665946233,1.5685979100782632,1.971956544249395,-1.0288891474801316,5.157524680669378,200,400,True
osa,OSA,0.5,cEI-tMSE,cEI–tMSE hybrid,secondary,cKG minus cEI–tMSE hybrid,obd_posterior_sd,Toxicity posterior SD at nearest OBD panel dose,toxicity units,0.08020613018380822,0.013222334746170416,1.971956544249395,0.054132260650841306,0.10627999971677513,200,400,True
osa,OSA,0.6,tmse,tMSE-only,principal_boundary,cKG minus tMSE-only,recommendation_pct,Recommendation probability,percentage points,0.0,0.0,1.971956544249395,0.0,0.0,200,400,True
osa,OSA,0.6,tmse,tMSE-only,principal_boundary,cKG minus tMSE-only,recommended_efficacy,Recommended efficacy | recommend,efficacy units,0.06930771484374997,0.19274567099669468,1.971956544249395,-0.31077837245392287,0.4493938021414228,200,400,True
osa,OSA,0.6,tmse,tMSE-only,principal_boundary,cKG minus tMSE-only,dose_location_error,Dose-location error | recommend,dose-grid units,0.040310124516294836,0.05046510200827504,1.971956544249395,-0.059204863645136406,0.13982511267772607,200,400,True
osa,OSA,0.6,tmse,tMSE-only,principal_boundary,cKG minus tMSE-only,false_admissions,Final false admissions,doses,0.38,0.08926275368808594,1.971956544249395,0.20397772870705713,0.5560222712929429,200,400,True
osa,OSA,0.6,tmse,tMSE-only,principal_boundary,cKG minus tMSE-only,feasible_recall_pct,Feasible-dose recall,percentage points,-2.8125,1.3130397785356795,1.971956544249395,-5.40175738414321,-0.2232426158567904,200,400,True
osa,OSA,0.6,tmse,tMSE-only,principal_boundary,cKG minus tMSE-only,gate_precision_pct,Admitted-dose precision | nonempty gate,percentage points,-3.3531632542294307,0.6540453653384417,1.971956544249395,-4.642912292644557,-2.063414215814304,200,398,True
osa,OSA,0.6,tmse,tMSE-only,principal_boundary,cKG minus tMSE-only,final_empty_gate_pct,Final empty gate,percentage points,0.25,0.25,1.971956544249395,-0.24298913606234873,0.7429891360623487,200,400,True
osa,OSA,0.6,tmse,tMSE-only,principal_boundary,cKG minus tMSE-only,obd_feasibility_pct,Feasibility probability at nearest OBD panel dose,percentage points,-1.7840717953887395,1.5399392094655002,1.971956544249395,-4.820764997240472,1.2526214064629932,200,400,True
osa,OSA,0.6,tmse,tMSE-only,principal_boundary,cKG minus tMSE-only,obd_posterior_sd,Toxicity posterior SD at nearest OBD panel dose,toxicity units,0.09768591700163337,0.01612016087379625,1.971956544249395,0.06589766027219782,0.12947417373106893,200,400,True
osa,OSA,0.6,qBIG,Entropy reduction,principal_boundary,cKG minus Entropy reduction,recommendation_pct,Recommendation probability,percentage points,0.0,0.0,1.971956544249395,0.0,0.0,200,400,True
osa,OSA,0.6,qBIG,Entropy reduction,principal_boundary,cKG minus Entropy reduction,recommended_efficacy,Recommended efficacy | recommend,efficacy units,-0.47661923828125013,0.1926069233245255,1.971956544249395,-0.8564317211987896,-0.09680675536371064,200,400,True
osa,OSA,0.6,qBIG,Entropy reduction,principal_boundary,cKG minus Entropy reduction,dose_location_error,Dose-location error | recommend,dose-grid units,0.09476452204796228,0.05166882921709747,1.971956544249395,-0.007124163860397423,0.19665320795632196,200,400,True
osa,OSA,0.6,qBIG,Entropy reduction,principal_boundary,cKG minus Entropy reduction,false_admissions,Final false admissions,doses,-0.5925,0.17821270321708185,1.971956544249395,-0.9439277063772997,-0.24107229362270027,200,400,True
osa,OSA,0.6,qBIG,Entropy reduction,principal_boundary,cKG minus Entropy reduction,feasible_recall_pct,Feasible-dose recall,percentage points,-5.34090909090909,1.2850649662899782,1.971956544249395,-7.8750013609702405,-2.8068168208479394,200,400,True
osa,OSA,0.6,qBIG,Entropy reduction,principal_boundary,cKG minus Entropy reduction,gate_precision_pct,Admitted-dose precision | nonempty gate,percentage points,1.1962612321776576,0.892076740936973,1.971956544249395,-0.5628753350856783,2.9553977994409935,200,397,True
osa,OSA,0.6,qBIG,Entropy reduction,principal_boundary,cKG minus Entropy reduction,final_empty_gate_pct,Final empty gate,percentage points,0.0,0.354440602504168,1.971956544249395,-0.6989414656557925,0.6989414656557925,200,400,True
osa,OSA,0.6,qBIG,Entropy reduction,principal_boundary,cKG minus Entropy reduction,obd_feasibility_pct,Feasibility probability at nearest OBD panel dose,percentage points,-6.608848921310623,1.8116339765115408,1.971956544249395,-10.18131239707711,-3.036385445544136,200,400,True
osa,OSA,0.6,qBIG,Entropy reduction,principal_boundary,cKG minus Entropy reduction,obd_posterior_sd,Toxicity posterior SD at nearest OBD panel dose,toxicity units,0.1377278757374405,0.016932009005015746,1.971956544249395,0.10433868977271002,0.17111706170217098,200,400,True
osa,OSA,0.6,cEI,cEI,secondary,cKG minus cEI,recommendation_pct,Recommendation probability,percentage points,0.0,0.0,1.971956544249395,0.0,0.0,200,400,True
osa,OSA,0.6,cEI,cEI,secondary,cKG minus cEI,recommended_efficacy,Recommended efficacy | recommend,efficacy units,1.0340362304687498,0.2091951074290556,1.971956544249395,0.6215125693490684,1.4465598915884312,200,400,True
osa,OSA,0.6,cEI,cEI,secondary,cKG minus cEI,dose_location_error,Dose-location error | recommend,dose-grid units,-0.23343219493576534,0.05447427899734044,1.971956544249395,-0.3408531058978382,-0.1260112839736925,200,400,True
osa,OSA,0.6,cEI,cEI,secondary,cKG minus cEI,false_admissions,Final false admissions,doses,-1.485,0.213369415656716,1.971956544249395,-1.9057552155469306,-1.0642447844530696,200,400,True
osa,OSA,0.6,cEI,cEI,secondary,cKG minus cEI,feasible_recall_pct,Feasible-dose recall,percentage points,3.4446022727272725,1.5441632648977226,1.971956544249395,0.3995794171226965,6.4896251283318485,200,400,True
osa,OSA,0.6,cEI,cEI,secondary,cKG minus cEI,gate_precision_pct,Admitted-dose precision | nonempty gate,percentage points,6.247621053640875,1.0034827728935134,1.971956544249395,4.268796632591982,8.226445474689768,200,394,True
osa,OSA,0.6,cEI,cEI,secondary,cKG minus cEI,final_empty_gate_pct,Final empty gate,percentage points,-0.75,0.5578922105505371,1.971956544249395,-1.8501391955808928,0.3501391955808928,200,400,True
osa,OSA,0.6,cEI,cEI,secondary,cKG minus cEI,obd_feasibility_pct,Feasibility probability at nearest OBD panel dose,percentage points,-3.54486834041373,1.6617723007470555,1.971956544249395,-6.82181110392426,-0.26792557690319985,200,400,True
osa,OSA,0.6,cEI,cEI,secondary,cKG minus cEI,obd_posterior_sd,Toxicity posterior SD at nearest OBD panel dose,toxicity units,0.0002289300811949671,0.01928662985758528,1.971956544249395,-0.0378034658829861,0.03826132604537604,200,400,True
osa,OSA,0.6,cEI-tMSE,cEI–tMSE hybrid,secondary,cKG minus cEI–tMSE hybrid,recommendation_pct,Recommendation probability,percentage points,0.0,0.0,1.971956544249395,0.0,0.0,200,400,True
osa,OSA,0.6,cEI-tMSE,cEI–tMSE hybrid,secondary,cKG minus cEI–tMSE hybrid,recommended_efficacy,Recommended efficacy | recommend,efficacy units,0.2906909179687498,0.20500530561032534,1.971956544249395,-0.11357063603537848,0.6949524719728781,200,400,True
osa,OSA,0.6,cEI-tMSE,cEI–tMSE hybrid,secondary,cKG minus cEI–tMSE hybrid,dose_location_error,Dose-location error | recommend,dose-grid units,4.68537583408013e-05,0.051951044076398674,1.971956544249395,-0.10239834758870232,0.10249205510538394,200,400,True
osa,OSA,0.6,cEI-tMSE,cEI–tMSE hybrid,secondary,cKG minus cEI–tMSE hybrid,false_admissions,Final false admissions,doses,0.365,0.09646451166128532,1.971956544249395,0.17477617494170633,0.5552238250582937,200,400,True
osa,OSA,0.6,cEI-tMSE,cEI–tMSE hybrid,secondary,cKG minus cEI–tMSE hybrid,feasible_recall_pct,Feasible-dose recall,percentage points,1.2187499999999998,1.4523564540534442,1.971956544249395,-1.6452338141535352,4.082733814153535,200,400,True
osa,OSA,0.6,cEI-tMSE,cEI–tMSE hybrid,secondary,cKG minus cEI–tMSE hybrid,gate_precision_pct,Admitted-dose precision | nonempty gate,percentage points,-3.717528701948207,0.615093125203778,1.971956544249395,-4.930465615516609,-2.5045917883798046,200,397,True
osa,OSA,0.6,cEI-tMSE,cEI–tMSE hybrid,secondary,cKG minus cEI–tMSE hybrid,final_empty_gate_pct,Final empty gate,percentage points,0.0,0.354440602504168,1.971956544249395,-0.6989414656557925,0.6989414656557925,200,400,True
osa,OSA,0.6,cEI-tMSE,cEI–tMSE hybrid,secondary,cKG minus cEI–tMSE hybrid,obd_feasibility_pct,Feasibility probability at nearest OBD panel dose,percentage points,-0.9897358385999548,1.5506236378942473,1.971956544249395,-4.047498269013319,2.06802659181341,200,400,True
osa,OSA,0.6,cEI-tMSE,cEI–tMSE hybrid,secondary,cKG minus cEI–tMSE hybrid,obd_posterior_sd,Toxicity posterior SD at nearest OBD panel dose,toxicity units,0.0690211718419764,0.01723351274899107,1.971956544249395,0.03503743359619808,0.10300491008775473,200,400,True
osa,OSA,0.7,tmse,tMSE-only,principal_boundary,cKG minus tMSE-only,recommendation_pct,Recommendation probability,percentage points,0.0,0.0,1.971956544249395,0.0,0.0,200,400,True
osa,OSA,0.7,tmse,tMSE-only,principal_boundary,cKG minus tMSE-only,recommended_efficacy,Recommended efficacy | recommend,efficacy units,0.03142304687500001,0.21123988374913316,1.971956544249395,-0.38513282429058454,0.4479789180405846,200,400,True
osa,OSA,0.7,tmse,tMSE-only,principal_boundary,cKG minus tMSE-only,dose_location_error,Dose-location error | recommend,dose-grid units,0.06186399492009498,0.057795319236433995,1.971956544249395,-0.05210586307517398,0.17583385291536394,200,400,True
osa,OSA,0.7,tmse,tMSE-only,principal_boundary,cKG minus tMSE-only,false_admissions,Final false admissions,doses,0.3275,0.08301763904110859,1.971956544249395,0.16379282340475185,0.49120717659524815,200,400,True
osa,OSA,0.7,tmse,tMSE-only,principal_boundary,cKG minus tMSE-only,feasible_recall_pct,Feasible-dose recall,percentage points,-1.3536931818181819,1.432172398341752,1.971956544249395,-4.177874915221551,1.470488551585187,200,400,True
osa,OSA,0.7,tmse,tMSE-only,principal_boundary,cKG minus tMSE-only,gate_precision_pct,Admitted-dose precision | nonempty gate,percentage points,-3.1920561249895614,0.6058897294827049,1.971956544249395,-4.386844342136477,-1.9972679078426459,200,396,True
osa,OSA,0.7,tmse,tMSE-only,principal_boundary,cKG minus tMSE-only,final_empty_gate_pct,Final empty gate,percentage points,-0.25,0.4337374098501507,1.971956544249395,-1.1053113238397865,0.6053113238397866,200,400,True
osa,OSA,0.7,tmse,tMSE-only,principal_boundary,cKG minus tMSE-only,obd_feasibility_pct,Feasibility probability at nearest OBD panel dose,percentage points,0.0017023888521401887,1.3687776728639747,1.971956544249395,-2.6974677007744323,2.7008724784787126,200,400,True
osa,OSA,0.7,tmse,tMSE-only,principal_boundary,cKG minus tMSE-only,obd_posterior_sd,Toxicity posterior SD at nearest OBD panel dose,toxicity units,0.1123307362609961,0.01660643663015199,1.971956544249395,0.07958356487150502,0.14507790765048717,200,400,True
osa,OSA,0.7,qBIG,Entropy reduction,principal_boundary,cKG minus Entropy reduction,recommendation_pct,Recommendation probability,percentage points,0.0,0.0,1.971956544249395,0.0,0.0,200,400,True
osa,OSA,0.7,qBIG,Entropy reduction,principal_boundary,cKG minus Entropy reduction,recommended_efficacy,Recommended efficacy | recommend,efficacy units,-0.5003453124999998,0.20993801436500914,1.971956544249395,-0.9143339538138031,-0.08635667118619655,200,400,True
osa,OSA,0.7,qBIG,Entropy reduction,principal_boundary,cKG minus Entropy reduction,dose_location_error,Dose-location error | recommend,dose-grid units,0.05742668284515751,0.052168661379925894,1.971956544249395,-0.04544765036771802,0.16030101605803304,200,400,True
osa,OSA,0.7,qBIG,Entropy reduction,principal_boundary,cKG minus Entropy reduction,false_admissions,Final false admissions,doses,-0.625,0.18306951476469507,1.971956544249395,-0.9860051276928017,-0.2639948723071983,200,400,True
osa,OSA,0.7,qBIG,Entropy reduction,principal_boundary,cKG minus Entropy reduction,feasible_recall_pct,Feasible-dose recall,percentage points,-6.6789772727272725,1.453036819414774,1.971956544249395,-9.544302737807563,-3.8136518076469827,200,400,True
osa,OSA,0.7,qBIG,Entropy reduction,principal_boundary,cKG minus Entropy reduction,gate_precision_pct,Admitted-dose precision | nonempty gate,percentage points,1.631930332739156,0.8879925039681271,1.971956544249395,-0.119152296705199,3.3830129621835114,200,396,True
osa,OSA,0.7,qBIG,Entropy reduction,principal_boundary,cKG minus Entropy reduction,final_empty_gate_pct,Final empty gate,percentage points,-0.25,0.4337374098501507,1.971956544249395,-1.1053113238397865,0.6053113238397866,200,400,True
osa,OSA,0.7,qBIG,Entropy reduction,principal_boundary,cKG minus Entropy reduction,obd_feasibility_pct,Feasibility probability at nearest OBD panel dose,percentage points,-5.075793109545526,1.5484919739984515,1.971956544249395,-8.129351991389438,-2.022234227701616,200,400,True
osa,OSA,0.7,qBIG,Entropy reduction,principal_boundary,cKG minus Entropy reduction,obd_posterior_sd,Toxicity posterior SD at nearest OBD panel dose,toxicity units,0.16562488484306442,0.018211376548871748,1.971956544249395,0.12971284167772681,0.20153692800840203,200,400,True
osa,OSA,0.7,cEI,cEI,secondary,cKG minus cEI,recommendation_pct,Recommendation probability,percentage points,0.0,0.0,1.971956544249395,0.0,0.0,200,400,True
osa,OSA,0.7,cEI,cEI,secondary,cKG minus cEI,recommended_efficacy,Recommended efficacy | recommend,efficacy units,0.905268359375,0.202848564897191,1.971956544249395,0.5052598043343861,1.305276914415614,200,400,True
osa,OSA,0.7,cEI,cEI,secondary,cKG minus cEI,dose_location_error,Dose-location error | recommend,dose-grid units,-0.22965544727830975,0.05183007090763219,1.971956544249395,-0.33186209479352524,-0.12744879976309426,200,400,True
osa,OSA,0.7,cEI,cEI,secondary,cKG minus cEI,false_admissions,Final false admissions,doses,-1.19,0.19666056260578052,1.971956544249395,-1.5778060834262366,-0.8021939165737633,200,400,True
osa,OSA,0.7,cEI,cEI,secondary,cKG minus cEI,feasible_recall_pct,Feasible-dose recall,percentage points,2.5411931818181817,1.6536659364284951,1.971956544249395,-0.7197641835242932,5.8021505471606565,200,400,True
osa,OSA,0.7,cEI,cEI,secondary,cKG minus cEI,gate_precision_pct,Admitted-dose precision | nonempty gate,percentage points,4.77108988516942,0.970793517594848,1.971956544249395,2.8567272550333698,6.685452515305471,200,396,True
osa,OSA,0.7,cEI,cEI,secondary,cKG minus cEI,final_empty_gate_pct,Final empty gate,percentage points,-0.25,0.4337374098501507,1.971956544249395,-1.1053113238397865,0.6053113238397866,200,400,True
osa,OSA,0.7,cEI,cEI,secondary,cKG minus cEI,obd_feasibility_pct,Feasibility probability at nearest OBD panel dose,percentage points,-1.9560669756012317,1.6677020355079373,1.971956544249395,-5.244702918379145,1.332568967176682,200,400,True
osa,OSA,0.7,cEI,cEI,secondary,cKG minus cEI,obd_posterior_sd,Toxicity posterior SD at nearest OBD panel dose,toxicity units,0.0132573318896821,0.017892047357190886,1.971956544249395,-0.02202500798635056,0.04853967176571476,200,400,True
osa,OSA,0.7,cEI-tMSE,cEI–tMSE hybrid,secondary,cKG minus cEI–tMSE hybrid,recommendation_pct,Recommendation probability,percentage points,0.0,0.0,1.971956544249395,0.0,0.0,200,400,True
osa,OSA,0.7,cEI-tMSE,cEI–tMSE hybrid,secondary,cKG minus cEI–tMSE hybrid,recommended_efficacy,Recommended efficacy | recommend,efficacy units,0.4482111328125001,0.1962371315398055,1.971956544249395,0.0612400370478513,0.8351822285771489,200,400,True
osa,OSA,0.7,cEI-tMSE,cEI–tMSE hybrid,secondary,cKG minus cEI–tMSE hybrid,dose_location_error,Dose-location error | recommend,dose-grid units,-0.02476556319056862,0.05479982016136069,1.971956544249395,-0.13282842718145377,0.08329730080031653,200,400,True
osa,OSA,0.7,cEI-tMSE,cEI–tMSE hybrid,secondary,cKG minus cEI–tMSE hybrid,false_admissions,Final false admissions,doses,0.325,0.08460297463200046,1.971956544249395,0.15816661051146116,0.49183338948853883,200,400,True
osa,OSA,0.7,cEI-tMSE,cEI–tMSE hybrid,secondary,cKG minus cEI–tMSE hybrid,feasible_recall_pct,Feasible-dose recall,percentage points,0.2798295454545452,1.3831711599347085,1.971956544249395,-2.44772387519573,3.00738296610482,200,400,True
osa,OSA,0.7,cEI-tMSE,cEI–tMSE hybrid,secondary,cKG minus cEI–tMSE hybrid,gate_precision_pct,Admitted-dose precision | nonempty gate,percentage points,-3.001132718116078,0.5814621178176961,1.971956544249395,-4.1477507465797965,-1.8545146896523594,200,398,True
osa,OSA,0.7,cEI-tMSE,cEI–tMSE hybrid,secondary,cKG minus cEI–tMSE hybrid,final_empty_gate_pct,Final empty gate,percentage points,0.25,0.25,1.971956544249395,-0.24298913606234873,0.7429891360623487,200,400,True
osa,OSA,0.7,cEI-tMSE,cEI–tMSE hybrid,secondary,cKG minus cEI–tMSE hybrid,obd_feasibility_pct,Feasibility probability at nearest OBD panel dose,percentage points,1.6241902297968307,1.4350265804791327,1.971956544249395,-1.2056198267508258,4.454000286344487,200,400,True
osa,OSA,0.7,cEI-tMSE,cEI–tMSE hybrid,secondary,cKG minus cEI–tMSE hybrid,obd_posterior_sd,Toxicity posterior SD at nearest OBD panel dose,toxicity units,0.08041325191146402,0.016607117162038474,1.971956544249395,0.04766473854266581,0.11316176528026223,200,400,True
osa,OSA,0.8,tmse,tMSE-only,principal_boundary,cKG minus tMSE-only,recommendation_pct,Recommendation probability,percentage points,0.0,0.0,1.971956544249395,0.0,0.0,200,400,True
osa,OSA,0.8,tmse,tMSE-only,principal_boundary,cKG minus tMSE-only,recommended_efficacy,Recommended efficacy | recommend,efficacy units,0.0773708984374999,0.1920793546251611,1.971956544249395,-0.3014012419307868,0.4561430388057866,200,400,True
osa,OSA,0.8,tmse,tMSE-only,principal_boundary,cKG minus tMSE-only,dose_location_error,Dose-location error | recommend,dose-grid units,0.0336349517889383,0.052245346912602075,1.971956544249395,-0.06939060196194728,0.1366605055398239,200,400,True
osa,OSA,0.8,tmse,tMSE-only,principal_boundary,cKG minus tMSE-only,false_admissions,Final false admissions,doses,0.1825,0.07090384705809827,1.971956544249395,0.04268069478132491,0.3223193052186751,200,400,True
osa,OSA,0.8,tmse,tMSE-only,principal_boundary,cKG minus tMSE-only,feasible_recall_pct,Feasible-dose recall,percentage points,-2.6022727272727275,1.4264697329309095,1.971956544249395,-5.415209052299521,0.21066359775406607,200,400,True
osa,OSA,0.8,tmse,tMSE-only,principal_boundary,cKG minus tMSE-only,gate_precision_pct,Admitted-dose precision | nonempty gate,percentage points,-1.7953117876068543,0.562444169551077,1.9720174778338955,-2.9044615202673487,-0.6861620549463596,199,394,True
osa,OSA,0.8,tmse,tMSE-only,principal_boundary,cKG minus tMSE-only,final_empty_gate_pct,Final empty gate,percentage points,0.5,0.5,1.971956544249395,-0.48597827212469746,1.4859782721246975,200,400,True
osa,OSA,0.8,tmse,tMSE-only,principal_boundary,cKG minus tMSE-only,obd_feasibility_pct,Feasibility probability at nearest OBD panel dose,percentage points,-0.365751723801542,1.3775924700020983,1.971956544249395,-3.082304210330868,2.3508007627277836,200,400,True
osa,OSA,0.8,tmse,tMSE-only,principal_boundary,cKG minus tMSE-only,obd_posterior_sd,Toxicity posterior SD at nearest OBD panel dose,toxicity units,0.09928669959500372,0.016220887935000563,1.971956544249395,0.06729981347804331,0.13127358571196412,200,400,True
osa,OSA,0.8,qBIG,Entropy reduction,principal_boundary,cKG minus Entropy reduction,recommendation_pct,Recommendation probability,percentage points,0.0,0.0,1.971956544249395,0.0,0.0,200,400,True
osa,OSA,0.8,qBIG,Entropy reduction,principal_boundary,cKG minus Entropy reduction,recommended_efficacy,Recommended efficacy | recommend,efficacy units,-0.7949685546874997,0.208418081482409,1.971956544249395,-1.2059599544066397,-0.38397715496835966,200,400,True
osa,OSA,0.8,qBIG,Entropy reduction,principal_boundary,cKG minus Entropy reduction,dose_location_error,Dose-location error | recommend,dose-grid units,0.1360995094890432,0.052240846038688345,1.971956544249395,0.033082831265926635,0.23911618771215976,200,400,True
osa,OSA,0.8,qBIG,Entropy reduction,principal_boundary,cKG minus Entropy reduction,false_admissions,Final false admissions,doses,-0.6875,0.17934965918912774,1.971956544249395,-1.041169734146899,-0.33383026585310094,200,400,True
osa,OSA,0.8,qBIG,Entropy reduction,principal_boundary,cKG minus Entropy reduction,feasible_recall_pct,Feasible-dose recall,percentage points,-9.485795454545455,1.4608989060848419,1.971956544249395,-12.366624612886241,-6.604966296204669,200,400,True
osa,OSA,0.8,qBIG,Entropy reduction,principal_boundary,cKG minus Entropy reduction,gate_precision_pct,Admitted-dose precision | nonempty gate,percentage points,2.7169835501697897,0.8644666485946058,1.9720174778338955,1.0122402101367347,4.421726890202844,199,393,True
osa,OSA,0.8,qBIG,Entropy reduction,principal_boundary,cKG minus Entropy reduction,final_empty_gate_pct,Final empty gate,percentage points,0.25,0.5601395195904635,1.971956544249395,-0.8545707913491267,1.3545707913491267,200,400,True
osa,OSA,0.8,qBIG,Entropy reduction,principal_boundary,cKG minus Entropy reduction,obd_feasibility_pct,Feasibility probability at nearest OBD panel dose,percentage points,-5.148767781709035,1.4295175011847832,1.971956544249395,-7.96771417328941,-2.3298213901286595,200,400,True
osa,OSA,0.8,qBIG,Entropy reduction,principal_boundary,cKG minus Entropy reduction,obd_posterior_sd,Toxicity posterior SD at nearest OBD panel dose,toxicity units,0.1613519060078372,0.018269993518143943,1.971956544249395,0.12532427272633923,0.19737953928933516,200,400,True
osa,OSA,0.8,cEI,cEI,secondary,cKG minus cEI,recommendation_pct,Recommendation probability,percentage points,0.0,0.0,1.971956544249395,0.0,0.0,200,400,True
osa,OSA,0.8,cEI,cEI,secondary,cKG minus cEI,recommended_efficacy,Recommended efficacy | recommend,efficacy units,0.3914035156249999,0.17804805053203848,1.971956544249395,0.04030049718749967,0.7425065340625001,200,400,True
osa,OSA,0.8,cEI,cEI,secondary,cKG minus cEI,dose_location_error,Dose-location error | recommend,dose-grid units,-0.08216006103226504,0.04899754816079031,1.971956544249395,-0.1787810967801104,0.014460974715580305,200,400,True
osa,OSA,0.8,cEI,cEI,secondary,cKG minus cEI,false_admissions,Final false admissions,doses,-0.96,0.1787505490731982,1.971956544249395,-1.3124883150330657,-0.6075116849669342,200,400,True
osa,OSA,0.8,cEI,cEI,secondary,cKG minus cEI,feasible_recall_pct,Feasible-dose recall,percentage points,1.6676136363636365,1.5758291753877443,1.971956544249395,-1.4398530186613534,4.775080291388626,200,400,True
osa,OSA,0.8,cEI,cEI,secondary,cKG minus cEI,gate_precision_pct,Admitted-dose precision | nonempty gate,percentage points,4.097579311221218,0.8917910269912398,1.9720174778338955,2.338951819419054,5.856206803023382,199,392,True
osa,OSA,0.8,cEI,cEI,secondary,cKG minus cEI,final_empty_gate_pct,Final empty gate,percentage points,0.25,0.6628607863726386,1.971956544249395,-1.0571326656138247,1.5571326656138247,200,400,True
osa,OSA,0.8,cEI,cEI,secondary,cKG minus cEI,obd_feasibility_pct,Feasibility probability at nearest OBD panel dose,percentage points,-3.1467721863308236,1.3686202701916552,1.971956544249395,-5.8456318847276325,-0.44791248793401417,200,400,True
osa,OSA,0.8,cEI,cEI,secondary,cKG minus cEI,obd_posterior_sd,Toxicity posterior SD at nearest OBD panel dose,toxicity units,0.039399753403304066,0.018255860929994604,1.971956544249395,0.0033999889714943637,0.07539951783511377,200,400,True
osa,OSA,0.8,cEI-tMSE,cEI–tMSE hybrid,secondary,cKG minus cEI–tMSE hybrid,recommendation_pct,Recommendation probability,percentage points,0.0,0.0,1.971956544249395,0.0,0.0,200,400,True
osa,OSA,0.8,cEI-tMSE,cEI–tMSE hybrid,secondary,cKG minus cEI–tMSE hybrid,recommended_efficacy,Recommended efficacy | recommend,efficacy units,0.06678232421875016,0.17731895252900357,1.971956544249395,-0.2828829446402662,0.4164475930777666,200,400,True
osa,OSA,0.8,cEI-tMSE,cEI–tMSE hybrid,secondary,cKG minus cEI–tMSE hybrid,dose_location_error,Dose-location error | recommend,dose-grid units,0.01520999822047111,0.048463478798586854,1.971956544249395,-0.08035787595349403,0.11077787239443626,200,400,True
osa,OSA,0.8,cEI-tMSE,cEI–tMSE hybrid,secondary,cKG minus cEI–tMSE hybrid,false_admissions,Final false admissions,doses,0.17,0.06831055305215628,1.971956544249395,0.03529455786750496,0.30470544213249506,200,400,True
osa,OSA,0.8,cEI-tMSE,cEI–tMSE hybrid,secondary,cKG minus cEI–tMSE hybrid,feasible_recall_pct,Feasible-dose recall,percentage points,0.24715909090909072,1.3342462930000831,1.971956544249395,-2.383916618212919,2.8782348000311004,200,400,True
osa,OSA,0.8,cEI-tMSE,cEI–tMSE hybrid,secondary,cKG minus cEI–tMSE hybrid,gate_precision_pct,Admitted-dose precision | nonempty gate,percentage points,-1.4684201191544408,0.5261874580419527,1.9720174778338955,-2.506070983030161,-0.43076925527872056,199,394,True
osa,OSA,0.8,cEI-tMSE,cEI–tMSE hybrid,secondary,cKG minus cEI–tMSE hybrid,final_empty_gate_pct,Final empty gate,percentage points,0.5,0.5,1.971956544249395,-0.48597827212469746,1.4859782721246975,200,400,True
osa,OSA,0.8,cEI-tMSE,cEI–tMSE hybrid,secondary,cKG minus cEI–tMSE hybrid,obd_feasibility_pct,Feasibility probability at nearest OBD panel dose,percentage points,1.152807865741618,1.3612397491529706,1.971956544249395,-1.5314977658929871,3.8371134973762233,200,400,True
osa,OSA,0.8,cEI-tMSE,cEI–tMSE hybrid,secondary,cKG minus cEI–tMSE hybrid,obd_posterior_sd,Toxicity posterior SD at nearest OBD panel dose,toxicity units,0.0671740867871466,0.01748704908417532,1.971956544249395,0.0326903859059967,0.10165778766829651,200,400,True
osa,OSA,0.9,tmse,tMSE-only,principal_boundary,cKG minus tMSE-only,recommendation_pct,Recommendation probability,percentage points,0.0,0.0,1.971956544249395,0.0,0.0,200,400,True
osa,OSA,0.9,tmse,tMSE-only,principal_boundary,cKG minus tMSE-only,recommended_efficacy,Recommended efficacy | recommend,efficacy units,-0.019750781249999943,0.16360284532209063,1.971956544249395,-0.34236848274071807,0.30286692024071815,200,400,True
osa,OSA,0.9,tmse,tMSE-only,principal_boundary,cKG minus tMSE-only,dose_location_error,Dose-location error | recommend,dose-grid units,0.056924599211750096,0.04684142817139314,1.971956544249395,-0.03544466161281658,0.14929386003631678,200,400,True
osa,OSA,0.9,tmse,tMSE-only,principal_boundary,cKG minus tMSE-only,false_admissions,Final false admissions,doses,0.1975,0.07724020322976159,1.971956544249395,0.0451856757619184,0.3498143242380816,200,400,True
osa,OSA,0.9,tmse,tMSE-only,principal_boundary,cKG minus tMSE-only,feasible_recall_pct,Feasible-dose recall,percentage points,-0.3110795454545453,1.1529342263468296,1.971956544249395,-2.584615738188289,1.9624566472791982,200,400,True
osa,OSA,0.9,tmse,tMSE-only,principal_boundary,cKG minus tMSE-only,gate_precision_pct,Admitted-dose precision | nonempty gate,percentage points,-0.8151925258044089,0.4587937276422082,1.9720174778338955,-1.7199417754354074,0.08955672382658963,199,386,True
osa,OSA,0.9,tmse,tMSE-only,principal_boundary,cKG minus tMSE-only,final_empty_gate_pct,Final empty gate,percentage points,-0.25,0.7516731755318068,1.971956544249395,-1.7322668376266706,1.2322668376266706,200,400,True
osa,OSA,0.9,tmse,tMSE-only,principal_boundary,cKG minus tMSE-only,obd_feasibility_pct,Feasibility probability at nearest OBD panel dose,percentage points,1.8765084278150579,1.2134198529227072,1.971956544249395,-0.5163027920780126,4.269319647708128,200,400,True
osa,OSA,0.9,tmse,tMSE-only,principal_boundary,cKG minus tMSE-only,obd_posterior_sd,Toxicity posterior SD at nearest OBD panel dose,toxicity units,0.03809740382240995,0.017285443041599798,1.971956544249395,0.0040112612962770605,0.07218354634854283,200,400,True
osa,OSA,0.9,qBIG,Entropy reduction,principal_boundary,cKG minus Entropy reduction,recommendation_pct,Recommendation probability,percentage points,0.0,0.0,1.971956544249395,0.0,0.0,200,400,True
osa,OSA,0.9,qBIG,Entropy reduction,principal_boundary,cKG minus Entropy reduction,recommended_efficacy,Recommended efficacy | recommend,efficacy units,-0.9247931640624998,0.18722609454963107,1.971956544249395,-1.2939948864639008,-0.5555914416610988,200,400,True
osa,OSA,0.9,qBIG,Entropy reduction,principal_boundary,cKG minus Entropy reduction,dose_location_error,Dose-location error | recommend,dose-grid units,0.19479488452467866,0.050149009322524835,1.971956544249395,0.0959032174035019,0.29368655164585544,200,400,True
osa,OSA,0.9,qBIG,Entropy reduction,principal_boundary,cKG minus Entropy reduction,false_admissions,Final false admissions,doses,-0.6175,0.1672635772407035,1.971956544249395,-0.9473365057543695,-0.2876634942456306,200,400,True
osa,OSA,0.9,qBIG,Entropy reduction,principal_boundary,cKG minus Entropy reduction,feasible_recall_pct,Feasible-dose recall,percentage points,-7.0696022727272725,1.4766729857927772,1.971956544249395,-9.981537230777633,-4.157667314676912,200,400,True
osa,OSA,0.9,qBIG,Entropy reduction,principal_boundary,cKG minus Entropy reduction,gate_precision_pct,Admitted-dose precision | nonempty gate,percentage points,2.7372446274522444,0.7886844673460659,1.9720174778338955,1.1819450733496861,4.292544181554803,199,387,True
osa,OSA,0.9,qBIG,Entropy reduction,principal_boundary,cKG minus Entropy reduction,final_empty_gate_pct,Final empty gate,percentage points,0.25,0.7516731755318068,1.971956544249395,-1.2322668376266706,1.7322668376266706,200,400,True
osa,OSA,0.9,qBIG,Entropy reduction,principal_boundary,cKG minus Entropy reduction,obd_feasibility_pct,Feasibility probability at nearest OBD panel dose,percentage points,-4.7490248501151475,1.3657841077269677,1.971956544249395,-7.442291759379162,-2.055757940851133,200,400,True
osa,OSA,0.9,qBIG,Entropy reduction,principal_boundary,cKG minus Entropy reduction,obd_posterior_sd,Toxicity posterior SD at nearest OBD panel dose,toxicity units,0.12895940555591806,0.020244870282397024,1.971956544249395,0.08903740111506515,0.16888140999677098,200,400,True
osa,OSA,0.9,cEI,cEI,secondary,cKG minus cEI,recommendation_pct,Recommendation probability,percentage points,0.0,0.0,1.971956544249395,0.0,0.0,200,400,True
osa,OSA,0.9,cEI,cEI,secondary,cKG minus cEI,recommended_efficacy,Recommended efficacy | recommend,efficacy units,0.17154599609375,0.15058354712426422,1.971956544249395,-0.12539821511423,0.46849020730172997,200,400,True
osa,OSA,0.9,cEI,cEI,secondary,cKG minus cEI,dose_location_error,Dose-location error | recommend,dose-grid units,0.00883226082947239,0.04430551973258129,1.971956544249395,-0.07853629875356198,0.09620082041250676,200,400,True
osa,OSA,0.9,cEI,cEI,secondary,cKG minus cEI,false_admissions,Final false admissions,doses,-0.6125,0.1501020381583691,1.971956544249395,-0.9084946964515683,-0.3165053035484317,200,400,True
osa,OSA,0.9,cEI,cEI,secondary,cKG minus cEI,feasible_recall_pct,Feasible-dose recall,percentage points,1.9786931818181819,1.5458254880116218,1.971956544249395,-1.06960750553385,5.026993869170214,200,400,True
osa,OSA,0.9,cEI,cEI,secondary,cKG minus cEI,gate_precision_pct,Admitted-dose precision | nonempty gate,percentage points,3.4672071920289387,0.7313118312539606,1.9720790337760217,2.0250024624606553,4.909411921597222,198,382,True
osa,OSA,0.9,cEI,cEI,secondary,cKG minus cEI,final_empty_gate_pct,Final empty gate,percentage points,-1.5,0.7853879110696009,1.971956544249395,-3.0487508310080615,0.048750831008061324,200,400,True
osa,OSA,0.9,cEI,cEI,secondary,cKG minus cEI,obd_feasibility_pct,Feasibility probability at nearest OBD panel dose,percentage points,-2.9336265878910956,1.2666299941454466,1.971956544249395,-5.431365893988782,-0.4358872817934092,200,400,True
osa,OSA,0.9,cEI,cEI,secondary,cKG minus cEI,obd_posterior_sd,Toxicity posterior SD at nearest OBD panel dose,toxicity units,0.04725742730265517,0.01724148929552854,1.971956544249395,0.01325795965373177,0.08125689495157856,200,400,True
osa,OSA,0.9,cEI-tMSE,cEI–tMSE hybrid,secondary,cKG minus cEI–tMSE hybrid,recommendation_pct,Recommendation probability,percentage points,0.0,0.0,1.971956544249395,0.0,0.0,200,400,True
osa,OSA,0.9,cEI-tMSE,cEI–tMSE hybrid,secondary,cKG minus cEI–tMSE hybrid,recommended_efficacy,Recommended efficacy | recommend,efficacy units,0.13224599609375007,0.15270357708006124,1.971956544249395,-0.16887882205956858,0.4333708142470687,200,400,True
osa,OSA,0.9,cEI-tMSE,cEI–tMSE hybrid,secondary,cKG minus cEI–tMSE hybrid,dose_location_error,Dose-location error | recommend,dose-grid units,0.0009009393763738016,0.04681013187843791,1.971956544249395,-0.09140660651848906,0.09320848527123665,200,400,True
osa,OSA,0.9,cEI-tMSE,cEI–tMSE hybrid,secondary,cKG minus cEI–tMSE hybrid,false_admissions,Final false admissions,doses,0.2425,0.07609976756282229,1.971956544249395,0.09243456533863476,0.39256543466136523,200,400,True
osa,OSA,0.9,cEI-tMSE,cEI–tMSE hybrid,secondary,cKG minus cEI–tMSE hybrid,feasible_recall_pct,Feasible-dose recall,percentage points,3.9801136363636367,1.150921042677446,1.971956544249395,1.7105473543415095,6.249679918385764,200,400,True
osa,OSA,0.9,cEI-tMSE,cEI–tMSE hybrid,secondary,cKG minus cEI–tMSE hybrid,gate_precision_pct,Admitted-dose precision | nonempty gate,percentage points,-1.1348788007079467,0.5123877968965229,1.9720174778338955,-2.1453164916166942,-0.12444110979919931,199,388,True
osa,OSA,0.9,cEI-tMSE,cEI–tMSE hybrid,secondary,cKG minus cEI–tMSE hybrid,final_empty_gate_pct,Final empty gate,percentage points,0.25,0.6628607863726386,1.971956544249395,-1.0571326656138247,1.5571326656138247,200,400,True
osa,OSA,0.9,cEI-tMSE,cEI–tMSE hybrid,secondary,cKG minus cEI–tMSE hybrid,obd_feasibility_pct,Feasibility probability at nearest OBD panel dose,percentage points,1.0892762282466233,1.166547609254753,1.971956544249395,-1.2111049640017733,3.38965742049502,200,400,True
osa,OSA,0.9,cEI-tMSE,cEI–tMSE hybrid,secondary,cKG minus cEI–tMSE hybrid,obd_posterior_sd,Toxicity posterior SD at nearest OBD panel dose,toxicity units,0.02455407930991868,0.016353580973900418,1.971956544249395,-0.00769447171347664,0.056802630333314,200,400,True
efftox,Logistic,0.5,tmse,tMSE-only,principal_boundary,cKG minus tMSE-only,recommendation_pct,Recommendation probability,percentage points,0.0,0.0,1.9842169515086827,0.0,0.0,100,200,True
efftox,Logistic,0.5,tmse,tMSE-only,principal_boundary,cKG minus tMSE-only,recommended_efficacy,Recommended efficacy | recommend,efficacy units,0.03838139647681356,0.007610023733841284,1.9842169515086827,0.023281458382742284,0.05348133457088483,100,200,True
efftox,Logistic,0.5,tmse,tMSE-only,principal_boundary,cKG minus tMSE-only,dose_location_error,Dose-location error | recommend,dose-grid units,0.25320723585200783,0.062410963922022014,1.9842169515086827,0.12937034327793492,0.3770441284260807,100,200,True
efftox,Logistic,0.5,tmse,tMSE-only,principal_boundary,cKG minus tMSE-only,false_admissions,Final false admissions,doses,0.54,0.08061631285906033,1.9842169515086827,0.3800397454569251,0.699960254543075,100,200,True
efftox,Logistic,0.5,tmse,tMSE-only,principal_boundary,cKG minus tMSE-only,feasible_recall_pct,Feasible-dose recall,percentage points,1.7500000000000002,1.8207210803759186,1.9842169515086827,-1.8627056316511001,5.3627056316511,100,200,True
efftox,Logistic,0.5,tmse,tMSE-only,principal_boundary,cKG minus tMSE-only,gate_precision_pct,Admitted-dose precision | nonempty gate,percentage points,-10.124058040724707,1.542097664906651,1.984467454426692,-13.184300668279354,-7.06381541317006,99,194,True
efftox,Logistic,0.5,tmse,tMSE-only,principal_boundary,cKG minus tMSE-only,final_empty_gate_pct,Final empty gate,percentage points,-2.0,1.2143918126978108,1.9842169515086827,-4.4096168205283535,0.40961682052835346,100,200,True
efftox,Logistic,0.5,tmse,tMSE-only,principal_boundary,cKG minus tMSE-only,obd_feasibility_pct,Feasibility probability at nearest OBD panel dose,percentage points,1.72288971724659,1.4554961643228659,1.9842169515086827,-1.1651304448587076,4.610909879351888,100,200,True
efftox,Logistic,0.5,tmse,tMSE-only,principal_boundary,cKG minus tMSE-only,obd_posterior_sd,Toxicity posterior SD at nearest OBD panel dose,toxicity units,0.009141175286320842,0.00245150777135488,1.9842169515086827,0.004276852009643217,0.014005498562998465,100,200,True
efftox,Logistic,0.5,qBIG,Entropy reduction,principal_boundary,cKG minus Entropy reduction,recommendation_pct,Recommendation probability,percentage points,0.0,0.0,1.9842169515086827,0.0,0.0,100,200,True
efftox,Logistic,0.5,qBIG,Entropy reduction,principal_boundary,cKG minus Entropy reduction,recommended_efficacy,Recommended efficacy | recommend,efficacy units,0.03730962829419057,0.008119825370870252,1.9842169515086827,0.021198133150019543,0.0534211234383616,100,200,True
efftox,Logistic,0.5,qBIG,Entropy reduction,principal_boundary,cKG minus Entropy reduction,dose_location_error,Dose-location error | recommend,dose-grid units,0.2241839701230051,0.06271708426205677,1.9842169515086827,0.09973966838103362,0.3486282718649766,100,200,True
efftox,Logistic,0.5,qBIG,Entropy reduction,principal_boundary,cKG minus Entropy reduction,false_admissions,Final false admissions,doses,0.39,0.10530858934530932,1.9842169515086827,0.18104491188157062,0.5989550881184293,100,200,True
efftox,Logistic,0.5,qBIG,Entropy reduction,principal_boundary,cKG minus Entropy reduction,feasible_recall_pct,Feasible-dose recall,percentage points,3.3333333333333326,1.6917307297418407,1.9842169515086827,-0.023427458008581592,6.690094124675246,100,200,True
efftox,Logistic,0.5,qBIG,Entropy reduction,principal_boundary,cKG minus Entropy reduction,gate_precision_pct,Admitted-dose precision | nonempty gate,percentage points,-8.144941478274811,1.7229890737263975,1.984467454426692,-11.56415721941764,-4.725725737131983,99,194,True
efftox,Logistic,0.5,qBIG,Entropy reduction,principal_boundary,cKG minus Entropy reduction,final_empty_gate_pct,Final empty gate,percentage points,-2.0,1.2143918126978108,1.9842169515086827,-4.4096168205283535,0.40961682052835346,100,200,True
efftox,Logistic,0.5,qBIG,Entropy reduction,principal_boundary,cKG minus Entropy reduction,obd_feasibility_pct,Feasibility probability at nearest OBD panel dose,percentage points,2.2004200979797406,1.324273068432936,1.9842169515086827,-0.42722497283130867,4.82806516879079,100,200,True
efftox,Logistic,0.5,qBIG,Entropy reduction,principal_boundary,cKG minus Entropy reduction,obd_posterior_sd,Toxicity posterior SD at nearest OBD panel dose,toxicity units,0.006977923591311226,0.0032298459013626935,1.9842169515086827,0.0005692086030665289,0.013386638579555923,100,200,True
efftox,Logistic,0.5,cEI,cEI,secondary,cKG minus cEI,recommendation_pct,Recommendation probability,percentage points,0.0,0.0,1.9842169515086827,0.0,0.0,100,200,True
efftox,Logistic,0.5,cEI,cEI,secondary,cKG minus cEI,recommended_efficacy,Recommended efficacy | recommend,efficacy units,0.037356012046940584,0.008358201162439346,1.9842169515086827,0.020771527616308856,0.05394049647757231,100,200,True
efftox,Logistic,0.5,cEI,cEI,secondary,cKG minus cEI,dose_location_error,Dose-location error | recommend,dose-grid units,0.24005760353790387,0.058044367273121,1.9842169515086827,0.12488498605498137,0.35523022102082635,100,200,True
efftox,Logistic,0.5,cEI,cEI,secondary,cKG minus cEI,false_admissions,Final false admissions,doses,0.41,0.09276341145651394,1.9842169515086827,0.22593726650821028,0.5940627334917896,100,200,True
efftox,Logistic,0.5,cEI,cEI,secondary,cKG minus cEI,feasible_recall_pct,Feasible-dose recall,percentage points,5.083333333333332,1.5974472832213136,1.9842169515086827,1.9136513548241099,8.253015311842555,100,200,True
efftox,Logistic,0.5,cEI,cEI,secondary,cKG minus cEI,gate_precision_pct,Admitted-dose precision | nonempty gate,percentage points,-7.873542274052478,1.6481339269306083,1.9847231860271193,-11.144631892509583,-4.602452655595373,98,193,True
efftox,Logistic,0.5,cEI,cEI,secondary,cKG minus cEI,final_empty_gate_pct,Final empty gate,percentage points,-2.5,1.305582419667734,1.9842169515086827,-5.09055876869644,0.09055876869644042,100,200,True
efftox,Logistic,0.5,cEI,cEI,secondary,cKG minus cEI,obd_feasibility_pct,Feasibility probability at nearest OBD panel dose,percentage points,4.0678680545247055,1.3936136764332647,1.9842169515086827,1.3026361738914853,6.833099935157925,100,200,True
efftox,Logistic,0.5,cEI,cEI,secondary,cKG minus cEI,obd_posterior_sd,Toxicity posterior SD at nearest OBD panel dose,toxicity units,-0.0004135238684575254,0.0036363100457061383,1.9842169515086827,-0.007628751902088958,0.006801704165173907,100,200,True
efftox,Logistic,0.5,cEI-tMSE,cEI–tMSE hybrid,secondary,cKG minus cEI–tMSE hybrid,recommendation_pct,Recommendation probability,percentage points,0.0,0.0,1.9842169515086827,0.0,0.0,100,200,True
efftox,Logistic,0.5,cEI-tMSE,cEI–tMSE hybrid,secondary,cKG minus cEI–tMSE hybrid,recommended_efficacy,Recommended efficacy | recommend,efficacy units,0.046088634076682525,0.007668002518202053,1.9842169515086827,0.030873653495854747,0.0613036146575103,100,200,True
efftox,Logistic,0.5,cEI-tMSE,cEI–tMSE hybrid,secondary,cKG minus cEI–tMSE hybrid,dose_location_error,Dose-location error | recommend,dose-grid units,0.2984619159066882,0.05420106160541285,1.9842169515086827,0.1909152506794616,0.4060085811339148,100,200,True
efftox,Logistic,0.5,cEI-tMSE,cEI–tMSE hybrid,secondary,cKG minus cEI–tMSE hybrid,false_admissions,Final false admissions,doses,0.53,0.07648199101419202,1.9842169515086827,0.3782431369445055,0.6817568630554945,100,200,True
efftox,Logistic,0.5,cEI-tMSE,cEI–tMSE hybrid,secondary,cKG minus cEI–tMSE hybrid,feasible_recall_pct,Feasible-dose recall,percentage points,0.7500000000000001,1.6543950579762803,1.9842169515086827,-2.532678718528725,4.032678718528725,100,200,True
efftox,Logistic,0.5,cEI-tMSE,cEI–tMSE hybrid,secondary,cKG minus cEI–tMSE hybrid,gate_precision_pct,Admitted-dose precision | nonempty gate,percentage points,-10.18779060445727,1.4707596474785554,1.984467454426692,-13.106465258162537,-7.269115950752002,99,195,True
efftox,Logistic,0.5,cEI-tMSE,cEI–tMSE hybrid,secondary,cKG minus cEI–tMSE hybrid,final_empty_gate_pct,Final empty gate,percentage points,-1.5,1.1135075167680681,1.9842169515086827,-3.7094404904035394,0.7094404904035394,100,200,True
efftox,Logistic,0.5,cEI-tMSE,cEI–tMSE hybrid,secondary,cKG minus cEI–tMSE hybrid,obd_feasibility_pct,Feasibility probability at nearest OBD panel dose,percentage points,0.1429308120350946,1.208577436867224,1.9842169515086827,-2.255149025407766,2.541010649477955,100,200,True
efftox,Logistic,0.5,cEI-tMSE,cEI–tMSE hybrid,secondary,cKG minus cEI–tMSE hybrid,obd_posterior_sd,Toxicity posterior SD at nearest OBD panel dose,toxicity units,0.01142801902066264,0.0027381240946472833,1.9842169515086827,0.005994986776729135,0.016861051264596146,100,200,True
efftox,Logistic,0.6,tmse,tMSE-only,principal_boundary,cKG minus tMSE-only,recommendation_pct,Recommendation probability,percentage points,0.0,0.0,1.9842169515086827,0.0,0.0,100,200,True
efftox,Logistic,0.6,tmse,tMSE-only,principal_boundary,cKG minus tMSE-only,recommended_efficacy,Recommended efficacy | recommend,efficacy units,0.03590180168456373,0.0065948608310996415,1.9842169515086827,0.02281616703065518,0.04898743633847227,100,200,True
efftox,Logistic,0.6,tmse,tMSE-only,principal_boundary,cKG minus tMSE-only,dose_location_error,Dose-location error | recommend,dose-grid units,0.2021151037809279,0.04946108249999057,1.9842169515086827,0.10397358544447714,0.30025662211737864,100,200,True
efftox,Logistic,0.6,tmse,tMSE-only,principal_boundary,cKG minus tMSE-only,false_admissions,Final false admissions,doses,0.32,0.06872577626503992,1.9842169515086827,0.18363314972931472,0.4563668502706853,100,200,True
efftox,Logistic,0.6,tmse,tMSE-only,principal_boundary,cKG minus tMSE-only,feasible_recall_pct,Feasible-dose recall,percentage points,2.083333333333333,1.4905943421014407,1.9842169515086827,-0.8743292280872783,5.040995894753944,100,200,True
efftox,Logistic,0.6,tmse,tMSE-only,principal_boundary,cKG minus tMSE-only,gate_precision_pct,Admitted-dose precision | nonempty gate,percentage points,-7.356501523168189,1.4712240215981198,1.984467454426692,-10.27609771220041,-4.436905334135968,99,193,True
efftox,Logistic,0.6,tmse,tMSE-only,principal_boundary,cKG minus tMSE-only,final_empty_gate_pct,Final empty gate,percentage points,-1.5,0.8572330399888264,1.9842169515086827,-3.2009363293391497,0.20093632933914973,100,200,True
efftox,Logistic,0.6,tmse,tMSE-only,principal_boundary,cKG minus tMSE-only,obd_feasibility_pct,Feasibility probability at nearest OBD panel dose,percentage points,2.738005012535175,1.4785622840858743,1.9842169515086827,-0.19578333540941362,5.6717933604797635,100,200,True
efftox,Logistic,0.6,tmse,tMSE-only,principal_boundary,cKG minus tMSE-only,obd_posterior_sd,Toxicity posterior SD at nearest OBD panel dose,toxicity units,0.002283300678241672,0.0031633837689201355,1.9842169515086827,-0.0039935390201770865,0.008560140376660431,100,200,True
efftox,Logistic,0.6,qBIG,Entropy reduction,principal_boundary,cKG minus Entropy reduction,recommendation_pct,Recommendation probability,percentage points,0.0,0.0,1.9842169515086827,0.0,0.0,100,200,True
efftox,Logistic,0.6,qBIG,Entropy reduction,principal_boundary,cKG minus Entropy reduction,recommended_efficacy,Recommended efficacy | recommend,efficacy units,0.03969869014160544,0.006574335406339478,1.9842169515086827,0.02665378238344292,0.05274359789976796,100,200,True
efftox,Logistic,0.6,qBIG,Entropy reduction,principal_boundary,cKG minus Entropy reduction,dose_location_error,Dose-location error | recommend,dose-grid units,0.18968769304725946,0.05130102173493748,1.9842169515086827,0.08789533609108115,0.2914800500034378,100,200,True
efftox,Logistic,0.6,qBIG,Entropy reduction,principal_boundary,cKG minus Entropy reduction,false_admissions,Final false admissions,doses,0.355,0.0671554054775078,1.9842169515086827,0.22174910606608997,0.48825089393390997,100,200,True
efftox,Logistic,0.6,qBIG,Entropy reduction,principal_boundary,cKG minus Entropy reduction,feasible_recall_pct,Feasible-dose recall,percentage points,1.5,1.4859045924663055,1.9842169515086827,-1.448357080696244,4.448357080696244,100,200,True
efftox,Logistic,0.6,qBIG,Entropy reduction,principal_boundary,cKG minus Entropy reduction,gate_precision_pct,Admitted-dose precision | nonempty gate,percentage points,-7.711507936507936,1.3315260966824007,1.9842169515086827,-10.353544588921345,-5.0694712840945275,100,194,True
efftox,Logistic,0.6,qBIG,Entropy reduction,principal_boundary,cKG minus Entropy reduction,final_empty_gate_pct,Final empty gate,percentage points,-0.5,0.8689364217539193,1.9842169515086827,-2.2241583778274245,1.2241583778274248,100,200,True
efftox,Logistic,0.6,qBIG,Entropy reduction,principal_boundary,cKG minus Entropy reduction,obd_feasibility_pct,Feasibility probability at nearest OBD panel dose,percentage points,1.8816217463182585,1.344494652200118,1.9842169515086827,-0.7861473337899862,4.549390826426503,100,200,True
efftox,Logistic,0.6,qBIG,Entropy reduction,principal_boundary,cKG minus Entropy reduction,obd_posterior_sd,Toxicity posterior SD at nearest OBD panel dose,toxicity units,0.006134745952991444,0.0034247202669887592,1.9842169515086827,-0.0006606420549429941,0.012930133960925882,100,200,True
efftox,Logistic,0.6,cEI,cEI,secondary,cKG minus cEI,recommendation_pct,Recommendation probability,percentage points,0.0,0.0,1.9842169515086827,0.0,0.0,100,200,True
efftox,Logistic,0.6,cEI,cEI,secondary,cKG minus cEI,recommended_efficacy,Recommended efficacy | recommend,efficacy units,0.03382592591393699,0.007448986171756091,1.9842169515086827,0.019045521280384788,0.04860633054748919,100,200,True
efftox,Logistic,0.6,cEI,cEI,secondary,cKG minus cEI,dose_location_error,Dose-location error | recommend,dose-grid units,0.19855315336963497,0.04637871095880186,1.9842169515086827,0.10652772889605881,0.2905785778432111,100,200,True
efftox,Logistic,0.6,cEI,cEI,secondary,cKG minus cEI,false_admissions,Final false admissions,doses,0.32,0.06909223815840224,1.9842169515086827,0.18290600982842323,0.4570939901715768,100,200,True
efftox,Logistic,0.6,cEI,cEI,secondary,cKG minus cEI,feasible_recall_pct,Feasible-dose recall,percentage points,1.4166666666666665,1.611263489833377,1.9842169515086827,-1.7804296632077583,4.613762996541091,100,200,True
efftox,Logistic,0.6,cEI,cEI,secondary,cKG minus cEI,gate_precision_pct,Admitted-dose precision | nonempty gate,percentage points,-7.125020041686708,1.6127981424223021,1.984467454426692,-10.325565465883592,-3.924474617489825,99,193,True
efftox,Logistic,0.6,cEI,cEI,secondary,cKG minus cEI,final_empty_gate_pct,Final empty gate,percentage points,-1.0,1.0,1.9842169515086827,-2.9842169515086825,0.9842169515086827,100,200,True
efftox,Logistic,0.6,cEI,cEI,secondary,cKG minus cEI,obd_feasibility_pct,Feasibility probability at nearest OBD panel dose,percentage points,1.8986295673331293,1.3343780792859687,1.9842169515086827,-0.749066037307687,4.546325171973946,100,200,True
efftox,Logistic,0.6,cEI,cEI,secondary,cKG minus cEI,obd_posterior_sd,Toxicity posterior SD at nearest OBD panel dose,toxicity units,0.0026827886663223915,0.0032525204210503223,1.9842169515086827,-0.003770917488253816,0.0091364948208986,100,200,True
efftox,Logistic,0.6,cEI-tMSE,cEI–tMSE hybrid,secondary,cKG minus cEI–tMSE hybrid,recommendation_pct,Recommendation probability,percentage points,0.0,0.0,1.9842169515086827,0.0,0.0,100,200,True
efftox,Logistic,0.6,cEI-tMSE,cEI–tMSE hybrid,secondary,cKG minus cEI–tMSE hybrid,recommended_efficacy,Recommended efficacy | recommend,efficacy units,0.034335777907946105,0.006887215398105005,1.9842169515086827,0.020670048366334536,0.048001507449557675,100,200,True
efftox,Logistic,0.6,cEI-tMSE,cEI–tMSE hybrid,secondary,cKG minus cEI–tMSE hybrid,dose_location_error,Dose-location error | recommend,dose-grid units,0.2081232186781393,0.044186685037168466,1.9842169515086827,0.12044724919641456,0.29579918815986406,100,200,True
efftox,Logistic,0.6,cEI-tMSE,cEI–tMSE hybrid,secondary,cKG minus cEI–tMSE hybrid,false_admissions,Final false admissions,doses,0.34,0.0627162924074226,1.9842169515086827,0.2155572694694168,0.46444273053058327,100,200,True
efftox,Logistic,0.6,cEI-tMSE,cEI–tMSE hybrid,secondary,cKG minus cEI–tMSE hybrid,feasible_recall_pct,Feasible-dose recall,percentage points,0.7499999999999996,1.4267319205316649,1.9842169515086827,-2.0809456619774687,3.5809456619774678,100,200,True
efftox,Logistic,0.6,cEI-tMSE,cEI–tMSE hybrid,secondary,cKG minus cEI–tMSE hybrid,gate_precision_pct,Admitted-dose precision | nonempty gate,percentage points,-7.625861792528459,1.4163890427295147,1.984467454426692,-10.436639750631759,-4.81508383442516,99,194,True
efftox,Logistic,0.6,cEI-tMSE,cEI–tMSE hybrid,secondary,cKG minus cEI–tMSE hybrid,final_empty_gate_pct,Final empty gate,percentage points,-1.0,0.7035264706814485,1.9842169515086827,-2.3959491489612064,0.39594914896120637,100,200,True
efftox,Logistic,0.6,cEI-tMSE,cEI–tMSE hybrid,secondary,cKG minus cEI–tMSE hybrid,obd_feasibility_pct,Feasibility probability at nearest OBD panel dose,percentage points,1.6181297106069819,1.346585998058172,1.9842169515086827,-1.053789053404281,4.290048474618245,100,200,True
efftox,Logistic,0.6,cEI-tMSE,cEI–tMSE hybrid,secondary,cKG minus cEI–tMSE hybrid,obd_posterior_sd,Toxicity posterior SD at nearest OBD panel dose,toxicity units,0.003662661474438505,0.0032581589190526436,1.9842169515086827,-0.002802232683454956,0.010127555632331966,100,200,True
efftox,Logistic,0.7,tmse,tMSE-only,principal_boundary,cKG minus tMSE-only,recommendation_pct,Recommendation probability,percentage points,0.0,0.0,1.9842169515086827,0.0,0.0,100,200,True
efftox,Logistic,0.7,tmse,tMSE-only,principal_boundary,cKG minus tMSE-only,recommended_efficacy,Recommended efficacy | recommend,efficacy units,0.027511278562059868,0.006728194588569264,1.9842169515086827,0.014161080806371747,0.04086147631774799,100,200,True
efftox,Logistic,0.7,tmse,tMSE-only,principal_boundary,cKG minus tMSE-only,dose_location_error,Dose-location error | recommend,dose-grid units,0.1680733961450648,0.049581268400469336,1.9842169515086827,0.06969340290755176,0.26645338938257784,100,200,True
efftox,Logistic,0.7,tmse,tMSE-only,principal_boundary,cKG minus tMSE-only,false_admissions,Final false admissions,doses,0.31,0.0706320670013903,1.9842169515086827,0.1698506553357443,0.4501493446642557,100,200,True
efftox,Logistic,0.7,tmse,tMSE-only,principal_boundary,cKG minus tMSE-only,feasible_recall_pct,Feasible-dose recall,percentage points,3.25,1.2014709932824905,1.9842169515086827,0.8660208883829075,5.6339791116170925,100,200,True
efftox,Logistic,0.7,tmse,tMSE-only,principal_boundary,cKG minus tMSE-only,gate_precision_pct,Admitted-dose precision | nonempty gate,percentage points,-7.129970544918998,1.403724275974287,1.9849843115310182,-9.916341210443194,-4.343599879394802,97,186,True
efftox,Logistic,0.7,tmse,tMSE-only,principal_boundary,cKG minus tMSE-only,final_empty_gate_pct,Final empty gate,percentage points,-2.5,1.0952145677879517,1.9842169515086827,-4.673143310944109,-0.3268566890558908,100,200,True
efftox,Logistic,0.7,tmse,tMSE-only,principal_boundary,cKG minus tMSE-only,obd_feasibility_pct,Feasibility probability at nearest OBD panel dose,percentage points,1.1826736242218048,1.0530665831512545,1.9842169515086827,-0.9068389411342421,3.2721861895778517,100,200,True
efftox,Logistic,0.7,tmse,tMSE-only,principal_boundary,cKG minus tMSE-only,obd_posterior_sd,Toxicity posterior SD at nearest OBD panel dose,toxicity units,0.003364731113021853,0.002241780893510635,1.9842169515086827,-0.0010834485374502296,0.007812910763493936,100,200,True
efftox,Logistic,0.7,qBIG,Entropy reduction,principal_boundary,cKG minus Entropy reduction,recommendation_pct,Recommendation probability,percentage points,0.0,0.0,1.9842169515086827,0.0,0.0,100,200,True
efftox,Logistic,0.7,qBIG,Entropy reduction,principal_boundary,cKG minus Entropy reduction,recommended_efficacy,Recommended efficacy | recommend,efficacy units,0.022611486122409444,0.006749039031078092,1.9842169515086827,0.009219928470550559,0.03600304377426833,100,200,True
efftox,Logistic,0.7,qBIG,Entropy reduction,principal_boundary,cKG minus Entropy reduction,dose_location_error,Dose-location error | recommend,dose-grid units,0.1444176191182846,0.04968949426219027,1.9842169515086827,0.04582288229135324,0.24301235594521597,100,200,True
efftox,Logistic,0.7,qBIG,Entropy reduction,principal_boundary,cKG minus Entropy reduction,false_admissions,Final false admissions,doses,0.275,0.07012794944192575,1.9842169515086827,0.13585093394278708,0.41414906605721297,100,200,True
efftox,Logistic,0.7,qBIG,Entropy reduction,principal_boundary,cKG minus Entropy reduction,feasible_recall_pct,Feasible-dose recall,percentage points,3.416666666666666,1.2427963021788067,1.9842169515086827,0.9506891766111707,5.8826441567221615,100,200,True
efftox,Logistic,0.7,qBIG,Entropy reduction,principal_boundary,cKG minus Entropy reduction,gate_precision_pct,Admitted-dose precision | nonempty gate,percentage points,-5.522492970946579,1.2843688025828306,1.9849843115310182,-8.071944894293377,-2.973041047599781,97,184,True
efftox,Logistic,0.7,qBIG,Entropy reduction,principal_boundary,cKG minus Entropy reduction,final_empty_gate_pct,Final empty gate,percentage points,-3.5,1.282161999881214,1.9842169515086827,-6.044087574744578,-0.9559124252554216,100,200,True
efftox,Logistic,0.7,qBIG,Entropy reduction,principal_boundary,cKG minus Entropy reduction,obd_feasibility_pct,Feasibility probability at nearest OBD panel dose,percentage points,1.8236830625908675,1.1951417609425625,1.9842169515086827,-0.5477374789273028,4.195103604109038,100,200,True
efftox,Logistic,0.7,qBIG,Entropy reduction,principal_boundary,cKG minus Entropy reduction,obd_posterior_sd,Toxicity posterior SD at nearest OBD panel dose,toxicity units,0.005374633688904924,0.002722710725838353,1.9842169515086827,-2.7815087358045755e-05,0.010777082465167894,100,200,True
efftox,Logistic,0.7,cEI,cEI,secondary,cKG minus cEI,recommendation_pct,Recommendation probability,percentage points,0.0,0.0,1.9842169515086827,0.0,0.0,100,200,True
efftox,Logistic,0.7,cEI,cEI,secondary,cKG minus cEI,recommended_efficacy,Recommended efficacy | recommend,efficacy units,0.024486643586078077,0.0068579839176373366,1.9842169515086827,0.010878915643528149,0.038094371528628004,100,200,True
efftox,Logistic,0.7,cEI,cEI,secondary,cKG minus cEI,dose_location_error,Dose-location error | recommend,dose-grid units,0.12255189712729762,0.050594969508842555,1.9842169515086827,0.02216050096678729,0.22294329328780796,100,200,True
efftox,Logistic,0.7,cEI,cEI,secondary,cKG minus cEI,false_admissions,Final false admissions,doses,0.255,0.08180260794538687,1.9842169515086827,0.09268587863714453,0.4173141213628555,100,200,True
efftox,Logistic,0.7,cEI,cEI,secondary,cKG minus cEI,feasible_recall_pct,Feasible-dose recall,percentage points,3.666666666666667,1.150318357339534,1.9842169515086827,1.3841854824019415,5.949147850931393,100,200,True
efftox,Logistic,0.7,cEI,cEI,secondary,cKG minus cEI,gate_precision_pct,Admitted-dose precision | nonempty gate,percentage points,-6.667881438289601,1.6099931133735375,1.9847231860271193,-9.863272099746048,-3.472490776833152,98,186,True
efftox,Logistic,0.7,cEI,cEI,secondary,cKG minus cEI,final_empty_gate_pct,Final empty gate,percentage points,-2.0,1.2143918126978108,1.9842169515086827,-4.4096168205283535,0.40961682052835346,100,200,True
efftox,Logistic,0.7,cEI,cEI,secondary,cKG minus cEI,obd_feasibility_pct,Feasibility probability at nearest OBD panel dose,percentage points,2.038677888587019,1.270567389471297,1.9842169515086827,-0.482403463636063,4.5597592408101,100,200,True
efftox,Logistic,0.7,cEI,cEI,secondary,cKG minus cEI,obd_posterior_sd,Toxicity posterior SD at nearest OBD panel dose,toxicity units,0.007853553103514559,0.0022411975076553937,1.9842169515086827,0.0034065310171457162,0.012300575189883402,100,200,True
efftox,Logistic,0.7,cEI-tMSE,cEI–tMSE hybrid,secondary,cKG minus cEI–tMSE hybrid,recommendation_pct,Recommendation probability,percentage points,0.0,0.0,1.9842169515086827,0.0,0.0,100,200,True
efftox,Logistic,0.7,cEI-tMSE,cEI–tMSE hybrid,secondary,cKG minus cEI–tMSE hybrid,recommended_efficacy,Recommended efficacy | recommend,efficacy units,0.020208510934555696,0.006726268953480545,1.9842169515086827,0.006862134056653032,0.033554887812458356,100,200,True
efftox,Logistic,0.7,cEI-tMSE,cEI–tMSE hybrid,secondary,cKG minus cEI–tMSE hybrid,dose_location_error,Dose-location error | recommend,dose-grid units,0.15149108509218095,0.051559542774768555,1.9842169515086827,0.049185766306448164,0.25379640387791375,100,200,True
efftox,Logistic,0.7,cEI-tMSE,cEI–tMSE hybrid,secondary,cKG minus cEI–tMSE hybrid,false_admissions,Final false admissions,doses,0.28,0.08018917028067464,1.9842169515086827,0.12088728900166915,0.43911271099833094,100,200,True
efftox,Logistic,0.7,cEI-tMSE,cEI–tMSE hybrid,secondary,cKG minus cEI–tMSE hybrid,feasible_recall_pct,Feasible-dose recall,percentage points,2.583333333333333,1.2684939416135237,1.9842169515086827,0.0663661514977143,5.100300515168952,100,200,True
efftox,Logistic,0.7,cEI-tMSE,cEI–tMSE hybrid,secondary,cKG minus cEI–tMSE hybrid,gate_precision_pct,Admitted-dose precision | nonempty gate,percentage points,-6.904873477038424,1.526047824559102,1.9849843115310182,-9.934054467434281,-3.875692486642567,97,186,True
efftox,Logistic,0.7,cEI-tMSE,cEI–tMSE hybrid,secondary,cKG minus cEI–tMSE hybrid,final_empty_gate_pct,Final empty gate,percentage points,-2.5,1.0952145677879517,1.9842169515086827,-4.673143310944109,-0.3268566890558908,100,200,True
efftox,Logistic,0.7,cEI-tMSE,cEI–tMSE hybrid,secondary,cKG minus cEI–tMSE hybrid,obd_feasibility_pct,Feasibility probability at nearest OBD panel dose,percentage points,0.26810079581830143,1.2462357904022667,1.9842169515086827,-2.204701385074698,2.740902976711301,100,200,True
efftox,Logistic,0.7,cEI-tMSE,cEI–tMSE hybrid,secondary,cKG minus cEI–tMSE hybrid,obd_posterior_sd,Toxicity posterior SD at nearest OBD panel dose,toxicity units,0.011814234048967996,0.0028343314051841907,1.9842169515086827,0.006190305628608101,0.017438162469327893,100,200,True
efftox,Logistic,0.8,tmse,tMSE-only,principal_boundary,cKG minus tMSE-only,recommendation_pct,Recommendation probability,percentage points,0.0,0.0,1.9842169515086827,0.0,0.0,100,200,True
efftox,Logistic,0.8,tmse,tMSE-only,principal_boundary,cKG minus tMSE-only,recommended_efficacy,Recommended efficacy | recommend,efficacy units,0.010426164245840877,0.005979646952817495,1.9842169515086827,-0.0014387526019768362,0.022291081093658592,100,200,True
efftox,Logistic,0.8,tmse,tMSE-only,principal_boundary,cKG minus tMSE-only,dose_location_error,Dose-location error | recommend,dose-grid units,0.07900616924189909,0.03728712679863369,1.9842169515086827,0.005020420174996432,0.15299191830880174,100,200,True
efftox,Logistic,0.8,tmse,tMSE-only,principal_boundary,cKG minus tMSE-only,false_admissions,Final false admissions,doses,0.16,0.0695875293599668,1.9842169515086827,0.02192324463034573,0.2980767553696543,100,200,True
efftox,Logistic,0.8,tmse,tMSE-only,principal_boundary,cKG minus tMSE-only,feasible_recall_pct,Feasible-dose recall,percentage points,2.0833333333333335,1.1747853637809693,1.9842169515086827,-0.24769569986516027,4.414362366531828,100,200,True
efftox,Logistic,0.8,tmse,tMSE-only,principal_boundary,cKG minus tMSE-only,gate_precision_pct,Admitted-dose precision | nonempty gate,percentage points,-2.640525282277859,1.066087814638461,1.9849843115310182,-4.756692869049592,-0.5243576955061262,97,177,True
efftox,Logistic,0.8,tmse,tMSE-only,principal_boundary,cKG minus tMSE-only,final_empty_gate_pct,Final empty gate,percentage points,0.5,1.122542208605543,1.9842169515086827,-1.7273672790991141,2.727367279099114,100,200,True
efftox,Logistic,0.8,tmse,tMSE-only,principal_boundary,cKG minus tMSE-only,obd_feasibility_pct,Feasibility probability at nearest OBD panel dose,percentage points,1.1692694403387227,1.036533551887692,1.9842169515086827,-0.8874380041243404,3.225976884801786,100,200,True
efftox,Logistic,0.8,tmse,tMSE-only,principal_boundary,cKG minus tMSE-only,obd_posterior_sd,Toxicity posterior SD at nearest OBD panel dose,toxicity units,0.00178925828431656,0.0015775402183420349,1.9842169515086827,-0.001340923758604414,0.0049194403272375346,100,200,True
efftox,Logistic,0.8,qBIG,Entropy reduction,principal_boundary,cKG minus Entropy reduction,recommendation_pct,Recommendation probability,percentage points,0.0,0.0,1.9842169515086827,0.0,0.0,100,200,True
efftox,Logistic,0.8,qBIG,Entropy reduction,principal_boundary,cKG minus Entropy reduction,recommended_efficacy,Recommended efficacy | recommend,efficacy units,0.011886216445251077,0.005966736267880513,1.9842169515086827,4.6917197340909725e-05,0.023725515693161246,100,200,True
efftox,Logistic,0.8,qBIG,Entropy reduction,principal_boundary,cKG minus Entropy reduction,dose_location_error,Dose-location error | recommend,dose-grid units,0.08417210186527205,0.03748188354780551,1.9842169515086827,0.009799913155241952,0.15854429057530214,100,200,True
efftox,Logistic,0.8,qBIG,Entropy reduction,principal_boundary,cKG minus Entropy reduction,false_admissions,Final false admissions,doses,0.165,0.0659258077023871,1.9842169515086827,0.03418889481502185,0.29581110518497816,100,200,True
efftox,Logistic,0.8,qBIG,Entropy reduction,principal_boundary,cKG minus Entropy reduction,feasible_recall_pct,Feasible-dose recall,percentage points,2.0833333333333335,1.1008044706503584,1.9842169515086827,-0.10090155762764974,4.267568224294317,100,200,True
efftox,Logistic,0.8,qBIG,Entropy reduction,principal_boundary,cKG minus Entropy reduction,gate_precision_pct,Admitted-dose precision | nonempty gate,percentage points,-2.7362542955326457,1.0395329524387953,1.9849843115310182,-4.799710897443175,-0.6727976936221167,97,177,True
efftox,Logistic,0.8,qBIG,Entropy reduction,principal_boundary,cKG minus Entropy reduction,final_empty_gate_pct,Final empty gate,percentage points,0.5,1.122542208605543,1.9842169515086827,-1.7273672790991141,2.727367279099114,100,200,True
efftox,Logistic,0.8,qBIG,Entropy reduction,principal_boundary,cKG minus Entropy reduction,obd_feasibility_pct,Feasibility probability at nearest OBD panel dose,percentage points,1.957575900982967,1.0629915802480467,1.9842169515086827,-0.1516300118562095,4.066781813822144,100,200,True
efftox,Logistic,0.8,qBIG,Entropy reduction,principal_boundary,cKG minus Entropy reduction,obd_posterior_sd,Toxicity posterior SD at nearest OBD panel dose,toxicity units,0.0036668637589678706,0.0017240451298277508,1.9842169515086827,0.00024598418719766,0.0070877433307380815,100,200,True
efftox,Logistic,0.8,cEI,cEI,secondary,cKG minus cEI,recommendation_pct,Recommendation probability,percentage points,0.0,0.0,1.9842169515086827,0.0,0.0,100,200,True
efftox,Logistic,0.8,cEI,cEI,secondary,cKG minus cEI,recommended_efficacy,Recommended efficacy | recommend,efficacy units,0.009112332920543786,0.005803124065483988,1.9842169515086827,-0.0024023242218975255,0.020626990062985098,100,200,True
efftox,Logistic,0.8,cEI,cEI,secondary,cKG minus cEI,dose_location_error,Dose-location error | recommend,dose-grid units,0.05494694670148175,0.04431415165433784,1.9842169515086827,-0.03298194420278192,0.14287583760574543,100,200,True
efftox,Logistic,0.8,cEI,cEI,secondary,cKG minus cEI,false_admissions,Final false admissions,doses,0.075,0.08971757032065916,1.9842169515086827,-0.1030191238784242,0.2530191238784242,100,200,True
efftox,Logistic,0.8,cEI,cEI,secondary,cKG minus cEI,feasible_recall_pct,Feasible-dose recall,percentage points,2.7500000000000004,1.202404764050172,1.9842169515086827,0.3641680845968511,5.13583191540315,100,200,True
efftox,Logistic,0.8,cEI,cEI,secondary,cKG minus cEI,gate_precision_pct,Admitted-dose precision | nonempty gate,percentage points,-1.6709621993127146,1.215525689286057,1.9849843115310182,-4.083761622808465,0.7418372241830355,97,176,True
efftox,Logistic,0.8,cEI,cEI,secondary,cKG minus cEI,final_empty_gate_pct,Final empty gate,percentage points,0.0,1.2309149097933272,1.9842169515086827,-2.4424022298767007,2.4424022298767007,100,200,True
efftox,Logistic,0.8,cEI,cEI,secondary,cKG minus cEI,obd_feasibility_pct,Feasibility probability at nearest OBD panel dose,percentage points,1.1669707515850183,1.0406401843056623,1.9842169515086827,-0.8978851425353969,3.2318266457054334,100,200,True
efftox,Logistic,0.8,cEI,cEI,secondary,cKG minus cEI,obd_posterior_sd,Toxicity posterior SD at nearest OBD panel dose,toxicity units,0.0012541554103707902,0.002065865051636863,1.9842169515086827,-0.002844969044616433,0.005353279865358013,100,200,True
efftox,Logistic,0.8,cEI-tMSE,cEI–tMSE hybrid,secondary,cKG minus cEI–tMSE hybrid,recommendation_pct,Recommendation probability,percentage points,0.0,0.0,1.9842169515086827,0.0,0.0,100,200,True
efftox,Logistic,0.8,cEI-tMSE,cEI–tMSE hybrid,secondary,cKG minus cEI–tMSE hybrid,recommended_efficacy,Recommended efficacy | recommend,efficacy units,0.014484843436167268,0.0063304946191251365,1.9842169515086827,0.0019237687014646704,0.027045918170869866,100,200,True
efftox,Logistic,0.8,cEI-tMSE,cEI–tMSE hybrid,secondary,cKG minus cEI–tMSE hybrid,dose_location_error,Dose-location error | recommend,dose-grid units,0.09374080179325248,0.03746979464768208,1.9842169515086827,0.019392600083772374,0.1680890035027326,100,200,True
efftox,Logistic,0.8,cEI-tMSE,cEI–tMSE hybrid,secondary,cKG minus cEI–tMSE hybrid,false_admissions,Final false admissions,doses,0.16,0.07066781016799227,1.9842169515086827,0.019779733138672095,0.3002202668613279,100,200,True
efftox,Logistic,0.8,cEI-tMSE,cEI–tMSE hybrid,secondary,cKG minus cEI–tMSE hybrid,feasible_recall_pct,Feasible-dose recall,percentage points,2.833333333333333,1.0740015068949251,1.9842169515086827,0.7022813374065531,4.964385329260113,100,200,True
efftox,Logistic,0.8,cEI-tMSE,cEI–tMSE hybrid,secondary,cKG minus cEI–tMSE hybrid,gate_precision_pct,Admitted-dose precision | nonempty gate,percentage points,-2.8515625,1.074418024335215,1.9852510035091888,-4.984551960999846,-0.7185730390001543,96,176,True
efftox,Logistic,0.8,cEI-tMSE,cEI–tMSE hybrid,secondary,cKG minus cEI–tMSE hybrid,final_empty_gate_pct,Final empty gate,percentage points,-0.5,1.122542208605543,1.9842169515086827,-2.727367279099114,1.7273672790991141,100,200,True
efftox,Logistic,0.8,cEI-tMSE,cEI–tMSE hybrid,secondary,cKG minus cEI–tMSE hybrid,obd_feasibility_pct,Feasibility probability at nearest OBD panel dose,percentage points,1.207985696923692,0.9303761293190138,1.9842169515086827,-0.6380823901501296,3.0540537839975137,100,200,True
efftox,Logistic,0.8,cEI-tMSE,cEI–tMSE hybrid,secondary,cKG minus cEI–tMSE hybrid,obd_posterior_sd,Toxicity posterior SD at nearest OBD panel dose,toxicity units,0.0008186192821472644,0.0017899448530977646,1.9842169515086827,-0.002733019637635039,0.004370258201929568,100,200,True
efftox,Logistic,0.9,tmse,tMSE-only,principal_boundary,cKG minus tMSE-only,recommendation_pct,Recommendation probability,percentage points,0.0,0.0,1.9842169515086827,0.0,0.0,100,200,True
efftox,Logistic,0.9,tmse,tMSE-only,principal_boundary,cKG minus tMSE-only,recommended_efficacy,Recommended efficacy | recommend,efficacy units,0.007671303108799836,0.00390740181044209,1.9842169515086827,-8.182979983507518e-05,0.015424436017434748,100,200,True
efftox,Logistic,0.9,tmse,tMSE-only,principal_boundary,cKG minus tMSE-only,dose_location_error,Dose-location error | recommend,dose-grid units,0.05440144618048745,0.03357605844140442,1.9842169515086827,-0.012220738143793403,0.1210236305047683,100,200,True
efftox,Logistic,0.9,tmse,tMSE-only,principal_boundary,cKG minus tMSE-only,false_admissions,Final false admissions,doses,0.07,0.03334848140652303,1.9842169515086827,0.0038293778861048927,0.13617062211389513,100,200,True
efftox,Logistic,0.9,tmse,tMSE-only,principal_boundary,cKG minus tMSE-only,feasible_recall_pct,Feasible-dose recall,percentage points,0.49999999999999994,0.6247333887015113,1.9842169515086827,-0.7396065800350016,1.7396065800350016,100,200,True
efftox,Logistic,0.9,tmse,tMSE-only,principal_boundary,cKG minus tMSE-only,gate_precision_pct,Admitted-dose precision | nonempty gate,percentage points,-1.1738351254480286,0.6343914885670275,1.98608631695113,-2.433791380481261,0.08612112958520401,93,169,True
efftox,Logistic,0.9,tmse,tMSE-only,principal_boundary,cKG minus tMSE-only,final_empty_gate_pct,Final empty gate,percentage points,0.0,0.7106690545187014,1.9842169515086827,-1.4101215848886557,1.4101215848886557,100,200,True
efftox,Logistic,0.9,tmse,tMSE-only,principal_boundary,cKG minus tMSE-only,obd_feasibility_pct,Feasibility probability at nearest OBD panel dose,percentage points,-0.11087463172357664,0.711111119878845,1.9842169515086827,-1.5218733701935039,1.3001241067463505,100,200,True
efftox,Logistic,0.9,tmse,tMSE-only,principal_boundary,cKG minus tMSE-only,obd_posterior_sd,Toxicity posterior SD at nearest OBD panel dose,toxicity units,-0.0031756637905855454,0.0016454453921665424,1.9842169515086827,-0.006440584430504251,8.925684933316046e-05,100,200,True
efftox,Logistic,0.9,qBIG,Entropy reduction,principal_boundary,cKG minus Entropy reduction,recommendation_pct,Recommendation probability,percentage points,0.0,0.0,1.9842169515086827,0.0,0.0,100,200,True
efftox,Logistic,0.9,qBIG,Entropy reduction,principal_boundary,cKG minus Entropy reduction,recommended_efficacy,Recommended efficacy | recommend,efficacy units,0.00831621220494274,0.0046998734674117875,1.9842169515086827,-0.0010093563990416186,0.017641780808927098,100,200,True
efftox,Logistic,0.9,qBIG,Entropy reduction,principal_boundary,cKG minus Entropy reduction,dose_location_error,Dose-location error | recommend,dose-grid units,0.03969717144279565,0.030383326602230403,1.9842169515086827,-0.020589940244574625,0.09998428313016593,100,200,True
efftox,Logistic,0.9,qBIG,Entropy reduction,principal_boundary,cKG minus Entropy reduction,false_admissions,Final false admissions,doses,0.065,0.0322983253154373,1.9842169515086827,0.0009131154037672895,0.12908688459623271,100,200,True
efftox,Logistic,0.9,qBIG,Entropy reduction,principal_boundary,cKG minus Entropy reduction,feasible_recall_pct,Feasible-dose recall,percentage points,0.9166666666666665,0.6027318094467617,1.9842169515086827,-0.27928400685109933,2.1126173401844324,100,200,True
efftox,Logistic,0.9,qBIG,Entropy reduction,principal_boundary,cKG minus Entropy reduction,gate_precision_pct,Admitted-dose precision | nonempty gate,percentage points,-1.9265232974910393,1.0384361230313994,1.98608631695113,-3.988947072471482,0.13590047748940348,93,169,True
efftox,Logistic,0.9,qBIG,Entropy reduction,principal_boundary,cKG minus Entropy reduction,final_empty_gate_pct,Final empty gate,percentage points,0.5,0.8689364217539193,1.9842169515086827,-1.2241583778274248,2.2241583778274245,100,200,True
efftox,Logistic,0.9,qBIG,Entropy reduction,principal_boundary,cKG minus Entropy reduction,obd_feasibility_pct,Feasibility probability at nearest OBD panel dose,percentage points,0.7853775993122144,0.7034707706304117,1.9842169515086827,-0.6104610286635249,2.181216227287954,100,200,True
efftox,Logistic,0.9,qBIG,Entropy reduction,principal_boundary,cKG minus Entropy reduction,obd_posterior_sd,Toxicity posterior SD at nearest OBD panel dose,toxicity units,-0.0028506517624678797,0.0015479118078548975,1.9842169515086827,-0.005922044611054018,0.00022074108611825878,100,200,True
efftox,Logistic,0.9,cEI,cEI,secondary,cKG minus cEI,recommendation_pct,Recommendation probability,percentage points,0.0,0.0,1.9842169515086827,0.0,0.0,100,200,True
efftox,Logistic,0.9,cEI,cEI,secondary,cKG minus cEI,recommended_efficacy,Recommended efficacy | recommend,efficacy units,0.007972357182529866,0.004689276878323973,1.9842169515086827,-0.0013321854897582787,0.01727689985481801,100,200,True
efftox,Logistic,0.9,cEI,cEI,secondary,cKG minus cEI,dose_location_error,Dose-location error | recommend,dose-grid units,0.042201814899054516,0.034063762098153094,1.9842169515086827,-0.025388079288259827,0.10979170908636886,100,200,True
efftox,Logistic,0.9,cEI,cEI,secondary,cKG minus cEI,false_admissions,Final false admissions,doses,0.06,0.03501803287254478,1.9842169515086827,-0.009483374434191644,0.12948337443419164,100,200,True
efftox,Logistic,0.9,cEI,cEI,secondary,cKG minus cEI,feasible_recall_pct,Feasible-dose recall,percentage points,0.8333333333333335,0.7630275217039457,1.9842169515086827,-0.6806788096992948,2.3473454763659616,100,200,True
efftox,Logistic,0.9,cEI,cEI,secondary,cKG minus cEI,gate_precision_pct,Admitted-dose precision | nonempty gate,percentage points,-0.9754224270353303,0.667191159926353,1.98608631695113,-2.300521660555813,0.3496768064851524,93,168,True
efftox,Logistic,0.9,cEI,cEI,secondary,cKG minus cEI,final_empty_gate_pct,Final empty gate,percentage points,0.0,1.005037815259212,1.9842169515086827,-1.9942130699445804,1.9942130699445804,100,200,True
efftox,Logistic,0.9,cEI,cEI,secondary,cKG minus cEI,obd_feasibility_pct,Feasibility probability at nearest OBD panel dose,percentage points,0.8494532305270998,0.6952967830312696,1.9842169515086827,-0.5301664326930001,2.2290728937471997,100,200,True
efftox,Logistic,0.9,cEI,cEI,secondary,cKG minus cEI,obd_posterior_sd,Toxicity posterior SD at nearest OBD panel dose,toxicity units,-0.002235326879802107,0.0018400914673416928,1.9842169515086827,-0.00588646756162798,0.0014158138020237652,100,200,True
efftox,Logistic,0.9,cEI-tMSE,cEI–tMSE hybrid,secondary,cKG minus cEI–tMSE hybrid,recommendation_pct,Recommendation probability,percentage points,0.0,0.0,1.9842169515086827,0.0,0.0,100,200,True
efftox,Logistic,0.9,cEI-tMSE,cEI–tMSE hybrid,secondary,cKG minus cEI–tMSE hybrid,recommended_efficacy,Recommended efficacy | recommend,efficacy units,0.0083184255503473,0.005143159614096604,1.9842169515086827,-0.0018867189402580371,0.018523570040952637,100,200,True
efftox,Logistic,0.9,cEI-tMSE,cEI–tMSE hybrid,secondary,cKG minus cEI–tMSE hybrid,dose_location_error,Dose-location error | recommend,dose-grid units,0.06326725954377038,0.033802178482555165,1.9842169515086827,-0.003803595999237616,0.1303381150867784,100,200,True
efftox,Logistic,0.9,cEI-tMSE,cEI–tMSE hybrid,secondary,cKG minus cEI–tMSE hybrid,false_admissions,Final false admissions,doses,0.075,0.03361622383686939,1.9842169515086827,0.008298118817173503,0.1417018811828265,100,200,True
efftox,Logistic,0.9,cEI-tMSE,cEI–tMSE hybrid,secondary,cKG minus cEI–tMSE hybrid,feasible_recall_pct,Feasible-dose recall,percentage points,0.25,0.6318230264087695,1.9842169515086827,-1.0036739593537987,1.5036739593537987,100,200,True
efftox,Logistic,0.9,cEI-tMSE,cEI–tMSE hybrid,secondary,cKG minus cEI–tMSE hybrid,gate_precision_pct,Admitted-dose precision | nonempty gate,percentage points,-1.2903225806451613,0.6331466266474644,1.98608631695113,-2.5478064324534557,-0.03283872883686656,93,168,True
efftox,Logistic,0.9,cEI-tMSE,cEI–tMSE hybrid,secondary,cKG minus cEI–tMSE hybrid,final_empty_gate_pct,Final empty gate,percentage points,0.0,1.005037815259212,1.9842169515086827,-1.9942130699445804,1.9942130699445804,100,200,True
efftox,Logistic,0.9,cEI-tMSE,cEI–tMSE hybrid,secondary,cKG minus cEI–tMSE hybrid,obd_feasibility_pct,Feasibility probability at nearest OBD panel dose,percentage points,0.0022670983646262675,0.6758262353416133,1.9842169515086827,-1.3387187740744995,1.343252970803752,100,200,True
efftox,Logistic,0.9,cEI-tMSE,cEI–tMSE hybrid,secondary,cKG minus cEI–tMSE hybrid,obd_posterior_sd,Toxicity posterior SD at nearest OBD panel dose,toxicity units,-0.0020255224693003795,0.0019001985630812588,1.9842169515086827,-0.005795928669398654,0.0017448837307978953,100,200,True
mariposa,MARIPOSA-motivated,0.5,tmse,tMSE-only,principal_boundary,cKG minus tMSE-only,recommendation_pct,Recommendation probability,percentage points,0.0,0.0,1.9842169515086827,0.0,0.0,100,200,True
mariposa,MARIPOSA-motivated,0.5,tmse,tMSE-only,principal_boundary,cKG minus tMSE-only,recommended_efficacy,Recommended efficacy | recommend,efficacy units,0.257942763039771,0.4121313152587008,1.9842169515086827,-0.5598151789441121,1.075700705023654,100,200,True
mariposa,MARIPOSA-motivated,0.5,tmse,tMSE-only,principal_boundary,cKG minus tMSE-only,dose_location_error,Dose-location error | recommend,dose-grid units,0.009298150503168796,0.1109736920957513,1.9842169515086827,-0.21089773052472605,0.22949403153106362,100,200,True
mariposa,MARIPOSA-motivated,0.5,tmse,tMSE-only,principal_boundary,cKG minus tMSE-only,false_admissions,Final false admissions,doses,1.4,0.26323550158162423,1.9842169515086827,0.8776836555228504,1.9223163444771494,100,200,True
mariposa,MARIPOSA-motivated,0.5,tmse,tMSE-only,principal_boundary,cKG minus tMSE-only,feasible_recall_pct,Feasible-dose recall,percentage points,-0.6111111111111106,1.1762473380307674,1.9842169515086827,-2.9450410183987232,1.7228187961765018,100,200,True
mariposa,MARIPOSA-motivated,0.5,tmse,tMSE-only,principal_boundary,cKG minus tMSE-only,gate_precision_pct,Admitted-dose precision | nonempty gate,percentage points,-5.745810490081253,1.1045124637805899,1.9842169515086827,-7.93740284386732,-3.5542181362951872,100,200,True
mariposa,MARIPOSA-motivated,0.5,tmse,tMSE-only,principal_boundary,cKG minus tMSE-only,final_empty_gate_pct,Final empty gate,percentage points,0.0,0.0,1.9842169515086827,0.0,0.0,100,200,True
mariposa,MARIPOSA-motivated,0.5,tmse,tMSE-only,principal_boundary,cKG minus tMSE-only,obd_feasibility_pct,Feasibility probability at nearest OBD panel dose,percentage points,4.804137044598779,3.49937165545352,1.9842169515086827,-2.139375513781097,11.747649602978655,100,200,True
mariposa,MARIPOSA-motivated,0.5,tmse,tMSE-only,principal_boundary,cKG minus tMSE-only,obd_posterior_sd,Toxicity posterior SD at nearest OBD panel dose,toxicity units,0.13694529448853354,0.013015165438073387,1.9842169515086827,0.1111203825996184,0.16277020637744868,100,200,True
mariposa,MARIPOSA-motivated,0.5,qBIG,Entropy reduction,principal_boundary,cKG minus Entropy reduction,recommendation_pct,Recommendation probability,percentage points,0.0,0.0,1.9842169515086827,0.0,0.0,100,200,True
mariposa,MARIPOSA-motivated,0.5,qBIG,Entropy reduction,principal_boundary,cKG minus Entropy reduction,recommended_efficacy,Recommended efficacy | recommend,efficacy units,1.2138007496667254,0.4875635984265691,1.9842169515086827,0.24636879273015488,2.181232706603296,100,200,True
mariposa,MARIPOSA-motivated,0.5,qBIG,Entropy reduction,principal_boundary,cKG minus Entropy reduction,dose_location_error,Dose-location error | recommend,dose-grid units,-0.10677325039147118,0.12389127186154048,1.9842169515086827,-0.35260041216311044,0.13905391138016812,100,200,True
mariposa,MARIPOSA-motivated,0.5,qBIG,Entropy reduction,principal_boundary,cKG minus Entropy reduction,false_admissions,Final false admissions,doses,0.4,0.2881497926952283,1.9842169515086827,-0.17175170323958477,0.9717517032395848,100,200,True
mariposa,MARIPOSA-motivated,0.5,qBIG,Entropy reduction,principal_boundary,cKG minus Entropy reduction,feasible_recall_pct,Feasible-dose recall,percentage points,-2.333333333333334,1.1901725870146553,1.9842169515086827,-4.694893955708755,0.028227289042087822,100,200,True
mariposa,MARIPOSA-motivated,0.5,qBIG,Entropy reduction,principal_boundary,cKG minus Entropy reduction,gate_precision_pct,Admitted-dose precision | nonempty gate,percentage points,-1.6546192097413661,1.1604045639362055,1.9842169515086827,-3.9571136161116263,0.6478751966288938,100,200,True
mariposa,MARIPOSA-motivated,0.5,qBIG,Entropy reduction,principal_boundary,cKG minus Entropy reduction,final_empty_gate_pct,Final empty gate,percentage points,0.0,0.0,1.9842169515086827,0.0,0.0,100,200,True
mariposa,MARIPOSA-motivated,0.5,qBIG,Entropy reduction,principal_boundary,cKG minus Entropy reduction,obd_feasibility_pct,Feasibility probability at nearest OBD panel dose,percentage points,1.4235512954790754,3.382100927311902,1.9842169515086827,-5.287270696206435,8.134373287164586,100,200,True
mariposa,MARIPOSA-motivated,0.5,qBIG,Entropy reduction,principal_boundary,cKG minus Entropy reduction,obd_posterior_sd,Toxicity posterior SD at nearest OBD panel dose,toxicity units,0.1454089054634788,0.014569692878381816,1.9842169515086827,0.11649947387591826,0.17431833705103933,100,200,True
mariposa,MARIPOSA-motivated,0.5,cEI,cEI,secondary,cKG minus cEI,recommendation_pct,Recommendation probability,percentage points,0.0,0.0,1.9842169515086827,0.0,0.0,100,200,True
mariposa,MARIPOSA-motivated,0.5,cEI,cEI,secondary,cKG minus cEI,recommended_efficacy,Recommended efficacy | recommend,efficacy units,6.159899983401504,0.5329509647006254,1.9842169515086827,5.102409644919617,7.21739032188339,100,200,True
mariposa,MARIPOSA-motivated,0.5,cEI,cEI,secondary,cKG minus cEI,dose_location_error,Dose-location error | recommend,dose-grid units,-0.28937581684472735,0.10088389064292351,1.9842169515086827,-0.48955134279256435,-0.08920029089689036,100,200,True
mariposa,MARIPOSA-motivated,0.5,cEI,cEI,secondary,cKG minus cEI,false_admissions,Final false admissions,doses,-3.03,0.3063156752915086,1.9842169515086827,-3.6377967554262405,-2.422203244573759,100,200,True
mariposa,MARIPOSA-motivated,0.5,cEI,cEI,secondary,cKG minus cEI,feasible_recall_pct,Feasible-dose recall,percentage points,-3.111111111111112,1.3244183819248154,1.9842169515086827,-5.7390445154160314,-0.48317770680619265,100,200,True
mariposa,MARIPOSA-motivated,0.5,cEI,cEI,secondary,cKG minus cEI,gate_precision_pct,Admitted-dose precision | nonempty gate,percentage points,11.872200625050604,1.2528990780134162,1.9842169515086827,9.386177035926785,14.358224214174424,100,200,True
mariposa,MARIPOSA-motivated,0.5,cEI,cEI,secondary,cKG minus cEI,final_empty_gate_pct,Final empty gate,percentage points,0.0,0.0,1.9842169515086827,0.0,0.0,100,200,True
mariposa,MARIPOSA-motivated,0.5,cEI,cEI,secondary,cKG minus cEI,obd_feasibility_pct,Feasibility probability at nearest OBD panel dose,percentage points,-18.78371446963267,3.268906877705575,1.9842169515086827,-25.269934909279392,-12.297494029985948,100,200,True
mariposa,MARIPOSA-motivated,0.5,cEI,cEI,secondary,cKG minus cEI,obd_posterior_sd,Toxicity posterior SD at nearest OBD panel dose,toxicity units,0.10467057213898717,0.02580577362134396,1.9842169515086827,0.053466318672720885,0.15587482560525345,100,200,True
mariposa,MARIPOSA-motivated,0.5,cEI-tMSE,cEI–tMSE hybrid,secondary,cKG minus cEI–tMSE hybrid,recommendation_pct,Recommendation probability,percentage points,0.0,0.0,1.9842169515086827,0.0,0.0,100,200,True
mariposa,MARIPOSA-motivated,0.5,cEI-tMSE,cEI–tMSE hybrid,secondary,cKG minus cEI–tMSE hybrid,recommended_efficacy,Recommended efficacy | recommend,efficacy units,1.1339989231690253,0.46005863425512644,1.9842169515086827,0.2211427823920703,2.0468550639459804,100,200,True
mariposa,MARIPOSA-motivated,0.5,cEI-tMSE,cEI–tMSE hybrid,secondary,cKG minus cEI–tMSE hybrid,dose_location_error,Dose-location error | recommend,dose-grid units,0.05056139802897999,0.0977724190459769,1.9842169515086827,-0.14344029323205776,0.24456308929001774,100,200,True
mariposa,MARIPOSA-motivated,0.5,cEI-tMSE,cEI–tMSE hybrid,secondary,cKG minus cEI–tMSE hybrid,false_admissions,Final false admissions,doses,0.98,0.2954127398550829,1.9842169515086827,0.3938370338879199,1.56616296611208,100,200,True
mariposa,MARIPOSA-motivated,0.5,cEI-tMSE,cEI–tMSE hybrid,secondary,cKG minus cEI–tMSE hybrid,feasible_recall_pct,Feasible-dose recall,percentage points,0.16666666666666657,1.51776896997377,1.9842169515086827,-2.8449162520291607,3.1782495853624937,100,200,True
mariposa,MARIPOSA-motivated,0.5,cEI-tMSE,cEI–tMSE hybrid,secondary,cKG minus cEI–tMSE hybrid,gate_precision_pct,Admitted-dose precision | nonempty gate,percentage points,-4.053805533393634,1.224372505024022,1.9842169515086827,-6.483226212823448,-1.6243848539638197,100,200,True
mariposa,MARIPOSA-motivated,0.5,cEI-tMSE,cEI–tMSE hybrid,secondary,cKG minus cEI–tMSE hybrid,final_empty_gate_pct,Final empty gate,percentage points,0.0,0.0,1.9842169515086827,0.0,0.0,100,200,True
mariposa,MARIPOSA-motivated,0.5,cEI-tMSE,cEI–tMSE hybrid,secondary,cKG minus cEI–tMSE hybrid,obd_feasibility_pct,Feasibility probability at nearest OBD panel dose,percentage points,3.959838833582946,3.2103491775929967,1.9842169515086827,-2.410190424859036,10.329868092024928,100,200,True
mariposa,MARIPOSA-motivated,0.5,cEI-tMSE,cEI–tMSE hybrid,secondary,cKG minus cEI–tMSE hybrid,obd_posterior_sd,Toxicity posterior SD at nearest OBD panel dose,toxicity units,0.11153251120904693,0.014354840600359561,1.9842169515086827,0.08304939315360842,0.14001562926448546,100,200,True
mariposa,MARIPOSA-motivated,0.6,tmse,tMSE-only,principal_boundary,cKG minus tMSE-only,recommendation_pct,Recommendation probability,percentage points,0.0,0.0,1.9842169515086827,0.0,0.0,100,200,True
mariposa,MARIPOSA-motivated,0.6,tmse,tMSE-only,principal_boundary,cKG minus tMSE-only,recommended_efficacy,Recommended efficacy | recommend,efficacy units,0.13900533849070282,0.4879708980485538,1.9842169515086827,-0.8292347892601528,1.1072454662415585,100,200,True
mariposa,MARIPOSA-motivated,0.6,tmse,tMSE-only,principal_boundary,cKG minus tMSE-only,dose_location_error,Dose-location error | recommend,dose-grid units,-0.24519600036319059,0.11672579171054612,1.9842169515086827,-0.47680529495352786,-0.013586705772853314,100,200,True
mariposa,MARIPOSA-motivated,0.6,tmse,tMSE-only,principal_boundary,cKG minus tMSE-only,false_admissions,Final false admissions,doses,1.17,0.2490608623033999,1.9842169515086827,0.675809215060224,1.664190784939776,100,200,True
mariposa,MARIPOSA-motivated,0.6,tmse,tMSE-only,principal_boundary,cKG minus tMSE-only,feasible_recall_pct,Feasible-dose recall,percentage points,-0.11111111111111086,1.6354731472919866,1.9842169515086827,-3.356244653705127,3.1340224314829057,100,200,True
mariposa,MARIPOSA-motivated,0.6,tmse,tMSE-only,principal_boundary,cKG minus tMSE-only,gate_precision_pct,Admitted-dose precision | nonempty gate,percentage points,-4.954491383752725,1.0369340917046275,1.9842169515086827,-7.0119935861103055,-2.896989181395144,100,200,True
mariposa,MARIPOSA-motivated,0.6,tmse,tMSE-only,principal_boundary,cKG minus tMSE-only,final_empty_gate_pct,Final empty gate,percentage points,0.0,0.0,1.9842169515086827,0.0,0.0,100,200,True
mariposa,MARIPOSA-motivated,0.6,tmse,tMSE-only,principal_boundary,cKG minus tMSE-only,obd_feasibility_pct,Feasibility probability at nearest OBD panel dose,percentage points,10.324941486336138,3.3840800000183124,1.9842169515086827,3.610192585038299,17.03969038763398,100,200,True
mariposa,MARIPOSA-motivated,0.6,tmse,tMSE-only,principal_boundary,cKG minus tMSE-only,obd_posterior_sd,Toxicity posterior SD at nearest OBD panel dose,toxicity units,0.13425930023285065,0.014032281200243657,1.9842169515086827,0.10641621000699059,0.16210239045871072,100,200,True
mariposa,MARIPOSA-motivated,0.6,qBIG,Entropy reduction,principal_boundary,cKG minus Entropy reduction,recommendation_pct,Recommendation probability,percentage points,0.0,0.0,1.9842169515086827,0.0,0.0,100,200,True
mariposa,MARIPOSA-motivated,0.6,qBIG,Entropy reduction,principal_boundary,cKG minus Entropy reduction,recommended_efficacy,Recommended efficacy | recommend,efficacy units,0.7312751178704852,0.5338773910710388,1.9842169515086827,-0.3280534515199004,1.7906036872608708,100,200,True
mariposa,MARIPOSA-motivated,0.6,qBIG,Entropy reduction,principal_boundary,cKG minus Entropy reduction,dose_location_error,Dose-location error | recommend,dose-grid units,-0.3317445706108849,0.113658294925075,1.9842169515086827,-0.557267286080792,-0.10622185514097782,100,200,True
mariposa,MARIPOSA-motivated,0.6,qBIG,Entropy reduction,principal_boundary,cKG minus Entropy reduction,false_admissions,Final false admissions,doses,0.3,0.28123105996832765,1.9842169515086827,-0.2580234364799106,0.8580234364799106,100,200,True
mariposa,MARIPOSA-motivated,0.6,qBIG,Entropy reduction,principal_boundary,cKG minus Entropy reduction,feasible_recall_pct,Feasible-dose recall,percentage points,-1.7777777777777783,1.8038907113420541,1.9842169515086827,-5.357088305891738,1.8015327503361813,100,200,True
mariposa,MARIPOSA-motivated,0.6,qBIG,Entropy reduction,principal_boundary,cKG minus Entropy reduction,gate_precision_pct,Admitted-dose precision | nonempty gate,percentage points,-0.9978354837531714,1.222400678963405,1.9842169515086827,-3.423343632488083,1.4276726649817397,100,200,True
mariposa,MARIPOSA-motivated,0.6,qBIG,Entropy reduction,principal_boundary,cKG minus Entropy reduction,final_empty_gate_pct,Final empty gate,percentage points,0.0,0.0,1.9842169515086827,0.0,0.0,100,200,True
mariposa,MARIPOSA-motivated,0.6,qBIG,Entropy reduction,principal_boundary,cKG minus Entropy reduction,obd_feasibility_pct,Feasibility probability at nearest OBD panel dose,percentage points,6.2604311399317325,3.14851323427093,1.9842169515086827,0.013097808441924208,12.507764471421542,100,200,True
mariposa,MARIPOSA-motivated,0.6,qBIG,Entropy reduction,principal_boundary,cKG minus Entropy reduction,obd_posterior_sd,Toxicity posterior SD at nearest OBD panel dose,toxicity units,0.13838903538516978,0.014909905867447415,1.9842169515086827,0.10880454741758185,0.16797352335275773,100,200,True
mariposa,MARIPOSA-motivated,0.6,cEI,cEI,secondary,cKG minus cEI,recommendation_pct,Recommendation probability,percentage points,0.0,0.0,1.9842169515086827,0.0,0.0,100,200,True
mariposa,MARIPOSA-motivated,0.6,cEI,cEI,secondary,cKG minus cEI,recommended_efficacy,Recommended efficacy | recommend,efficacy units,6.187887505622574,0.5779134307427966,1.9842169515086827,5.041181879838178,7.33459313140697,100,200,True
mariposa,MARIPOSA-motivated,0.6,cEI,cEI,secondary,cKG minus cEI,dose_location_error,Dose-location error | recommend,dose-grid units,-0.500007283250209,0.09549136270329828,1.9842169515086827,-0.6894828638487575,-0.31053170265166063,100,200,True
mariposa,MARIPOSA-motivated,0.6,cEI,cEI,secondary,cKG minus cEI,false_admissions,Final false admissions,doses,-2.93,0.34938763168108455,1.9842169515086827,-3.62326086142908,-2.23673913857092,100,200,True
mariposa,MARIPOSA-motivated,0.6,cEI,cEI,secondary,cKG minus cEI,feasible_recall_pct,Feasible-dose recall,percentage points,-2.3333333333333353,1.7659892538302633,1.9842169515086827,-5.837439146965513,1.1707724802988428,100,200,True
mariposa,MARIPOSA-motivated,0.6,cEI,cEI,secondary,cKG minus cEI,gate_precision_pct,Admitted-dose precision | nonempty gate,percentage points,11.298546881133705,1.4558441122374979,1.9842169515086827,8.409836314877952,14.187257447389458,100,200,True
mariposa,MARIPOSA-motivated,0.6,cEI,cEI,secondary,cKG minus cEI,final_empty_gate_pct,Final empty gate,percentage points,0.0,0.0,1.9842169515086827,0.0,0.0,100,200,True
mariposa,MARIPOSA-motivated,0.6,cEI,cEI,secondary,cKG minus cEI,obd_feasibility_pct,Feasibility probability at nearest OBD panel dose,percentage points,-14.668412703167656,2.932552732934697,1.9842169515086827,-20.487233547049797,-8.849591859285514,100,200,True
mariposa,MARIPOSA-motivated,0.6,cEI,cEI,secondary,cKG minus cEI,obd_posterior_sd,Toxicity posterior SD at nearest OBD panel dose,toxicity units,0.09841488810254678,0.023542673000088492,1.9842169515086827,0.05170111725194542,0.14512865895314814,100,200,True
mariposa,MARIPOSA-motivated,0.6,cEI-tMSE,cEI–tMSE hybrid,secondary,cKG minus cEI–tMSE hybrid,recommendation_pct,Recommendation probability,percentage points,0.0,0.0,1.9842169515086827,0.0,0.0,100,200,True
mariposa,MARIPOSA-motivated,0.6,cEI-tMSE,cEI–tMSE hybrid,secondary,cKG minus cEI–tMSE hybrid,recommended_efficacy,Recommended efficacy | recommend,efficacy units,1.2425463093903375,0.5693278760399823,1.9842169515086827,0.11287628678537076,2.372216331995304,100,200,True
mariposa,MARIPOSA-motivated,0.6,cEI-tMSE,cEI–tMSE hybrid,secondary,cKG minus cEI–tMSE hybrid,dose_location_error,Dose-location error | recommend,dose-grid units,-0.21937462052282491,0.09880950262168117,1.9842169515086827,-0.4154341105949063,-0.023315130450743515,100,200,True
mariposa,MARIPOSA-motivated,0.6,cEI-tMSE,cEI–tMSE hybrid,secondary,cKG minus cEI–tMSE hybrid,false_admissions,Final false admissions,doses,0.77,0.2880989588683203,1.9842169515086827,0.19834916210147613,1.341650837898524,100,200,True
mariposa,MARIPOSA-motivated,0.6,cEI-tMSE,cEI–tMSE hybrid,secondary,cKG minus cEI–tMSE hybrid,feasible_recall_pct,Feasible-dose recall,percentage points,-0.8333333333333336,1.8592025827411276,1.9842169515086827,-4.522394614297004,2.8557279476303363,100,200,True
mariposa,MARIPOSA-motivated,0.6,cEI-tMSE,cEI–tMSE hybrid,secondary,cKG minus cEI–tMSE hybrid,gate_precision_pct,Admitted-dose precision | nonempty gate,percentage points,-3.1238232489979025,1.2501763922151143,1.9842169515086827,-5.6044444388071,-0.6432020591887051,100,200,True
mariposa,MARIPOSA-motivated,0.6,cEI-tMSE,cEI–tMSE hybrid,secondary,cKG minus cEI–tMSE hybrid,final_empty_gate_pct,Final empty gate,percentage points,0.0,0.0,1.9842169515086827,0.0,0.0,100,200,True
mariposa,MARIPOSA-motivated,0.6,cEI-tMSE,cEI–tMSE hybrid,secondary,cKG minus cEI–tMSE hybrid,obd_feasibility_pct,Feasibility probability at nearest OBD panel dose,percentage points,9.590285505122358,3.377772539792319,1.9842169515086827,2.8880519733259016,16.292519036918815,100,200,True
mariposa,MARIPOSA-motivated,0.6,cEI-tMSE,cEI–tMSE hybrid,secondary,cKG minus cEI–tMSE hybrid,obd_posterior_sd,Toxicity posterior SD at nearest OBD panel dose,toxicity units,0.09799597010632548,0.014009890681549666,1.9842169515086827,0.0701973075272111,0.12579463268543986,100,200,True
mariposa,MARIPOSA-motivated,0.7,tmse,tMSE-only,principal_boundary,cKG minus tMSE-only,recommendation_pct,Recommendation probability,percentage points,0.0,0.0,1.9842169515086827,0.0,0.0,100,200,True
mariposa,MARIPOSA-motivated,0.7,tmse,tMSE-only,principal_boundary,cKG minus tMSE-only,recommended_efficacy,Recommended efficacy | recommend,efficacy units,-0.6863497729744518,0.6176740267713716,1.9842169515086827,-1.9119490474008352,0.5392495014519317,100,200,True
mariposa,MARIPOSA-motivated,0.7,tmse,tMSE-only,principal_boundary,cKG minus tMSE-only,dose_location_error,Dose-location error | recommend,dose-grid units,0.018467689035964095,0.10733915259430205,1.9842169515086827,-0.19451647710222722,0.23145185517415542,100,200,True
mariposa,MARIPOSA-motivated,0.7,tmse,tMSE-only,principal_boundary,cKG minus tMSE-only,false_admissions,Final false admissions,doses,0.88,0.19242209495341908,1.9842169515086827,0.49819281734861254,1.2618071826513875,100,200,True
mariposa,MARIPOSA-motivated,0.7,tmse,tMSE-only,principal_boundary,cKG minus tMSE-only,feasible_recall_pct,Feasible-dose recall,percentage points,-2.8333333333333326,1.9462393511389309,1.9842169515086827,-6.6950944455564585,1.0284277788897933,100,200,True
mariposa,MARIPOSA-motivated,0.7,tmse,tMSE-only,principal_boundary,cKG minus tMSE-only,gate_precision_pct,Admitted-dose precision | nonempty gate,percentage points,-4.248380553055476,0.8886881680097659,1.9842169515086827,-6.01173068062565,-2.485030425485302,100,200,True
mariposa,MARIPOSA-motivated,0.7,tmse,tMSE-only,principal_boundary,cKG minus tMSE-only,final_empty_gate_pct,Final empty gate,percentage points,0.0,0.0,1.9842169515086827,0.0,0.0,100,200,True
mariposa,MARIPOSA-motivated,0.7,tmse,tMSE-only,principal_boundary,cKG minus tMSE-only,obd_feasibility_pct,Feasibility probability at nearest OBD panel dose,percentage points,8.267634308176333,3.452846797611625,1.9842169515086827,1.416437161392878,15.118831454959789,100,200,True
mariposa,MARIPOSA-motivated,0.7,tmse,tMSE-only,principal_boundary,cKG minus tMSE-only,obd_posterior_sd,Toxicity posterior SD at nearest OBD panel dose,toxicity units,0.13321859133286945,0.014574382418119498,1.9842169515086827,0.10429985468106664,0.16213732798467226,100,200,True
mariposa,MARIPOSA-motivated,0.7,qBIG,Entropy reduction,principal_boundary,cKG minus Entropy reduction,recommendation_pct,Recommendation probability,percentage points,0.0,0.0,1.9842169515086827,0.0,0.0,100,200,True
mariposa,MARIPOSA-motivated,0.7,qBIG,Entropy reduction,principal_boundary,cKG minus Entropy reduction,recommended_efficacy,Recommended efficacy | recommend,efficacy units,-0.5296232202364076,0.756247236218986,1.9842169515086827,-2.0301818058737107,0.9709353654008955,100,200,True
mariposa,MARIPOSA-motivated,0.7,qBIG,Entropy reduction,principal_boundary,cKG minus Entropy reduction,dose_location_error,Dose-location error | recommend,dose-grid units,-0.0233733509938088,0.11278454989789824,1.9842169515086827,-0.24716236676949535,0.20041566478187775,100,200,True
mariposa,MARIPOSA-motivated,0.7,qBIG,Entropy reduction,principal_boundary,cKG minus Entropy reduction,false_admissions,Final false admissions,doses,-0.02,0.28849312440382846,1.9842169515086827,-0.5924329478357797,0.5524329478357797,100,200,True
mariposa,MARIPOSA-motivated,0.7,qBIG,Entropy reduction,principal_boundary,cKG minus Entropy reduction,feasible_recall_pct,Feasible-dose recall,percentage points,-2.333333333333333,2.001028542109644,1.9842169515086827,-6.303808087039995,1.6371414203733288,100,200,True
mariposa,MARIPOSA-motivated,0.7,qBIG,Entropy reduction,principal_boundary,cKG minus Entropy reduction,gate_precision_pct,Admitted-dose precision | nonempty gate,percentage points,-0.1061442837311062,1.250464328495604,1.9842169515086827,-2.587336801589006,2.3750482341267936,100,200,True
mariposa,MARIPOSA-motivated,0.7,qBIG,Entropy reduction,principal_boundary,cKG minus Entropy reduction,final_empty_gate_pct,Final empty gate,percentage points,0.0,0.0,1.9842169515086827,0.0,0.0,100,200,True
mariposa,MARIPOSA-motivated,0.7,qBIG,Entropy reduction,principal_boundary,cKG minus Entropy reduction,obd_feasibility_pct,Feasibility probability at nearest OBD panel dose,percentage points,0.06733254915539093,3.372991721701896,1.9842169515086827,-6.625414802343968,6.76007990065475,100,200,True
mariposa,MARIPOSA-motivated,0.7,qBIG,Entropy reduction,principal_boundary,cKG minus Entropy reduction,obd_posterior_sd,Toxicity posterior SD at nearest OBD panel dose,toxicity units,0.14844357914950096,0.018302010486314343,1.9842169515086827,0.11212841969586637,0.18475873860313555,100,200,True
mariposa,MARIPOSA-motivated,0.7,cEI,cEI,secondary,cKG minus cEI,recommendation_pct,Recommendation probability,percentage points,0.0,0.0,1.9842169515086827,0.0,0.0,100,200,True
mariposa,MARIPOSA-motivated,0.7,cEI,cEI,secondary,cKG minus cEI,recommended_efficacy,Recommended efficacy | recommend,efficacy units,4.172462669674903,0.7136601760747936,1.9842169515086827,2.756406050690627,5.58851928865918,100,200,True
mariposa,MARIPOSA-motivated,0.7,cEI,cEI,secondary,cKG minus cEI,dose_location_error,Dose-location error | recommend,dose-grid units,-0.3286014677808266,0.10776404728725639,1.9842169515086827,-0.542428717171384,-0.11477421839026922,100,200,True
mariposa,MARIPOSA-motivated,0.7,cEI,cEI,secondary,cKG minus cEI,false_admissions,Final false admissions,doses,-3.15,0.34270905291441445,1.9842169515086827,-3.830009112228267,-2.4699908877717327,100,200,True
mariposa,MARIPOSA-motivated,0.7,cEI,cEI,secondary,cKG minus cEI,feasible_recall_pct,Feasible-dose recall,percentage points,-5.1111111111111125,2.267606151992929,1.9842169515086827,-9.610533677240857,-0.6116885449813676,100,200,True
mariposa,MARIPOSA-motivated,0.7,cEI,cEI,secondary,cKG minus cEI,gate_precision_pct,Admitted-dose precision | nonempty gate,percentage points,12.0894564078852,1.4077924644831359,1.9842169515086827,9.296090735651577,14.882822080118823,100,200,True
mariposa,MARIPOSA-motivated,0.7,cEI,cEI,secondary,cKG minus cEI,final_empty_gate_pct,Final empty gate,percentage points,0.0,0.0,1.9842169515086827,0.0,0.0,100,200,True
mariposa,MARIPOSA-motivated,0.7,cEI,cEI,secondary,cKG minus cEI,obd_feasibility_pct,Feasibility probability at nearest OBD panel dose,percentage points,-15.500240227800287,2.742262725499488,1.9842169515086827,-20.94148441322677,-10.058996042373803,100,200,True
mariposa,MARIPOSA-motivated,0.7,cEI,cEI,secondary,cKG minus cEI,obd_posterior_sd,Toxicity posterior SD at nearest OBD panel dose,toxicity units,0.11760950777400386,0.025526990178017923,1.9842169515086827,0.06695842114178505,0.16826059440622268,100,200,True
mariposa,MARIPOSA-motivated,0.7,cEI-tMSE,cEI–tMSE hybrid,secondary,cKG minus cEI–tMSE hybrid,recommendation_pct,Recommendation probability,percentage points,0.0,0.0,1.9842169515086827,0.0,0.0,100,200,True
mariposa,MARIPOSA-motivated,0.7,cEI-tMSE,cEI–tMSE hybrid,secondary,cKG minus cEI–tMSE hybrid,recommended_efficacy,Recommended efficacy | recommend,efficacy units,0.48494288406159825,0.6318369663675533,1.9842169515086827,-0.7687587351947224,1.7386445033179188,100,200,True
mariposa,MARIPOSA-motivated,0.7,cEI-tMSE,cEI–tMSE hybrid,secondary,cKG minus cEI–tMSE hybrid,dose_location_error,Dose-location error | recommend,dose-grid units,-0.05548906869847642,0.11151389313198576,1.9842169515086827,-0.27675682577969024,0.1657786883827374,100,200,True
mariposa,MARIPOSA-motivated,0.7,cEI-tMSE,cEI–tMSE hybrid,secondary,cKG minus cEI–tMSE hybrid,false_admissions,Final false admissions,doses,0.62,0.23517884877065565,1.9842169515086827,0.15335414163296812,1.086645858367032,100,200,True
mariposa,MARIPOSA-motivated,0.7,cEI-tMSE,cEI–tMSE hybrid,secondary,cKG minus cEI–tMSE hybrid,feasible_recall_pct,Feasible-dose recall,percentage points,-1.0555555555555554,2.151939936884067,1.9842169515086827,-5.325471256949445,3.2143601458383344,100,200,True
mariposa,MARIPOSA-motivated,0.7,cEI-tMSE,cEI–tMSE hybrid,secondary,cKG minus cEI–tMSE hybrid,gate_precision_pct,Admitted-dose precision | nonempty gate,percentage points,-3.0755672698474563,1.036901983576658,1.9842169515086827,-5.133005762713239,-1.018128776981674,100,200,True
mariposa,MARIPOSA-motivated,0.7,cEI-tMSE,cEI–tMSE hybrid,secondary,cKG minus cEI–tMSE hybrid,final_empty_gate_pct,Final empty gate,percentage points,0.0,0.0,1.9842169515086827,0.0,0.0,100,200,True
mariposa,MARIPOSA-motivated,0.7,cEI-tMSE,cEI–tMSE hybrid,secondary,cKG minus cEI–tMSE hybrid,obd_feasibility_pct,Feasibility probability at nearest OBD panel dose,percentage points,6.417387915129559,2.983415240137293,1.9842169515086827,0.49764482225979556,12.337131007999323,100,200,True
mariposa,MARIPOSA-motivated,0.7,cEI-tMSE,cEI–tMSE hybrid,secondary,cKG minus cEI–tMSE hybrid,obd_posterior_sd,Toxicity posterior SD at nearest OBD panel dose,toxicity units,0.09379347174039579,0.016118136662509337,1.9842169515086827,0.061811591747911176,0.1257753517328804,100,200,True
mariposa,MARIPOSA-motivated,0.8,tmse,tMSE-only,principal_boundary,cKG minus tMSE-only,recommendation_pct,Recommendation probability,percentage points,0.0,0.0,1.9842169515086827,0.0,0.0,100,200,True
mariposa,MARIPOSA-motivated,0.8,tmse,tMSE-only,principal_boundary,cKG minus tMSE-only,recommended_efficacy,Recommended efficacy | recommend,efficacy units,-1.5830142444101565,0.6833916768698074,1.9842169515086827,-2.9390115941751724,-0.22701689464514052,100,200,True
mariposa,MARIPOSA-motivated,0.8,tmse,tMSE-only,principal_boundary,cKG minus tMSE-only,dose_location_error,Dose-location error | recommend,dose-grid units,0.2846834961179702,0.11895507588418794,1.9842169515086827,0.04865081808056282,0.5207161741553776,100,200,True
mariposa,MARIPOSA-motivated,0.8,tmse,tMSE-only,principal_boundary,cKG minus tMSE-only,false_admissions,Final false admissions,doses,0.53,0.21483138795931392,1.9842169515086827,0.10372791829499106,0.956272081705009,100,200,True
mariposa,MARIPOSA-motivated,0.8,tmse,tMSE-only,principal_boundary,cKG minus tMSE-only,feasible_recall_pct,Feasible-dose recall,percentage points,-3.0555555555555554,2.3134676214431376,1.9842169515086827,-7.645977226789501,1.5348661156783905,100,200,True
mariposa,MARIPOSA-motivated,0.8,tmse,tMSE-only,principal_boundary,cKG minus tMSE-only,gate_precision_pct,Admitted-dose precision | nonempty gate,percentage points,-2.561449716284822,0.9823662605586954,1.9842169515086827,-4.510677503075581,-0.6122219294940634,100,200,True
mariposa,MARIPOSA-motivated,0.8,tmse,tMSE-only,principal_boundary,cKG minus tMSE-only,final_empty_gate_pct,Final empty gate,percentage points,0.0,0.0,1.9842169515086827,0.0,0.0,100,200,True
mariposa,MARIPOSA-motivated,0.8,tmse,tMSE-only,principal_boundary,cKG minus tMSE-only,obd_feasibility_pct,Feasibility probability at nearest OBD panel dose,percentage points,4.902853292440523,2.634088593138334,1.9842169515086827,-0.323749945840218,10.129456530721264,100,200,True
mariposa,MARIPOSA-motivated,0.8,tmse,tMSE-only,principal_boundary,cKG minus tMSE-only,obd_posterior_sd,Toxicity posterior SD at nearest OBD panel dose,toxicity units,0.13152465237825256,0.017419700126156734,1.9842169515086827,0.09696018809773443,0.16608911665877069,100,200,True
mariposa,MARIPOSA-motivated,0.8,qBIG,Entropy reduction,principal_boundary,cKG minus Entropy reduction,recommendation_pct,Recommendation probability,percentage points,0.0,0.0,1.9842169515086827,0.0,0.0,100,200,True
mariposa,MARIPOSA-motivated,0.8,qBIG,Entropy reduction,principal_boundary,cKG minus Entropy reduction,recommended_efficacy,Recommended efficacy | recommend,efficacy units,-0.6440662560946981,0.7262836058348527,1.9842169515086827,-2.0851704983950636,0.7970379862056671,100,200,True
mariposa,MARIPOSA-motivated,0.8,qBIG,Entropy reduction,principal_boundary,cKG minus Entropy reduction,dose_location_error,Dose-location error | recommend,dose-grid units,0.027281884931856883,0.1166086575281146,1.9842169515086827,-0.20409499002809867,0.2586587598918124,100,200,True
mariposa,MARIPOSA-motivated,0.8,qBIG,Entropy reduction,principal_boundary,cKG minus Entropy reduction,false_admissions,Final false admissions,doses,0.04,0.2187752871387129,1.9842169515086827,-0.39409763331181363,0.4740976333118136,100,200,True
mariposa,MARIPOSA-motivated,0.8,qBIG,Entropy reduction,principal_boundary,cKG minus Entropy reduction,feasible_recall_pct,Feasible-dose recall,percentage points,-4.111111111111111,2.03415774471655,1.9842169515086827,-8.147321390220363,-0.07490083200185982,100,200,True
mariposa,MARIPOSA-motivated,0.8,qBIG,Entropy reduction,principal_boundary,cKG minus Entropy reduction,gate_precision_pct,Admitted-dose precision | nonempty gate,percentage points,-0.762465133616029,0.9820536707969352,1.9842169515086827,-2.7110726745026352,1.186142407270577,100,200,True
mariposa,MARIPOSA-motivated,0.8,qBIG,Entropy reduction,principal_boundary,cKG minus Entropy reduction,final_empty_gate_pct,Final empty gate,percentage points,0.0,0.0,1.9842169515086827,0.0,0.0,100,200,True
mariposa,MARIPOSA-motivated,0.8,qBIG,Entropy reduction,principal_boundary,cKG minus Entropy reduction,obd_feasibility_pct,Feasibility probability at nearest OBD panel dose,percentage points,0.19260781313019834,2.434460585888754,1.9842169515086827,-4.637890149170027,5.023105775430424,100,200,True
mariposa,MARIPOSA-motivated,0.8,qBIG,Entropy reduction,principal_boundary,cKG minus Entropy reduction,obd_posterior_sd,Toxicity posterior SD at nearest OBD panel dose,toxicity units,0.12380588900232915,0.016161362176151706,1.9842169515086827,0.0917382402129377,0.1558735377917206,100,200,True
mariposa,MARIPOSA-motivated,0.8,cEI,cEI,secondary,cKG minus cEI,recommendation_pct,Recommendation probability,percentage points,0.0,0.0,1.9842169515086827,0.0,0.0,100,200,True
mariposa,MARIPOSA-motivated,0.8,cEI,cEI,secondary,cKG minus cEI,recommended_efficacy,Recommended efficacy | recommend,efficacy units,3.4631867418895665,0.7338690046295746,1.9842169515086827,2.0070314227167607,4.919342061062372,100,200,True
mariposa,MARIPOSA-motivated,0.8,cEI,cEI,secondary,cKG minus cEI,dose_location_error,Dose-location error | recommend,dose-grid units,-0.17299581693739619,0.10005151791372428,1.9842169515086827,-0.37151973480598255,0.02552810093119018,100,200,True
mariposa,MARIPOSA-motivated,0.8,cEI,cEI,secondary,cKG minus cEI,false_admissions,Final false admissions,doses,-3.11,0.35158946445414363,1.9842169515086827,-3.807629775341771,-2.4123702246582286,100,200,True
mariposa,MARIPOSA-motivated,0.8,cEI,cEI,secondary,cKG minus cEI,feasible_recall_pct,Feasible-dose recall,percentage points,-7.888888888888891,2.502249891700224,1.9842169515086827,-12.85389554091124,-2.9238822368665414,100,200,True
mariposa,MARIPOSA-motivated,0.8,cEI,cEI,secondary,cKG minus cEI,gate_precision_pct,Admitted-dose precision | nonempty gate,percentage points,12.247972177013098,1.4853680664121494,1.9842169515086827,9.300679680408436,15.19526467361776,100,200,True
mariposa,MARIPOSA-motivated,0.8,cEI,cEI,secondary,cKG minus cEI,final_empty_gate_pct,Final empty gate,percentage points,0.0,0.0,1.9842169515086827,0.0,0.0,100,200,True
mariposa,MARIPOSA-motivated,0.8,cEI,cEI,secondary,cKG minus cEI,obd_feasibility_pct,Feasibility probability at nearest OBD panel dose,percentage points,-17.19014610001666,2.6072212594212134,1.9842169515086827,-22.363438719294045,-12.01685348073927,100,200,True
mariposa,MARIPOSA-motivated,0.8,cEI,cEI,secondary,cKG minus cEI,obd_posterior_sd,Toxicity posterior SD at nearest OBD panel dose,toxicity units,0.1410890427709939,0.024469682738397808,1.9842169515086827,0.09253588348342556,0.18964220205856225,100,200,True
mariposa,MARIPOSA-motivated,0.8,cEI-tMSE,cEI–tMSE hybrid,secondary,cKG minus cEI–tMSE hybrid,recommendation_pct,Recommendation probability,percentage points,0.0,0.0,1.9842169515086827,0.0,0.0,100,200,True
mariposa,MARIPOSA-motivated,0.8,cEI-tMSE,cEI–tMSE hybrid,secondary,cKG minus cEI–tMSE hybrid,recommended_efficacy,Recommended efficacy | recommend,efficacy units,0.5728727256579965,0.713637853716982,1.9842169515086827,-0.8431396009255127,1.9888850522415056,100,200,True
mariposa,MARIPOSA-motivated,0.8,cEI-tMSE,cEI–tMSE hybrid,secondary,cKG minus cEI–tMSE hybrid,dose_location_error,Dose-location error | recommend,dose-grid units,0.021007791030804617,0.11270698521581782,1.9842169515086827,-0.2026273195878596,0.2446429016494688,100,200,True
mariposa,MARIPOSA-motivated,0.8,cEI-tMSE,cEI–tMSE hybrid,secondary,cKG minus cEI–tMSE hybrid,false_admissions,Final false admissions,doses,0.53,0.22085920374480178,1.9842169515086827,0.09176742403285437,0.9682325759671457,100,200,True
mariposa,MARIPOSA-motivated,0.8,cEI-tMSE,cEI–tMSE hybrid,secondary,cKG minus cEI–tMSE hybrid,feasible_recall_pct,Feasible-dose recall,percentage points,-1.1666666666666663,2.306611727848936,1.9842169515086827,-5.743484757613257,3.410151424279925,100,200,True
mariposa,MARIPOSA-motivated,0.8,cEI-tMSE,cEI–tMSE hybrid,secondary,cKG minus cEI–tMSE hybrid,gate_precision_pct,Admitted-dose precision | nonempty gate,percentage points,-2.534388208784616,1.0595807519092655,1.984467454426692,-4.637091726285517,-0.4316846912837158,99,198,True
mariposa,MARIPOSA-motivated,0.8,cEI-tMSE,cEI–tMSE hybrid,secondary,cKG minus cEI–tMSE hybrid,final_empty_gate_pct,Final empty gate,percentage points,-1.0,1.0,1.9842169515086827,-2.9842169515086825,0.9842169515086827,100,200,True
mariposa,MARIPOSA-motivated,0.8,cEI-tMSE,cEI–tMSE hybrid,secondary,cKG minus cEI–tMSE hybrid,obd_feasibility_pct,Feasibility probability at nearest OBD panel dose,percentage points,5.443248593299289,2.8644883266300045,1.9842169515086827,-0.2405177017987059,11.127014888397284,100,200,True
mariposa,MARIPOSA-motivated,0.8,cEI-tMSE,cEI–tMSE hybrid,secondary,cKG minus cEI–tMSE hybrid,obd_posterior_sd,Toxicity posterior SD at nearest OBD panel dose,toxicity units,0.08349166229961423,0.01772478023729543,1.9842169515086827,0.04832185289100655,0.11866147170822192,100,200,True
mariposa,MARIPOSA-motivated,0.9,tmse,tMSE-only,principal_boundary,cKG minus tMSE-only,recommendation_pct,Recommendation probability,percentage points,0.0,0.0,1.9842169515086827,0.0,0.0,100,200,True
mariposa,MARIPOSA-motivated,0.9,tmse,tMSE-only,principal_boundary,cKG minus tMSE-only,recommended_efficacy,Recommended efficacy | recommend,efficacy units,-0.6694327745417329,0.6636161069274137,1.9842169515086827,-1.9861911032013055,0.6473255541178399,100,200,True
mariposa,MARIPOSA-motivated,0.9,tmse,tMSE-only,principal_boundary,cKG minus tMSE-only,dose_location_error,Dose-location error | recommend,dose-grid units,0.09005788436222,0.09363462763766284,1.9842169515086827,-0.09573353104463402,0.275849299769074,100,200,True
mariposa,MARIPOSA-motivated,0.9,tmse,tMSE-only,principal_boundary,cKG minus tMSE-only,false_admissions,Final false admissions,doses,0.39,0.14695220139538395,1.9842169515086827,0.09841495092976127,0.6815850490702388,100,200,True
mariposa,MARIPOSA-motivated,0.9,tmse,tMSE-only,principal_boundary,cKG minus tMSE-only,feasible_recall_pct,Feasible-dose recall,percentage points,3.2777777777777772,2.034885610130211,1.9842169515086827,-0.7598767442236753,7.31543229977923,100,200,True
mariposa,MARIPOSA-motivated,0.9,tmse,tMSE-only,principal_boundary,cKG minus tMSE-only,gate_precision_pct,Admitted-dose precision | nonempty gate,percentage points,-1.5957162620959904,0.6468646725870618,1.9842169515086827,-2.879236110775352,-0.3121964134166284,100,200,True
mariposa,MARIPOSA-motivated,0.9,tmse,tMSE-only,principal_boundary,cKG minus tMSE-only,final_empty_gate_pct,Final empty gate,percentage points,0.0,0.0,1.9842169515086827,0.0,0.0,100,200,True
mariposa,MARIPOSA-motivated,0.9,tmse,tMSE-only,principal_boundary,cKG minus tMSE-only,obd_feasibility_pct,Feasibility probability at nearest OBD panel dose,percentage points,8.986851685746956,2.582936278791622,1.9842169515086827,3.861745736701863,14.111957634792049,100,200,True
mariposa,MARIPOSA-motivated,0.9,tmse,tMSE-only,principal_boundary,cKG minus tMSE-only,obd_posterior_sd,Toxicity posterior SD at nearest OBD panel dose,toxicity units,0.053146022136573066,0.01559831696088527,1.9842169515086827,0.022195577207779114,0.08409646706536703,100,200,True
mariposa,MARIPOSA-motivated,0.9,qBIG,Entropy reduction,principal_boundary,cKG minus Entropy reduction,recommendation_pct,Recommendation probability,percentage points,0.0,0.0,1.9842169515086827,0.0,0.0,100,200,True
mariposa,MARIPOSA-motivated,0.9,qBIG,Entropy reduction,principal_boundary,cKG minus Entropy reduction,recommended_efficacy,Recommended efficacy | recommend,efficacy units,-0.19598227026870849,0.6975611138323836,1.9842169515086827,-1.5800948570482019,1.188130316510785,100,200,True
mariposa,MARIPOSA-motivated,0.9,qBIG,Entropy reduction,principal_boundary,cKG minus Entropy reduction,dose_location_error,Dose-location error | recommend,dose-grid units,-0.16412849247248176,0.10010358328923721,1.9842169515086827,-0.36275571934174755,0.034498734396784025,100,200,True
mariposa,MARIPOSA-motivated,0.9,qBIG,Entropy reduction,principal_boundary,cKG minus Entropy reduction,false_admissions,Final false admissions,doses,-0.13,0.2325332603558406,1.9842169515086827,-0.5913964369876409,0.3313964369876409,100,200,True
mariposa,MARIPOSA-motivated,0.9,qBIG,Entropy reduction,principal_boundary,cKG minus Entropy reduction,feasible_recall_pct,Feasible-dose recall,percentage points,-1.4444444444444442,2.430759571363914,1.9842169515086827,-6.2675987909867015,3.3787099020978135,100,200,True
mariposa,MARIPOSA-motivated,0.9,qBIG,Entropy reduction,principal_boundary,cKG minus Entropy reduction,gate_precision_pct,Admitted-dose precision | nonempty gate,percentage points,0.47838275378321143,0.9673774443485218,1.9842169515086827,-1.4411039698002728,2.3978694773666955,100,200,True
mariposa,MARIPOSA-motivated,0.9,qBIG,Entropy reduction,principal_boundary,cKG minus Entropy reduction,final_empty_gate_pct,Final empty gate,percentage points,0.0,0.0,1.9842169515086827,0.0,0.0,100,200,True
mariposa,MARIPOSA-motivated,0.9,qBIG,Entropy reduction,principal_boundary,cKG minus Entropy reduction,obd_feasibility_pct,Feasibility probability at nearest OBD panel dose,percentage points,3.1357279718213658,2.1941809081944283,1.9842169515086827,-1.2180029808947355,7.489458924537467,100,200,True
mariposa,MARIPOSA-motivated,0.9,qBIG,Entropy reduction,principal_boundary,cKG minus Entropy reduction,obd_posterior_sd,Toxicity posterior SD at nearest OBD panel dose,toxicity units,0.07188802709428273,0.019574413372032473,1.9842169515086827,0.03304814426565766,0.11072790992290779,100,200,True
mariposa,MARIPOSA-motivated,0.9,cEI,cEI,secondary,cKG minus cEI,recommendation_pct,Recommendation probability,percentage points,0.0,0.0,1.9842169515086827,0.0,0.0,100,200,True
mariposa,MARIPOSA-motivated,0.9,cEI,cEI,secondary,cKG minus cEI,recommended_efficacy,Recommended efficacy | recommend,efficacy units,3.091835450352304,0.7849103940183794,1.9842169515086827,1.5344029411256763,4.649267959578932,100,200,True
mariposa,MARIPOSA-motivated,0.9,cEI,cEI,secondary,cKG minus cEI,dose_location_error,Dose-location error | recommend,dose-grid units,-0.32319631747227917,0.10189322499110794,1.9842169515086827,-0.5253745817435237,-0.12101805320103465,100,200,True
mariposa,MARIPOSA-motivated,0.9,cEI,cEI,secondary,cKG minus cEI,false_admissions,Final false admissions,doses,-2.89,0.33751767630478535,1.9842169515086827,-3.5597082947577756,-2.2202917052422246,100,200,True
mariposa,MARIPOSA-motivated,0.9,cEI,cEI,secondary,cKG minus cEI,feasible_recall_pct,Feasible-dose recall,percentage points,-7.111111111111111,2.985060695368152,1.9842169515086827,-13.034119144142895,-1.188103078079327,100,200,True
mariposa,MARIPOSA-motivated,0.9,cEI,cEI,secondary,cKG minus cEI,gate_precision_pct,Admitted-dose precision | nonempty gate,percentage points,11.750752606153064,1.3768710331525178,1.9842169515086827,9.018741762130565,14.482763450175563,100,200,True
mariposa,MARIPOSA-motivated,0.9,cEI,cEI,secondary,cKG minus cEI,final_empty_gate_pct,Final empty gate,percentage points,0.0,0.0,1.9842169515086827,0.0,0.0,100,200,True
mariposa,MARIPOSA-motivated,0.9,cEI,cEI,secondary,cKG minus cEI,obd_feasibility_pct,Feasibility probability at nearest OBD panel dose,percentage points,-13.990667855788502,2.578074332393893,1.9842169515086827,-19.106126648373895,-8.875209063203108,100,200,True
mariposa,MARIPOSA-motivated,0.9,cEI,cEI,secondary,cKG minus cEI,obd_posterior_sd,Toxicity posterior SD at nearest OBD panel dose,toxicity units,0.13116771796989166,0.02318312965173548,1.9842169515086827,0.08516735912589454,0.17716807681388877,100,200,True
mariposa,MARIPOSA-motivated,0.9,cEI-tMSE,cEI–tMSE hybrid,secondary,cKG minus cEI–tMSE hybrid,recommendation_pct,Recommendation probability,percentage points,0.0,0.0,1.9842169515086827,0.0,0.0,100,200,True
mariposa,MARIPOSA-motivated,0.9,cEI-tMSE,cEI–tMSE hybrid,secondary,cKG minus cEI–tMSE hybrid,recommended_efficacy,Recommended efficacy | recommend,efficacy units,1.2140720971169303,0.8859181209405044,1.9842169515086827,-0.5437816561019377,2.9719258503357984,100,200,True
mariposa,MARIPOSA-motivated,0.9,cEI-tMSE,cEI–tMSE hybrid,secondary,cKG minus cEI–tMSE hybrid,dose_location_error,Dose-location error | recommend,dose-grid units,-0.23576124347355892,0.10596604433304227,1.9842169515086827,-0.446020864923502,-0.02550162202361586,100,200,True
mariposa,MARIPOSA-motivated,0.9,cEI-tMSE,cEI–tMSE hybrid,secondary,cKG minus cEI–tMSE hybrid,false_admissions,Final false admissions,doses,0.27,0.15364592642524144,1.9842169515086827,-0.03486685174321991,0.5748668517432199,100,200,True
mariposa,MARIPOSA-motivated,0.9,cEI-tMSE,cEI–tMSE hybrid,secondary,cKG minus cEI–tMSE hybrid,feasible_recall_pct,Feasible-dose recall,percentage points,4.388888888888888,2.731140479770206,1.9842169515086827,-1.0302863480227114,9.808064125800488,100,200,True
mariposa,MARIPOSA-motivated,0.9,cEI-tMSE,cEI–tMSE hybrid,secondary,cKG minus cEI–tMSE hybrid,gate_precision_pct,Admitted-dose precision | nonempty gate,percentage points,-1.0548029494024918,0.6945434158080622,1.9842169515086827,-2.4329277686075925,0.323321869802609,100,200,True
mariposa,MARIPOSA-motivated,0.9,cEI-tMSE,cEI–tMSE hybrid,secondary,cKG minus cEI–tMSE hybrid,final_empty_gate_pct,Final empty gate,percentage points,0.0,0.0,1.9842169515086827,0.0,0.0,100,200,True
mariposa,MARIPOSA-motivated,0.9,cEI-tMSE,cEI–tMSE hybrid,secondary,cKG minus cEI–tMSE hybrid,obd_feasibility_pct,Feasibility probability at nearest OBD panel dose,percentage points,6.980586355521677,2.8718756875261455,1.9842169515086827,1.2821619337066457,12.679010777336707,100,200,True
mariposa,MARIPOSA-motivated,0.9,cEI-tMSE,cEI–tMSE hybrid,secondary,cKG minus cEI–tMSE hybrid,obd_posterior_sd,Toxicity posterior SD at nearest OBD panel dose,toxicity units,0.030928285986006488,0.016980086747158944,1.9842169515086827,-0.0027638899757942183,0.0646204619478072,100,200,True
gbump,Gaussian bump,0.5,tmse,tMSE-only,principal_boundary,cKG minus tMSE-only,recommendation_pct,Recommendation probability,percentage points,0.0,0.0,1.971956544249395,0.0,0.0,200,400,True
gbump,Gaussian bump,0.5,tmse,tMSE-only,principal_boundary,cKG minus tMSE-only,recommended_efficacy,Recommended efficacy | recommend,efficacy units,0.25408931142118635,0.08045154666894912,1.971956544249395,0.09544235747236654,0.4127362653700062,200,400,True
gbump,Gaussian bump,0.5,tmse,tMSE-only,principal_boundary,cKG minus tMSE-only,dose_location_error,Dose-location error | recommend,dose-grid units,-0.05658782554046954,0.04885776533770999,1.971956544249395,-0.152933215635568,0.03975756455462892,200,400,True
gbump,Gaussian bump,0.5,tmse,tMSE-only,principal_boundary,cKG minus tMSE-only,false_admissions,Final false admissions,doses,0.3325,0.08161971353901552,1.971956544249395,0.1715494717469774,0.4934505282530226,200,400,True
gbump,Gaussian bump,0.5,tmse,tMSE-only,principal_boundary,cKG minus tMSE-only,feasible_recall_pct,Feasible-dose recall,percentage points,-1.0,1.3487384762758623,1.971956544249395,-3.659653664773144,1.6596536647731441,200,400,True
gbump,Gaussian bump,0.5,tmse,tMSE-only,principal_boundary,cKG minus tMSE-only,gate_precision_pct,Admitted-dose precision | nonempty gate,percentage points,-5.53568827006327,1.2813807673039184,1.9736124619498971,-8.064637320917205,-3.006739219209335,176,318,True
gbump,Gaussian bump,0.5,tmse,tMSE-only,principal_boundary,cKG minus tMSE-only,final_empty_gate_pct,Final empty gate,percentage points,3.75,1.6218320492516787,1.971956544249395,0.5518176768047454,6.948182323195255,200,400,True
gbump,Gaussian bump,0.5,tmse,tMSE-only,principal_boundary,cKG minus tMSE-only,obd_feasibility_pct,Feasibility probability at nearest OBD panel dose,percentage points,0.6914083777232127,1.4427804990971136,1.971956544249395,-2.1536920693867487,3.536508824833174,200,400,True
gbump,Gaussian bump,0.5,tmse,tMSE-only,principal_boundary,cKG minus tMSE-only,obd_posterior_sd,Toxicity posterior SD at nearest OBD panel dose,toxicity units,-0.013090647268303841,0.014450537325747437,1.971956544249395,-0.04158647891573165,0.015405184379123967,200,400,True
gbump,Gaussian bump,0.5,qBIG,Entropy reduction,principal_boundary,cKG minus Entropy reduction,recommendation_pct,Recommendation probability,percentage points,0.0,0.0,1.971956544249395,0.0,0.0,200,400,True
gbump,Gaussian bump,0.5,qBIG,Entropy reduction,principal_boundary,cKG minus Entropy reduction,recommended_efficacy,Recommended efficacy | recommend,efficacy units,-0.0802748828001857,0.08759062096499572,1.971956544249395,-0.25299978102697723,0.09245001542660584,200,400,True
gbump,Gaussian bump,0.5,qBIG,Entropy reduction,principal_boundary,cKG minus Entropy reduction,dose_location_error,Dose-location error | recommend,dose-grid units,0.10501249682458677,0.05694290519142724,1.971956544249395,-0.00727643771622101,0.21730143136539454,200,400,True
gbump,Gaussian bump,0.5,qBIG,Entropy reduction,principal_boundary,cKG minus Entropy reduction,false_admissions,Final false admissions,doses,-1.12,0.2214967359129712,1.971956544249395,-1.5567819379134638,-0.6832180620865366,200,400,True
gbump,Gaussian bump,0.5,qBIG,Entropy reduction,principal_boundary,cKG minus Entropy reduction,feasible_recall_pct,Feasible-dose recall,percentage points,-8.225,1.6222764187691543,1.971956544249395,-11.424058600573305,-5.025941399426694,200,400,True
gbump,Gaussian bump,0.5,qBIG,Entropy reduction,principal_boundary,cKG minus Entropy reduction,gate_precision_pct,Admitted-dose precision | nonempty gate,percentage points,3.670756098729615,1.4395818989626281,1.973534387701743,0.8296917172138922,6.511820480245338,177,317,True
gbump,Gaussian bump,0.5,qBIG,Entropy reduction,principal_boundary,cKG minus Entropy reduction,final_empty_gate_pct,Final empty gate,percentage points,4.25,1.799549776189846,1.971956544249395,0.7013660421398993,7.798633957860101,200,400,True
gbump,Gaussian bump,0.5,qBIG,Entropy reduction,principal_boundary,cKG minus Entropy reduction,obd_feasibility_pct,Feasibility probability at nearest OBD panel dose,percentage points,-5.983209810419765,1.8267428458218755,1.971956544249395,-9.585467319898976,-2.3809523009405535,200,400,True
gbump,Gaussian bump,0.5,qBIG,Entropy reduction,principal_boundary,cKG minus Entropy reduction,obd_posterior_sd,Toxicity posterior SD at nearest OBD panel dose,toxicity units,0.08937315167173322,0.018148486577572665,1.971956544249395,0.0535851247968665,0.12516117854659994,200,400,True
gbump,Gaussian bump,0.5,cEI,cEI,secondary,cKG minus cEI,recommendation_pct,Recommendation probability,percentage points,0.0,0.0,1.971956544249395,0.0,0.0,200,400,True
gbump,Gaussian bump,0.5,cEI,cEI,secondary,cKG minus cEI,recommended_efficacy,Recommended efficacy | recommend,efficacy units,0.38859404499620015,0.07551551666358941,1.971956544249395,0.23968072771906077,0.5375073622733395,200,400,True
gbump,Gaussian bump,0.5,cEI,cEI,secondary,cKG minus cEI,dose_location_error,Dose-location error | recommend,dose-grid units,-0.24804872135640413,0.04825479586250042,1.971956544249395,-0.34320508184888043,-0.1528923608639278,200,400,True
gbump,Gaussian bump,0.5,cEI,cEI,secondary,cKG minus cEI,false_admissions,Final false admissions,doses,-1.6975,0.241173260245174,1.971956544249395,-2.1730831888384334,-1.2219168111615666,200,400,True
gbump,Gaussian bump,0.5,cEI,cEI,secondary,cKG minus cEI,feasible_recall_pct,Feasible-dose recall,percentage points,-4.8,1.622254154783882,1.971956544249395,-7.999014696961847,-1.600985303038153,200,400,True
gbump,Gaussian bump,0.5,cEI,cEI,secondary,cKG minus cEI,gate_precision_pct,Admitted-dose precision | nonempty gate,percentage points,11.141427832914863,1.719620878723403,1.9736914397514558,7.7474268249606055,14.53542884086912,175,306,True
gbump,Gaussian bump,0.5,cEI,cEI,secondary,cKG minus cEI,final_empty_gate_pct,Final empty gate,percentage points,0.0,1.8072995485783359,1.971956544249395,-3.563916172238027,3.563916172238027,200,400,True
gbump,Gaussian bump,0.5,cEI,cEI,secondary,cKG minus cEI,obd_feasibility_pct,Feasibility probability at nearest OBD panel dose,percentage points,-2.9432607754375124,1.4961950858169464,1.971956544249395,-5.893692466388025,0.007170915512999976,200,400,True
gbump,Gaussian bump,0.5,cEI,cEI,secondary,cKG minus cEI,obd_posterior_sd,Toxicity posterior SD at nearest OBD panel dose,toxicity units,0.021390333193202545,0.01742916663432264,1.971956544249395,-0.01297922601216318,0.05575989239856827,200,400,True
gbump,Gaussian bump,0.5,cEI-tMSE,cEI–tMSE hybrid,secondary,cKG minus cEI–tMSE hybrid,recommendation_pct,Recommendation probability,percentage points,0.0,0.0,1.971956544249395,0.0,0.0,200,400,True
gbump,Gaussian bump,0.5,cEI-tMSE,cEI–tMSE hybrid,secondary,cKG minus cEI–tMSE hybrid,recommended_efficacy,Recommended efficacy | recommend,efficacy units,0.2057367647413507,0.08385167023947664,1.971956544249395,0.04038491486637252,0.37108861461632886,200,400,True
gbump,Gaussian bump,0.5,cEI-tMSE,cEI–tMSE hybrid,secondary,cKG minus cEI–tMSE hybrid,dose_location_error,Dose-location error | recommend,dose-grid units,-0.0516490058967417,0.04922276248584463,1.971956544249395,-0.14871415450673664,0.045416142713253234,200,400,True
gbump,Gaussian bump,0.5,cEI-tMSE,cEI–tMSE hybrid,secondary,cKG minus cEI–tMSE hybrid,false_admissions,Final false admissions,doses,0.1975,0.07634040896013726,1.971956544249395,0.046960030960382204,0.3480399690396178,200,400,True
gbump,Gaussian bump,0.5,cEI-tMSE,cEI–tMSE hybrid,secondary,cKG minus cEI–tMSE hybrid,feasible_recall_pct,Feasible-dose recall,percentage points,-0.225,1.207856140973101,1.971956544249395,-2.6068398217037263,2.156839821703726,200,400,True
gbump,Gaussian bump,0.5,cEI-tMSE,cEI–tMSE hybrid,secondary,cKG minus cEI–tMSE hybrid,gate_precision_pct,Admitted-dose precision | nonempty gate,percentage points,-2.98913308913309,1.3287132796070085,1.9736914397514558,-5.611603114977525,-0.3666630632886547,175,313,True
gbump,Gaussian bump,0.5,cEI-tMSE,cEI–tMSE hybrid,secondary,cKG minus cEI–tMSE hybrid,final_empty_gate_pct,Final empty gate,percentage points,2.75,1.7435271534086778,1.971956544249395,-0.6881597802407611,6.1881597802407615,200,400,True
gbump,Gaussian bump,0.5,cEI-tMSE,cEI–tMSE hybrid,secondary,cKG minus cEI–tMSE hybrid,obd_feasibility_pct,Feasibility probability at nearest OBD panel dose,percentage points,1.7774258496540989,1.4144349899311064,1.971956544249395,-1.0117784851558735,4.5666301844640715,200,400,True
gbump,Gaussian bump,0.5,cEI-tMSE,cEI–tMSE hybrid,secondary,cKG minus cEI–tMSE hybrid,obd_posterior_sd,Toxicity posterior SD at nearest OBD panel dose,toxicity units,0.015183520415299988,0.016382737093254315,1.971956544249395,-0.017122525208460172,0.04748956603906015,200,400,True
gbump,Gaussian bump,0.6,tmse,tMSE-only,principal_boundary,cKG minus tMSE-only,recommendation_pct,Recommendation probability,percentage points,0.0,0.0,1.971956544249395,0.0,0.0,200,400,True
gbump,Gaussian bump,0.6,tmse,tMSE-only,principal_boundary,cKG minus tMSE-only,recommended_efficacy,Recommended efficacy | recommend,efficacy units,0.18012961296368268,0.07280544051561895,1.971956544249395,0.03656044808194786,0.3236987778454175,200,400,True
gbump,Gaussian bump,0.6,tmse,tMSE-only,principal_boundary,cKG minus tMSE-only,dose_location_error,Dose-location error | recommend,dose-grid units,-0.03204684275174938,0.04371589775819735,1.971956544249395,-0.11825269342376409,0.05415900792026533,200,400,True
gbump,Gaussian bump,0.6,tmse,tMSE-only,principal_boundary,cKG minus tMSE-only,false_admissions,Final false admissions,doses,0.185,0.059023672961357174,1.971956544249395,0.06860788183821566,0.30139211816178435,200,400,True
gbump,Gaussian bump,0.6,tmse,tMSE-only,principal_boundary,cKG minus tMSE-only,feasible_recall_pct,Feasible-dose recall,percentage points,-1.35,1.1268257100832066,1.971956544249395,-3.572051333227051,0.8720513332270508,200,400,True
gbump,Gaussian bump,0.6,tmse,tMSE-only,principal_boundary,cKG minus tMSE-only,gate_precision_pct,Admitted-dose precision | nonempty gate,percentage points,-4.558103240737971,1.136829229885659,1.9743577636521854,-6.802610856709457,-2.313595624766485,167,300,True
gbump,Gaussian bump,0.6,tmse,tMSE-only,principal_boundary,cKG minus tMSE-only,final_empty_gate_pct,Final empty gate,percentage points,-0.5,1.7718485364671848,1.971956544249395,-3.9940083169051777,2.9940083169051777,200,400,True
gbump,Gaussian bump,0.6,tmse,tMSE-only,principal_boundary,cKG minus tMSE-only,obd_feasibility_pct,Feasibility probability at nearest OBD panel dose,percentage points,1.8286058543689288,1.16311854348631,1.971956544249395,-0.46501336919672487,4.122225077934583,200,400,True
gbump,Gaussian bump,0.6,tmse,tMSE-only,principal_boundary,cKG minus tMSE-only,obd_posterior_sd,Toxicity posterior SD at nearest OBD panel dose,toxicity units,0.006262127124261856,0.015743586232424542,1.971956544249395,-0.024783540776722394,0.03730779502524611,200,400,True
gbump,Gaussian bump,0.6,qBIG,Entropy reduction,principal_boundary,cKG minus Entropy reduction,recommendation_pct,Recommendation probability,percentage points,0.0,0.0,1.971956544249395,0.0,0.0,200,400,True
gbump,Gaussian bump,0.6,qBIG,Entropy reduction,principal_boundary,cKG minus Entropy reduction,recommended_efficacy,Recommended efficacy | recommend,efficacy units,-0.061611410671583385,0.08435614576096176,1.971956544249395,-0.22795806435256777,0.10473524300940101,200,400,True
gbump,Gaussian bump,0.6,qBIG,Entropy reduction,principal_boundary,cKG minus Entropy reduction,dose_location_error,Dose-location error | recommend,dose-grid units,0.10985234932073723,0.050645592116849686,1.971956544249395,0.00998144250852992,0.20972325613294454,200,400,True
gbump,Gaussian bump,0.6,qBIG,Entropy reduction,principal_boundary,cKG minus Entropy reduction,false_admissions,Final false admissions,doses,-0.865,0.20292181082015964,1.971956544249395,-1.2651529928177514,-0.46484700718224853,200,400,True
gbump,Gaussian bump,0.6,qBIG,Entropy reduction,principal_boundary,cKG minus Entropy reduction,feasible_recall_pct,Feasible-dose recall,percentage points,-6.65,1.3828226540168886,1.971956544249395,-9.376866182124921,-3.92313381787508,200,400,True
gbump,Gaussian bump,0.6,qBIG,Entropy reduction,principal_boundary,cKG minus Entropy reduction,gate_precision_pct,Admitted-dose precision | nonempty gate,percentage points,3.137058611323318,1.6469422905751008,1.9741004473936334,-0.11417090133248387,6.38828812397912,170,301,True
gbump,Gaussian bump,0.6,qBIG,Entropy reduction,principal_boundary,cKG minus Entropy reduction,final_empty_gate_pct,Final empty gate,percentage points,1.25,1.8901191103357167,1.971956544249395,-2.4772327490373605,4.977232749037361,200,400,True
gbump,Gaussian bump,0.6,qBIG,Entropy reduction,principal_boundary,cKG minus Entropy reduction,obd_feasibility_pct,Feasibility probability at nearest OBD panel dose,percentage points,-4.560410669091997,1.5441200756888132,1.971956544249395,-7.605348357453423,-1.515472980730571,200,400,True
gbump,Gaussian bump,0.6,qBIG,Entropy reduction,principal_boundary,cKG minus Entropy reduction,obd_posterior_sd,Toxicity posterior SD at nearest OBD panel dose,toxicity units,0.10895833404641966,0.017414219739792375,1.971956544249395,0.07461824946753909,0.14329841862530024,200,400,True
gbump,Gaussian bump,0.6,cEI,cEI,secondary,cKG minus cEI,recommendation_pct,Recommendation probability,percentage points,0.0,0.0,1.971956544249395,0.0,0.0,200,400,True
gbump,Gaussian bump,0.6,cEI,cEI,secondary,cKG minus cEI,recommended_efficacy,Recommended efficacy | recommend,efficacy units,0.28302568872857686,0.07084863066905477,1.971956544249395,0.14331526782962592,0.42273610962752783,200,400,True
gbump,Gaussian bump,0.6,cEI,cEI,secondary,cKG minus cEI,dose_location_error,Dose-location error | recommend,dose-grid units,-0.18846843889499978,0.042590697939170884,1.971956544249395,-0.272455444420297,-0.10448143336970254,200,400,True
gbump,Gaussian bump,0.6,cEI,cEI,secondary,cKG minus cEI,false_admissions,Final false admissions,doses,-1.27,0.2034513757917547,1.971956544249395,-1.6711972719290937,-0.8688027280709064,200,400,True
gbump,Gaussian bump,0.6,cEI,cEI,secondary,cKG minus cEI,feasible_recall_pct,Feasible-dose recall,percentage points,-5.025,1.2633694578129837,1.971956544249395,-7.516309670139123,-2.5336903298608773,200,400,True
gbump,Gaussian bump,0.6,cEI,cEI,secondary,cKG minus cEI,gate_precision_pct,Admitted-dose precision | nonempty gate,percentage points,11.012554867447662,1.7795846351503761,1.9738521694896134,7.4999178745657105,14.525191860329613,173,299,True
gbump,Gaussian bump,0.6,cEI,cEI,secondary,cKG minus cEI,final_empty_gate_pct,Final empty gate,percentage points,-0.75,1.7890474993062284,1.971956544249395,-4.277923924229932,2.777923924229932,200,400,True
gbump,Gaussian bump,0.6,cEI,cEI,secondary,cKG minus cEI,obd_feasibility_pct,Feasibility probability at nearest OBD panel dose,percentage points,-2.826877032169187,1.4333408863982142,1.971956544249395,-5.653362973242373,-0.00039109109600010683,200,400,True
gbump,Gaussian bump,0.6,cEI,cEI,secondary,cKG minus cEI,obd_posterior_sd,Toxicity posterior SD at nearest OBD panel dose,toxicity units,0.041315171861350815,0.01722916586514397,1.971956544249395,0.007340005481621871,0.07529033824107975,200,400,True
gbump,Gaussian bump,0.6,cEI-tMSE,cEI–tMSE hybrid,secondary,cKG minus cEI–tMSE hybrid,recommendation_pct,Recommendation probability,percentage points,0.0,0.0,1.971956544249395,0.0,0.0,200,400,True
gbump,Gaussian bump,0.6,cEI-tMSE,cEI–tMSE hybrid,secondary,cKG minus cEI–tMSE hybrid,recommended_efficacy,Recommended efficacy | recommend,efficacy units,0.22536769558238137,0.06904497036098149,1.971956544249395,0.08921401443153842,0.3615213767332243,200,400,True
gbump,Gaussian bump,0.6,cEI-tMSE,cEI–tMSE hybrid,secondary,cKG minus cEI–tMSE hybrid,dose_location_error,Dose-location error | recommend,dose-grid units,-0.0515776950880919,0.041984601864935266,1.971956544249395,-0.13436950549335636,0.031214115317172553,200,400,True
gbump,Gaussian bump,0.6,cEI-tMSE,cEI–tMSE hybrid,secondary,cKG minus cEI–tMSE hybrid,false_admissions,Final false admissions,doses,0.1,0.06330511581572386,1.971956544249395,-0.02483493741728253,0.22483493741728255,200,400,True
gbump,Gaussian bump,0.6,cEI-tMSE,cEI–tMSE hybrid,secondary,cKG minus cEI–tMSE hybrid,feasible_recall_pct,Feasible-dose recall,percentage points,-1.525,0.946560488713727,1.971956544249395,-3.3915761502469395,0.34157615024693966,200,400,True
gbump,Gaussian bump,0.6,cEI-tMSE,cEI–tMSE hybrid,secondary,cKG minus cEI–tMSE hybrid,gate_precision_pct,Admitted-dose precision | nonempty gate,percentage points,-3.505039503560213,1.2436411893974222,1.9741851911378205,-5.960217522757629,-1.049861484362797,169,296,True
gbump,Gaussian bump,0.6,cEI-tMSE,cEI–tMSE hybrid,secondary,cKG minus cEI–tMSE hybrid,final_empty_gate_pct,Final empty gate,percentage points,-0.25,1.8245086073492383,1.971956544249395,-3.84785168830168,3.34785168830168,200,400,True
gbump,Gaussian bump,0.6,cEI-tMSE,cEI–tMSE hybrid,secondary,cKG minus cEI–tMSE hybrid,obd_feasibility_pct,Feasibility probability at nearest OBD panel dose,percentage points,3.242148196757666,1.174243279787128,1.971956544249395,0.9265914766405654,5.5577049168747665,200,400,True
gbump,Gaussian bump,0.6,cEI-tMSE,cEI–tMSE hybrid,secondary,cKG minus cEI–tMSE hybrid,obd_posterior_sd,Toxicity posterior SD at nearest OBD panel dose,toxicity units,0.023294552905646793,0.017787118909601298,1.971956544249395,-0.011780872631483651,0.058369978442777234,200,400,True
gbump,Gaussian bump,0.7,tmse,tMSE-only,principal_boundary,cKG minus tMSE-only,recommendation_pct,Recommendation probability,percentage points,0.0,0.0,1.971956544249395,0.0,0.0,200,400,True
gbump,Gaussian bump,0.7,tmse,tMSE-only,principal_boundary,cKG minus tMSE-only,recommended_efficacy,Recommended efficacy | recommend,efficacy units,0.15516987472210653,0.06000879323017568,1.971956544249395,0.0368351421993528,0.27350460724486025,200,400,True
gbump,Gaussian bump,0.7,tmse,tMSE-only,principal_boundary,cKG minus tMSE-only,dose_location_error,Dose-location error | recommend,dose-grid units,-0.07383983982046517,0.03646752678447555,1.971956544249395,-0.1457522179157018,-0.0019274617252285214,200,400,True
gbump,Gaussian bump,0.7,tmse,tMSE-only,principal_boundary,cKG minus tMSE-only,false_admissions,Final false admissions,doses,0.15,0.05124088348870965,1.971956544249395,0.04895520447131824,0.25104479552868175,200,400,True
gbump,Gaussian bump,0.7,tmse,tMSE-only,principal_boundary,cKG minus tMSE-only,feasible_recall_pct,Feasible-dose recall,percentage points,0.875,0.8757175808484349,1.971956544249395,-0.8518770144683196,2.60187701446832,200,400,True
gbump,Gaussian bump,0.7,tmse,tMSE-only,principal_boundary,cKG minus tMSE-only,gate_precision_pct,Admitted-dose precision | nonempty gate,percentage points,-3.6067867317867317,1.1327924240975684,1.9753871310468782,-5.844490308496466,-1.3690831550769973,156,277,True
gbump,Gaussian bump,0.7,tmse,tMSE-only,principal_boundary,cKG minus tMSE-only,final_empty_gate_pct,Final empty gate,percentage points,-3.0,1.9296678705031758,1.971956544249395,-6.805221185466531,0.8052211854665314,200,400,True
gbump,Gaussian bump,0.7,tmse,tMSE-only,principal_boundary,cKG minus tMSE-only,obd_feasibility_pct,Feasibility probability at nearest OBD panel dose,percentage points,1.6559711556018697,1.1634482044966827,1.971956544249395,-0.6382981451505723,3.9502404563543116,200,400,True
gbump,Gaussian bump,0.7,tmse,tMSE-only,principal_boundary,cKG minus tMSE-only,obd_posterior_sd,Toxicity posterior SD at nearest OBD panel dose,toxicity units,0.0017277799679469696,0.016523505900666126,1.971956544249395,-0.030855855626815087,0.03431141556270903,200,400,True
gbump,Gaussian bump,0.7,qBIG,Entropy reduction,principal_boundary,cKG minus Entropy reduction,recommendation_pct,Recommendation probability,percentage points,0.0,0.0,1.971956544249395,0.0,0.0,200,400,True
gbump,Gaussian bump,0.7,qBIG,Entropy reduction,principal_boundary,cKG minus Entropy reduction,recommended_efficacy,Recommended efficacy | recommend,efficacy units,-0.07945218748236335,0.06883995163207482,1.971956544249395,-0.2152015806090451,0.05629720564431839,200,400,True
gbump,Gaussian bump,0.7,qBIG,Entropy reduction,principal_boundary,cKG minus Entropy reduction,dose_location_error,Dose-location error | recommend,dose-grid units,0.08011232275199777,0.04250101736270738,1.971956544249395,-0.0036978365736502067,0.16392248207764576,200,400,True
gbump,Gaussian bump,0.7,qBIG,Entropy reduction,principal_boundary,cKG minus Entropy reduction,false_admissions,Final false admissions,doses,-0.98,0.21672644453041248,1.971956544249395,-1.4073751306036504,-0.5526248693963496,200,400,True
gbump,Gaussian bump,0.7,qBIG,Entropy reduction,principal_boundary,cKG minus Entropy reduction,feasible_recall_pct,Feasible-dose recall,percentage points,-5.6,1.3780220330669934,1.971956544249395,-8.317399566226314,-2.882600433773686,200,400,True
gbump,Gaussian bump,0.7,qBIG,Entropy reduction,principal_boundary,cKG minus Entropy reduction,gate_precision_pct,Admitted-dose precision | nonempty gate,percentage points,3.9415432738414102,1.6853080016923956,1.9749015599937718,0.613225872229112,7.2698606754537085,161,285,True
gbump,Gaussian bump,0.7,qBIG,Entropy reduction,principal_boundary,cKG minus Entropy reduction,final_empty_gate_pct,Final empty gate,percentage points,0.0,1.9413511328725486,1.971956544249395,-3.828260071153999,3.828260071153999,200,400,True
gbump,Gaussian bump,0.7,qBIG,Entropy reduction,principal_boundary,cKG minus Entropy reduction,obd_feasibility_pct,Feasibility probability at nearest OBD panel dose,percentage points,-3.9970757804088635,1.4264278122930847,1.971956544249395,-6.809929439759559,-1.1842221210581676,200,400,True
gbump,Gaussian bump,0.7,qBIG,Entropy reduction,principal_boundary,cKG minus Entropy reduction,obd_posterior_sd,Toxicity posterior SD at nearest OBD panel dose,toxicity units,0.10138020133363704,0.01823351986712264,1.971956544249395,0.0654244925069632,0.13733591016031088,200,400,True
gbump,Gaussian bump,0.7,cEI,cEI,secondary,cKG minus cEI,recommendation_pct,Recommendation probability,percentage points,0.0,0.0,1.971956544249395,0.0,0.0,200,400,True
gbump,Gaussian bump,0.7,cEI,cEI,secondary,cKG minus cEI,recommended_efficacy,Recommended efficacy | recommend,efficacy units,0.1743386500914176,0.06102301592000923,1.971956544249395,0.05400391449812039,0.2946733856847148,200,400,True
gbump,Gaussian bump,0.7,cEI,cEI,secondary,cKG minus cEI,dose_location_error,Dose-location error | recommend,dose-grid units,-0.1063461310719044,0.034469350369325254,1.971956544249395,-0.17431819210872063,-0.038374070035088165,200,400,True
gbump,Gaussian bump,0.7,cEI,cEI,secondary,cKG minus cEI,false_admissions,Final false admissions,doses,-0.98,0.1983233743259228,1.971956544249395,-1.371085075879626,-0.588914924120374,200,400,True
gbump,Gaussian bump,0.7,cEI,cEI,secondary,cKG minus cEI,feasible_recall_pct,Feasible-dose recall,percentage points,-4.675,1.2745466727842993,1.971956544249395,-7.188350652348291,-2.1616493476517085,200,400,True
gbump,Gaussian bump,0.7,cEI,cEI,secondary,cKG minus cEI,gate_precision_pct,Admitted-dose precision | nonempty gate,percentage points,9.344754161827332,1.580647276258102,1.9746246209599578,6.223569133074788,12.465939190579876,164,283,True
gbump,Gaussian bump,0.7,cEI,cEI,secondary,cKG minus cEI,final_empty_gate_pct,Final empty gate,percentage points,0.25,1.789749568399987,1.971956544249395,-3.279308373973884,3.779308373973884,200,400,True
gbump,Gaussian bump,0.7,cEI,cEI,secondary,cKG minus cEI,obd_feasibility_pct,Feasibility probability at nearest OBD panel dose,percentage points,-3.2475144949276635,1.2925267116459929,1.971956544249395,-5.79632100257513,-0.6987079872801973,200,400,True
gbump,Gaussian bump,0.7,cEI,cEI,secondary,cKG minus cEI,obd_posterior_sd,Toxicity posterior SD at nearest OBD panel dose,toxicity units,0.038287012120683285,0.017661162293268043,1.971956544249395,0.0034599675574227134,0.07311405668394386,200,400,True
gbump,Gaussian bump,0.7,cEI-tMSE,cEI–tMSE hybrid,secondary,cKG minus cEI–tMSE hybrid,recommendation_pct,Recommendation probability,percentage points,0.0,0.0,1.971956544249395,0.0,0.0,200,400,True
gbump,Gaussian bump,0.7,cEI-tMSE,cEI–tMSE hybrid,secondary,cKG minus cEI–tMSE hybrid,recommended_efficacy,Recommended efficacy | recommend,efficacy units,0.10351396752237471,0.05866125399408173,1.971956544249395,-0.012163476185130709,0.21919141122988012,200,400,True
gbump,Gaussian bump,0.7,cEI-tMSE,cEI–tMSE hybrid,secondary,cKG minus cEI–tMSE hybrid,dose_location_error,Dose-location error | recommend,dose-grid units,-0.029044492806577563,0.037009271092316505,1.971956544249395,-0.10202516713497105,0.04393618152181593,200,400,True
gbump,Gaussian bump,0.7,cEI-tMSE,cEI–tMSE hybrid,secondary,cKG minus cEI–tMSE hybrid,false_admissions,Final false admissions,doses,0.1275,0.054565149387115125,1.971956544249395,0.019899896578132473,0.23510010342186755,200,400,True
gbump,Gaussian bump,0.7,cEI-tMSE,cEI–tMSE hybrid,secondary,cKG minus cEI–tMSE hybrid,feasible_recall_pct,Feasible-dose recall,percentage points,0.55,0.8702148409138594,1.971956544249395,-1.166025850443031,2.266025850443031,200,400,True
gbump,Gaussian bump,0.7,cEI-tMSE,cEI–tMSE hybrid,secondary,cKG minus cEI–tMSE hybrid,gate_precision_pct,Admitted-dose precision | nonempty gate,percentage points,-3.428978428978429,1.2315264806983328,1.9753871310468782,-5.861719990493367,-0.9962368674634909,156,276,True
gbump,Gaussian bump,0.7,cEI-tMSE,cEI–tMSE hybrid,secondary,cKG minus cEI–tMSE hybrid,final_empty_gate_pct,Final empty gate,percentage points,-2.5,1.9004760049066998,1.971956544249395,-6.247656095064712,1.2476560950647118,200,400,True
gbump,Gaussian bump,0.7,cEI-tMSE,cEI–tMSE hybrid,secondary,cKG minus cEI–tMSE hybrid,obd_feasibility_pct,Feasibility probability at nearest OBD panel dose,percentage points,1.5204776237567983,1.2761712970604486,1.971956544249395,-0.996076717064792,4.0370319645783885,200,400,True
gbump,Gaussian bump,0.7,cEI-tMSE,cEI–tMSE hybrid,secondary,cKG minus cEI–tMSE hybrid,obd_posterior_sd,Toxicity posterior SD at nearest OBD panel dose,toxicity units,0.01070606747772901,0.01773158579498295,1.971956544249395,-0.02425984917060723,0.04567198412606525,200,400,True
gbump,Gaussian bump,0.8,tmse,tMSE-only,principal_boundary,cKG minus tMSE-only,recommendation_pct,Recommendation probability,percentage points,0.0,0.0,1.971956544249395,0.0,0.0,200,400,True
gbump,Gaussian bump,0.8,tmse,tMSE-only,principal_boundary,cKG minus tMSE-only,recommended_efficacy,Recommended efficacy | recommend,efficacy units,0.13050186280741138,0.051003715553092334,1.971956544249395,0.029924752141456304,0.23107897347336648,200,400,True
gbump,Gaussian bump,0.8,tmse,tMSE-only,principal_boundary,cKG minus tMSE-only,dose_location_error,Dose-location error | recommend,dose-grid units,-0.07726807593246345,0.03437344547487027,1.971956544249395,-0.14505101668503362,-0.009485135179893259,200,400,True
gbump,Gaussian bump,0.8,tmse,tMSE-only,principal_boundary,cKG minus tMSE-only,false_admissions,Final false admissions,doses,0.0275,0.06372024874796481,1.971956544249395,-0.09815356151974852,0.15315356151974852,200,400,True
gbump,Gaussian bump,0.8,tmse,tMSE-only,principal_boundary,cKG minus tMSE-only,feasible_recall_pct,Feasible-dose recall,percentage points,1.3,0.7317632041409798,1.971956544249395,-0.14300523924671116,2.7430052392467115,200,400,True
gbump,Gaussian bump,0.8,tmse,tMSE-only,principal_boundary,cKG minus tMSE-only,gate_precision_pct,Admitted-dose precision | nonempty gate,percentage points,-2.4191471379562115,1.2066493562343235,1.9774312122928936,-4.80521323726709,-0.03308103864533374,138,241,True
gbump,Gaussian bump,0.8,tmse,tMSE-only,principal_boundary,cKG minus tMSE-only,final_empty_gate_pct,Final empty gate,percentage points,-1.5,2.063988917425741,1.971956544249395,-5.570096452975914,2.570096452975914,200,400,True
gbump,Gaussian bump,0.8,tmse,tMSE-only,principal_boundary,cKG minus tMSE-only,obd_feasibility_pct,Feasibility probability at nearest OBD panel dose,percentage points,1.877771132251219,1.1316643970769609,1.971956544249395,-0.3538218814587397,4.109364145961178,200,400,True
gbump,Gaussian bump,0.8,tmse,tMSE-only,principal_boundary,cKG minus tMSE-only,obd_posterior_sd,Toxicity posterior SD at nearest OBD panel dose,toxicity units,0.010944334951253182,0.015829525766059012,1.971956544249395,-0.020270801975491304,0.042159471877997665,200,400,True
gbump,Gaussian bump,0.8,qBIG,Entropy reduction,principal_boundary,cKG minus Entropy reduction,recommendation_pct,Recommendation probability,percentage points,0.0,0.0,1.971956544249395,0.0,0.0,200,400,True
gbump,Gaussian bump,0.8,qBIG,Entropy reduction,principal_boundary,cKG minus Entropy reduction,recommended_efficacy,Recommended efficacy | recommend,efficacy units,-0.12293192678574268,0.0570147880295831,1.971956544249395,-0.2353626111596711,-0.01050124241181423,200,400,True
gbump,Gaussian bump,0.8,qBIG,Entropy reduction,principal_boundary,cKG minus Entropy reduction,dose_location_error,Dose-location error | recommend,dose-grid units,0.09647034806886655,0.03320329131482021,1.971956544249395,0.03099490046998775,0.16194579566774536,200,400,True
gbump,Gaussian bump,0.8,qBIG,Entropy reduction,principal_boundary,cKG minus Entropy reduction,false_admissions,Final false admissions,doses,-0.9075,0.2048432879375483,1.971956544249395,-1.3114420621940115,-0.5035579378059885,200,400,True
gbump,Gaussian bump,0.8,qBIG,Entropy reduction,principal_boundary,cKG minus Entropy reduction,feasible_recall_pct,Feasible-dose recall,percentage points,-6.125,1.3442776076510985,1.971956544249395,-8.775857025695505,-3.474142974304496,200,400,True
gbump,Gaussian bump,0.8,qBIG,Entropy reduction,principal_boundary,cKG minus Entropy reduction,gate_precision_pct,Admitted-dose precision | nonempty gate,percentage points,4.4225219225219226,1.550686571098332,1.9768109936200895,1.3571076611156996,7.487936183928145,143,256,True
gbump,Gaussian bump,0.8,qBIG,Entropy reduction,principal_boundary,cKG minus Entropy reduction,final_empty_gate_pct,Final empty gate,percentage points,6.0,2.1431203475588116,1.971956544249395,1.7738598055173638,10.226140194482635,200,400,True
gbump,Gaussian bump,0.8,qBIG,Entropy reduction,principal_boundary,cKG minus Entropy reduction,obd_feasibility_pct,Feasibility probability at nearest OBD panel dose,percentage points,-4.004790398759947,1.3310895937619163,1.971956544249395,-6.629641234161026,-1.3799395633588674,200,400,True
gbump,Gaussian bump,0.8,qBIG,Entropy reduction,principal_boundary,cKG minus Entropy reduction,obd_posterior_sd,Toxicity posterior SD at nearest OBD panel dose,toxicity units,0.09236850164333126,0.017183895547946026,1.971956544249395,0.05848260636186105,0.12625439692480145,200,400,True
gbump,Gaussian bump,0.8,cEI,cEI,secondary,cKG minus cEI,recommendation_pct,Recommendation probability,percentage points,0.0,0.0,1.971956544249395,0.0,0.0,200,400,True
gbump,Gaussian bump,0.8,cEI,cEI,secondary,cKG minus cEI,recommended_efficacy,Recommended efficacy | recommend,efficacy units,0.04373685433350962,0.04380047336347314,1.971956544249395,-0.04263577575681254,0.13010948442383177,200,400,True
gbump,Gaussian bump,0.8,cEI,cEI,secondary,cKG minus cEI,dose_location_error,Dose-location error | recommend,dose-grid units,-0.051443679459212494,0.03005075265765386,1.971956544249395,-0.11070245782209293,0.007815098903667932,200,400,True
gbump,Gaussian bump,0.8,cEI,cEI,secondary,cKG minus cEI,false_admissions,Final false admissions,doses,-0.9175,0.19676330384168045,1.971956544249395,-1.3055086846787338,-0.5294913153212661,200,400,True
gbump,Gaussian bump,0.8,cEI,cEI,secondary,cKG minus cEI,feasible_recall_pct,Feasible-dose recall,percentage points,-5.6,1.2584188851301705,1.971956544249395,-8.081547355939467,-3.1184526440605325,200,400,True
gbump,Gaussian bump,0.8,cEI,cEI,secondary,cKG minus cEI,gate_precision_pct,Admitted-dose precision | nonempty gate,percentage points,9.244653880070548,1.6252137429078832,1.976692197917468,6.0321065545162895,12.457201205624806,144,251,True
gbump,Gaussian bump,0.8,cEI,cEI,secondary,cKG minus cEI,final_empty_gate_pct,Final empty gate,percentage points,2.0,1.8362623169042085,1.971956544249395,-1.6210294927778102,5.62102949277781,200,400,True
gbump,Gaussian bump,0.8,cEI,cEI,secondary,cKG minus cEI,obd_feasibility_pct,Feasibility probability at nearest OBD panel dose,percentage points,-3.548546109830312,1.2704806315019463,1.971956544249395,-6.0538787054626795,-1.0432135141979448,200,400,True
gbump,Gaussian bump,0.8,cEI,cEI,secondary,cKG minus cEI,obd_posterior_sd,Toxicity posterior SD at nearest OBD panel dose,toxicity units,0.05886010215761641,0.01688892136478876,1.971956544249395,0.025555883147007796,0.09216432116822502,200,400,True
gbump,Gaussian bump,0.8,cEI-tMSE,cEI–tMSE hybrid,secondary,cKG minus cEI–tMSE hybrid,recommendation_pct,Recommendation probability,percentage points,0.0,0.0,1.971956544249395,0.0,0.0,200,400,True
gbump,Gaussian bump,0.8,cEI-tMSE,cEI–tMSE hybrid,secondary,cKG minus cEI–tMSE hybrid,recommended_efficacy,Recommended efficacy | recommend,efficacy units,0.0204284461165684,0.0446567167613914,1.971956544249395,-0.06763265874574902,0.10848955097888581,200,400,True
gbump,Gaussian bump,0.8,cEI-tMSE,cEI–tMSE hybrid,secondary,cKG minus cEI–tMSE hybrid,dose_location_error,Dose-location error | recommend,dose-grid units,0.007061649170166815,0.029095925224541627,1.971956544249395,-0.05031425098735909,0.06443754932769272,200,400,True
gbump,Gaussian bump,0.8,cEI-tMSE,cEI–tMSE hybrid,secondary,cKG minus cEI–tMSE hybrid,false_admissions,Final false admissions,doses,0.0225,0.06567177980926497,1.971956544249395,-0.10700189596738535,0.15200189596738534,200,400,True
gbump,Gaussian bump,0.8,cEI-tMSE,cEI–tMSE hybrid,secondary,cKG minus cEI–tMSE hybrid,feasible_recall_pct,Feasible-dose recall,percentage points,-0.375,0.6945023705600779,1.971956544249395,-1.744528494622664,0.994528494622664,200,400,True
gbump,Gaussian bump,0.8,cEI-tMSE,cEI–tMSE hybrid,secondary,cKG minus cEI–tMSE hybrid,gate_precision_pct,Admitted-dose precision | nonempty gate,percentage points,-1.94005324177738,1.049132673123112,1.9765750658185364,-4.013742724208072,0.13363624065331225,145,249,True
gbump,Gaussian bump,0.8,cEI-tMSE,cEI–tMSE hybrid,secondary,cKG minus cEI–tMSE hybrid,final_empty_gate_pct,Final empty gate,percentage points,1.0,1.7707846825517208,1.971956544249395,-2.4919104432144534,4.491910443214453,200,400,True
gbump,Gaussian bump,0.8,cEI-tMSE,cEI–tMSE hybrid,secondary,cKG minus cEI–tMSE hybrid,obd_feasibility_pct,Feasibility probability at nearest OBD panel dose,percentage points,-0.4969732503786362,1.0243398524160228,1.971956544249395,-2.5169269258858717,1.5229804251285994,200,400,True
gbump,Gaussian bump,0.8,cEI-tMSE,cEI–tMSE hybrid,secondary,cKG minus cEI–tMSE hybrid,obd_posterior_sd,Toxicity posterior SD at nearest OBD panel dose,toxicity units,0.012896128390041126,0.016427290169864776,1.971956544249395,-0.019497773964707477,0.045290030744789725,200,400,True
gbump,Gaussian bump,0.9,tmse,tMSE-only,principal_boundary,cKG minus tMSE-only,recommendation_pct,Recommendation probability,percentage points,0.0,0.0,1.971956544249395,0.0,0.0,200,400,True
gbump,Gaussian bump,0.9,tmse,tMSE-only,principal_boundary,cKG minus tMSE-only,recommended_efficacy,Recommended efficacy | recommend,efficacy units,0.10725424102984053,0.03826370610624523,1.971956544249395,0.031799875366394725,0.18270860669328634,200,400,True
gbump,Gaussian bump,0.9,tmse,tMSE-only,principal_boundary,cKG minus tMSE-only,dose_location_error,Dose-location error | recommend,dose-grid units,-0.024780060800551996,0.02457410454405696,1.971956544249395,-0.07323912707527391,0.023679005474169918,200,400,True
gbump,Gaussian bump,0.9,tmse,tMSE-only,principal_boundary,cKG minus tMSE-only,false_admissions,Final false admissions,doses,0.0075,0.06922738550980105,1.971956544249395,-0.1290133958973279,0.14401339589732792,200,400,True
gbump,Gaussian bump,0.9,tmse,tMSE-only,principal_boundary,cKG minus tMSE-only,feasible_recall_pct,Feasible-dose recall,percentage points,0.775,0.6150310487729654,1.971956544249395,-0.43781450154441803,1.9878145015444182,200,400,True
gbump,Gaussian bump,0.9,tmse,tMSE-only,principal_boundary,cKG minus tMSE-only,gate_precision_pct,Admitted-dose precision | nonempty gate,percentage points,-1.4642371894409938,1.0660716898892093,1.9788195346805206,-3.573800674763635,0.6453262958816475,128,218,True
gbump,Gaussian bump,0.9,tmse,tMSE-only,principal_boundary,cKG minus tMSE-only,final_empty_gate_pct,Final empty gate,percentage points,1.0,1.5433436259429374,1.971956544249395,-2.0434065632037655,4.0434065632037655,200,400,True
gbump,Gaussian bump,0.9,tmse,tMSE-only,principal_boundary,cKG minus tMSE-only,obd_feasibility_pct,Feasibility probability at nearest OBD panel dose,percentage points,1.2686773782673837,1.0248348033321417,1.971956544249395,-0.7522523189379748,3.289607075472742,200,400,True
gbump,Gaussian bump,0.9,tmse,tMSE-only,principal_boundary,cKG minus tMSE-only,obd_posterior_sd,Toxicity posterior SD at nearest OBD panel dose,toxicity units,-0.03065984094801423,0.01711754967746572,1.971956544249395,-0.06441490505600689,0.0030952231599784205,200,400,True
gbump,Gaussian bump,0.9,qBIG,Entropy reduction,principal_boundary,cKG minus Entropy reduction,recommendation_pct,Recommendation probability,percentage points,0.0,0.0,1.971956544249395,0.0,0.0,200,400,True
gbump,Gaussian bump,0.9,qBIG,Entropy reduction,principal_boundary,cKG minus Entropy reduction,recommended_efficacy,Recommended efficacy | recommend,efficacy units,-0.027564347808018756,0.052146753809330204,1.971956544249395,-0.13039548024368952,0.075266784627652,200,400,True
gbump,Gaussian bump,0.9,qBIG,Entropy reduction,principal_boundary,cKG minus Entropy reduction,dose_location_error,Dose-location error | recommend,dose-grid units,0.041776111586927206,0.03733798478542261,1.971956544249395,-0.03185277185977124,0.11540499503362565,200,400,True
gbump,Gaussian bump,0.9,qBIG,Entropy reduction,principal_boundary,cKG minus Entropy reduction,false_admissions,Final false admissions,doses,-0.645,0.1849755518274492,1.971956544249395,-1.0097637499522816,-0.2802362500477184,200,400,True
gbump,Gaussian bump,0.9,qBIG,Entropy reduction,principal_boundary,cKG minus Entropy reduction,feasible_recall_pct,Feasible-dose recall,percentage points,-3.8,1.208865908163349,1.971956544249395,-6.183831038722705,-1.4161689612772954,200,400,True
gbump,Gaussian bump,0.9,qBIG,Entropy reduction,principal_boundary,cKG minus Entropy reduction,gate_precision_pct,Admitted-dose precision | nonempty gate,percentage points,3.231707317073171,1.5388293898527103,1.979599878459331,0.18544084395109905,6.277973790195243,123,207,True
gbump,Gaussian bump,0.9,qBIG,Entropy reduction,principal_boundary,cKG minus Entropy reduction,final_empty_gate_pct,Final empty gate,percentage points,1.75,2.0781678005000406,1.971956544249395,-2.348056594244426,5.848056594244426,200,400,True
gbump,Gaussian bump,0.9,qBIG,Entropy reduction,principal_boundary,cKG minus Entropy reduction,obd_feasibility_pct,Feasibility probability at nearest OBD panel dose,percentage points,-3.8019795746385383,1.364949562809259,1.971956544249395,-6.493600797590608,-1.1103583516864695,200,400,True
gbump,Gaussian bump,0.9,qBIG,Entropy reduction,principal_boundary,cKG minus Entropy reduction,obd_posterior_sd,Toxicity posterior SD at nearest OBD panel dose,toxicity units,0.09054840039954488,0.019128101805071313,1.971956544249395,0.052828614865965844,0.12826818593312392,200,400,True
gbump,Gaussian bump,0.9,cEI,cEI,secondary,cKG minus cEI,recommendation_pct,Recommendation probability,percentage points,0.0,0.0,1.971956544249395,0.0,0.0,200,400,True
gbump,Gaussian bump,0.9,cEI,cEI,secondary,cKG minus cEI,recommended_efficacy,Recommended efficacy | recommend,efficacy units,0.06273867713830718,0.04271991460359819,1.971956544249395,-0.021503138034033573,0.14698049231064791,200,400,True
gbump,Gaussian bump,0.9,cEI,cEI,secondary,cKG minus cEI,dose_location_error,Dose-location error | recommend,dose-grid units,0.009909213062127616,0.0287651344628613,1.971956544249395,-0.04681438208812553,0.06663280821238077,200,400,True
gbump,Gaussian bump,0.9,cEI,cEI,secondary,cKG minus cEI,false_admissions,Final false admissions,doses,-0.76,0.18835308445074786,1.971956544249395,-1.1314240975122112,-0.38857590248778884,200,400,True
gbump,Gaussian bump,0.9,cEI,cEI,secondary,cKG minus cEI,feasible_recall_pct,Feasible-dose recall,percentage points,-4.375,1.229320143443268,1.971956544249395,-6.799165901840557,-1.9508340981594428,200,400,True
gbump,Gaussian bump,0.9,cEI,cEI,secondary,cKG minus cEI,gate_precision_pct,Admitted-dose precision | nonempty gate,percentage points,5.958141321044547,1.5982591164933833,1.9794386850670895,2.794485397096396,9.121797244992697,124,213,True
gbump,Gaussian bump,0.9,cEI,cEI,secondary,cKG minus cEI,final_empty_gate_pct,Final empty gate,percentage points,0.5,1.6994678445836713,1.971956544249395,-2.8512767378681843,3.8512767378681843,200,400,True
gbump,Gaussian bump,0.9,cEI,cEI,secondary,cKG minus cEI,obd_feasibility_pct,Feasibility probability at nearest OBD panel dose,percentage points,-2.3261744803999616,1.130622054232919,1.971956544249395,-4.55571203931726,-0.09663692148266234,200,400,True
gbump,Gaussian bump,0.9,cEI,cEI,secondary,cKG minus cEI,obd_posterior_sd,Toxicity posterior SD at nearest OBD panel dose,toxicity units,0.0415517314902195,0.01564926103771736,1.971956544249395,0.010692068774225669,0.07241139420621333,200,400,True
gbump,Gaussian bump,0.9,cEI-tMSE,cEI–tMSE hybrid,secondary,cKG minus cEI–tMSE hybrid,recommendation_pct,Recommendation probability,percentage points,0.0,0.0,1.971956544249395,0.0,0.0,200,400,True
gbump,Gaussian bump,0.9,cEI-tMSE,cEI–tMSE hybrid,secondary,cKG minus cEI–tMSE hybrid,recommended_efficacy,Recommended efficacy | recommend,efficacy units,0.13819743975948107,0.0390275086720186,1.971956544249395,0.061236888627943964,0.21515799089101817,200,400,True
gbump,Gaussian bump,0.9,cEI-tMSE,cEI–tMSE hybrid,secondary,cKG minus cEI–tMSE hybrid,dose_location_error,Dose-location error | recommend,dose-grid units,-0.0023340072929286136,0.02920130897365132,1.971956544249395,-0.05991771962416892,0.0552497050383117,200,400,True
gbump,Gaussian bump,0.9,cEI-tMSE,cEI–tMSE hybrid,secondary,cKG minus cEI–tMSE hybrid,false_admissions,Final false admissions,doses,0.025,0.06609628274695048,1.971956544249395,-0.10533899731340737,0.15533899731340736,200,400,True
gbump,Gaussian bump,0.9,cEI-tMSE,cEI–tMSE hybrid,secondary,cKG minus cEI–tMSE hybrid,feasible_recall_pct,Feasible-dose recall,percentage points,0.7,0.5813690306068457,1.971956544249395,-0.4464344645290963,1.8464344645290962,200,400,True
gbump,Gaussian bump,0.9,cEI-tMSE,cEI–tMSE hybrid,secondary,cKG minus cEI–tMSE hybrid,gate_precision_pct,Admitted-dose precision | nonempty gate,percentage points,-2.6609661835748795,0.9901414090534317,1.9792801165796825,-4.620733387116527,-0.7011989800332321,125,215,True
gbump,Gaussian bump,0.9,cEI-tMSE,cEI–tMSE hybrid,secondary,cKG minus cEI–tMSE hybrid,final_empty_gate_pct,Final empty gate,percentage points,1.5,1.620766615558993,1.971956544249395,-1.6960813342524994,4.696081334252499,200,400,True
gbump,Gaussian bump,0.9,cEI-tMSE,cEI–tMSE hybrid,secondary,cKG minus cEI–tMSE hybrid,obd_feasibility_pct,Feasibility probability at nearest OBD panel dose,percentage points,0.2698004558633347,1.103974552246095,1.971956544249395,-1.907189387123148,2.4467902988498174,200,400,True
gbump,Gaussian bump,0.9,cEI-tMSE,cEI–tMSE hybrid,secondary,cKG minus cEI–tMSE hybrid,obd_posterior_sd,Toxicity posterior SD at nearest OBD panel dose,toxicity units,-0.0189706029634402,0.015896748135958434,1.971956544249395,-0.0503182994824278,0.012377093555547405,200,400,True
